snapshot_at_utc	benchmark_commit	runner_sha256	target	target_kind	target_commit	omz_commit	zsh_version	git_version	fixture_files	settle_ms	state	iteration	first_ms	settled_ms	repaints	git_calls	unlocked_calls	semantic_pass	measurement_started_epoch_seconds	measurement_finished_epoch_seconds	cpu_psi_some_total_before	cpu_psi_some_total_after
2026-09-02T13:49:41Z	8dc0b5fea25671d6745a556bffb740d3866e189c	352c096f011eb282f12e6d4c12281340fac96b635a2879cc065d7637a6592872	raw	control	5.9.2	2264a8042763edf2620cfe32d96b096e1f3d26aa	5.9.2	2.55.0	1000	150	clean	1	0.367	0.367	0	0	0	na	1788356981.628511	1788356981.781857	286056895	286057221
2026-09-02T13:49:41Z	8dc0b5fea25671d6745a556bffb740d3866e189c	352c096f011eb282f12e6d4c12281340fac96b635a2879cc065d7637a6592872	raw	control	5.9.2	2264a8042763edf2620cfe32d96b096e1f3d26aa	5.9.2	2.55.0	1000	150	clean	2	0.347	0.347	0	0	0	na	1788356981.935055	1788356982.088542	286057511	286057807
2026-09-02T13:49:41Z	8dc0b5fea25671d6745a556bffb740d3866e189c	352c096f011eb282f12e6d4c12281340fac96b635a2879cc065d7637a6592872	raw	control	5.9.2	2264a8042763edf2620cfe32d96b096e1f3d26aa	5.9.2	2.55.0	1000	150	clean	3	0.404	0.404	0	0	0	na	1788356982.241717	1788356982.394881	286058056	286058330
2026-09-02T13:49:41Z	8dc0b5fea25671d6745a556bffb740d3866e189c	352c096f011eb282f12e6d4c12281340fac96b635a2879cc065d7637a6592872	raw	control	5.9.2	2264a8042763edf2620cfe32d96b096e1f3d26aa	5.9.2	2.55.0	1000	150	clean	4	0.357	0.357	0	0	0	na	1788356982.547902	1788356982.701091	286058597	286058808
2026-09-02T13:49:41Z	8dc0b5fea25671d6745a556bffb740d3866e189c	352c096f011eb282f12e6d4c12281340fac96b635a2879cc065d7637a6592872	raw	control	5.9.2	2264a8042763edf2620cfe32d96b096e1f3d26aa	5.9.2	2.55.0	1000	150	clean	5	0.390	0.390	0	0	0	na	1788356982.854460	1788356983.007823	286059261	286059530
2026-09-02T13:49:41Z	8dc0b5fea25671d6745a556bffb740d3866e189c	352c096f011eb282f12e6d4c12281340fac96b635a2879cc065d7637a6592872	raw	control	5.9.2	2264a8042763edf2620cfe32d96b096e1f3d26aa	5.9.2	2.55.0	1000	150	clean	6	0.381	0.381	0	0	0	na	1788356983.161138	1788356983.314447	286059788	286060036
2026-09-02T13:49:41Z	8dc0b5fea25671d6745a556bffb740d3866e189c	352c096f011eb282f12e6d4c12281340fac96b635a2879cc065d7637a6592872	raw	control	5.9.2	2264a8042763edf2620cfe32d96b096e1f3d26aa	5.9.2	2.55.0	1000	150	clean	7	0.374	0.374	0	0	0	na	1788356983.467824	1788356983.621006	286060262	286060489
2026-09-02T13:49:41Z	8dc0b5fea25671d6745a556bffb740d3866e189c	352c096f011eb282f12e6d4c12281340fac96b635a2879cc065d7637a6592872	raw	control	5.9.2	2264a8042763edf2620cfe32d96b096e1f3d26aa	5.9.2	2.55.0	1000	150	clean	8	0.416	0.416	0	0	0	na	1788356983.774357	1788356983.927730	286060686	286060864
2026-09-02T13:49:41Z	8dc0b5fea25671d6745a556bffb740d3866e189c	352c096f011eb282f12e6d4c12281340fac96b635a2879cc065d7637a6592872	raw	control	5.9.2	2264a8042763edf2620cfe32d96b096e1f3d26aa	5.9.2	2.55.0	1000	150	clean	9	0.410	0.410	0	0	0	na	1788356984.080948	1788356984.234287	286061136	286061356
2026-09-02T13:49:41Z	8dc0b5fea25671d6745a556bffb740d3866e189c	352c096f011eb282f12e6d4c12281340fac96b635a2879cc065d7637a6592872	raw	control	5.9.2	2264a8042763edf2620cfe32d96b096e1f3d26aa	5.9.2	2.55.0	1000	150	clean	10	0.435	0.435	0	0	0	na	1788356984.387684	1788356984.541004	286061583	286061835
2026-09-02T13:49:41Z	8dc0b5fea25671d6745a556bffb740d3866e189c	352c096f011eb282f12e6d4c12281340fac96b635a2879cc065d7637a6592872	raw	control	5.9.2	2264a8042763edf2620cfe32d96b096e1f3d26aa	5.9.2	2.55.0	1000	150	clean	11	0.471	0.471	0	0	0	na	1788356984.694344	1788356984.848006	286062044	286062336
2026-09-02T13:49:41Z	8dc0b5fea25671d6745a556bffb740d3866e189c	352c096f011eb282f12e6d4c12281340fac96b635a2879cc065d7637a6592872	raw	control	5.9.2	2264a8042763edf2620cfe32d96b096e1f3d26aa	5.9.2	2.55.0	1000	150	clean	12	0.414	0.414	0	0	0	na	1788356985.001238	1788356985.154589	286062562	286062821
2026-09-02T13:49:41Z	8dc0b5fea25671d6745a556bffb740d3866e189c	352c096f011eb282f12e6d4c12281340fac96b635a2879cc065d7637a6592872	raw	control	5.9.2	2264a8042763edf2620cfe32d96b096e1f3d26aa	5.9.2	2.55.0	1000	150	clean	13	0.414	0.414	0	0	0	na	1788356985.308025	1788356985.461475	286063052	286063295
2026-09-02T13:49:41Z	8dc0b5fea25671d6745a556bffb740d3866e189c	352c096f011eb282f12e6d4c12281340fac96b635a2879cc065d7637a6592872	raw	control	5.9.2	2264a8042763edf2620cfe32d96b096e1f3d26aa	5.9.2	2.55.0	1000	150	clean	14	0.409	0.409	0	0	0	na	1788356985.614803	1788356985.768006	286063517	286063751
2026-09-02T13:49:41Z	8dc0b5fea25671d6745a556bffb740d3866e189c	352c096f011eb282f12e6d4c12281340fac96b635a2879cc065d7637a6592872	raw	control	5.9.2	2264a8042763edf2620cfe32d96b096e1f3d26aa	5.9.2	2.55.0	1000	150	clean	15	0.398	0.398	0	0	0	na	1788356985.921295	1788356986.074679	286063998	286064170
2026-09-02T13:49:41Z	8dc0b5fea25671d6745a556bffb740d3866e189c	352c096f011eb282f12e6d4c12281340fac96b635a2879cc065d7637a6592872	raw	control	5.9.2	2264a8042763edf2620cfe32d96b096e1f3d26aa	5.9.2	2.55.0	1000	150	clean	16	0.438	0.438	0	0	0	na	1788356986.227978	1788356986.381396	286064367	286064628
2026-09-02T13:49:41Z	8dc0b5fea25671d6745a556bffb740d3866e189c	352c096f011eb282f12e6d4c12281340fac96b635a2879cc065d7637a6592872	raw	control	5.9.2	2264a8042763edf2620cfe32d96b096e1f3d26aa	5.9.2	2.55.0	1000	150	clean	17	0.440	0.440	0	0	0	na	1788356986.534845	1788356986.688318	286064885	286065111
2026-09-02T13:49:41Z	8dc0b5fea25671d6745a556bffb740d3866e189c	352c096f011eb282f12e6d4c12281340fac96b635a2879cc065d7637a6592872	raw	control	5.9.2	2264a8042763edf2620cfe32d96b096e1f3d26aa	5.9.2	2.55.0	1000	150	clean	18	0.403	0.403	0	0	0	na	1788356986.841624	1788356986.994905	286066013	286066207
2026-09-02T13:49:41Z	8dc0b5fea25671d6745a556bffb740d3866e189c	352c096f011eb282f12e6d4c12281340fac96b635a2879cc065d7637a6592872	raw	control	5.9.2	2264a8042763edf2620cfe32d96b096e1f3d26aa	5.9.2	2.55.0	1000	150	clean	19	0.420	0.420	0	0	0	na	1788356987.148285	1788356987.301712	286066442	286066680
2026-09-02T13:49:41Z	8dc0b5fea25671d6745a556bffb740d3866e189c	352c096f011eb282f12e6d4c12281340fac96b635a2879cc065d7637a6592872	raw	control	5.9.2	2264a8042763edf2620cfe32d96b096e1f3d26aa	5.9.2	2.55.0	1000	150	clean	20	0.399	0.399	0	0	0	na	1788356987.455107	1788356987.608381	286066883	286067082
2026-09-02T13:49:41Z	8dc0b5fea25671d6745a556bffb740d3866e189c	352c096f011eb282f12e6d4c12281340fac96b635a2879cc065d7637a6592872	raw	control	5.9.2	2264a8042763edf2620cfe32d96b096e1f3d26aa	5.9.2	2.55.0	1000	150	clean	21	0.422	0.422	0	0	0	na	1788356987.761728	1788356987.915057	286067337	286067561
2026-09-02T13:49:41Z	8dc0b5fea25671d6745a556bffb740d3866e189c	352c096f011eb282f12e6d4c12281340fac96b635a2879cc065d7637a6592872	raw	control	5.9.2	2264a8042763edf2620cfe32d96b096e1f3d26aa	5.9.2	2.55.0	1000	150	clean	22	0.407	0.407	0	0	0	na	1788356988.068318	1788356988.221654	286067795	286068042
2026-09-02T13:49:41Z	8dc0b5fea25671d6745a556bffb740d3866e189c	352c096f011eb282f12e6d4c12281340fac96b635a2879cc065d7637a6592872	raw	control	5.9.2	2264a8042763edf2620cfe32d96b096e1f3d26aa	5.9.2	2.55.0	1000	150	clean	23	0.465	0.465	0	0	0	na	1788356988.374816	1788356988.528198	286068243	286068531
2026-09-02T13:49:41Z	8dc0b5fea25671d6745a556bffb740d3866e189c	352c096f011eb282f12e6d4c12281340fac96b635a2879cc065d7637a6592872	raw	control	5.9.2	2264a8042763edf2620cfe32d96b096e1f3d26aa	5.9.2	2.55.0	1000	150	clean	24	0.394	0.394	0	0	0	na	1788356988.681408	1788356988.834662	286068785	286069194
2026-09-02T13:49:41Z	8dc0b5fea25671d6745a556bffb740d3866e189c	352c096f011eb282f12e6d4c12281340fac96b635a2879cc065d7637a6592872	raw	control	5.9.2	2264a8042763edf2620cfe32d96b096e1f3d26aa	5.9.2	2.55.0	1000	150	clean	25	0.470	0.470	0	0	0	na	1788356988.987900	1788356989.141244	286069585	286069813
2026-09-02T13:49:41Z	8dc0b5fea25671d6745a556bffb740d3866e189c	352c096f011eb282f12e6d4c12281340fac96b635a2879cc065d7637a6592872	raw	control	5.9.2	2264a8042763edf2620cfe32d96b096e1f3d26aa	5.9.2	2.55.0	1000	150	clean	26	0.456	0.456	0	0	0	na	1788356989.294421	1788356989.447758	286070004	286070265
2026-09-02T13:49:41Z	8dc0b5fea25671d6745a556bffb740d3866e189c	352c096f011eb282f12e6d4c12281340fac96b635a2879cc065d7637a6592872	raw	control	5.9.2	2264a8042763edf2620cfe32d96b096e1f3d26aa	5.9.2	2.55.0	1000	150	clean	27	0.409	0.409	0	0	0	na	1788356989.601088	1788356989.754407	286070469	286070752
2026-09-02T13:49:41Z	8dc0b5fea25671d6745a556bffb740d3866e189c	352c096f011eb282f12e6d4c12281340fac96b635a2879cc065d7637a6592872	raw	control	5.9.2	2264a8042763edf2620cfe32d96b096e1f3d26aa	5.9.2	2.55.0	1000	150	clean	28	0.412	0.412	0	0	0	na	1788356989.907831	1788356990.061085	286071060	286071258
2026-09-02T13:49:41Z	8dc0b5fea25671d6745a556bffb740d3866e189c	352c096f011eb282f12e6d4c12281340fac96b635a2879cc065d7637a6592872	raw	control	5.9.2	2264a8042763edf2620cfe32d96b096e1f3d26aa	5.9.2	2.55.0	1000	150	clean	29	0.418	0.418	0	0	0	na	1788356990.214375	1788356990.367701	286071459	286071718
2026-09-02T13:49:41Z	8dc0b5fea25671d6745a556bffb740d3866e189c	352c096f011eb282f12e6d4c12281340fac96b635a2879cc065d7637a6592872	raw	control	5.9.2	2264a8042763edf2620cfe32d96b096e1f3d26aa	5.9.2	2.55.0	1000	150	clean	30	0.494	0.494	0	0	0	na	1788356990.520860	1788356990.674397	286071969	286072219
2026-09-02T13:49:41Z	8dc0b5fea25671d6745a556bffb740d3866e189c	352c096f011eb282f12e6d4c12281340fac96b635a2879cc065d7637a6592872	raw	control	5.9.2	2264a8042763edf2620cfe32d96b096e1f3d26aa	5.9.2	2.55.0	1000	150	clean	31	0.398	0.398	0	0	0	na	1788356990.827589	1788356990.980826	286072450	286072664
2026-09-02T13:49:41Z	8dc0b5fea25671d6745a556bffb740d3866e189c	352c096f011eb282f12e6d4c12281340fac96b635a2879cc065d7637a6592872	raw	control	5.9.2	2264a8042763edf2620cfe32d96b096e1f3d26aa	5.9.2	2.55.0	1000	150	clean	32	0.430	0.430	0	0	0	na	1788356991.134076	1788356991.287439	286072872	286073082
2026-09-02T13:49:41Z	8dc0b5fea25671d6745a556bffb740d3866e189c	352c096f011eb282f12e6d4c12281340fac96b635a2879cc065d7637a6592872	raw	control	5.9.2	2264a8042763edf2620cfe32d96b096e1f3d26aa	5.9.2	2.55.0	1000	150	clean	33	0.466	0.466	0	0	0	na	1788356991.440742	1788356991.594076	286073271	286073485
2026-09-02T13:49:41Z	8dc0b5fea25671d6745a556bffb740d3866e189c	352c096f011eb282f12e6d4c12281340fac96b635a2879cc065d7637a6592872	raw	control	5.9.2	2264a8042763edf2620cfe32d96b096e1f3d26aa	5.9.2	2.55.0	1000	150	clean	34	0.424	0.424	0	0	0	na	1788356991.747654	1788356991.901100	286073766	286074014
2026-09-02T13:49:41Z	8dc0b5fea25671d6745a556bffb740d3866e189c	352c096f011eb282f12e6d4c12281340fac96b635a2879cc065d7637a6592872	raw	control	5.9.2	2264a8042763edf2620cfe32d96b096e1f3d26aa	5.9.2	2.55.0	1000	150	clean	35	0.412	0.412	0	0	0	na	1788356992.054516	1788356992.207994	286074240	286074519
2026-09-02T13:49:41Z	8dc0b5fea25671d6745a556bffb740d3866e189c	352c096f011eb282f12e6d4c12281340fac96b635a2879cc065d7637a6592872	raw	control	5.9.2	2264a8042763edf2620cfe32d96b096e1f3d26aa	5.9.2	2.55.0	1000	150	clean	36	0.417	0.417	0	0	0	na	1788356992.361365	1788356992.514897	286074753	286075011
2026-09-02T13:49:41Z	8dc0b5fea25671d6745a556bffb740d3866e189c	352c096f011eb282f12e6d4c12281340fac96b635a2879cc065d7637a6592872	raw	control	5.9.2	2264a8042763edf2620cfe32d96b096e1f3d26aa	5.9.2	2.55.0	1000	150	clean	37	0.399	0.399	0	0	0	na	1788356992.668226	1788356992.821680	286075233	286075533
2026-09-02T13:49:41Z	8dc0b5fea25671d6745a556bffb740d3866e189c	352c096f011eb282f12e6d4c12281340fac96b635a2879cc065d7637a6592872	raw	control	5.9.2	2264a8042763edf2620cfe32d96b096e1f3d26aa	5.9.2	2.55.0	1000	150	clean	38	0.475	0.475	0	0	0	na	1788356992.975082	1788356993.128731	286075778	286076192
2026-09-02T13:49:41Z	8dc0b5fea25671d6745a556bffb740d3866e189c	352c096f011eb282f12e6d4c12281340fac96b635a2879cc065d7637a6592872	raw	control	5.9.2	2264a8042763edf2620cfe32d96b096e1f3d26aa	5.9.2	2.55.0	1000	150	clean	39	0.409	0.409	0	0	0	na	1788356993.282086	1788356993.435536	286076441	286076705
2026-09-02T13:49:41Z	8dc0b5fea25671d6745a556bffb740d3866e189c	352c096f011eb282f12e6d4c12281340fac96b635a2879cc065d7637a6592872	raw	control	5.9.2	2264a8042763edf2620cfe32d96b096e1f3d26aa	5.9.2	2.55.0	1000	150	clean	40	0.422	0.422	0	0	0	na	1788356993.588807	1788356993.742260	286076942	286077155
2026-09-02T13:49:41Z	8dc0b5fea25671d6745a556bffb740d3866e189c	352c096f011eb282f12e6d4c12281340fac96b635a2879cc065d7637a6592872	raw	control	5.9.2	2264a8042763edf2620cfe32d96b096e1f3d26aa	5.9.2	2.55.0	1000	150	clean	41	0.416	0.416	0	0	0	na	1788356993.895426	1788356994.048669	286077477	286077687
2026-09-02T13:49:41Z	8dc0b5fea25671d6745a556bffb740d3866e189c	352c096f011eb282f12e6d4c12281340fac96b635a2879cc065d7637a6592872	raw	control	5.9.2	2264a8042763edf2620cfe32d96b096e1f3d26aa	5.9.2	2.55.0	1000	150	clean	42	0.462	0.462	0	0	0	na	1788356994.201849	1788356994.355213	286077928	286078137
2026-09-02T13:49:41Z	8dc0b5fea25671d6745a556bffb740d3866e189c	352c096f011eb282f12e6d4c12281340fac96b635a2879cc065d7637a6592872	raw	control	5.9.2	2264a8042763edf2620cfe32d96b096e1f3d26aa	5.9.2	2.55.0	1000	150	clean	43	0.503	0.503	0	0	0	na	1788356994.508639	1788356994.662042	286078333	286078573
2026-09-02T13:49:41Z	8dc0b5fea25671d6745a556bffb740d3866e189c	352c096f011eb282f12e6d4c12281340fac96b635a2879cc065d7637a6592872	raw	control	5.9.2	2264a8042763edf2620cfe32d96b096e1f3d26aa	5.9.2	2.55.0	1000	150	clean	44	0.447	0.447	0	0	0	na	1788356994.815318	1788356994.968717	286079336	286079560
2026-09-02T13:49:41Z	8dc0b5fea25671d6745a556bffb740d3866e189c	352c096f011eb282f12e6d4c12281340fac96b635a2879cc065d7637a6592872	raw	control	5.9.2	2264a8042763edf2620cfe32d96b096e1f3d26aa	5.9.2	2.55.0	1000	150	clean	45	0.455	0.455	0	0	0	na	1788356995.121922	1788356995.275682	286079770	286080151
2026-09-02T13:49:41Z	8dc0b5fea25671d6745a556bffb740d3866e189c	352c096f011eb282f12e6d4c12281340fac96b635a2879cc065d7637a6592872	raw	control	5.9.2	2264a8042763edf2620cfe32d96b096e1f3d26aa	5.9.2	2.55.0	1000	150	clean	46	0.478	0.478	0	0	0	na	1788356995.428918	1788356995.582234	286080327	286080591
2026-09-02T13:49:41Z	8dc0b5fea25671d6745a556bffb740d3866e189c	352c096f011eb282f12e6d4c12281340fac96b635a2879cc065d7637a6592872	raw	control	5.9.2	2264a8042763edf2620cfe32d96b096e1f3d26aa	5.9.2	2.55.0	1000	150	clean	47	0.401	0.401	0	0	0	na	1788356995.735516	1788356995.888949	286080887	286081125
2026-09-02T13:49:41Z	8dc0b5fea25671d6745a556bffb740d3866e189c	352c096f011eb282f12e6d4c12281340fac96b635a2879cc065d7637a6592872	raw	control	5.9.2	2264a8042763edf2620cfe32d96b096e1f3d26aa	5.9.2	2.55.0	1000	150	clean	48	0.416	0.416	0	0	0	na	1788356996.042101	1788356996.195101	286081394	286081693
2026-09-02T13:49:41Z	8dc0b5fea25671d6745a556bffb740d3866e189c	352c096f011eb282f12e6d4c12281340fac96b635a2879cc065d7637a6592872	raw	control	5.9.2	2264a8042763edf2620cfe32d96b096e1f3d26aa	5.9.2	2.55.0	1000	150	clean	49	0.410	0.410	0	0	0	na	1788356996.348363	1788356996.501567	286081931	286082164
2026-09-02T13:49:41Z	8dc0b5fea25671d6745a556bffb740d3866e189c	352c096f011eb282f12e6d4c12281340fac96b635a2879cc065d7637a6592872	raw	control	5.9.2	2264a8042763edf2620cfe32d96b096e1f3d26aa	5.9.2	2.55.0	1000	150	clean	50	0.420	0.420	0	0	0	na	1788356996.654668	1788356996.807998	286082349	286082617
2026-09-02T13:49:41Z	8dc0b5fea25671d6745a556bffb740d3866e189c	352c096f011eb282f12e6d4c12281340fac96b635a2879cc065d7637a6592872	raw	control	5.9.2	2264a8042763edf2620cfe32d96b096e1f3d26aa	5.9.2	2.55.0	1000	150	clean	51	0.457	0.457	0	0	0	na	1788356996.961597	1788356997.115113	286083428	286083705
2026-09-02T13:49:41Z	8dc0b5fea25671d6745a556bffb740d3866e189c	352c096f011eb282f12e6d4c12281340fac96b635a2879cc065d7637a6592872	raw	control	5.9.2	2264a8042763edf2620cfe32d96b096e1f3d26aa	5.9.2	2.55.0	1000	150	clean	52	0.431	0.431	0	0	0	na	1788356997.268476	1788356997.422070	286084066	286084369
2026-09-02T13:49:41Z	8dc0b5fea25671d6745a556bffb740d3866e189c	352c096f011eb282f12e6d4c12281340fac96b635a2879cc065d7637a6592872	raw	control	5.9.2	2264a8042763edf2620cfe32d96b096e1f3d26aa	5.9.2	2.55.0	1000	150	clean	53	0.415	0.415	0	0	0	na	1788356997.575479	1788356997.728939	286084542	286084773
2026-09-02T13:49:41Z	8dc0b5fea25671d6745a556bffb740d3866e189c	352c096f011eb282f12e6d4c12281340fac96b635a2879cc065d7637a6592872	raw	control	5.9.2	2264a8042763edf2620cfe32d96b096e1f3d26aa	5.9.2	2.55.0	1000	150	clean	54	0.443	0.443	0	0	0	na	1788356997.882311	1788356998.035812	286085111	286085395
2026-09-02T13:49:41Z	8dc0b5fea25671d6745a556bffb740d3866e189c	352c096f011eb282f12e6d4c12281340fac96b635a2879cc065d7637a6592872	raw	control	5.9.2	2264a8042763edf2620cfe32d96b096e1f3d26aa	5.9.2	2.55.0	1000	150	clean	55	0.423	0.423	0	0	0	na	1788356998.188967	1788356998.342431	286085513	286085727
2026-09-02T13:49:41Z	8dc0b5fea25671d6745a556bffb740d3866e189c	352c096f011eb282f12e6d4c12281340fac96b635a2879cc065d7637a6592872	raw	control	5.9.2	2264a8042763edf2620cfe32d96b096e1f3d26aa	5.9.2	2.55.0	1000	150	clean	56	0.403	0.403	0	0	0	na	1788356998.495603	1788356998.648814	286085972	286086240
2026-09-02T13:49:41Z	8dc0b5fea25671d6745a556bffb740d3866e189c	352c096f011eb282f12e6d4c12281340fac96b635a2879cc065d7637a6592872	raw	control	5.9.2	2264a8042763edf2620cfe32d96b096e1f3d26aa	5.9.2	2.55.0	1000	150	clean	57	0.437	0.437	0	0	0	na	1788356998.802302	1788356998.956023	286086628	286086825
2026-09-02T13:49:41Z	8dc0b5fea25671d6745a556bffb740d3866e189c	352c096f011eb282f12e6d4c12281340fac96b635a2879cc065d7637a6592872	raw	control	5.9.2	2264a8042763edf2620cfe32d96b096e1f3d26aa	5.9.2	2.55.0	1000	150	clean	58	0.407	0.407	0	0	0	na	1788356999.109153	1788356999.262466	286086980	286087145
2026-09-02T13:49:41Z	8dc0b5fea25671d6745a556bffb740d3866e189c	352c096f011eb282f12e6d4c12281340fac96b635a2879cc065d7637a6592872	raw	control	5.9.2	2264a8042763edf2620cfe32d96b096e1f3d26aa	5.9.2	2.55.0	1000	150	clean	59	0.406	0.406	0	0	0	na	1788356999.415551	1788356999.568497	286087468	286087826
2026-09-02T13:49:41Z	8dc0b5fea25671d6745a556bffb740d3866e189c	352c096f011eb282f12e6d4c12281340fac96b635a2879cc065d7637a6592872	raw	control	5.9.2	2264a8042763edf2620cfe32d96b096e1f3d26aa	5.9.2	2.55.0	1000	150	clean	60	0.413	0.413	0	0	0	na	1788356999.721509	1788356999.874656	286088088	286088568
2026-09-02T13:49:41Z	8dc0b5fea25671d6745a556bffb740d3866e189c	352c096f011eb282f12e6d4c12281340fac96b635a2879cc065d7637a6592872	raw	control	5.9.2	2264a8042763edf2620cfe32d96b096e1f3d26aa	5.9.2	2.55.0	1000	150	clean	61	0.423	0.423	0	0	0	na	1788357000.027782	1788357000.181022	286088936	286089177
2026-09-02T13:49:41Z	8dc0b5fea25671d6745a556bffb740d3866e189c	352c096f011eb282f12e6d4c12281340fac96b635a2879cc065d7637a6592872	raw	control	5.9.2	2264a8042763edf2620cfe32d96b096e1f3d26aa	5.9.2	2.55.0	1000	150	clean	62	0.412	0.412	0	0	0	na	1788357000.334224	1788357000.487330	286089397	286089582
2026-09-02T13:49:41Z	8dc0b5fea25671d6745a556bffb740d3866e189c	352c096f011eb282f12e6d4c12281340fac96b635a2879cc065d7637a6592872	raw	control	5.9.2	2264a8042763edf2620cfe32d96b096e1f3d26aa	5.9.2	2.55.0	1000	150	clean	63	0.399	0.399	0	0	0	na	1788357000.640286	1788357000.793233	286089771	286090006
2026-09-02T13:49:41Z	8dc0b5fea25671d6745a556bffb740d3866e189c	352c096f011eb282f12e6d4c12281340fac96b635a2879cc065d7637a6592872	raw	control	5.9.2	2264a8042763edf2620cfe32d96b096e1f3d26aa	5.9.2	2.55.0	1000	150	clean	64	0.431	0.431	0	0	0	na	1788357000.946756	1788357001.100215	286090335	286090528
2026-09-02T13:49:41Z	8dc0b5fea25671d6745a556bffb740d3866e189c	352c096f011eb282f12e6d4c12281340fac96b635a2879cc065d7637a6592872	raw	control	5.9.2	2264a8042763edf2620cfe32d96b096e1f3d26aa	5.9.2	2.55.0	1000	150	clean	65	0.448	0.448	0	0	0	na	1788357001.253392	1788357001.406703	286090755	286090958
2026-09-02T13:49:41Z	8dc0b5fea25671d6745a556bffb740d3866e189c	352c096f011eb282f12e6d4c12281340fac96b635a2879cc065d7637a6592872	raw	control	5.9.2	2264a8042763edf2620cfe32d96b096e1f3d26aa	5.9.2	2.55.0	1000	150	clean	66	0.417	0.417	0	0	0	na	1788357001.559934	1788357001.713376	286091149	286091613
2026-09-02T13:49:41Z	8dc0b5fea25671d6745a556bffb740d3866e189c	352c096f011eb282f12e6d4c12281340fac96b635a2879cc065d7637a6592872	raw	control	5.9.2	2264a8042763edf2620cfe32d96b096e1f3d26aa	5.9.2	2.55.0	1000	150	clean	67	0.447	0.447	0	0	0	na	1788357001.866602	1788357002.019837	286091839	286091999
2026-09-02T13:49:41Z	8dc0b5fea25671d6745a556bffb740d3866e189c	352c096f011eb282f12e6d4c12281340fac96b635a2879cc065d7637a6592872	raw	control	5.9.2	2264a8042763edf2620cfe32d96b096e1f3d26aa	5.9.2	2.55.0	1000	150	clean	68	0.401	0.401	0	0	0	na	1788357002.172952	1788357002.326225	286092213	286092443
2026-09-02T13:49:41Z	8dc0b5fea25671d6745a556bffb740d3866e189c	352c096f011eb282f12e6d4c12281340fac96b635a2879cc065d7637a6592872	raw	control	5.9.2	2264a8042763edf2620cfe32d96b096e1f3d26aa	5.9.2	2.55.0	1000	150	clean	69	0.407	0.407	0	0	0	na	1788357002.479358	1788357002.632568	286092702	286092943
2026-09-02T13:49:41Z	8dc0b5fea25671d6745a556bffb740d3866e189c	352c096f011eb282f12e6d4c12281340fac96b635a2879cc065d7637a6592872	raw	control	5.9.2	2264a8042763edf2620cfe32d96b096e1f3d26aa	5.9.2	2.55.0	1000	150	clean	70	0.403	0.403	0	0	0	na	1788357002.785670	1788357002.939080	286093222	286093413
2026-09-02T13:49:41Z	8dc0b5fea25671d6745a556bffb740d3866e189c	352c096f011eb282f12e6d4c12281340fac96b635a2879cc065d7637a6592872	raw	control	5.9.2	2264a8042763edf2620cfe32d96b096e1f3d26aa	5.9.2	2.55.0	1000	150	clean	71	0.405	0.405	0	0	0	na	1788357003.092177	1788357003.245542	286093596	286093786
2026-09-02T13:49:41Z	8dc0b5fea25671d6745a556bffb740d3866e189c	352c096f011eb282f12e6d4c12281340fac96b635a2879cc065d7637a6592872	raw	control	5.9.2	2264a8042763edf2620cfe32d96b096e1f3d26aa	5.9.2	2.55.0	1000	150	clean	72	0.446	0.446	0	0	0	na	1788357003.398741	1788357003.552220	286094009	286094232
2026-09-02T13:49:41Z	8dc0b5fea25671d6745a556bffb740d3866e189c	352c096f011eb282f12e6d4c12281340fac96b635a2879cc065d7637a6592872	raw	control	5.9.2	2264a8042763edf2620cfe32d96b096e1f3d26aa	5.9.2	2.55.0	1000	150	clean	73	0.443	0.443	0	0	0	na	1788357003.705538	1788357003.859045	286094456	286094699
2026-09-02T13:49:41Z	8dc0b5fea25671d6745a556bffb740d3866e189c	352c096f011eb282f12e6d4c12281340fac96b635a2879cc065d7637a6592872	raw	control	5.9.2	2264a8042763edf2620cfe32d96b096e1f3d26aa	5.9.2	2.55.0	1000	150	clean	74	0.415	0.415	0	0	0	na	1788357004.012187	1788357004.165444	286094891	286095037
2026-09-02T13:49:41Z	8dc0b5fea25671d6745a556bffb740d3866e189c	352c096f011eb282f12e6d4c12281340fac96b635a2879cc065d7637a6592872	raw	control	5.9.2	2264a8042763edf2620cfe32d96b096e1f3d26aa	5.9.2	2.55.0	1000	150	clean	75	0.480	0.480	0	0	0	na	1788357004.318658	1788357004.472123	286095217	286095396
2026-09-02T13:49:41Z	8dc0b5fea25671d6745a556bffb740d3866e189c	352c096f011eb282f12e6d4c12281340fac96b635a2879cc065d7637a6592872	raw	control	5.9.2	2264a8042763edf2620cfe32d96b096e1f3d26aa	5.9.2	2.55.0	1000	150	clean	76	0.399	0.399	0	0	0	na	1788357004.625444	1788357004.778601	286095538	286095726
2026-09-02T13:49:41Z	8dc0b5fea25671d6745a556bffb740d3866e189c	352c096f011eb282f12e6d4c12281340fac96b635a2879cc065d7637a6592872	raw	control	5.9.2	2264a8042763edf2620cfe32d96b096e1f3d26aa	5.9.2	2.55.0	1000	150	clean	77	0.449	0.449	0	0	0	na	1788357004.931907	1788357005.085166	286095968	286096124
2026-09-02T13:49:41Z	8dc0b5fea25671d6745a556bffb740d3866e189c	352c096f011eb282f12e6d4c12281340fac96b635a2879cc065d7637a6592872	raw	control	5.9.2	2264a8042763edf2620cfe32d96b096e1f3d26aa	5.9.2	2.55.0	1000	150	clean	78	0.452	0.452	0	0	0	na	1788357005.238484	1788357005.391851	286096281	286096474
2026-09-02T13:49:41Z	8dc0b5fea25671d6745a556bffb740d3866e189c	352c096f011eb282f12e6d4c12281340fac96b635a2879cc065d7637a6592872	raw	control	5.9.2	2264a8042763edf2620cfe32d96b096e1f3d26aa	5.9.2	2.55.0	1000	150	clean	79	0.448	0.448	0	0	0	na	1788357005.544994	1788357005.698497	286096703	286096958
2026-09-02T13:49:41Z	8dc0b5fea25671d6745a556bffb740d3866e189c	352c096f011eb282f12e6d4c12281340fac96b635a2879cc065d7637a6592872	raw	control	5.9.2	2264a8042763edf2620cfe32d96b096e1f3d26aa	5.9.2	2.55.0	1000	150	clean	80	0.431	0.431	0	0	0	na	1788357005.852065	1788357006.005358	286097229	286097438
2026-09-02T13:49:41Z	8dc0b5fea25671d6745a556bffb740d3866e189c	352c096f011eb282f12e6d4c12281340fac96b635a2879cc065d7637a6592872	raw	control	5.9.2	2264a8042763edf2620cfe32d96b096e1f3d26aa	5.9.2	2.55.0	1000	150	clean	81	0.462	0.462	0	0	0	na	1788357006.158654	1788357006.312080	286097661	286097925
2026-09-02T13:49:41Z	8dc0b5fea25671d6745a556bffb740d3866e189c	352c096f011eb282f12e6d4c12281340fac96b635a2879cc065d7637a6592872	raw	control	5.9.2	2264a8042763edf2620cfe32d96b096e1f3d26aa	5.9.2	2.55.0	1000	150	clean	82	0.486	0.486	0	0	0	na	1788357006.465492	1788357006.619066	286098142	286098347
2026-09-02T13:49:41Z	8dc0b5fea25671d6745a556bffb740d3866e189c	352c096f011eb282f12e6d4c12281340fac96b635a2879cc065d7637a6592872	raw	control	5.9.2	2264a8042763edf2620cfe32d96b096e1f3d26aa	5.9.2	2.55.0	1000	150	clean	83	0.397	0.397	0	0	0	na	1788357006.772310	1788357006.925520	286098530	286098696
2026-09-02T13:49:41Z	8dc0b5fea25671d6745a556bffb740d3866e189c	352c096f011eb282f12e6d4c12281340fac96b635a2879cc065d7637a6592872	raw	control	5.9.2	2264a8042763edf2620cfe32d96b096e1f3d26aa	5.9.2	2.55.0	1000	150	clean	84	0.413	0.413	0	0	0	na	1788357007.078814	1788357007.232068	286098884	286099084
2026-09-02T13:49:41Z	8dc0b5fea25671d6745a556bffb740d3866e189c	352c096f011eb282f12e6d4c12281340fac96b635a2879cc065d7637a6592872	raw	control	5.9.2	2264a8042763edf2620cfe32d96b096e1f3d26aa	5.9.2	2.55.0	1000	150	clean	85	0.457	0.457	0	0	0	na	1788357007.385327	1788357007.538690	286099265	286099508
2026-09-02T13:49:41Z	8dc0b5fea25671d6745a556bffb740d3866e189c	352c096f011eb282f12e6d4c12281340fac96b635a2879cc065d7637a6592872	raw	control	5.9.2	2264a8042763edf2620cfe32d96b096e1f3d26aa	5.9.2	2.55.0	1000	150	clean	86	0.407	0.407	0	0	0	na	1788357007.691787	1788357007.845065	286099682	286099969
2026-09-02T13:49:41Z	8dc0b5fea25671d6745a556bffb740d3866e189c	352c096f011eb282f12e6d4c12281340fac96b635a2879cc065d7637a6592872	raw	control	5.9.2	2264a8042763edf2620cfe32d96b096e1f3d26aa	5.9.2	2.55.0	1000	150	clean	87	0.482	0.482	0	0	0	na	1788357007.998064	1788357008.151654	286100213	286100472
2026-09-02T13:49:41Z	8dc0b5fea25671d6745a556bffb740d3866e189c	352c096f011eb282f12e6d4c12281340fac96b635a2879cc065d7637a6592872	raw	control	5.9.2	2264a8042763edf2620cfe32d96b096e1f3d26aa	5.9.2	2.55.0	1000	150	clean	88	0.458	0.458	0	0	0	na	1788357008.304982	1788357008.458421	286100646	286100837
2026-09-02T13:49:41Z	8dc0b5fea25671d6745a556bffb740d3866e189c	352c096f011eb282f12e6d4c12281340fac96b635a2879cc065d7637a6592872	raw	control	5.9.2	2264a8042763edf2620cfe32d96b096e1f3d26aa	5.9.2	2.55.0	1000	150	clean	89	0.444	0.444	0	0	0	na	1788357008.611791	1788357008.765221	286101051	286101284
2026-09-02T13:49:41Z	8dc0b5fea25671d6745a556bffb740d3866e189c	352c096f011eb282f12e6d4c12281340fac96b635a2879cc065d7637a6592872	raw	control	5.9.2	2264a8042763edf2620cfe32d96b096e1f3d26aa	5.9.2	2.55.0	1000	150	clean	90	0.392	0.392	0	0	0	na	1788357008.918408	1788357009.071819	286101489	286101907
2026-09-02T13:49:41Z	8dc0b5fea25671d6745a556bffb740d3866e189c	352c096f011eb282f12e6d4c12281340fac96b635a2879cc065d7637a6592872	raw	control	5.9.2	2264a8042763edf2620cfe32d96b096e1f3d26aa	5.9.2	2.55.0	1000	150	clean	91	0.405	0.405	0	0	0	na	1788357009.225182	1788357009.378525	286102088	286102276
2026-09-02T13:49:41Z	8dc0b5fea25671d6745a556bffb740d3866e189c	352c096f011eb282f12e6d4c12281340fac96b635a2879cc065d7637a6592872	raw	control	5.9.2	2264a8042763edf2620cfe32d96b096e1f3d26aa	5.9.2	2.55.0	1000	150	clean	92	0.495	0.495	0	0	0	na	1788357009.531640	1788357009.685075	286102486	286102668
2026-09-02T13:49:41Z	8dc0b5fea25671d6745a556bffb740d3866e189c	352c096f011eb282f12e6d4c12281340fac96b635a2879cc065d7637a6592872	raw	control	5.9.2	2264a8042763edf2620cfe32d96b096e1f3d26aa	5.9.2	2.55.0	1000	150	clean	93	0.423	0.423	0	0	0	na	1788357009.838351	1788357009.991714	286102875	286103077
2026-09-02T13:49:41Z	8dc0b5fea25671d6745a556bffb740d3866e189c	352c096f011eb282f12e6d4c12281340fac96b635a2879cc065d7637a6592872	raw	control	5.9.2	2264a8042763edf2620cfe32d96b096e1f3d26aa	5.9.2	2.55.0	1000	150	clean	94	0.417	0.417	0	0	0	na	1788357010.144945	1788357010.298390	286103267	286103491
2026-09-02T13:49:41Z	8dc0b5fea25671d6745a556bffb740d3866e189c	352c096f011eb282f12e6d4c12281340fac96b635a2879cc065d7637a6592872	raw	control	5.9.2	2264a8042763edf2620cfe32d96b096e1f3d26aa	5.9.2	2.55.0	1000	150	clean	95	0.515	0.515	0	0	0	na	1788357010.451603	1788357010.605132	286103658	286104895
2026-09-02T13:49:41Z	8dc0b5fea25671d6745a556bffb740d3866e189c	352c096f011eb282f12e6d4c12281340fac96b635a2879cc065d7637a6592872	raw	control	5.9.2	2264a8042763edf2620cfe32d96b096e1f3d26aa	5.9.2	2.55.0	1000	150	clean	96	0.425	0.425	0	0	0	na	1788357010.758477	1788357010.911875	286104998	286105203
2026-09-02T13:49:41Z	8dc0b5fea25671d6745a556bffb740d3866e189c	352c096f011eb282f12e6d4c12281340fac96b635a2879cc065d7637a6592872	raw	control	5.9.2	2264a8042763edf2620cfe32d96b096e1f3d26aa	5.9.2	2.55.0	1000	150	clean	97	0.424	0.424	0	0	0	na	1788357011.065203	1788357011.218543	286105392	286105641
2026-09-02T13:49:41Z	8dc0b5fea25671d6745a556bffb740d3866e189c	352c096f011eb282f12e6d4c12281340fac96b635a2879cc065d7637a6592872	raw	control	5.9.2	2264a8042763edf2620cfe32d96b096e1f3d26aa	5.9.2	2.55.0	1000	150	clean	98	0.436	0.436	0	0	0	na	1788357011.371548	1788357011.524674	286105826	286106050
2026-09-02T13:49:41Z	8dc0b5fea25671d6745a556bffb740d3866e189c	352c096f011eb282f12e6d4c12281340fac96b635a2879cc065d7637a6592872	raw	control	5.9.2	2264a8042763edf2620cfe32d96b096e1f3d26aa	5.9.2	2.55.0	1000	150	clean	99	0.448	0.448	0	0	0	na	1788357011.677753	1788357011.830871	286106232	286106525
2026-09-02T13:49:41Z	8dc0b5fea25671d6745a556bffb740d3866e189c	352c096f011eb282f12e6d4c12281340fac96b635a2879cc065d7637a6592872	raw	control	5.9.2	2264a8042763edf2620cfe32d96b096e1f3d26aa	5.9.2	2.55.0	1000	150	clean	100	0.432	0.432	0	0	0	na	1788357011.984417	1788357012.137685	286106806	286107008
2026-09-02T13:49:41Z	8dc0b5fea25671d6745a556bffb740d3866e189c	352c096f011eb282f12e6d4c12281340fac96b635a2879cc065d7637a6592872	raw	control	5.9.2	2264a8042763edf2620cfe32d96b096e1f3d26aa	5.9.2	2.55.0	1000	150	dirty	1	0.370	0.370	0	0	0	na	1788357012.319067	1788357012.472095	286107204	286107439
2026-09-02T13:49:41Z	8dc0b5fea25671d6745a556bffb740d3866e189c	352c096f011eb282f12e6d4c12281340fac96b635a2879cc065d7637a6592872	raw	control	5.9.2	2264a8042763edf2620cfe32d96b096e1f3d26aa	5.9.2	2.55.0	1000	150	dirty	2	0.417	0.417	0	0	0	na	1788357012.625507	1788357012.778797	286107712	286107921
2026-09-02T13:49:41Z	8dc0b5fea25671d6745a556bffb740d3866e189c	352c096f011eb282f12e6d4c12281340fac96b635a2879cc065d7637a6592872	raw	control	5.9.2	2264a8042763edf2620cfe32d96b096e1f3d26aa	5.9.2	2.55.0	1000	150	dirty	3	0.381	0.381	0	0	0	na	1788357012.931954	1788357013.085227	286108105	286108295
2026-09-02T13:49:41Z	8dc0b5fea25671d6745a556bffb740d3866e189c	352c096f011eb282f12e6d4c12281340fac96b635a2879cc065d7637a6592872	raw	control	5.9.2	2264a8042763edf2620cfe32d96b096e1f3d26aa	5.9.2	2.55.0	1000	150	dirty	4	0.364	0.364	0	0	0	na	1788357013.238420	1788357013.391522	286108449	286108685
2026-09-02T13:49:41Z	8dc0b5fea25671d6745a556bffb740d3866e189c	352c096f011eb282f12e6d4c12281340fac96b635a2879cc065d7637a6592872	raw	control	5.9.2	2264a8042763edf2620cfe32d96b096e1f3d26aa	5.9.2	2.55.0	1000	150	dirty	5	0.380	0.380	0	0	0	na	1788357013.544661	1788357013.697933	286108913	286109159
2026-09-02T13:49:41Z	8dc0b5fea25671d6745a556bffb740d3866e189c	352c096f011eb282f12e6d4c12281340fac96b635a2879cc065d7637a6592872	raw	control	5.9.2	2264a8042763edf2620cfe32d96b096e1f3d26aa	5.9.2	2.55.0	1000	150	dirty	6	0.345	0.345	0	0	0	na	1788357013.851279	1788357014.004370	286109369	286109608
2026-09-02T13:49:41Z	8dc0b5fea25671d6745a556bffb740d3866e189c	352c096f011eb282f12e6d4c12281340fac96b635a2879cc065d7637a6592872	raw	control	5.9.2	2264a8042763edf2620cfe32d96b096e1f3d26aa	5.9.2	2.55.0	1000	150	dirty	7	0.367	0.367	0	0	0	na	1788357014.157476	1788357014.310773	286109726	286109891
2026-09-02T13:49:41Z	8dc0b5fea25671d6745a556bffb740d3866e189c	352c096f011eb282f12e6d4c12281340fac96b635a2879cc065d7637a6592872	raw	control	5.9.2	2264a8042763edf2620cfe32d96b096e1f3d26aa	5.9.2	2.55.0	1000	150	dirty	8	0.332	0.332	0	0	0	na	1788357014.464104	1788357014.617220	286110070	286110264
2026-09-02T13:49:41Z	8dc0b5fea25671d6745a556bffb740d3866e189c	352c096f011eb282f12e6d4c12281340fac96b635a2879cc065d7637a6592872	raw	control	5.9.2	2264a8042763edf2620cfe32d96b096e1f3d26aa	5.9.2	2.55.0	1000	150	dirty	9	0.347	0.347	0	0	0	na	1788357014.770475	1788357014.923719	286110417	286110631
2026-09-02T13:49:41Z	8dc0b5fea25671d6745a556bffb740d3866e189c	352c096f011eb282f12e6d4c12281340fac96b635a2879cc065d7637a6592872	raw	control	5.9.2	2264a8042763edf2620cfe32d96b096e1f3d26aa	5.9.2	2.55.0	1000	150	dirty	10	0.379	0.379	0	0	0	na	1788357015.076951	1788357015.230439	286110812	286111023
2026-09-02T13:49:41Z	8dc0b5fea25671d6745a556bffb740d3866e189c	352c096f011eb282f12e6d4c12281340fac96b635a2879cc065d7637a6592872	raw	control	5.9.2	2264a8042763edf2620cfe32d96b096e1f3d26aa	5.9.2	2.55.0	1000	150	dirty	11	0.394	0.394	0	0	0	na	1788357015.383470	1788357015.536571	286111175	286111373
2026-09-02T13:49:41Z	8dc0b5fea25671d6745a556bffb740d3866e189c	352c096f011eb282f12e6d4c12281340fac96b635a2879cc065d7637a6592872	raw	control	5.9.2	2264a8042763edf2620cfe32d96b096e1f3d26aa	5.9.2	2.55.0	1000	150	dirty	12	0.352	0.352	0	0	0	na	1788357015.689823	1788357015.843113	286111570	286111794
2026-09-02T13:49:41Z	8dc0b5fea25671d6745a556bffb740d3866e189c	352c096f011eb282f12e6d4c12281340fac96b635a2879cc065d7637a6592872	raw	control	5.9.2	2264a8042763edf2620cfe32d96b096e1f3d26aa	5.9.2	2.55.0	1000	150	dirty	13	0.361	0.361	0	0	0	na	1788357015.996400	1788357016.149660	286111997	286112222
2026-09-02T13:49:41Z	8dc0b5fea25671d6745a556bffb740d3866e189c	352c096f011eb282f12e6d4c12281340fac96b635a2879cc065d7637a6592872	raw	control	5.9.2	2264a8042763edf2620cfe32d96b096e1f3d26aa	5.9.2	2.55.0	1000	150	dirty	14	0.342	0.342	0	0	0	na	1788357016.303024	1788357016.456386	286112474	286112656
2026-09-02T13:49:41Z	8dc0b5fea25671d6745a556bffb740d3866e189c	352c096f011eb282f12e6d4c12281340fac96b635a2879cc065d7637a6592872	raw	control	5.9.2	2264a8042763edf2620cfe32d96b096e1f3d26aa	5.9.2	2.55.0	1000	150	dirty	15	0.349	0.349	0	0	0	na	1788357016.609632	1788357016.762924	286112843	286113046
2026-09-02T13:49:41Z	8dc0b5fea25671d6745a556bffb740d3866e189c	352c096f011eb282f12e6d4c12281340fac96b635a2879cc065d7637a6592872	raw	control	5.9.2	2264a8042763edf2620cfe32d96b096e1f3d26aa	5.9.2	2.55.0	1000	150	dirty	16	0.459	0.459	0	0	0	na	1788357016.916347	1788357017.069803	286113348	286113708
2026-09-02T13:49:41Z	8dc0b5fea25671d6745a556bffb740d3866e189c	352c096f011eb282f12e6d4c12281340fac96b635a2879cc065d7637a6592872	raw	control	5.9.2	2264a8042763edf2620cfe32d96b096e1f3d26aa	5.9.2	2.55.0	1000	150	dirty	17	0.350	0.350	0	0	0	na	1788357017.223171	1788357017.376363	286113942	286114174
2026-09-02T13:49:41Z	8dc0b5fea25671d6745a556bffb740d3866e189c	352c096f011eb282f12e6d4c12281340fac96b635a2879cc065d7637a6592872	raw	control	5.9.2	2264a8042763edf2620cfe32d96b096e1f3d26aa	5.9.2	2.55.0	1000	150	dirty	18	0.348	0.348	0	0	0	na	1788357017.529650	1788357017.682946	286114385	286114617
2026-09-02T13:49:41Z	8dc0b5fea25671d6745a556bffb740d3866e189c	352c096f011eb282f12e6d4c12281340fac96b635a2879cc065d7637a6592872	raw	control	5.9.2	2264a8042763edf2620cfe32d96b096e1f3d26aa	5.9.2	2.55.0	1000	150	dirty	19	0.356	0.356	0	0	0	na	1788357017.836279	1788357017.989572	286114802	286115007
2026-09-02T13:49:41Z	8dc0b5fea25671d6745a556bffb740d3866e189c	352c096f011eb282f12e6d4c12281340fac96b635a2879cc065d7637a6592872	raw	control	5.9.2	2264a8042763edf2620cfe32d96b096e1f3d26aa	5.9.2	2.55.0	1000	150	dirty	20	0.348	0.348	0	0	0	na	1788357018.142973	1788357018.296204	286115230	286115386
2026-09-02T13:49:41Z	8dc0b5fea25671d6745a556bffb740d3866e189c	352c096f011eb282f12e6d4c12281340fac96b635a2879cc065d7637a6592872	raw	control	5.9.2	2264a8042763edf2620cfe32d96b096e1f3d26aa	5.9.2	2.55.0	1000	150	dirty	21	0.340	0.340	0	0	0	na	1788357018.449540	1788357018.602712	286115535	286115690
2026-09-02T13:49:41Z	8dc0b5fea25671d6745a556bffb740d3866e189c	352c096f011eb282f12e6d4c12281340fac96b635a2879cc065d7637a6592872	raw	control	5.9.2	2264a8042763edf2620cfe32d96b096e1f3d26aa	5.9.2	2.55.0	1000	150	dirty	22	0.406	0.406	0	0	0	na	1788357018.756046	1788357018.909529	286115878	286116159
2026-09-02T13:49:41Z	8dc0b5fea25671d6745a556bffb740d3866e189c	352c096f011eb282f12e6d4c12281340fac96b635a2879cc065d7637a6592872	raw	control	5.9.2	2264a8042763edf2620cfe32d96b096e1f3d26aa	5.9.2	2.55.0	1000	150	dirty	23	0.376	0.376	0	0	0	na	1788357019.062898	1788357019.216338	286116397	286116650
2026-09-02T13:49:41Z	8dc0b5fea25671d6745a556bffb740d3866e189c	352c096f011eb282f12e6d4c12281340fac96b635a2879cc065d7637a6592872	raw	control	5.9.2	2264a8042763edf2620cfe32d96b096e1f3d26aa	5.9.2	2.55.0	1000	150	dirty	24	0.449	0.449	0	0	0	na	1788357019.369792	1788357019.523257	286117041	286117210
2026-09-02T13:49:41Z	8dc0b5fea25671d6745a556bffb740d3866e189c	352c096f011eb282f12e6d4c12281340fac96b635a2879cc065d7637a6592872	raw	control	5.9.2	2264a8042763edf2620cfe32d96b096e1f3d26aa	5.9.2	2.55.0	1000	150	dirty	25	0.351	0.351	0	0	0	na	1788357019.676745	1788357019.830084	286117373	286117755
2026-09-02T13:49:41Z	8dc0b5fea25671d6745a556bffb740d3866e189c	352c096f011eb282f12e6d4c12281340fac96b635a2879cc065d7637a6592872	raw	control	5.9.2	2264a8042763edf2620cfe32d96b096e1f3d26aa	5.9.2	2.55.0	1000	150	dirty	26	0.352	0.352	0	0	0	na	1788357019.983479	1788357020.136781	286117936	286118104
2026-09-02T13:49:41Z	8dc0b5fea25671d6745a556bffb740d3866e189c	352c096f011eb282f12e6d4c12281340fac96b635a2879cc065d7637a6592872	raw	control	5.9.2	2264a8042763edf2620cfe32d96b096e1f3d26aa	5.9.2	2.55.0	1000	150	dirty	27	0.368	0.368	0	0	0	na	1788357020.290169	1788357020.443493	286118312	286118495
2026-09-02T13:49:41Z	8dc0b5fea25671d6745a556bffb740d3866e189c	352c096f011eb282f12e6d4c12281340fac96b635a2879cc065d7637a6592872	raw	control	5.9.2	2264a8042763edf2620cfe32d96b096e1f3d26aa	5.9.2	2.55.0	1000	150	dirty	28	0.367	0.367	0	0	0	na	1788357020.596946	1788357020.750296	286118663	286118871
2026-09-02T13:49:41Z	8dc0b5fea25671d6745a556bffb740d3866e189c	352c096f011eb282f12e6d4c12281340fac96b635a2879cc065d7637a6592872	raw	control	5.9.2	2264a8042763edf2620cfe32d96b096e1f3d26aa	5.9.2	2.55.0	1000	150	dirty	29	0.403	0.403	0	0	0	na	1788357020.903737	1788357021.057190	286119148	286119353
2026-09-02T13:49:41Z	8dc0b5fea25671d6745a556bffb740d3866e189c	352c096f011eb282f12e6d4c12281340fac96b635a2879cc065d7637a6592872	raw	control	5.9.2	2264a8042763edf2620cfe32d96b096e1f3d26aa	5.9.2	2.55.0	1000	150	dirty	30	0.394	0.394	0	0	0	na	1788357021.210478	1788357021.363820	286119555	286119725
2026-09-02T13:49:41Z	8dc0b5fea25671d6745a556bffb740d3866e189c	352c096f011eb282f12e6d4c12281340fac96b635a2879cc065d7637a6592872	raw	control	5.9.2	2264a8042763edf2620cfe32d96b096e1f3d26aa	5.9.2	2.55.0	1000	150	dirty	31	0.366	0.366	0	0	0	na	1788357021.517322	1788357021.670688	286119881	286120064
2026-09-02T13:49:41Z	8dc0b5fea25671d6745a556bffb740d3866e189c	352c096f011eb282f12e6d4c12281340fac96b635a2879cc065d7637a6592872	raw	control	5.9.2	2264a8042763edf2620cfe32d96b096e1f3d26aa	5.9.2	2.55.0	1000	150	dirty	32	0.432	0.432	0	0	0	na	1788357021.824097	1788357021.977571	286120253	286120422
2026-09-02T13:49:41Z	8dc0b5fea25671d6745a556bffb740d3866e189c	352c096f011eb282f12e6d4c12281340fac96b635a2879cc065d7637a6592872	raw	control	5.9.2	2264a8042763edf2620cfe32d96b096e1f3d26aa	5.9.2	2.55.0	1000	150	dirty	33	0.355	0.355	0	0	0	na	1788357022.130876	1788357022.284245	286120566	286120782
2026-09-02T13:49:41Z	8dc0b5fea25671d6745a556bffb740d3866e189c	352c096f011eb282f12e6d4c12281340fac96b635a2879cc065d7637a6592872	raw	control	5.9.2	2264a8042763edf2620cfe32d96b096e1f3d26aa	5.9.2	2.55.0	1000	150	dirty	34	0.375	0.375	0	0	0	na	1788357022.437631	1788357022.590913	286120977	286121190
2026-09-02T13:49:41Z	8dc0b5fea25671d6745a556bffb740d3866e189c	352c096f011eb282f12e6d4c12281340fac96b635a2879cc065d7637a6592872	raw	control	5.9.2	2264a8042763edf2620cfe32d96b096e1f3d26aa	5.9.2	2.55.0	1000	150	dirty	35	0.349	0.349	0	0	0	na	1788357022.744240	1788357022.897603	286121416	286121627
2026-09-02T13:49:41Z	8dc0b5fea25671d6745a556bffb740d3866e189c	352c096f011eb282f12e6d4c12281340fac96b635a2879cc065d7637a6592872	raw	control	5.9.2	2264a8042763edf2620cfe32d96b096e1f3d26aa	5.9.2	2.55.0	1000	150	dirty	36	0.367	0.367	0	0	0	na	1788357023.051009	1788357023.204486	286121851	286122134
2026-09-02T13:49:41Z	8dc0b5fea25671d6745a556bffb740d3866e189c	352c096f011eb282f12e6d4c12281340fac96b635a2879cc065d7637a6592872	raw	control	5.9.2	2264a8042763edf2620cfe32d96b096e1f3d26aa	5.9.2	2.55.0	1000	150	dirty	37	0.357	0.357	0	0	0	na	1788357023.357797	1788357023.511153	286122406	286122674
2026-09-02T13:49:41Z	8dc0b5fea25671d6745a556bffb740d3866e189c	352c096f011eb282f12e6d4c12281340fac96b635a2879cc065d7637a6592872	raw	control	5.9.2	2264a8042763edf2620cfe32d96b096e1f3d26aa	5.9.2	2.55.0	1000	150	dirty	38	0.365	0.365	0	0	0	na	1788357023.664431	1788357023.817848	286122910	286123175
2026-09-02T13:49:41Z	8dc0b5fea25671d6745a556bffb740d3866e189c	352c096f011eb282f12e6d4c12281340fac96b635a2879cc065d7637a6592872	raw	control	5.9.2	2264a8042763edf2620cfe32d96b096e1f3d26aa	5.9.2	2.55.0	1000	150	dirty	39	0.403	0.403	0	0	0	na	1788357023.971221	1788357024.124701	286123424	286123631
2026-09-02T13:49:41Z	8dc0b5fea25671d6745a556bffb740d3866e189c	352c096f011eb282f12e6d4c12281340fac96b635a2879cc065d7637a6592872	raw	control	5.9.2	2264a8042763edf2620cfe32d96b096e1f3d26aa	5.9.2	2.55.0	1000	150	dirty	40	0.393	0.393	0	0	0	na	1788357024.278116	1788357024.431452	286123828	286124106
2026-09-02T13:49:41Z	8dc0b5fea25671d6745a556bffb740d3866e189c	352c096f011eb282f12e6d4c12281340fac96b635a2879cc065d7637a6592872	raw	control	5.9.2	2264a8042763edf2620cfe32d96b096e1f3d26aa	5.9.2	2.55.0	1000	150	dirty	41	0.397	0.397	0	0	0	na	1788357024.584683	1788357024.738276	286124360	286124746
2026-09-02T13:49:41Z	8dc0b5fea25671d6745a556bffb740d3866e189c	352c096f011eb282f12e6d4c12281340fac96b635a2879cc065d7637a6592872	raw	control	5.9.2	2264a8042763edf2620cfe32d96b096e1f3d26aa	5.9.2	2.55.0	1000	150	dirty	42	0.381	0.381	0	0	0	na	1788357024.891490	1788357025.044853	286124977	286125163
2026-09-02T13:49:41Z	8dc0b5fea25671d6745a556bffb740d3866e189c	352c096f011eb282f12e6d4c12281340fac96b635a2879cc065d7637a6592872	raw	control	5.9.2	2264a8042763edf2620cfe32d96b096e1f3d26aa	5.9.2	2.55.0	1000	150	dirty	43	0.390	0.390	0	0	0	na	1788357025.198210	1788357025.351514	286125369	286125579
2026-09-02T13:49:41Z	8dc0b5fea25671d6745a556bffb740d3866e189c	352c096f011eb282f12e6d4c12281340fac96b635a2879cc065d7637a6592872	raw	control	5.9.2	2264a8042763edf2620cfe32d96b096e1f3d26aa	5.9.2	2.55.0	1000	150	dirty	44	0.392	0.392	0	0	0	na	1788357025.505332	1788357025.659223	286125810	286125982
2026-09-02T13:49:41Z	8dc0b5fea25671d6745a556bffb740d3866e189c	352c096f011eb282f12e6d4c12281340fac96b635a2879cc065d7637a6592872	raw	control	5.9.2	2264a8042763edf2620cfe32d96b096e1f3d26aa	5.9.2	2.55.0	1000	150	dirty	45	0.341	0.341	0	0	0	na	1788357025.812662	1788357025.966060	286126213	286126453
2026-09-02T13:49:41Z	8dc0b5fea25671d6745a556bffb740d3866e189c	352c096f011eb282f12e6d4c12281340fac96b635a2879cc065d7637a6592872	raw	control	5.9.2	2264a8042763edf2620cfe32d96b096e1f3d26aa	5.9.2	2.55.0	1000	150	dirty	46	0.363	0.363	0	0	0	na	1788357026.119556	1788357026.272883	286126669	286126846
2026-09-02T13:49:41Z	8dc0b5fea25671d6745a556bffb740d3866e189c	352c096f011eb282f12e6d4c12281340fac96b635a2879cc065d7637a6592872	raw	control	5.9.2	2264a8042763edf2620cfe32d96b096e1f3d26aa	5.9.2	2.55.0	1000	150	dirty	47	0.398	0.398	0	0	0	na	1788357026.426205	1788357026.579628	286127041	286127218
2026-09-02T13:49:41Z	8dc0b5fea25671d6745a556bffb740d3866e189c	352c096f011eb282f12e6d4c12281340fac96b635a2879cc065d7637a6592872	raw	control	5.9.2	2264a8042763edf2620cfe32d96b096e1f3d26aa	5.9.2	2.55.0	1000	150	dirty	48	0.430	0.430	0	0	0	na	1788357026.733005	1788357026.886531	286127421	286127642
2026-09-02T13:49:41Z	8dc0b5fea25671d6745a556bffb740d3866e189c	352c096f011eb282f12e6d4c12281340fac96b635a2879cc065d7637a6592872	raw	control	5.9.2	2264a8042763edf2620cfe32d96b096e1f3d26aa	5.9.2	2.55.0	1000	150	dirty	49	0.343	0.343	0	0	0	na	1788357027.039856	1788357027.193213	286127844	286128090
2026-09-02T13:49:41Z	8dc0b5fea25671d6745a556bffb740d3866e189c	352c096f011eb282f12e6d4c12281340fac96b635a2879cc065d7637a6592872	raw	control	5.9.2	2264a8042763edf2620cfe32d96b096e1f3d26aa	5.9.2	2.55.0	1000	150	dirty	50	0.383	0.383	0	0	0	na	1788357027.346598	1788357027.500087	286128296	286128511
2026-09-02T13:49:41Z	8dc0b5fea25671d6745a556bffb740d3866e189c	352c096f011eb282f12e6d4c12281340fac96b635a2879cc065d7637a6592872	raw	control	5.9.2	2264a8042763edf2620cfe32d96b096e1f3d26aa	5.9.2	2.55.0	1000	150	dirty	51	0.366	0.366	0	0	0	na	1788357027.653505	1788357027.806890	286128726	286129041
2026-09-02T13:49:41Z	8dc0b5fea25671d6745a556bffb740d3866e189c	352c096f011eb282f12e6d4c12281340fac96b635a2879cc065d7637a6592872	raw	control	5.9.2	2264a8042763edf2620cfe32d96b096e1f3d26aa	5.9.2	2.55.0	1000	150	dirty	52	0.370	0.370	0	0	0	na	1788357027.960456	1788357028.113744	286129260	286129450
2026-09-02T13:49:41Z	8dc0b5fea25671d6745a556bffb740d3866e189c	352c096f011eb282f12e6d4c12281340fac96b635a2879cc065d7637a6592872	raw	control	5.9.2	2264a8042763edf2620cfe32d96b096e1f3d26aa	5.9.2	2.55.0	1000	150	dirty	53	0.336	0.336	0	0	0	na	1788357028.267130	1788357028.420366	286129652	286129830
2026-09-02T13:49:41Z	8dc0b5fea25671d6745a556bffb740d3866e189c	352c096f011eb282f12e6d4c12281340fac96b635a2879cc065d7637a6592872	raw	control	5.9.2	2264a8042763edf2620cfe32d96b096e1f3d26aa	5.9.2	2.55.0	1000	150	dirty	54	0.432	0.432	0	0	0	na	1788357028.573736	1788357028.727219	286130086	286130329
2026-09-02T13:49:41Z	8dc0b5fea25671d6745a556bffb740d3866e189c	352c096f011eb282f12e6d4c12281340fac96b635a2879cc065d7637a6592872	raw	control	5.9.2	2264a8042763edf2620cfe32d96b096e1f3d26aa	5.9.2	2.55.0	1000	150	dirty	55	0.382	0.382	0	0	0	na	1788357028.880676	1788357029.034050	286130628	286130872
2026-09-02T13:49:41Z	8dc0b5fea25671d6745a556bffb740d3866e189c	352c096f011eb282f12e6d4c12281340fac96b635a2879cc065d7637a6592872	raw	control	5.9.2	2264a8042763edf2620cfe32d96b096e1f3d26aa	5.9.2	2.55.0	1000	150	dirty	56	0.371	0.371	0	0	0	na	1788357029.187452	1788357029.340979	286131133	286131390
2026-09-02T13:49:41Z	8dc0b5fea25671d6745a556bffb740d3866e189c	352c096f011eb282f12e6d4c12281340fac96b635a2879cc065d7637a6592872	raw	control	5.9.2	2264a8042763edf2620cfe32d96b096e1f3d26aa	5.9.2	2.55.0	1000	150	dirty	57	0.373	0.373	0	0	0	na	1788357029.494485	1788357029.647861	286131599	286131781
2026-09-02T13:49:41Z	8dc0b5fea25671d6745a556bffb740d3866e189c	352c096f011eb282f12e6d4c12281340fac96b635a2879cc065d7637a6592872	raw	control	5.9.2	2264a8042763edf2620cfe32d96b096e1f3d26aa	5.9.2	2.55.0	1000	150	dirty	58	0.381	0.381	0	0	0	na	1788357029.801452	1788357029.954989	286132049	286132290
2026-09-02T13:49:41Z	8dc0b5fea25671d6745a556bffb740d3866e189c	352c096f011eb282f12e6d4c12281340fac96b635a2879cc065d7637a6592872	raw	control	5.9.2	2264a8042763edf2620cfe32d96b096e1f3d26aa	5.9.2	2.55.0	1000	150	dirty	59	0.400	0.400	0	0	0	na	1788357030.108304	1788357030.261722	286132539	286132748
2026-09-02T13:49:41Z	8dc0b5fea25671d6745a556bffb740d3866e189c	352c096f011eb282f12e6d4c12281340fac96b635a2879cc065d7637a6592872	raw	control	5.9.2	2264a8042763edf2620cfe32d96b096e1f3d26aa	5.9.2	2.55.0	1000	150	dirty	60	0.453	0.453	0	0	0	na	1788357030.414978	1788357030.568571	286132946	286133189
2026-09-02T13:49:41Z	8dc0b5fea25671d6745a556bffb740d3866e189c	352c096f011eb282f12e6d4c12281340fac96b635a2879cc065d7637a6592872	raw	control	5.9.2	2264a8042763edf2620cfe32d96b096e1f3d26aa	5.9.2	2.55.0	1000	150	dirty	61	0.352	0.352	0	0	0	na	1788357030.721943	1788357030.875500	286133434	286133665
2026-09-02T13:49:41Z	8dc0b5fea25671d6745a556bffb740d3866e189c	352c096f011eb282f12e6d4c12281340fac96b635a2879cc065d7637a6592872	raw	control	5.9.2	2264a8042763edf2620cfe32d96b096e1f3d26aa	5.9.2	2.55.0	1000	150	dirty	62	0.358	0.358	0	0	0	na	1788357031.028783	1788357031.182136	286133864	286134067
2026-09-02T13:49:41Z	8dc0b5fea25671d6745a556bffb740d3866e189c	352c096f011eb282f12e6d4c12281340fac96b635a2879cc065d7637a6592872	raw	control	5.9.2	2264a8042763edf2620cfe32d96b096e1f3d26aa	5.9.2	2.55.0	1000	150	dirty	63	0.354	0.354	0	0	0	na	1788357031.335624	1788357031.489109	286134337	286134580
2026-09-02T13:49:41Z	8dc0b5fea25671d6745a556bffb740d3866e189c	352c096f011eb282f12e6d4c12281340fac96b635a2879cc065d7637a6592872	raw	control	5.9.2	2264a8042763edf2620cfe32d96b096e1f3d26aa	5.9.2	2.55.0	1000	150	dirty	64	0.341	0.341	0	0	0	na	1788357031.642678	1788357031.796011	286134833	286135255
2026-09-02T13:49:41Z	8dc0b5fea25671d6745a556bffb740d3866e189c	352c096f011eb282f12e6d4c12281340fac96b635a2879cc065d7637a6592872	raw	control	5.9.2	2264a8042763edf2620cfe32d96b096e1f3d26aa	5.9.2	2.55.0	1000	150	dirty	65	0.338	0.338	0	0	0	na	1788357031.949619	1788357032.102899	286135504	286135931
2026-09-02T13:49:41Z	8dc0b5fea25671d6745a556bffb740d3866e189c	352c096f011eb282f12e6d4c12281340fac96b635a2879cc065d7637a6592872	raw	control	5.9.2	2264a8042763edf2620cfe32d96b096e1f3d26aa	5.9.2	2.55.0	1000	150	dirty	66	0.384	0.384	0	0	0	na	1788357032.256315	1788357032.409579	286136180	286136411
2026-09-02T13:49:41Z	8dc0b5fea25671d6745a556bffb740d3866e189c	352c096f011eb282f12e6d4c12281340fac96b635a2879cc065d7637a6592872	raw	control	5.9.2	2264a8042763edf2620cfe32d96b096e1f3d26aa	5.9.2	2.55.0	1000	150	dirty	67	0.370	0.370	0	0	0	na	1788357032.563002	1788357032.716551	286136659	286136871
2026-09-02T13:49:41Z	8dc0b5fea25671d6745a556bffb740d3866e189c	352c096f011eb282f12e6d4c12281340fac96b635a2879cc065d7637a6592872	raw	control	5.9.2	2264a8042763edf2620cfe32d96b096e1f3d26aa	5.9.2	2.55.0	1000	150	dirty	68	0.394	0.394	0	0	0	na	1788357032.869995	1788357033.023435	286137193	286137487
2026-09-02T13:49:41Z	8dc0b5fea25671d6745a556bffb740d3866e189c	352c096f011eb282f12e6d4c12281340fac96b635a2879cc065d7637a6592872	raw	control	5.9.2	2264a8042763edf2620cfe32d96b096e1f3d26aa	5.9.2	2.55.0	1000	150	dirty	69	0.354	0.354	0	0	0	na	1788357033.176810	1788357033.330263	286137741	286137970
2026-09-02T13:49:41Z	8dc0b5fea25671d6745a556bffb740d3866e189c	352c096f011eb282f12e6d4c12281340fac96b635a2879cc065d7637a6592872	raw	control	5.9.2	2264a8042763edf2620cfe32d96b096e1f3d26aa	5.9.2	2.55.0	1000	150	dirty	70	0.376	0.376	0	0	0	na	1788357033.483484	1788357033.636828	286138198	286138391
2026-09-02T13:49:41Z	8dc0b5fea25671d6745a556bffb740d3866e189c	352c096f011eb282f12e6d4c12281340fac96b635a2879cc065d7637a6592872	raw	control	5.9.2	2264a8042763edf2620cfe32d96b096e1f3d26aa	5.9.2	2.55.0	1000	150	dirty	71	0.341	0.341	0	0	0	na	1788357033.790070	1788357033.943327	286138696	286139023
2026-09-02T13:49:41Z	8dc0b5fea25671d6745a556bffb740d3866e189c	352c096f011eb282f12e6d4c12281340fac96b635a2879cc065d7637a6592872	raw	control	5.9.2	2264a8042763edf2620cfe32d96b096e1f3d26aa	5.9.2	2.55.0	1000	150	dirty	72	0.380	0.380	0	0	0	na	1788357034.096724	1788357034.250200	286139255	286139447
2026-09-02T13:49:41Z	8dc0b5fea25671d6745a556bffb740d3866e189c	352c096f011eb282f12e6d4c12281340fac96b635a2879cc065d7637a6592872	raw	control	5.9.2	2264a8042763edf2620cfe32d96b096e1f3d26aa	5.9.2	2.55.0	1000	150	dirty	73	0.366	0.366	0	0	0	na	1788357034.403593	1788357034.556947	286139666	286140315
2026-09-02T13:49:41Z	8dc0b5fea25671d6745a556bffb740d3866e189c	352c096f011eb282f12e6d4c12281340fac96b635a2879cc065d7637a6592872	raw	control	5.9.2	2264a8042763edf2620cfe32d96b096e1f3d26aa	5.9.2	2.55.0	1000	150	dirty	74	0.370	0.370	0	0	0	na	1788357034.710215	1788357034.863564	286140501	286140688
2026-09-02T13:49:41Z	8dc0b5fea25671d6745a556bffb740d3866e189c	352c096f011eb282f12e6d4c12281340fac96b635a2879cc065d7637a6592872	raw	control	5.9.2	2264a8042763edf2620cfe32d96b096e1f3d26aa	5.9.2	2.55.0	1000	150	dirty	75	0.374	0.374	0	0	0	na	1788357035.016807	1788357035.170308	286140920	286141138
2026-09-02T13:49:41Z	8dc0b5fea25671d6745a556bffb740d3866e189c	352c096f011eb282f12e6d4c12281340fac96b635a2879cc065d7637a6592872	raw	control	5.9.2	2264a8042763edf2620cfe32d96b096e1f3d26aa	5.9.2	2.55.0	1000	150	dirty	76	0.352	0.352	0	0	0	na	1788357035.323766	1788357035.477234	286141378	286141612
2026-09-02T13:49:41Z	8dc0b5fea25671d6745a556bffb740d3866e189c	352c096f011eb282f12e6d4c12281340fac96b635a2879cc065d7637a6592872	raw	control	5.9.2	2264a8042763edf2620cfe32d96b096e1f3d26aa	5.9.2	2.55.0	1000	150	dirty	77	0.374	0.374	0	0	0	na	1788357035.630754	1788357035.784168	286141805	286142357
2026-09-02T13:49:41Z	8dc0b5fea25671d6745a556bffb740d3866e189c	352c096f011eb282f12e6d4c12281340fac96b635a2879cc065d7637a6592872	raw	control	5.9.2	2264a8042763edf2620cfe32d96b096e1f3d26aa	5.9.2	2.55.0	1000	150	dirty	78	0.389	0.389	0	0	0	na	1788357035.937494	1788357036.090911	286142658	286142925
2026-09-02T13:49:41Z	8dc0b5fea25671d6745a556bffb740d3866e189c	352c096f011eb282f12e6d4c12281340fac96b635a2879cc065d7637a6592872	raw	control	5.9.2	2264a8042763edf2620cfe32d96b096e1f3d26aa	5.9.2	2.55.0	1000	150	dirty	79	0.394	0.394	0	0	0	na	1788357036.244136	1788357036.397797	286143203	286143493
2026-09-02T13:49:41Z	8dc0b5fea25671d6745a556bffb740d3866e189c	352c096f011eb282f12e6d4c12281340fac96b635a2879cc065d7637a6592872	raw	control	5.9.2	2264a8042763edf2620cfe32d96b096e1f3d26aa	5.9.2	2.55.0	1000	150	dirty	80	0.382	0.382	0	0	0	na	1788357036.551182	1788357036.704510	286143749	286143952
2026-09-02T13:49:41Z	8dc0b5fea25671d6745a556bffb740d3866e189c	352c096f011eb282f12e6d4c12281340fac96b635a2879cc065d7637a6592872	raw	control	5.9.2	2264a8042763edf2620cfe32d96b096e1f3d26aa	5.9.2	2.55.0	1000	150	dirty	81	0.379	0.379	0	0	0	na	1788357036.857920	1788357037.011347	286144207	286144486
2026-09-02T13:49:41Z	8dc0b5fea25671d6745a556bffb740d3866e189c	352c096f011eb282f12e6d4c12281340fac96b635a2879cc065d7637a6592872	raw	control	5.9.2	2264a8042763edf2620cfe32d96b096e1f3d26aa	5.9.2	2.55.0	1000	150	dirty	82	0.414	0.414	0	0	0	na	1788357037.164937	1788357037.318488	286144757	286145041
2026-09-02T13:49:41Z	8dc0b5fea25671d6745a556bffb740d3866e189c	352c096f011eb282f12e6d4c12281340fac96b635a2879cc065d7637a6592872	raw	control	5.9.2	2264a8042763edf2620cfe32d96b096e1f3d26aa	5.9.2	2.55.0	1000	150	dirty	83	0.357	0.357	0	0	0	na	1788357037.471928	1788357037.625401	286145272	286145500
2026-09-02T13:49:41Z	8dc0b5fea25671d6745a556bffb740d3866e189c	352c096f011eb282f12e6d4c12281340fac96b635a2879cc065d7637a6592872	raw	control	5.9.2	2264a8042763edf2620cfe32d96b096e1f3d26aa	5.9.2	2.55.0	1000	150	dirty	84	0.371	0.371	0	0	0	na	1788357037.778783	1788357037.932218	286145777	286145992
2026-09-02T13:49:41Z	8dc0b5fea25671d6745a556bffb740d3866e189c	352c096f011eb282f12e6d4c12281340fac96b635a2879cc065d7637a6592872	raw	control	5.9.2	2264a8042763edf2620cfe32d96b096e1f3d26aa	5.9.2	2.55.0	1000	150	dirty	85	0.350	0.350	0	0	0	na	1788357038.085565	1788357038.239022	286146212	286146452
2026-09-02T13:49:41Z	8dc0b5fea25671d6745a556bffb740d3866e189c	352c096f011eb282f12e6d4c12281340fac96b635a2879cc065d7637a6592872	raw	control	5.9.2	2264a8042763edf2620cfe32d96b096e1f3d26aa	5.9.2	2.55.0	1000	150	dirty	86	0.403	0.403	0	0	0	na	1788357038.392421	1788357038.545991	286146670	286146857
2026-09-02T13:49:41Z	8dc0b5fea25671d6745a556bffb740d3866e189c	352c096f011eb282f12e6d4c12281340fac96b635a2879cc065d7637a6592872	raw	control	5.9.2	2264a8042763edf2620cfe32d96b096e1f3d26aa	5.9.2	2.55.0	1000	150	dirty	87	0.355	0.355	0	0	0	na	1788357038.699387	1788357038.853067	286147054	286147266
2026-09-02T13:49:41Z	8dc0b5fea25671d6745a556bffb740d3866e189c	352c096f011eb282f12e6d4c12281340fac96b635a2879cc065d7637a6592872	raw	control	5.9.2	2264a8042763edf2620cfe32d96b096e1f3d26aa	5.9.2	2.55.0	1000	150	dirty	88	0.366	0.366	0	0	0	na	1788357039.006552	1788357039.160047	286147644	286148077
2026-09-02T13:49:41Z	8dc0b5fea25671d6745a556bffb740d3866e189c	352c096f011eb282f12e6d4c12281340fac96b635a2879cc065d7637a6592872	raw	control	5.9.2	2264a8042763edf2620cfe32d96b096e1f3d26aa	5.9.2	2.55.0	1000	150	dirty	89	0.365	0.365	0	0	0	na	1788357039.313485	1788357039.466837	286148254	286148423
2026-09-02T13:49:41Z	8dc0b5fea25671d6745a556bffb740d3866e189c	352c096f011eb282f12e6d4c12281340fac96b635a2879cc065d7637a6592872	raw	control	5.9.2	2264a8042763edf2620cfe32d96b096e1f3d26aa	5.9.2	2.55.0	1000	150	dirty	90	0.348	0.348	0	0	0	na	1788357039.620336	1788357039.773705	286148778	286149274
2026-09-02T13:49:41Z	8dc0b5fea25671d6745a556bffb740d3866e189c	352c096f011eb282f12e6d4c12281340fac96b635a2879cc065d7637a6592872	raw	control	5.9.2	2264a8042763edf2620cfe32d96b096e1f3d26aa	5.9.2	2.55.0	1000	150	dirty	91	0.422	0.422	0	0	0	na	1788357039.927557	1788357040.081290	286149470	286149854
2026-09-02T13:49:41Z	8dc0b5fea25671d6745a556bffb740d3866e189c	352c096f011eb282f12e6d4c12281340fac96b635a2879cc065d7637a6592872	raw	control	5.9.2	2264a8042763edf2620cfe32d96b096e1f3d26aa	5.9.2	2.55.0	1000	150	dirty	92	0.409	0.409	0	0	0	na	1788357040.234850	1788357040.388446	286150209	286150285
2026-09-02T13:49:41Z	8dc0b5fea25671d6745a556bffb740d3866e189c	352c096f011eb282f12e6d4c12281340fac96b635a2879cc065d7637a6592872	raw	control	5.9.2	2264a8042763edf2620cfe32d96b096e1f3d26aa	5.9.2	2.55.0	1000	150	dirty	93	0.363	0.363	0	0	0	na	1788357040.542027	1788357040.695377	286150441	286150684
2026-09-02T13:49:41Z	8dc0b5fea25671d6745a556bffb740d3866e189c	352c096f011eb282f12e6d4c12281340fac96b635a2879cc065d7637a6592872	raw	control	5.9.2	2264a8042763edf2620cfe32d96b096e1f3d26aa	5.9.2	2.55.0	1000	150	dirty	94	0.359	0.359	0	0	0	na	1788357040.848683	1788357041.002076	286150989	286151240
2026-09-02T13:49:41Z	8dc0b5fea25671d6745a556bffb740d3866e189c	352c096f011eb282f12e6d4c12281340fac96b635a2879cc065d7637a6592872	raw	control	5.9.2	2264a8042763edf2620cfe32d96b096e1f3d26aa	5.9.2	2.55.0	1000	150	dirty	95	0.342	0.342	0	0	0	na	1788357041.155426	1788357041.309011	286151470	286151822
2026-09-02T13:49:41Z	8dc0b5fea25671d6745a556bffb740d3866e189c	352c096f011eb282f12e6d4c12281340fac96b635a2879cc065d7637a6592872	raw	control	5.9.2	2264a8042763edf2620cfe32d96b096e1f3d26aa	5.9.2	2.55.0	1000	150	dirty	96	0.344	0.344	0	0	0	na	1788357041.462529	1788357041.615897	286152072	286152271
2026-09-02T13:49:41Z	8dc0b5fea25671d6745a556bffb740d3866e189c	352c096f011eb282f12e6d4c12281340fac96b635a2879cc065d7637a6592872	raw	control	5.9.2	2264a8042763edf2620cfe32d96b096e1f3d26aa	5.9.2	2.55.0	1000	150	dirty	97	0.318	0.318	0	0	0	na	1788357041.769154	1788357041.922400	286152436	286152658
2026-09-02T13:49:41Z	8dc0b5fea25671d6745a556bffb740d3866e189c	352c096f011eb282f12e6d4c12281340fac96b635a2879cc065d7637a6592872	raw	control	5.9.2	2264a8042763edf2620cfe32d96b096e1f3d26aa	5.9.2	2.55.0	1000	150	dirty	98	0.452	0.452	0	0	0	na	1788357042.075839	1788357042.229280	286152855	286153050
2026-09-02T13:49:41Z	8dc0b5fea25671d6745a556bffb740d3866e189c	352c096f011eb282f12e6d4c12281340fac96b635a2879cc065d7637a6592872	raw	control	5.9.2	2264a8042763edf2620cfe32d96b096e1f3d26aa	5.9.2	2.55.0	1000	150	dirty	99	0.352	0.352	0	0	0	na	1788357042.382622	1788357042.536039	286153234	286153410
2026-09-02T13:49:41Z	8dc0b5fea25671d6745a556bffb740d3866e189c	352c096f011eb282f12e6d4c12281340fac96b635a2879cc065d7637a6592872	raw	control	5.9.2	2264a8042763edf2620cfe32d96b096e1f3d26aa	5.9.2	2.55.0	1000	150	dirty	100	0.352	0.352	0	0	0	na	1788357042.689478	1788357042.842967	286153616	286154448
2026-09-02T13:49:41Z	8dc0b5fea25671d6745a556bffb740d3866e189c	352c096f011eb282f12e6d4c12281340fac96b635a2879cc065d7637a6592872	raw	control	5.9.2	2264a8042763edf2620cfe32d96b096e1f3d26aa	5.9.2	2.55.0	1000	150	untracked	1	0.369	0.369	0	0	0	na	1788357043.019197	1788357043.172599	286154682	286154941
2026-09-02T13:49:41Z	8dc0b5fea25671d6745a556bffb740d3866e189c	352c096f011eb282f12e6d4c12281340fac96b635a2879cc065d7637a6592872	raw	control	5.9.2	2264a8042763edf2620cfe32d96b096e1f3d26aa	5.9.2	2.55.0	1000	150	untracked	2	0.386	0.386	0	0	0	na	1788357043.327243	1788357043.480679	286155160	286155358
2026-09-02T13:49:41Z	8dc0b5fea25671d6745a556bffb740d3866e189c	352c096f011eb282f12e6d4c12281340fac96b635a2879cc065d7637a6592872	raw	control	5.9.2	2264a8042763edf2620cfe32d96b096e1f3d26aa	5.9.2	2.55.0	1000	150	untracked	3	0.397	0.397	0	0	0	na	1788357043.635860	1788357043.789270	286155640	286155817
2026-09-02T13:49:41Z	8dc0b5fea25671d6745a556bffb740d3866e189c	352c096f011eb282f12e6d4c12281340fac96b635a2879cc065d7637a6592872	raw	control	5.9.2	2264a8042763edf2620cfe32d96b096e1f3d26aa	5.9.2	2.55.0	1000	150	untracked	4	0.386	0.386	0	0	0	na	1788357043.944488	1788357044.097959	286156099	286156326
2026-09-02T13:49:41Z	8dc0b5fea25671d6745a556bffb740d3866e189c	352c096f011eb282f12e6d4c12281340fac96b635a2879cc065d7637a6592872	raw	control	5.9.2	2264a8042763edf2620cfe32d96b096e1f3d26aa	5.9.2	2.55.0	1000	150	untracked	5	0.396	0.396	0	0	0	na	1788357044.252649	1788357044.406153	286156517	286156700
2026-09-02T13:49:41Z	8dc0b5fea25671d6745a556bffb740d3866e189c	352c096f011eb282f12e6d4c12281340fac96b635a2879cc065d7637a6592872	raw	control	5.9.2	2264a8042763edf2620cfe32d96b096e1f3d26aa	5.9.2	2.55.0	1000	150	untracked	6	0.374	0.374	0	0	0	na	1788357044.560834	1788357044.714018	286156878	286157065
2026-09-02T13:49:41Z	8dc0b5fea25671d6745a556bffb740d3866e189c	352c096f011eb282f12e6d4c12281340fac96b635a2879cc065d7637a6592872	raw	control	5.9.2	2264a8042763edf2620cfe32d96b096e1f3d26aa	5.9.2	2.55.0	1000	150	untracked	7	0.444	0.444	0	0	0	na	1788357044.868745	1788357045.022105	286157272	286157452
2026-09-02T13:49:41Z	8dc0b5fea25671d6745a556bffb740d3866e189c	352c096f011eb282f12e6d4c12281340fac96b635a2879cc065d7637a6592872	raw	control	5.9.2	2264a8042763edf2620cfe32d96b096e1f3d26aa	5.9.2	2.55.0	1000	150	untracked	8	0.403	0.403	0	0	0	na	1788357045.176822	1788357045.330238	286157696	286157928
2026-09-02T13:49:41Z	8dc0b5fea25671d6745a556bffb740d3866e189c	352c096f011eb282f12e6d4c12281340fac96b635a2879cc065d7637a6592872	raw	control	5.9.2	2264a8042763edf2620cfe32d96b096e1f3d26aa	5.9.2	2.55.0	1000	150	untracked	9	0.448	0.448	0	0	0	na	1788357045.484620	1788357045.638070	286158144	286158366
2026-09-02T13:49:41Z	8dc0b5fea25671d6745a556bffb740d3866e189c	352c096f011eb282f12e6d4c12281340fac96b635a2879cc065d7637a6592872	raw	control	5.9.2	2264a8042763edf2620cfe32d96b096e1f3d26aa	5.9.2	2.55.0	1000	150	untracked	10	0.436	0.436	0	0	0	na	1788357045.792760	1788357045.946320	286158587	286158819
2026-09-02T13:49:41Z	8dc0b5fea25671d6745a556bffb740d3866e189c	352c096f011eb282f12e6d4c12281340fac96b635a2879cc065d7637a6592872	raw	control	5.9.2	2264a8042763edf2620cfe32d96b096e1f3d26aa	5.9.2	2.55.0	1000	150	untracked	11	0.458	0.458	0	0	0	na	1788357046.101015	1788357046.254570	286159025	286159227
2026-09-02T13:49:41Z	8dc0b5fea25671d6745a556bffb740d3866e189c	352c096f011eb282f12e6d4c12281340fac96b635a2879cc065d7637a6592872	raw	control	5.9.2	2264a8042763edf2620cfe32d96b096e1f3d26aa	5.9.2	2.55.0	1000	150	untracked	12	0.371	0.371	0	0	0	na	1788357046.409302	1788357046.562670	286159507	286159831
2026-09-02T13:49:41Z	8dc0b5fea25671d6745a556bffb740d3866e189c	352c096f011eb282f12e6d4c12281340fac96b635a2879cc065d7637a6592872	raw	control	5.9.2	2264a8042763edf2620cfe32d96b096e1f3d26aa	5.9.2	2.55.0	1000	150	untracked	13	0.423	0.423	0	0	0	na	1788357046.717423	1788357046.870664	286160071	286160298
2026-09-02T13:49:41Z	8dc0b5fea25671d6745a556bffb740d3866e189c	352c096f011eb282f12e6d4c12281340fac96b635a2879cc065d7637a6592872	raw	control	5.9.2	2264a8042763edf2620cfe32d96b096e1f3d26aa	5.9.2	2.55.0	1000	150	untracked	14	0.435	0.435	0	0	0	na	1788357047.025327	1788357047.178836	286160573	286160857
2026-09-02T13:49:41Z	8dc0b5fea25671d6745a556bffb740d3866e189c	352c096f011eb282f12e6d4c12281340fac96b635a2879cc065d7637a6592872	raw	control	5.9.2	2264a8042763edf2620cfe32d96b096e1f3d26aa	5.9.2	2.55.0	1000	150	untracked	15	0.410	0.410	0	0	0	na	1788357047.333700	1788357047.487097	286161102	286161286
2026-09-02T13:49:41Z	8dc0b5fea25671d6745a556bffb740d3866e189c	352c096f011eb282f12e6d4c12281340fac96b635a2879cc065d7637a6592872	raw	control	5.9.2	2264a8042763edf2620cfe32d96b096e1f3d26aa	5.9.2	2.55.0	1000	150	untracked	16	0.381	0.381	0	0	0	na	1788357047.641483	1788357047.794667	286161448	286161621
2026-09-02T13:49:41Z	8dc0b5fea25671d6745a556bffb740d3866e189c	352c096f011eb282f12e6d4c12281340fac96b635a2879cc065d7637a6592872	raw	control	5.9.2	2264a8042763edf2620cfe32d96b096e1f3d26aa	5.9.2	2.55.0	1000	150	untracked	17	0.469	0.469	0	0	0	na	1788357047.949446	1788357048.102925	286161792	286161982
2026-09-02T13:49:41Z	8dc0b5fea25671d6745a556bffb740d3866e189c	352c096f011eb282f12e6d4c12281340fac96b635a2879cc065d7637a6592872	raw	control	5.9.2	2264a8042763edf2620cfe32d96b096e1f3d26aa	5.9.2	2.55.0	1000	150	untracked	18	0.425	0.425	0	0	0	na	1788357048.257489	1788357048.410838	286162189	286162385
2026-09-02T13:49:41Z	8dc0b5fea25671d6745a556bffb740d3866e189c	352c096f011eb282f12e6d4c12281340fac96b635a2879cc065d7637a6592872	raw	control	5.9.2	2264a8042763edf2620cfe32d96b096e1f3d26aa	5.9.2	2.55.0	1000	150	untracked	19	0.360	0.360	0	0	0	na	1788357048.565541	1788357048.718966	286162550	286162742
2026-09-02T13:49:41Z	8dc0b5fea25671d6745a556bffb740d3866e189c	352c096f011eb282f12e6d4c12281340fac96b635a2879cc065d7637a6592872	raw	control	5.9.2	2264a8042763edf2620cfe32d96b096e1f3d26aa	5.9.2	2.55.0	1000	150	untracked	20	0.422	0.422	0	0	0	na	1788357048.873686	1788357049.027079	286162949	286163148
2026-09-02T13:49:41Z	8dc0b5fea25671d6745a556bffb740d3866e189c	352c096f011eb282f12e6d4c12281340fac96b635a2879cc065d7637a6592872	raw	control	5.9.2	2264a8042763edf2620cfe32d96b096e1f3d26aa	5.9.2	2.55.0	1000	150	untracked	21	0.396	0.396	0	0	0	na	1788357049.181790	1788357049.335113	286163394	286163579
2026-09-02T13:49:41Z	8dc0b5fea25671d6745a556bffb740d3866e189c	352c096f011eb282f12e6d4c12281340fac96b635a2879cc065d7637a6592872	raw	control	5.9.2	2264a8042763edf2620cfe32d96b096e1f3d26aa	5.9.2	2.55.0	1000	150	untracked	22	0.404	0.404	0	0	0	na	1788357049.489710	1788357049.643046	286163743	286164002
2026-09-02T13:49:41Z	8dc0b5fea25671d6745a556bffb740d3866e189c	352c096f011eb282f12e6d4c12281340fac96b635a2879cc065d7637a6592872	raw	control	5.9.2	2264a8042763edf2620cfe32d96b096e1f3d26aa	5.9.2	2.55.0	1000	150	untracked	23	0.497	0.497	0	0	0	na	1788357049.797857	1788357049.951404	286164257	286164697
2026-09-02T13:49:41Z	8dc0b5fea25671d6745a556bffb740d3866e189c	352c096f011eb282f12e6d4c12281340fac96b635a2879cc065d7637a6592872	raw	control	5.9.2	2264a8042763edf2620cfe32d96b096e1f3d26aa	5.9.2	2.55.0	1000	150	untracked	24	0.401	0.401	0	0	0	na	1788357050.106220	1788357050.259650	286165039	286165275
2026-09-02T13:49:41Z	8dc0b5fea25671d6745a556bffb740d3866e189c	352c096f011eb282f12e6d4c12281340fac96b635a2879cc065d7637a6592872	raw	control	5.9.2	2264a8042763edf2620cfe32d96b096e1f3d26aa	5.9.2	2.55.0	1000	150	untracked	25	0.399	0.399	0	0	0	na	1788357050.414105	1788357050.567465	286165495	286165711
2026-09-02T13:49:41Z	8dc0b5fea25671d6745a556bffb740d3866e189c	352c096f011eb282f12e6d4c12281340fac96b635a2879cc065d7637a6592872	raw	control	5.9.2	2264a8042763edf2620cfe32d96b096e1f3d26aa	5.9.2	2.55.0	1000	150	untracked	26	0.392	0.392	0	0	0	na	1788357050.722211	1788357050.875650	286165884	286166133
2026-09-02T13:49:41Z	8dc0b5fea25671d6745a556bffb740d3866e189c	352c096f011eb282f12e6d4c12281340fac96b635a2879cc065d7637a6592872	raw	control	5.9.2	2264a8042763edf2620cfe32d96b096e1f3d26aa	5.9.2	2.55.0	1000	150	untracked	27	0.381	0.381	0	0	0	na	1788357051.030179	1788357051.183555	286166383	286166605
2026-09-02T13:49:41Z	8dc0b5fea25671d6745a556bffb740d3866e189c	352c096f011eb282f12e6d4c12281340fac96b635a2879cc065d7637a6592872	raw	control	5.9.2	2264a8042763edf2620cfe32d96b096e1f3d26aa	5.9.2	2.55.0	1000	150	untracked	28	0.393	0.393	0	0	0	na	1788357051.338245	1788357051.491583	286166806	286167046
2026-09-02T13:49:41Z	8dc0b5fea25671d6745a556bffb740d3866e189c	352c096f011eb282f12e6d4c12281340fac96b635a2879cc065d7637a6592872	raw	control	5.9.2	2264a8042763edf2620cfe32d96b096e1f3d26aa	5.9.2	2.55.0	1000	150	untracked	29	0.380	0.380	0	0	0	na	1788357051.646237	1788357051.799526	286167265	286167489
2026-09-02T13:49:41Z	8dc0b5fea25671d6745a556bffb740d3866e189c	352c096f011eb282f12e6d4c12281340fac96b635a2879cc065d7637a6592872	raw	control	5.9.2	2264a8042763edf2620cfe32d96b096e1f3d26aa	5.9.2	2.55.0	1000	150	untracked	30	0.403	0.403	0	0	0	na	1788357051.954295	1788357052.107638	286167682	286167854
2026-09-02T13:49:41Z	8dc0b5fea25671d6745a556bffb740d3866e189c	352c096f011eb282f12e6d4c12281340fac96b635a2879cc065d7637a6592872	raw	control	5.9.2	2264a8042763edf2620cfe32d96b096e1f3d26aa	5.9.2	2.55.0	1000	150	untracked	31	0.390	0.390	0	0	0	na	1788357052.261915	1788357052.415259	286168097	286168306
2026-09-02T13:49:41Z	8dc0b5fea25671d6745a556bffb740d3866e189c	352c096f011eb282f12e6d4c12281340fac96b635a2879cc065d7637a6592872	raw	control	5.9.2	2264a8042763edf2620cfe32d96b096e1f3d26aa	5.9.2	2.55.0	1000	150	untracked	32	0.393	0.393	0	0	0	na	1788357052.570038	1788357052.723481	286168474	286168658
2026-09-02T13:49:41Z	8dc0b5fea25671d6745a556bffb740d3866e189c	352c096f011eb282f12e6d4c12281340fac96b635a2879cc065d7637a6592872	raw	control	5.9.2	2264a8042763edf2620cfe32d96b096e1f3d26aa	5.9.2	2.55.0	1000	150	untracked	33	0.393	0.393	0	0	0	na	1788357052.878193	1788357053.031538	286168929	286169113
2026-09-02T13:49:41Z	8dc0b5fea25671d6745a556bffb740d3866e189c	352c096f011eb282f12e6d4c12281340fac96b635a2879cc065d7637a6592872	raw	control	5.9.2	2264a8042763edf2620cfe32d96b096e1f3d26aa	5.9.2	2.55.0	1000	150	untracked	34	0.421	0.421	0	0	0	na	1788357053.186331	1788357053.339717	286169354	286169623
2026-09-02T13:49:41Z	8dc0b5fea25671d6745a556bffb740d3866e189c	352c096f011eb282f12e6d4c12281340fac96b635a2879cc065d7637a6592872	raw	control	5.9.2	2264a8042763edf2620cfe32d96b096e1f3d26aa	5.9.2	2.55.0	1000	150	untracked	35	0.388	0.388	0	0	0	na	1788357053.494601	1788357053.647998	286169866	286170141
2026-09-02T13:49:41Z	8dc0b5fea25671d6745a556bffb740d3866e189c	352c096f011eb282f12e6d4c12281340fac96b635a2879cc065d7637a6592872	raw	control	5.9.2	2264a8042763edf2620cfe32d96b096e1f3d26aa	5.9.2	2.55.0	1000	150	untracked	36	0.350	0.350	0	0	0	na	1788357053.802345	1788357053.955518	286170387	286170803
2026-09-02T13:49:41Z	8dc0b5fea25671d6745a556bffb740d3866e189c	352c096f011eb282f12e6d4c12281340fac96b635a2879cc065d7637a6592872	raw	control	5.9.2	2264a8042763edf2620cfe32d96b096e1f3d26aa	5.9.2	2.55.0	1000	150	untracked	37	0.387	0.387	0	0	0	na	1788357054.110097	1788357054.263368	286171010	286171272
2026-09-02T13:49:41Z	8dc0b5fea25671d6745a556bffb740d3866e189c	352c096f011eb282f12e6d4c12281340fac96b635a2879cc065d7637a6592872	raw	control	5.9.2	2264a8042763edf2620cfe32d96b096e1f3d26aa	5.9.2	2.55.0	1000	150	untracked	38	0.449	0.449	0	0	0	na	1788357054.418006	1788357054.571384	286171487	286171681
2026-09-02T13:49:41Z	8dc0b5fea25671d6745a556bffb740d3866e189c	352c096f011eb282f12e6d4c12281340fac96b635a2879cc065d7637a6592872	raw	control	5.9.2	2264a8042763edf2620cfe32d96b096e1f3d26aa	5.9.2	2.55.0	1000	150	untracked	39	0.437	0.437	0	0	0	na	1788357054.726060	1788357054.879467	286171874	286172174
2026-09-02T13:49:41Z	8dc0b5fea25671d6745a556bffb740d3866e189c	352c096f011eb282f12e6d4c12281340fac96b635a2879cc065d7637a6592872	raw	control	5.9.2	2264a8042763edf2620cfe32d96b096e1f3d26aa	5.9.2	2.55.0	1000	150	untracked	40	0.370	0.370	0	0	0	na	1788357055.034129	1788357055.187354	286172374	286172602
2026-09-02T13:49:41Z	8dc0b5fea25671d6745a556bffb740d3866e189c	352c096f011eb282f12e6d4c12281340fac96b635a2879cc065d7637a6592872	raw	control	5.9.2	2264a8042763edf2620cfe32d96b096e1f3d26aa	5.9.2	2.55.0	1000	150	untracked	41	0.396	0.396	0	0	0	na	1788357055.341817	1788357055.495136	286172853	286173054
2026-09-02T13:49:41Z	8dc0b5fea25671d6745a556bffb740d3866e189c	352c096f011eb282f12e6d4c12281340fac96b635a2879cc065d7637a6592872	raw	control	5.9.2	2264a8042763edf2620cfe32d96b096e1f3d26aa	5.9.2	2.55.0	1000	150	untracked	42	0.432	0.432	0	0	0	na	1788357055.649660	1788357055.803051	286173247	286173422
2026-09-02T13:49:41Z	8dc0b5fea25671d6745a556bffb740d3866e189c	352c096f011eb282f12e6d4c12281340fac96b635a2879cc065d7637a6592872	raw	control	5.9.2	2264a8042763edf2620cfe32d96b096e1f3d26aa	5.9.2	2.55.0	1000	150	untracked	43	0.398	0.398	0	0	0	na	1788357055.958029	1788357056.111382	286173622	286173835
2026-09-02T13:49:41Z	8dc0b5fea25671d6745a556bffb740d3866e189c	352c096f011eb282f12e6d4c12281340fac96b635a2879cc065d7637a6592872	raw	control	5.9.2	2264a8042763edf2620cfe32d96b096e1f3d26aa	5.9.2	2.55.0	1000	150	untracked	44	0.383	0.383	0	0	0	na	1788357056.266025	1788357056.419454	286174016	286174226
2026-09-02T13:49:41Z	8dc0b5fea25671d6745a556bffb740d3866e189c	352c096f011eb282f12e6d4c12281340fac96b635a2879cc065d7637a6592872	raw	control	5.9.2	2264a8042763edf2620cfe32d96b096e1f3d26aa	5.9.2	2.55.0	1000	150	untracked	45	0.380	0.380	0	0	0	na	1788357056.574058	1788357056.727459	286174419	286174627
2026-09-02T13:49:41Z	8dc0b5fea25671d6745a556bffb740d3866e189c	352c096f011eb282f12e6d4c12281340fac96b635a2879cc065d7637a6592872	raw	control	5.9.2	2264a8042763edf2620cfe32d96b096e1f3d26aa	5.9.2	2.55.0	1000	150	untracked	46	0.435	0.435	0	0	0	na	1788357056.882130	1788357057.035856	286174845	286175097
2026-09-02T13:49:41Z	8dc0b5fea25671d6745a556bffb740d3866e189c	352c096f011eb282f12e6d4c12281340fac96b635a2879cc065d7637a6592872	raw	control	5.9.2	2264a8042763edf2620cfe32d96b096e1f3d26aa	5.9.2	2.55.0	1000	150	untracked	47	0.482	0.482	0	0	0	na	1788357057.190652	1788357057.344260	286175306	286175469
2026-09-02T13:49:41Z	8dc0b5fea25671d6745a556bffb740d3866e189c	352c096f011eb282f12e6d4c12281340fac96b635a2879cc065d7637a6592872	raw	control	5.9.2	2264a8042763edf2620cfe32d96b096e1f3d26aa	5.9.2	2.55.0	1000	150	untracked	48	0.453	0.453	0	0	0	na	1788357057.499083	1788357057.652570	286175617	286175779
2026-09-02T13:49:41Z	8dc0b5fea25671d6745a556bffb740d3866e189c	352c096f011eb282f12e6d4c12281340fac96b635a2879cc065d7637a6592872	raw	control	5.9.2	2264a8042763edf2620cfe32d96b096e1f3d26aa	5.9.2	2.55.0	1000	150	untracked	49	0.382	0.382	0	0	0	na	1788357057.807274	1788357057.960479	286176108	286176282
2026-09-02T13:49:41Z	8dc0b5fea25671d6745a556bffb740d3866e189c	352c096f011eb282f12e6d4c12281340fac96b635a2879cc065d7637a6592872	raw	control	5.9.2	2264a8042763edf2620cfe32d96b096e1f3d26aa	5.9.2	2.55.0	1000	150	untracked	50	0.472	0.472	0	0	0	na	1788357058.114974	1788357058.268598	286176477	286176705
2026-09-02T13:49:41Z	8dc0b5fea25671d6745a556bffb740d3866e189c	352c096f011eb282f12e6d4c12281340fac96b635a2879cc065d7637a6592872	raw	control	5.9.2	2264a8042763edf2620cfe32d96b096e1f3d26aa	5.9.2	2.55.0	1000	150	untracked	51	0.361	0.361	0	0	0	na	1788357058.423131	1788357058.576472	286176901	286177079
2026-09-02T13:49:41Z	8dc0b5fea25671d6745a556bffb740d3866e189c	352c096f011eb282f12e6d4c12281340fac96b635a2879cc065d7637a6592872	raw	control	5.9.2	2264a8042763edf2620cfe32d96b096e1f3d26aa	5.9.2	2.55.0	1000	150	untracked	52	0.376	0.376	0	0	0	na	1788357058.731283	1788357058.884840	286177311	286177531
2026-09-02T13:49:41Z	8dc0b5fea25671d6745a556bffb740d3866e189c	352c096f011eb282f12e6d4c12281340fac96b635a2879cc065d7637a6592872	raw	control	5.9.2	2264a8042763edf2620cfe32d96b096e1f3d26aa	5.9.2	2.55.0	1000	150	untracked	53	0.347	0.347	0	0	0	na	1788357059.039383	1788357059.192811	286177773	286177980
2026-09-02T13:49:41Z	8dc0b5fea25671d6745a556bffb740d3866e189c	352c096f011eb282f12e6d4c12281340fac96b635a2879cc065d7637a6592872	raw	control	5.9.2	2264a8042763edf2620cfe32d96b096e1f3d26aa	5.9.2	2.55.0	1000	150	untracked	54	0.366	0.366	0	0	0	na	1788357059.347430	1788357059.500840	286178213	286178407
2026-09-02T13:49:41Z	8dc0b5fea25671d6745a556bffb740d3866e189c	352c096f011eb282f12e6d4c12281340fac96b635a2879cc065d7637a6592872	raw	control	5.9.2	2264a8042763edf2620cfe32d96b096e1f3d26aa	5.9.2	2.55.0	1000	150	untracked	55	0.356	0.356	0	0	0	na	1788357059.655309	1788357059.808621	286178595	286178866
2026-09-02T13:49:41Z	8dc0b5fea25671d6745a556bffb740d3866e189c	352c096f011eb282f12e6d4c12281340fac96b635a2879cc065d7637a6592872	raw	control	5.9.2	2264a8042763edf2620cfe32d96b096e1f3d26aa	5.9.2	2.55.0	1000	150	untracked	56	0.427	0.427	0	0	0	na	1788357059.963181	1788357060.116733	286179170	286179374
2026-09-02T13:49:41Z	8dc0b5fea25671d6745a556bffb740d3866e189c	352c096f011eb282f12e6d4c12281340fac96b635a2879cc065d7637a6592872	raw	control	5.9.2	2264a8042763edf2620cfe32d96b096e1f3d26aa	5.9.2	2.55.0	1000	150	untracked	57	0.423	0.423	0	0	0	na	1788357060.271469	1788357060.424771	286179602	286180001
2026-09-02T13:49:41Z	8dc0b5fea25671d6745a556bffb740d3866e189c	352c096f011eb282f12e6d4c12281340fac96b635a2879cc065d7637a6592872	raw	control	5.9.2	2264a8042763edf2620cfe32d96b096e1f3d26aa	5.9.2	2.55.0	1000	150	untracked	58	0.398	0.398	0	0	0	na	1788357060.579730	1788357060.733123	286180348	286180603
2026-09-02T13:49:41Z	8dc0b5fea25671d6745a556bffb740d3866e189c	352c096f011eb282f12e6d4c12281340fac96b635a2879cc065d7637a6592872	raw	control	5.9.2	2264a8042763edf2620cfe32d96b096e1f3d26aa	5.9.2	2.55.0	1000	150	untracked	59	0.376	0.376	0	0	0	na	1788357060.888045	1788357061.041548	286180817	286181041
2026-09-02T13:49:41Z	8dc0b5fea25671d6745a556bffb740d3866e189c	352c096f011eb282f12e6d4c12281340fac96b635a2879cc065d7637a6592872	raw	control	5.9.2	2264a8042763edf2620cfe32d96b096e1f3d26aa	5.9.2	2.55.0	1000	150	untracked	60	0.385	0.385	0	0	0	na	1788357061.196470	1788357061.349879	286181293	286181553
2026-09-02T13:49:41Z	8dc0b5fea25671d6745a556bffb740d3866e189c	352c096f011eb282f12e6d4c12281340fac96b635a2879cc065d7637a6592872	raw	control	5.9.2	2264a8042763edf2620cfe32d96b096e1f3d26aa	5.9.2	2.55.0	1000	150	untracked	61	0.372	0.372	0	0	0	na	1788357061.504597	1788357061.658024	286181841	286182098
2026-09-02T13:49:41Z	8dc0b5fea25671d6745a556bffb740d3866e189c	352c096f011eb282f12e6d4c12281340fac96b635a2879cc065d7637a6592872	raw	control	5.9.2	2264a8042763edf2620cfe32d96b096e1f3d26aa	5.9.2	2.55.0	1000	150	untracked	62	0.402	0.402	0	0	0	na	1788357061.812751	1788357061.966193	286182384	286182590
2026-09-02T13:49:41Z	8dc0b5fea25671d6745a556bffb740d3866e189c	352c096f011eb282f12e6d4c12281340fac96b635a2879cc065d7637a6592872	raw	control	5.9.2	2264a8042763edf2620cfe32d96b096e1f3d26aa	5.9.2	2.55.0	1000	150	untracked	63	0.387	0.387	0	0	0	na	1788357062.120986	1788357062.274445	286182821	286183067
2026-09-02T13:49:41Z	8dc0b5fea25671d6745a556bffb740d3866e189c	352c096f011eb282f12e6d4c12281340fac96b635a2879cc065d7637a6592872	raw	control	5.9.2	2264a8042763edf2620cfe32d96b096e1f3d26aa	5.9.2	2.55.0	1000	150	untracked	64	0.401	0.401	0	0	0	na	1788357062.429224	1788357062.582541	286183300	286183522
2026-09-02T13:49:41Z	8dc0b5fea25671d6745a556bffb740d3866e189c	352c096f011eb282f12e6d4c12281340fac96b635a2879cc065d7637a6592872	raw	control	5.9.2	2264a8042763edf2620cfe32d96b096e1f3d26aa	5.9.2	2.55.0	1000	150	untracked	65	0.354	0.354	0	0	0	na	1788357062.737028	1788357062.890360	286183808	286184064
2026-09-02T13:49:41Z	8dc0b5fea25671d6745a556bffb740d3866e189c	352c096f011eb282f12e6d4c12281340fac96b635a2879cc065d7637a6592872	raw	control	5.9.2	2264a8042763edf2620cfe32d96b096e1f3d26aa	5.9.2	2.55.0	1000	150	untracked	66	0.410	0.410	0	0	0	na	1788357063.045255	1788357063.198597	286184405	286184626
2026-09-02T13:49:41Z	8dc0b5fea25671d6745a556bffb740d3866e189c	352c096f011eb282f12e6d4c12281340fac96b635a2879cc065d7637a6592872	raw	control	5.9.2	2264a8042763edf2620cfe32d96b096e1f3d26aa	5.9.2	2.55.0	1000	150	untracked	67	0.365	0.365	0	0	0	na	1788357063.353162	1788357063.506376	286184823	286185082
2026-09-02T13:49:41Z	8dc0b5fea25671d6745a556bffb740d3866e189c	352c096f011eb282f12e6d4c12281340fac96b635a2879cc065d7637a6592872	raw	control	5.9.2	2264a8042763edf2620cfe32d96b096e1f3d26aa	5.9.2	2.55.0	1000	150	untracked	68	0.385	0.385	0	0	0	na	1788357063.661127	1788357063.814544	286185292	286185506
2026-09-02T13:49:41Z	8dc0b5fea25671d6745a556bffb740d3866e189c	352c096f011eb282f12e6d4c12281340fac96b635a2879cc065d7637a6592872	raw	control	5.9.2	2264a8042763edf2620cfe32d96b096e1f3d26aa	5.9.2	2.55.0	1000	150	untracked	69	0.408	0.408	0	0	0	na	1788357063.969257	1788357064.122506	286185899	286186169
2026-09-02T13:49:41Z	8dc0b5fea25671d6745a556bffb740d3866e189c	352c096f011eb282f12e6d4c12281340fac96b635a2879cc065d7637a6592872	raw	control	5.9.2	2264a8042763edf2620cfe32d96b096e1f3d26aa	5.9.2	2.55.0	1000	150	untracked	70	0.471	0.471	0	0	0	na	1788357064.277187	1788357064.430692	286186362	286186664
2026-09-02T13:49:41Z	8dc0b5fea25671d6745a556bffb740d3866e189c	352c096f011eb282f12e6d4c12281340fac96b635a2879cc065d7637a6592872	raw	control	5.9.2	2264a8042763edf2620cfe32d96b096e1f3d26aa	5.9.2	2.55.0	1000	150	untracked	71	0.372	0.372	0	0	0	na	1788357064.585343	1788357064.738564	286186822	286187026
2026-09-02T13:49:41Z	8dc0b5fea25671d6745a556bffb740d3866e189c	352c096f011eb282f12e6d4c12281340fac96b635a2879cc065d7637a6592872	raw	control	5.9.2	2264a8042763edf2620cfe32d96b096e1f3d26aa	5.9.2	2.55.0	1000	150	untracked	72	0.367	0.367	0	0	0	na	1788357064.893319	1788357065.046663	286187349	286187605
2026-09-02T13:49:41Z	8dc0b5fea25671d6745a556bffb740d3866e189c	352c096f011eb282f12e6d4c12281340fac96b635a2879cc065d7637a6592872	raw	control	5.9.2	2264a8042763edf2620cfe32d96b096e1f3d26aa	5.9.2	2.55.0	1000	150	untracked	73	0.430	0.430	0	0	0	na	1788357065.200932	1788357065.354291	286187930	286188147
2026-09-02T13:49:41Z	8dc0b5fea25671d6745a556bffb740d3866e189c	352c096f011eb282f12e6d4c12281340fac96b635a2879cc065d7637a6592872	raw	control	5.9.2	2264a8042763edf2620cfe32d96b096e1f3d26aa	5.9.2	2.55.0	1000	150	untracked	74	0.386	0.386	0	0	0	na	1788357065.508793	1788357065.662746	286188400	286188636
2026-09-02T13:49:41Z	8dc0b5fea25671d6745a556bffb740d3866e189c	352c096f011eb282f12e6d4c12281340fac96b635a2879cc065d7637a6592872	raw	control	5.9.2	2264a8042763edf2620cfe32d96b096e1f3d26aa	5.9.2	2.55.0	1000	150	untracked	75	0.374	0.374	0	0	0	na	1788357065.817831	1788357065.971696	286188901	286189166
2026-09-02T13:49:41Z	8dc0b5fea25671d6745a556bffb740d3866e189c	352c096f011eb282f12e6d4c12281340fac96b635a2879cc065d7637a6592872	raw	control	5.9.2	2264a8042763edf2620cfe32d96b096e1f3d26aa	5.9.2	2.55.0	1000	150	untracked	76	0.429	0.429	0	0	0	na	1788357066.126901	1788357066.280850	286189394	286189608
2026-09-02T13:49:41Z	8dc0b5fea25671d6745a556bffb740d3866e189c	352c096f011eb282f12e6d4c12281340fac96b635a2879cc065d7637a6592872	raw	control	5.9.2	2264a8042763edf2620cfe32d96b096e1f3d26aa	5.9.2	2.55.0	1000	150	untracked	77	0.381	0.381	0	0	0	na	1788357066.436154	1788357066.589846	286189892	286190130
2026-09-02T13:49:41Z	8dc0b5fea25671d6745a556bffb740d3866e189c	352c096f011eb282f12e6d4c12281340fac96b635a2879cc065d7637a6592872	raw	control	5.9.2	2264a8042763edf2620cfe32d96b096e1f3d26aa	5.9.2	2.55.0	1000	150	untracked	78	0.397	0.397	0	0	0	na	1788357066.744304	1788357066.897430	286190309	286190513
2026-09-02T13:49:41Z	8dc0b5fea25671d6745a556bffb740d3866e189c	352c096f011eb282f12e6d4c12281340fac96b635a2879cc065d7637a6592872	raw	control	5.9.2	2264a8042763edf2620cfe32d96b096e1f3d26aa	5.9.2	2.55.0	1000	150	untracked	79	0.505	0.505	0	0	0	na	1788357067.051931	1788357067.205488	286190700	286190935
2026-09-02T13:49:41Z	8dc0b5fea25671d6745a556bffb740d3866e189c	352c096f011eb282f12e6d4c12281340fac96b635a2879cc065d7637a6592872	raw	control	5.9.2	2264a8042763edf2620cfe32d96b096e1f3d26aa	5.9.2	2.55.0	1000	150	untracked	80	0.418	0.418	0	0	0	na	1788357067.360215	1788357067.513530	286191213	286191410
2026-09-02T13:49:41Z	8dc0b5fea25671d6745a556bffb740d3866e189c	352c096f011eb282f12e6d4c12281340fac96b635a2879cc065d7637a6592872	raw	control	5.9.2	2264a8042763edf2620cfe32d96b096e1f3d26aa	5.9.2	2.55.0	1000	150	untracked	81	0.472	0.472	0	0	0	na	1788357067.667976	1788357067.821489	286191621	286191919
2026-09-02T13:49:41Z	8dc0b5fea25671d6745a556bffb740d3866e189c	352c096f011eb282f12e6d4c12281340fac96b635a2879cc065d7637a6592872	raw	control	5.9.2	2264a8042763edf2620cfe32d96b096e1f3d26aa	5.9.2	2.55.0	1000	150	untracked	82	0.442	0.442	0	0	0	na	1788357067.975910	1788357068.129222	286192192	286192474
2026-09-02T13:49:41Z	8dc0b5fea25671d6745a556bffb740d3866e189c	352c096f011eb282f12e6d4c12281340fac96b635a2879cc065d7637a6592872	raw	control	5.9.2	2264a8042763edf2620cfe32d96b096e1f3d26aa	5.9.2	2.55.0	1000	150	untracked	83	0.450	0.450	0	0	0	na	1788357068.283982	1788357068.437209	286192761	286193135
2026-09-02T13:49:41Z	8dc0b5fea25671d6745a556bffb740d3866e189c	352c096f011eb282f12e6d4c12281340fac96b635a2879cc065d7637a6592872	raw	control	5.9.2	2264a8042763edf2620cfe32d96b096e1f3d26aa	5.9.2	2.55.0	1000	150	untracked	84	0.396	0.396	0	0	0	na	1788357068.591699	1788357068.744857	286193364	286193559
2026-09-02T13:49:41Z	8dc0b5fea25671d6745a556bffb740d3866e189c	352c096f011eb282f12e6d4c12281340fac96b635a2879cc065d7637a6592872	raw	control	5.9.2	2264a8042763edf2620cfe32d96b096e1f3d26aa	5.9.2	2.55.0	1000	150	untracked	85	0.390	0.390	0	0	0	na	1788357068.899304	1788357069.052658	286193791	286194011
2026-09-02T13:49:41Z	8dc0b5fea25671d6745a556bffb740d3866e189c	352c096f011eb282f12e6d4c12281340fac96b635a2879cc065d7637a6592872	raw	control	5.9.2	2264a8042763edf2620cfe32d96b096e1f3d26aa	5.9.2	2.55.0	1000	150	untracked	86	0.429	0.429	0	0	0	na	1788357069.208031	1788357069.362111	286194253	286194530
2026-09-02T13:49:41Z	8dc0b5fea25671d6745a556bffb740d3866e189c	352c096f011eb282f12e6d4c12281340fac96b635a2879cc065d7637a6592872	raw	control	5.9.2	2264a8042763edf2620cfe32d96b096e1f3d26aa	5.9.2	2.55.0	1000	150	untracked	87	0.455	0.455	0	0	0	na	1788357069.517644	1788357069.670832	286194736	286194971
2026-09-02T13:49:41Z	8dc0b5fea25671d6745a556bffb740d3866e189c	352c096f011eb282f12e6d4c12281340fac96b635a2879cc065d7637a6592872	raw	control	5.9.2	2264a8042763edf2620cfe32d96b096e1f3d26aa	5.9.2	2.55.0	1000	150	untracked	88	0.368	0.368	0	0	0	na	1788357069.825332	1788357069.978621	286195300	286195554
2026-09-02T13:49:41Z	8dc0b5fea25671d6745a556bffb740d3866e189c	352c096f011eb282f12e6d4c12281340fac96b635a2879cc065d7637a6592872	raw	control	5.9.2	2264a8042763edf2620cfe32d96b096e1f3d26aa	5.9.2	2.55.0	1000	150	untracked	89	0.394	0.394	0	0	0	na	1788357070.133298	1788357070.286729	286195754	286195995
2026-09-02T13:49:41Z	8dc0b5fea25671d6745a556bffb740d3866e189c	352c096f011eb282f12e6d4c12281340fac96b635a2879cc065d7637a6592872	raw	control	5.9.2	2264a8042763edf2620cfe32d96b096e1f3d26aa	5.9.2	2.55.0	1000	150	untracked	90	0.414	0.414	0	0	0	na	1788357070.441394	1788357070.594684	286196153	286196422
2026-09-02T13:49:41Z	8dc0b5fea25671d6745a556bffb740d3866e189c	352c096f011eb282f12e6d4c12281340fac96b635a2879cc065d7637a6592872	raw	control	5.9.2	2264a8042763edf2620cfe32d96b096e1f3d26aa	5.9.2	2.55.0	1000	150	untracked	91	0.375	0.375	0	0	0	na	1788357070.749446	1788357070.902860	286196682	286196934
2026-09-02T13:49:41Z	8dc0b5fea25671d6745a556bffb740d3866e189c	352c096f011eb282f12e6d4c12281340fac96b635a2879cc065d7637a6592872	raw	control	5.9.2	2264a8042763edf2620cfe32d96b096e1f3d26aa	5.9.2	2.55.0	1000	150	untracked	92	0.395	0.395	0	0	0	na	1788357071.057583	1788357071.210988	286197151	286197416
2026-09-02T13:49:41Z	8dc0b5fea25671d6745a556bffb740d3866e189c	352c096f011eb282f12e6d4c12281340fac96b635a2879cc065d7637a6592872	raw	control	5.9.2	2264a8042763edf2620cfe32d96b096e1f3d26aa	5.9.2	2.55.0	1000	150	untracked	93	0.377	0.377	0	0	0	na	1788357071.365494	1788357071.518857	286197627	286197900
2026-09-02T13:49:41Z	8dc0b5fea25671d6745a556bffb740d3866e189c	352c096f011eb282f12e6d4c12281340fac96b635a2879cc065d7637a6592872	raw	control	5.9.2	2264a8042763edf2620cfe32d96b096e1f3d26aa	5.9.2	2.55.0	1000	150	untracked	94	0.409	0.409	0	0	0	na	1788357071.673730	1788357071.827162	286198123	286198383
2026-09-02T13:49:41Z	8dc0b5fea25671d6745a556bffb740d3866e189c	352c096f011eb282f12e6d4c12281340fac96b635a2879cc065d7637a6592872	raw	control	5.9.2	2264a8042763edf2620cfe32d96b096e1f3d26aa	5.9.2	2.55.0	1000	150	untracked	95	0.393	0.393	0	0	0	na	1788357071.981921	1788357072.135090	286198661	286198872
2026-09-02T13:49:41Z	8dc0b5fea25671d6745a556bffb740d3866e189c	352c096f011eb282f12e6d4c12281340fac96b635a2879cc065d7637a6592872	raw	control	5.9.2	2264a8042763edf2620cfe32d96b096e1f3d26aa	5.9.2	2.55.0	1000	150	untracked	96	0.401	0.401	0	0	0	na	1788357072.289834	1788357072.443163	286199102	286199311
2026-09-02T13:49:41Z	8dc0b5fea25671d6745a556bffb740d3866e189c	352c096f011eb282f12e6d4c12281340fac96b635a2879cc065d7637a6592872	raw	control	5.9.2	2264a8042763edf2620cfe32d96b096e1f3d26aa	5.9.2	2.55.0	1000	150	untracked	97	0.506	0.506	0	0	0	na	1788357072.597681	1788357072.751325	286199561	286199792
2026-09-02T13:49:41Z	8dc0b5fea25671d6745a556bffb740d3866e189c	352c096f011eb282f12e6d4c12281340fac96b635a2879cc065d7637a6592872	raw	control	5.9.2	2264a8042763edf2620cfe32d96b096e1f3d26aa	5.9.2	2.55.0	1000	150	untracked	98	0.414	0.414	0	0	0	na	1788357072.906045	1788357073.059378	286199987	286200170
2026-09-02T13:49:41Z	8dc0b5fea25671d6745a556bffb740d3866e189c	352c096f011eb282f12e6d4c12281340fac96b635a2879cc065d7637a6592872	raw	control	5.9.2	2264a8042763edf2620cfe32d96b096e1f3d26aa	5.9.2	2.55.0	1000	150	untracked	99	0.393	0.393	0	0	0	na	1788357073.213988	1788357073.367268	286200381	286200600
2026-09-02T13:49:41Z	8dc0b5fea25671d6745a556bffb740d3866e189c	352c096f011eb282f12e6d4c12281340fac96b635a2879cc065d7637a6592872	raw	control	5.9.2	2264a8042763edf2620cfe32d96b096e1f3d26aa	5.9.2	2.55.0	1000	150	untracked	100	0.495	0.495	0	0	0	na	1788357073.521908	1788357073.676086	286200825	286201275
2026-09-02T13:49:41Z	8dc0b5fea25671d6745a556bffb740d3866e189c	352c096f011eb282f12e6d4c12281340fac96b635a2879cc065d7637a6592872	direct-git	control	2.55.0	2264a8042763edf2620cfe32d96b096e1f3d26aa	5.9.2	2.55.0	1000	150	clean	1	5.423	5.423	0	1	0	na	1788357074.036062	1788357074.194836	286201886	286202093
2026-09-02T13:49:41Z	8dc0b5fea25671d6745a556bffb740d3866e189c	352c096f011eb282f12e6d4c12281340fac96b635a2879cc065d7637a6592872	direct-git	control	2.55.0	2264a8042763edf2620cfe32d96b096e1f3d26aa	5.9.2	2.55.0	1000	150	clean	2	5.308	5.308	0	1	0	na	1788357074.353383	1788357074.511988	286202431	286202693
2026-09-02T13:49:41Z	8dc0b5fea25671d6745a556bffb740d3866e189c	352c096f011eb282f12e6d4c12281340fac96b635a2879cc065d7637a6592872	direct-git	control	2.55.0	2264a8042763edf2620cfe32d96b096e1f3d26aa	5.9.2	2.55.0	1000	150	clean	3	5.080	5.080	0	1	0	na	1788357074.670466	1788357074.828910	286202986	286203257
2026-09-02T13:49:41Z	8dc0b5fea25671d6745a556bffb740d3866e189c	352c096f011eb282f12e6d4c12281340fac96b635a2879cc065d7637a6592872	direct-git	control	2.55.0	2264a8042763edf2620cfe32d96b096e1f3d26aa	5.9.2	2.55.0	1000	150	clean	4	5.261	5.261	0	1	0	na	1788357074.987938	1788357075.146393	286203551	286204164
2026-09-02T13:49:41Z	8dc0b5fea25671d6745a556bffb740d3866e189c	352c096f011eb282f12e6d4c12281340fac96b635a2879cc065d7637a6592872	direct-git	control	2.55.0	2264a8042763edf2620cfe32d96b096e1f3d26aa	5.9.2	2.55.0	1000	150	clean	5	5.582	5.582	0	1	0	na	1788357075.305695	1788357075.464442	286204450	286204802
2026-09-02T13:49:41Z	8dc0b5fea25671d6745a556bffb740d3866e189c	352c096f011eb282f12e6d4c12281340fac96b635a2879cc065d7637a6592872	direct-git	control	2.55.0	2264a8042763edf2620cfe32d96b096e1f3d26aa	5.9.2	2.55.0	1000	150	clean	6	5.143	5.143	0	1	0	na	1788357075.623801	1788357075.782252	286205058	286205295
2026-09-02T13:49:41Z	8dc0b5fea25671d6745a556bffb740d3866e189c	352c096f011eb282f12e6d4c12281340fac96b635a2879cc065d7637a6592872	direct-git	control	2.55.0	2264a8042763edf2620cfe32d96b096e1f3d26aa	5.9.2	2.55.0	1000	150	clean	7	5.137	5.137	0	1	0	na	1788357075.941468	1788357076.099953	286205599	286205780
2026-09-02T13:49:41Z	8dc0b5fea25671d6745a556bffb740d3866e189c	352c096f011eb282f12e6d4c12281340fac96b635a2879cc065d7637a6592872	direct-git	control	2.55.0	2264a8042763edf2620cfe32d96b096e1f3d26aa	5.9.2	2.55.0	1000	150	clean	8	5.075	5.075	0	1	0	na	1788357076.258763	1788357076.417549	286206041	286206276
2026-09-02T13:49:41Z	8dc0b5fea25671d6745a556bffb740d3866e189c	352c096f011eb282f12e6d4c12281340fac96b635a2879cc065d7637a6592872	direct-git	control	2.55.0	2264a8042763edf2620cfe32d96b096e1f3d26aa	5.9.2	2.55.0	1000	150	clean	9	5.572	5.572	0	1	0	na	1788357076.576604	1788357076.735567	286206503	286206727
2026-09-02T13:49:41Z	8dc0b5fea25671d6745a556bffb740d3866e189c	352c096f011eb282f12e6d4c12281340fac96b635a2879cc065d7637a6592872	direct-git	control	2.55.0	2264a8042763edf2620cfe32d96b096e1f3d26aa	5.9.2	2.55.0	1000	150	clean	10	5.545	5.545	0	1	0	na	1788357076.894361	1788357077.053376	286207027	286207220
2026-09-02T13:49:41Z	8dc0b5fea25671d6745a556bffb740d3866e189c	352c096f011eb282f12e6d4c12281340fac96b635a2879cc065d7637a6592872	direct-git	control	2.55.0	2264a8042763edf2620cfe32d96b096e1f3d26aa	5.9.2	2.55.0	1000	150	clean	11	5.183	5.183	0	1	0	na	1788357077.212297	1788357077.371056	286207477	286207829
2026-09-02T13:49:41Z	8dc0b5fea25671d6745a556bffb740d3866e189c	352c096f011eb282f12e6d4c12281340fac96b635a2879cc065d7637a6592872	direct-git	control	2.55.0	2264a8042763edf2620cfe32d96b096e1f3d26aa	5.9.2	2.55.0	1000	150	clean	12	4.930	4.930	0	1	0	na	1788357077.529817	1788357077.688394	286208162	286208369
2026-09-02T13:49:41Z	8dc0b5fea25671d6745a556bffb740d3866e189c	352c096f011eb282f12e6d4c12281340fac96b635a2879cc065d7637a6592872	direct-git	control	2.55.0	2264a8042763edf2620cfe32d96b096e1f3d26aa	5.9.2	2.55.0	1000	150	clean	13	5.389	5.389	0	1	0	na	1788357077.848035	1788357078.007041	286208662	286208993
2026-09-02T13:49:41Z	8dc0b5fea25671d6745a556bffb740d3866e189c	352c096f011eb282f12e6d4c12281340fac96b635a2879cc065d7637a6592872	direct-git	control	2.55.0	2264a8042763edf2620cfe32d96b096e1f3d26aa	5.9.2	2.55.0	1000	150	clean	14	5.330	5.330	0	1	0	na	1788357078.166602	1788357078.325619	286209255	286209530
2026-09-02T13:49:41Z	8dc0b5fea25671d6745a556bffb740d3866e189c	352c096f011eb282f12e6d4c12281340fac96b635a2879cc065d7637a6592872	direct-git	control	2.55.0	2264a8042763edf2620cfe32d96b096e1f3d26aa	5.9.2	2.55.0	1000	150	clean	15	5.523	5.523	0	1	0	na	1788357078.484516	1788357078.643698	286209804	286210087
2026-09-02T13:49:41Z	8dc0b5fea25671d6745a556bffb740d3866e189c	352c096f011eb282f12e6d4c12281340fac96b635a2879cc065d7637a6592872	direct-git	control	2.55.0	2264a8042763edf2620cfe32d96b096e1f3d26aa	5.9.2	2.55.0	1000	150	clean	16	5.363	5.363	0	1	0	na	1788357078.802719	1788357078.961494	286210338	286210617
2026-09-02T13:49:41Z	8dc0b5fea25671d6745a556bffb740d3866e189c	352c096f011eb282f12e6d4c12281340fac96b635a2879cc065d7637a6592872	direct-git	control	2.55.0	2264a8042763edf2620cfe32d96b096e1f3d26aa	5.9.2	2.55.0	1000	150	clean	17	5.122	5.122	0	1	0	na	1788357079.120010	1788357079.278962	286210866	286211157
2026-09-02T13:49:41Z	8dc0b5fea25671d6745a556bffb740d3866e189c	352c096f011eb282f12e6d4c12281340fac96b635a2879cc065d7637a6592872	direct-git	control	2.55.0	2264a8042763edf2620cfe32d96b096e1f3d26aa	5.9.2	2.55.0	1000	150	clean	18	5.544	5.544	0	1	0	na	1788357079.438883	1788357079.598223	286211427	286211676
2026-09-02T13:49:41Z	8dc0b5fea25671d6745a556bffb740d3866e189c	352c096f011eb282f12e6d4c12281340fac96b635a2879cc065d7637a6592872	direct-git	control	2.55.0	2264a8042763edf2620cfe32d96b096e1f3d26aa	5.9.2	2.55.0	1000	150	clean	19	5.704	5.704	0	1	0	na	1788357079.757102	1788357079.916445	286211918	286212168
2026-09-02T13:49:41Z	8dc0b5fea25671d6745a556bffb740d3866e189c	352c096f011eb282f12e6d4c12281340fac96b635a2879cc065d7637a6592872	direct-git	control	2.55.0	2264a8042763edf2620cfe32d96b096e1f3d26aa	5.9.2	2.55.0	1000	150	clean	20	5.775	5.775	0	1	0	na	1788357080.076121	1788357080.235697	286212421	286212696
2026-09-02T13:49:41Z	8dc0b5fea25671d6745a556bffb740d3866e189c	352c096f011eb282f12e6d4c12281340fac96b635a2879cc065d7637a6592872	direct-git	control	2.55.0	2264a8042763edf2620cfe32d96b096e1f3d26aa	5.9.2	2.55.0	1000	150	clean	21	5.739	5.739	0	1	0	na	1788357080.395273	1788357080.554832	286212948	286213233
2026-09-02T13:49:41Z	8dc0b5fea25671d6745a556bffb740d3866e189c	352c096f011eb282f12e6d4c12281340fac96b635a2879cc065d7637a6592872	direct-git	control	2.55.0	2264a8042763edf2620cfe32d96b096e1f3d26aa	5.9.2	2.55.0	1000	150	clean	22	5.484	5.484	0	1	0	na	1788357080.714214	1788357080.873576	286213437	286213739
2026-09-02T13:49:41Z	8dc0b5fea25671d6745a556bffb740d3866e189c	352c096f011eb282f12e6d4c12281340fac96b635a2879cc065d7637a6592872	direct-git	control	2.55.0	2264a8042763edf2620cfe32d96b096e1f3d26aa	5.9.2	2.55.0	1000	150	clean	23	5.533	5.533	0	1	0	na	1788357081.033373	1788357081.192536	286213956	286214238
2026-09-02T13:49:41Z	8dc0b5fea25671d6745a556bffb740d3866e189c	352c096f011eb282f12e6d4c12281340fac96b635a2879cc065d7637a6592872	direct-git	control	2.55.0	2264a8042763edf2620cfe32d96b096e1f3d26aa	5.9.2	2.55.0	1000	150	clean	24	5.371	5.371	0	1	0	na	1788357081.352172	1788357081.511316	286214460	286214692
2026-09-02T13:49:41Z	8dc0b5fea25671d6745a556bffb740d3866e189c	352c096f011eb282f12e6d4c12281340fac96b635a2879cc065d7637a6592872	direct-git	control	2.55.0	2264a8042763edf2620cfe32d96b096e1f3d26aa	5.9.2	2.55.0	1000	150	clean	25	5.097	5.097	0	1	0	na	1788357081.670792	1788357081.829782	286214966	286215282
2026-09-02T13:49:41Z	8dc0b5fea25671d6745a556bffb740d3866e189c	352c096f011eb282f12e6d4c12281340fac96b635a2879cc065d7637a6592872	direct-git	control	2.55.0	2264a8042763edf2620cfe32d96b096e1f3d26aa	5.9.2	2.55.0	1000	150	clean	26	5.206	5.206	0	1	0	na	1788357081.990409	1788357082.149551	286215698	286215966
2026-09-02T13:49:41Z	8dc0b5fea25671d6745a556bffb740d3866e189c	352c096f011eb282f12e6d4c12281340fac96b635a2879cc065d7637a6592872	direct-git	control	2.55.0	2264a8042763edf2620cfe32d96b096e1f3d26aa	5.9.2	2.55.0	1000	150	clean	27	5.249	5.249	0	1	0	na	1788357082.309210	1788357082.468316	286216265	286216664
2026-09-02T13:49:41Z	8dc0b5fea25671d6745a556bffb740d3866e189c	352c096f011eb282f12e6d4c12281340fac96b635a2879cc065d7637a6592872	direct-git	control	2.55.0	2264a8042763edf2620cfe32d96b096e1f3d26aa	5.9.2	2.55.0	1000	150	clean	28	5.239	5.239	0	1	0	na	1788357082.627671	1788357082.786749	286216958	286217216
2026-09-02T13:49:41Z	8dc0b5fea25671d6745a556bffb740d3866e189c	352c096f011eb282f12e6d4c12281340fac96b635a2879cc065d7637a6592872	direct-git	control	2.55.0	2264a8042763edf2620cfe32d96b096e1f3d26aa	5.9.2	2.55.0	1000	150	clean	29	5.576	5.576	0	1	0	na	1788357082.947157	1788357083.106550	286217844	286218148
2026-09-02T13:49:41Z	8dc0b5fea25671d6745a556bffb740d3866e189c	352c096f011eb282f12e6d4c12281340fac96b635a2879cc065d7637a6592872	direct-git	control	2.55.0	2264a8042763edf2620cfe32d96b096e1f3d26aa	5.9.2	2.55.0	1000	150	clean	30	5.653	5.653	0	1	0	na	1788357083.265943	1788357083.425649	286218468	286218758
2026-09-02T13:49:41Z	8dc0b5fea25671d6745a556bffb740d3866e189c	352c096f011eb282f12e6d4c12281340fac96b635a2879cc065d7637a6592872	direct-git	control	2.55.0	2264a8042763edf2620cfe32d96b096e1f3d26aa	5.9.2	2.55.0	1000	150	clean	31	5.714	5.714	0	1	0	na	1788357083.585575	1788357083.745180	286219059	286219324
2026-09-02T13:49:41Z	8dc0b5fea25671d6745a556bffb740d3866e189c	352c096f011eb282f12e6d4c12281340fac96b635a2879cc065d7637a6592872	direct-git	control	2.55.0	2264a8042763edf2620cfe32d96b096e1f3d26aa	5.9.2	2.55.0	1000	150	clean	32	5.491	5.491	0	1	0	na	1788357083.905032	1788357084.064517	286219623	286219899
2026-09-02T13:49:41Z	8dc0b5fea25671d6745a556bffb740d3866e189c	352c096f011eb282f12e6d4c12281340fac96b635a2879cc065d7637a6592872	direct-git	control	2.55.0	2264a8042763edf2620cfe32d96b096e1f3d26aa	5.9.2	2.55.0	1000	150	clean	33	5.566	5.566	0	1	0	na	1788357084.224157	1788357084.383643	286220196	286220501
2026-09-02T13:49:41Z	8dc0b5fea25671d6745a556bffb740d3866e189c	352c096f011eb282f12e6d4c12281340fac96b635a2879cc065d7637a6592872	direct-git	control	2.55.0	2264a8042763edf2620cfe32d96b096e1f3d26aa	5.9.2	2.55.0	1000	150	clean	34	5.702	5.702	0	1	0	na	1788357084.543561	1788357084.703271	286220719	286220903
2026-09-02T13:49:41Z	8dc0b5fea25671d6745a556bffb740d3866e189c	352c096f011eb282f12e6d4c12281340fac96b635a2879cc065d7637a6592872	direct-git	control	2.55.0	2264a8042763edf2620cfe32d96b096e1f3d26aa	5.9.2	2.55.0	1000	150	clean	35	5.649	5.649	0	1	0	na	1788357084.862996	1788357085.022808	286221116	286221328
2026-09-02T13:49:41Z	8dc0b5fea25671d6745a556bffb740d3866e189c	352c096f011eb282f12e6d4c12281340fac96b635a2879cc065d7637a6592872	direct-git	control	2.55.0	2264a8042763edf2620cfe32d96b096e1f3d26aa	5.9.2	2.55.0	1000	150	clean	36	5.208	5.208	0	1	0	na	1788357085.183230	1788357085.342374	286221535	286221848
2026-09-02T13:49:41Z	8dc0b5fea25671d6745a556bffb740d3866e189c	352c096f011eb282f12e6d4c12281340fac96b635a2879cc065d7637a6592872	direct-git	control	2.55.0	2264a8042763edf2620cfe32d96b096e1f3d26aa	5.9.2	2.55.0	1000	150	clean	37	5.425	5.425	0	1	0	na	1788357085.502139	1788357085.661560	286222126	286222318
2026-09-02T13:49:41Z	8dc0b5fea25671d6745a556bffb740d3866e189c	352c096f011eb282f12e6d4c12281340fac96b635a2879cc065d7637a6592872	direct-git	control	2.55.0	2264a8042763edf2620cfe32d96b096e1f3d26aa	5.9.2	2.55.0	1000	150	clean	38	5.384	5.384	0	1	0	na	1788357085.821771	1788357085.981297	286222599	286223012
2026-09-02T13:49:41Z	8dc0b5fea25671d6745a556bffb740d3866e189c	352c096f011eb282f12e6d4c12281340fac96b635a2879cc065d7637a6592872	direct-git	control	2.55.0	2264a8042763edf2620cfe32d96b096e1f3d26aa	5.9.2	2.55.0	1000	150	clean	39	5.666	5.666	0	1	0	na	1788357086.141006	1788357086.300869	286223243	286223476
2026-09-02T13:49:41Z	8dc0b5fea25671d6745a556bffb740d3866e189c	352c096f011eb282f12e6d4c12281340fac96b635a2879cc065d7637a6592872	direct-git	control	2.55.0	2264a8042763edf2620cfe32d96b096e1f3d26aa	5.9.2	2.55.0	1000	150	clean	40	5.265	5.265	0	1	0	na	1788357086.460575	1788357086.619883	286223733	286223975
2026-09-02T13:49:41Z	8dc0b5fea25671d6745a556bffb740d3866e189c	352c096f011eb282f12e6d4c12281340fac96b635a2879cc065d7637a6592872	direct-git	control	2.55.0	2264a8042763edf2620cfe32d96b096e1f3d26aa	5.9.2	2.55.0	1000	150	clean	41	5.778	5.778	0	1	0	na	1788357086.780069	1788357086.940122	286224289	286224572
2026-09-02T13:49:41Z	8dc0b5fea25671d6745a556bffb740d3866e189c	352c096f011eb282f12e6d4c12281340fac96b635a2879cc065d7637a6592872	direct-git	control	2.55.0	2264a8042763edf2620cfe32d96b096e1f3d26aa	5.9.2	2.55.0	1000	150	clean	42	5.512	5.512	0	1	0	na	1788357087.100215	1788357087.259715	286224767	286224956
2026-09-02T13:49:41Z	8dc0b5fea25671d6745a556bffb740d3866e189c	352c096f011eb282f12e6d4c12281340fac96b635a2879cc065d7637a6592872	direct-git	control	2.55.0	2264a8042763edf2620cfe32d96b096e1f3d26aa	5.9.2	2.55.0	1000	150	clean	43	5.536	5.536	0	1	0	na	1788357087.419720	1788357087.579350	286225189	286225421
2026-09-02T13:49:41Z	8dc0b5fea25671d6745a556bffb740d3866e189c	352c096f011eb282f12e6d4c12281340fac96b635a2879cc065d7637a6592872	direct-git	control	2.55.0	2264a8042763edf2620cfe32d96b096e1f3d26aa	5.9.2	2.55.0	1000	150	clean	44	5.302	5.302	0	1	0	na	1788357087.739830	1788357087.899502	286225798	286226125
2026-09-02T13:49:41Z	8dc0b5fea25671d6745a556bffb740d3866e189c	352c096f011eb282f12e6d4c12281340fac96b635a2879cc065d7637a6592872	direct-git	control	2.55.0	2264a8042763edf2620cfe32d96b096e1f3d26aa	5.9.2	2.55.0	1000	150	clean	45	5.334	5.334	0	1	0	na	1788357088.059391	1788357088.219206	286226373	286226636
2026-09-02T13:49:41Z	8dc0b5fea25671d6745a556bffb740d3866e189c	352c096f011eb282f12e6d4c12281340fac96b635a2879cc065d7637a6592872	direct-git	control	2.55.0	2264a8042763edf2620cfe32d96b096e1f3d26aa	5.9.2	2.55.0	1000	150	clean	46	5.562	5.562	0	1	0	na	1788357088.379088	1788357088.538937	286226970	286227262
2026-09-02T13:49:41Z	8dc0b5fea25671d6745a556bffb740d3866e189c	352c096f011eb282f12e6d4c12281340fac96b635a2879cc065d7637a6592872	direct-git	control	2.55.0	2264a8042763edf2620cfe32d96b096e1f3d26aa	5.9.2	2.55.0	1000	150	clean	47	5.374	5.374	0	1	0	na	1788357088.698897	1788357088.858544	286227534	286227839
2026-09-02T13:49:41Z	8dc0b5fea25671d6745a556bffb740d3866e189c	352c096f011eb282f12e6d4c12281340fac96b635a2879cc065d7637a6592872	direct-git	control	2.55.0	2264a8042763edf2620cfe32d96b096e1f3d26aa	5.9.2	2.55.0	1000	150	clean	48	5.586	5.586	0	1	0	na	1788357089.018822	1788357089.178851	286228154	286228401
2026-09-02T13:49:41Z	8dc0b5fea25671d6745a556bffb740d3866e189c	352c096f011eb282f12e6d4c12281340fac96b635a2879cc065d7637a6592872	direct-git	control	2.55.0	2264a8042763edf2620cfe32d96b096e1f3d26aa	5.9.2	2.55.0	1000	150	clean	49	5.824	5.824	0	1	0	na	1788357089.339048	1788357089.499233	286228678	286228999
2026-09-02T13:49:41Z	8dc0b5fea25671d6745a556bffb740d3866e189c	352c096f011eb282f12e6d4c12281340fac96b635a2879cc065d7637a6592872	direct-git	control	2.55.0	2264a8042763edf2620cfe32d96b096e1f3d26aa	5.9.2	2.55.0	1000	150	clean	50	5.467	5.467	0	1	0	na	1788357089.659517	1788357089.819252	286229219	286229478
2026-09-02T13:49:41Z	8dc0b5fea25671d6745a556bffb740d3866e189c	352c096f011eb282f12e6d4c12281340fac96b635a2879cc065d7637a6592872	direct-git	control	2.55.0	2264a8042763edf2620cfe32d96b096e1f3d26aa	5.9.2	2.55.0	1000	150	clean	51	5.257	5.257	0	1	0	na	1788357089.979604	1788357090.139221	286229703	286229943
2026-09-02T13:49:41Z	8dc0b5fea25671d6745a556bffb740d3866e189c	352c096f011eb282f12e6d4c12281340fac96b635a2879cc065d7637a6592872	direct-git	control	2.55.0	2264a8042763edf2620cfe32d96b096e1f3d26aa	5.9.2	2.55.0	1000	150	clean	52	5.259	5.259	0	1	0	na	1788357090.299534	1788357090.459121	286230179	286230387
2026-09-02T13:49:41Z	8dc0b5fea25671d6745a556bffb740d3866e189c	352c096f011eb282f12e6d4c12281340fac96b635a2879cc065d7637a6592872	direct-git	control	2.55.0	2264a8042763edf2620cfe32d96b096e1f3d26aa	5.9.2	2.55.0	1000	150	clean	53	5.301	5.301	0	1	0	na	1788357090.619633	1788357090.779396	286230611	286230815
2026-09-02T13:49:41Z	8dc0b5fea25671d6745a556bffb740d3866e189c	352c096f011eb282f12e6d4c12281340fac96b635a2879cc065d7637a6592872	direct-git	control	2.55.0	2264a8042763edf2620cfe32d96b096e1f3d26aa	5.9.2	2.55.0	1000	150	clean	54	5.779	5.779	0	1	0	na	1788357090.939966	1788357091.100358	286231071	286231332
2026-09-02T13:49:41Z	8dc0b5fea25671d6745a556bffb740d3866e189c	352c096f011eb282f12e6d4c12281340fac96b635a2879cc065d7637a6592872	direct-git	control	2.55.0	2264a8042763edf2620cfe32d96b096e1f3d26aa	5.9.2	2.55.0	1000	150	clean	55	5.589	5.589	0	1	0	na	1788357091.260348	1788357091.420523	286231576	286231809
2026-09-02T13:49:41Z	8dc0b5fea25671d6745a556bffb740d3866e189c	352c096f011eb282f12e6d4c12281340fac96b635a2879cc065d7637a6592872	direct-git	control	2.55.0	2264a8042763edf2620cfe32d96b096e1f3d26aa	5.9.2	2.55.0	1000	150	clean	56	5.788	5.788	0	1	0	na	1788357091.581461	1788357091.741637	286232037	286232284
2026-09-02T13:49:41Z	8dc0b5fea25671d6745a556bffb740d3866e189c	352c096f011eb282f12e6d4c12281340fac96b635a2879cc065d7637a6592872	direct-git	control	2.55.0	2264a8042763edf2620cfe32d96b096e1f3d26aa	5.9.2	2.55.0	1000	150	clean	57	5.539	5.539	0	1	0	na	1788357091.902493	1788357092.062464	286232529	286232759
2026-09-02T13:49:41Z	8dc0b5fea25671d6745a556bffb740d3866e189c	352c096f011eb282f12e6d4c12281340fac96b635a2879cc065d7637a6592872	direct-git	control	2.55.0	2264a8042763edf2620cfe32d96b096e1f3d26aa	5.9.2	2.55.0	1000	150	clean	58	5.865	5.865	0	1	0	na	1788357092.222867	1788357092.383219	286233010	286233294
2026-09-02T13:49:41Z	8dc0b5fea25671d6745a556bffb740d3866e189c	352c096f011eb282f12e6d4c12281340fac96b635a2879cc065d7637a6592872	direct-git	control	2.55.0	2264a8042763edf2620cfe32d96b096e1f3d26aa	5.9.2	2.55.0	1000	150	clean	59	5.799	5.799	0	1	0	na	1788357092.543272	1788357092.703882	286233529	286233967
2026-09-02T13:49:41Z	8dc0b5fea25671d6745a556bffb740d3866e189c	352c096f011eb282f12e6d4c12281340fac96b635a2879cc065d7637a6592872	direct-git	control	2.55.0	2264a8042763edf2620cfe32d96b096e1f3d26aa	5.9.2	2.55.0	1000	150	clean	60	5.839	5.839	0	1	0	na	1788357092.864673	1788357093.024870	286234285	286234475
2026-09-02T13:49:41Z	8dc0b5fea25671d6745a556bffb740d3866e189c	352c096f011eb282f12e6d4c12281340fac96b635a2879cc065d7637a6592872	direct-git	control	2.55.0	2264a8042763edf2620cfe32d96b096e1f3d26aa	5.9.2	2.55.0	1000	150	clean	61	5.373	5.373	0	1	0	na	1788357093.185680	1788357093.345502	286234697	286234891
2026-09-02T13:49:41Z	8dc0b5fea25671d6745a556bffb740d3866e189c	352c096f011eb282f12e6d4c12281340fac96b635a2879cc065d7637a6592872	direct-git	control	2.55.0	2264a8042763edf2620cfe32d96b096e1f3d26aa	5.9.2	2.55.0	1000	150	clean	62	5.177	5.177	0	1	0	na	1788357093.506323	1788357093.665843	286235061	286235301
2026-09-02T13:49:41Z	8dc0b5fea25671d6745a556bffb740d3866e189c	352c096f011eb282f12e6d4c12281340fac96b635a2879cc065d7637a6592872	direct-git	control	2.55.0	2264a8042763edf2620cfe32d96b096e1f3d26aa	5.9.2	2.55.0	1000	150	clean	63	5.548	5.548	0	1	0	na	1788357093.826758	1788357093.986959	286235631	286235951
2026-09-02T13:49:41Z	8dc0b5fea25671d6745a556bffb740d3866e189c	352c096f011eb282f12e6d4c12281340fac96b635a2879cc065d7637a6592872	direct-git	control	2.55.0	2264a8042763edf2620cfe32d96b096e1f3d26aa	5.9.2	2.55.0	1000	150	clean	64	5.176	5.176	0	1	0	na	1788357094.147834	1788357094.307522	286236259	286236445
2026-09-02T13:49:41Z	8dc0b5fea25671d6745a556bffb740d3866e189c	352c096f011eb282f12e6d4c12281340fac96b635a2879cc065d7637a6592872	direct-git	control	2.55.0	2264a8042763edf2620cfe32d96b096e1f3d26aa	5.9.2	2.55.0	1000	150	clean	65	5.486	5.486	0	1	0	na	1788357094.468474	1788357094.628455	286236728	286236944
2026-09-02T13:49:41Z	8dc0b5fea25671d6745a556bffb740d3866e189c	352c096f011eb282f12e6d4c12281340fac96b635a2879cc065d7637a6592872	direct-git	control	2.55.0	2264a8042763edf2620cfe32d96b096e1f3d26aa	5.9.2	2.55.0	1000	150	clean	66	5.328	5.328	0	1	0	na	1788357094.789171	1788357094.948896	286237149	286237407
2026-09-02T13:49:41Z	8dc0b5fea25671d6745a556bffb740d3866e189c	352c096f011eb282f12e6d4c12281340fac96b635a2879cc065d7637a6592872	direct-git	control	2.55.0	2264a8042763edf2620cfe32d96b096e1f3d26aa	5.9.2	2.55.0	1000	150	clean	67	5.179	5.179	0	1	0	na	1788357095.109277	1788357095.268950	286237589	286237776
2026-09-02T13:49:41Z	8dc0b5fea25671d6745a556bffb740d3866e189c	352c096f011eb282f12e6d4c12281340fac96b635a2879cc065d7637a6592872	direct-git	control	2.55.0	2264a8042763edf2620cfe32d96b096e1f3d26aa	5.9.2	2.55.0	1000	150	clean	68	5.603	5.603	0	1	0	na	1788357095.429392	1788357095.589628	286238039	286238251
2026-09-02T13:49:41Z	8dc0b5fea25671d6745a556bffb740d3866e189c	352c096f011eb282f12e6d4c12281340fac96b635a2879cc065d7637a6592872	direct-git	control	2.55.0	2264a8042763edf2620cfe32d96b096e1f3d26aa	5.9.2	2.55.0	1000	150	clean	69	5.148	5.148	0	1	0	na	1788357095.750274	1788357095.910203	286238424	286238586
2026-09-02T13:49:41Z	8dc0b5fea25671d6745a556bffb740d3866e189c	352c096f011eb282f12e6d4c12281340fac96b635a2879cc065d7637a6592872	direct-git	control	2.55.0	2264a8042763edf2620cfe32d96b096e1f3d26aa	5.9.2	2.55.0	1000	150	clean	70	5.157	5.157	0	1	0	na	1788357096.071394	1788357096.231260	286238778	286238968
2026-09-02T13:49:41Z	8dc0b5fea25671d6745a556bffb740d3866e189c	352c096f011eb282f12e6d4c12281340fac96b635a2879cc065d7637a6592872	direct-git	control	2.55.0	2264a8042763edf2620cfe32d96b096e1f3d26aa	5.9.2	2.55.0	1000	150	clean	71	5.185	5.185	0	1	0	na	1788357096.392688	1788357096.552464	286239174	286239384
2026-09-02T13:49:41Z	8dc0b5fea25671d6745a556bffb740d3866e189c	352c096f011eb282f12e6d4c12281340fac96b635a2879cc065d7637a6592872	direct-git	control	2.55.0	2264a8042763edf2620cfe32d96b096e1f3d26aa	5.9.2	2.55.0	1000	150	clean	72	5.390	5.390	0	1	0	na	1788357096.713609	1788357096.873749	286239577	286239833
2026-09-02T13:49:41Z	8dc0b5fea25671d6745a556bffb740d3866e189c	352c096f011eb282f12e6d4c12281340fac96b635a2879cc065d7637a6592872	direct-git	control	2.55.0	2264a8042763edf2620cfe32d96b096e1f3d26aa	5.9.2	2.55.0	1000	150	clean	73	5.231	5.231	0	1	0	na	1788357097.035228	1788357097.195135	286240051	286240276
2026-09-02T13:49:41Z	8dc0b5fea25671d6745a556bffb740d3866e189c	352c096f011eb282f12e6d4c12281340fac96b635a2879cc065d7637a6592872	direct-git	control	2.55.0	2264a8042763edf2620cfe32d96b096e1f3d26aa	5.9.2	2.55.0	1000	150	clean	74	5.335	5.335	0	1	0	na	1788357097.356218	1788357097.516119	286240466	286240703
2026-09-02T13:49:41Z	8dc0b5fea25671d6745a556bffb740d3866e189c	352c096f011eb282f12e6d4c12281340fac96b635a2879cc065d7637a6592872	direct-git	control	2.55.0	2264a8042763edf2620cfe32d96b096e1f3d26aa	5.9.2	2.55.0	1000	150	clean	75	5.570	5.570	0	1	0	na	1788357097.677572	1788357097.838038	286240930	286241628
2026-09-02T13:49:41Z	8dc0b5fea25671d6745a556bffb740d3866e189c	352c096f011eb282f12e6d4c12281340fac96b635a2879cc065d7637a6592872	direct-git	control	2.55.0	2264a8042763edf2620cfe32d96b096e1f3d26aa	5.9.2	2.55.0	1000	150	clean	76	5.662	5.662	0	1	0	na	1788357097.999424	1788357098.160056	286241846	286242031
2026-09-02T13:49:41Z	8dc0b5fea25671d6745a556bffb740d3866e189c	352c096f011eb282f12e6d4c12281340fac96b635a2879cc065d7637a6592872	direct-git	control	2.55.0	2264a8042763edf2620cfe32d96b096e1f3d26aa	5.9.2	2.55.0	1000	150	clean	77	5.405	5.405	0	1	0	na	1788357098.321653	1788357098.481968	286242223	286242459
2026-09-02T13:49:41Z	8dc0b5fea25671d6745a556bffb740d3866e189c	352c096f011eb282f12e6d4c12281340fac96b635a2879cc065d7637a6592872	direct-git	control	2.55.0	2264a8042763edf2620cfe32d96b096e1f3d26aa	5.9.2	2.55.0	1000	150	clean	78	5.136	5.136	0	1	0	na	1788357098.643462	1788357098.803360	286242681	286243165
2026-09-02T13:49:41Z	8dc0b5fea25671d6745a556bffb740d3866e189c	352c096f011eb282f12e6d4c12281340fac96b635a2879cc065d7637a6592872	direct-git	control	2.55.0	2264a8042763edf2620cfe32d96b096e1f3d26aa	5.9.2	2.55.0	1000	150	clean	79	5.534	5.534	0	1	0	na	1788357098.965284	1788357099.125577	286243355	286243516
2026-09-02T13:49:41Z	8dc0b5fea25671d6745a556bffb740d3866e189c	352c096f011eb282f12e6d4c12281340fac96b635a2879cc065d7637a6592872	direct-git	control	2.55.0	2264a8042763edf2620cfe32d96b096e1f3d26aa	5.9.2	2.55.0	1000	150	clean	80	5.202	5.202	0	1	0	na	1788357099.287160	1788357099.447424	286243697	286243866
2026-09-02T13:49:41Z	8dc0b5fea25671d6745a556bffb740d3866e189c	352c096f011eb282f12e6d4c12281340fac96b635a2879cc065d7637a6592872	direct-git	control	2.55.0	2264a8042763edf2620cfe32d96b096e1f3d26aa	5.9.2	2.55.0	1000	150	clean	81	5.680	5.680	0	1	0	na	1788357099.609354	1788357099.769818	286244066	286244273
2026-09-02T13:49:41Z	8dc0b5fea25671d6745a556bffb740d3866e189c	352c096f011eb282f12e6d4c12281340fac96b635a2879cc065d7637a6592872	direct-git	control	2.55.0	2264a8042763edf2620cfe32d96b096e1f3d26aa	5.9.2	2.55.0	1000	150	clean	82	5.707	5.707	0	1	0	na	1788357099.931708	1788357100.092312	286244492	286244701
2026-09-02T13:49:41Z	8dc0b5fea25671d6745a556bffb740d3866e189c	352c096f011eb282f12e6d4c12281340fac96b635a2879cc065d7637a6592872	direct-git	control	2.55.0	2264a8042763edf2620cfe32d96b096e1f3d26aa	5.9.2	2.55.0	1000	150	clean	83	5.986	5.986	0	1	0	na	1788357100.254891	1788357100.416229	286245177	286245415
2026-09-02T13:49:41Z	8dc0b5fea25671d6745a556bffb740d3866e189c	352c096f011eb282f12e6d4c12281340fac96b635a2879cc065d7637a6592872	direct-git	control	2.55.0	2264a8042763edf2620cfe32d96b096e1f3d26aa	5.9.2	2.55.0	1000	150	clean	84	5.420	5.420	0	1	0	na	1788357100.578397	1788357100.738974	286245603	286245847
2026-09-02T13:49:41Z	8dc0b5fea25671d6745a556bffb740d3866e189c	352c096f011eb282f12e6d4c12281340fac96b635a2879cc065d7637a6592872	direct-git	control	2.55.0	2264a8042763edf2620cfe32d96b096e1f3d26aa	5.9.2	2.55.0	1000	150	clean	85	5.804	5.804	0	1	0	na	1788357100.900447	1788357101.061303	286246290	286246600
2026-09-02T13:49:41Z	8dc0b5fea25671d6745a556bffb740d3866e189c	352c096f011eb282f12e6d4c12281340fac96b635a2879cc065d7637a6592872	direct-git	control	2.55.0	2264a8042763edf2620cfe32d96b096e1f3d26aa	5.9.2	2.55.0	1000	150	clean	86	5.528	5.528	0	1	0	na	1788357101.222983	1788357101.383450	286246832	286247131
2026-09-02T13:49:41Z	8dc0b5fea25671d6745a556bffb740d3866e189c	352c096f011eb282f12e6d4c12281340fac96b635a2879cc065d7637a6592872	direct-git	control	2.55.0	2264a8042763edf2620cfe32d96b096e1f3d26aa	5.9.2	2.55.0	1000	150	clean	87	5.671	5.671	0	1	0	na	1788357101.545216	1788357101.706121	286247436	286247672
2026-09-02T13:49:41Z	8dc0b5fea25671d6745a556bffb740d3866e189c	352c096f011eb282f12e6d4c12281340fac96b635a2879cc065d7637a6592872	direct-git	control	2.55.0	2264a8042763edf2620cfe32d96b096e1f3d26aa	5.9.2	2.55.0	1000	150	clean	88	5.859	5.859	0	1	0	na	1788357101.867667	1788357102.028718	286247930	286248185
2026-09-02T13:49:41Z	8dc0b5fea25671d6745a556bffb740d3866e189c	352c096f011eb282f12e6d4c12281340fac96b635a2879cc065d7637a6592872	direct-git	control	2.55.0	2264a8042763edf2620cfe32d96b096e1f3d26aa	5.9.2	2.55.0	1000	150	clean	89	5.665	5.665	0	1	0	na	1788357102.190399	1788357102.351280	286248448	286248697
2026-09-02T13:49:41Z	8dc0b5fea25671d6745a556bffb740d3866e189c	352c096f011eb282f12e6d4c12281340fac96b635a2879cc065d7637a6592872	direct-git	control	2.55.0	2264a8042763edf2620cfe32d96b096e1f3d26aa	5.9.2	2.55.0	1000	150	clean	90	5.624	5.624	0	1	0	na	1788357102.513219	1788357102.674067	286248864	286249061
2026-09-02T13:49:41Z	8dc0b5fea25671d6745a556bffb740d3866e189c	352c096f011eb282f12e6d4c12281340fac96b635a2879cc065d7637a6592872	direct-git	control	2.55.0	2264a8042763edf2620cfe32d96b096e1f3d26aa	5.9.2	2.55.0	1000	150	clean	91	5.476	5.476	0	1	0	na	1788357102.836607	1788357102.996908	286249335	286249565
2026-09-02T13:49:41Z	8dc0b5fea25671d6745a556bffb740d3866e189c	352c096f011eb282f12e6d4c12281340fac96b635a2879cc065d7637a6592872	direct-git	control	2.55.0	2264a8042763edf2620cfe32d96b096e1f3d26aa	5.9.2	2.55.0	1000	150	clean	92	5.259	5.259	0	1	0	na	1788357103.159113	1788357103.319546	286249825	286250027
2026-09-02T13:49:41Z	8dc0b5fea25671d6745a556bffb740d3866e189c	352c096f011eb282f12e6d4c12281340fac96b635a2879cc065d7637a6592872	direct-git	control	2.55.0	2264a8042763edf2620cfe32d96b096e1f3d26aa	5.9.2	2.55.0	1000	150	clean	93	5.297	5.297	0	1	0	na	1788357103.481638	1788357103.642086	286250228	286250477
2026-09-02T13:49:41Z	8dc0b5fea25671d6745a556bffb740d3866e189c	352c096f011eb282f12e6d4c12281340fac96b635a2879cc065d7637a6592872	direct-git	control	2.55.0	2264a8042763edf2620cfe32d96b096e1f3d26aa	5.9.2	2.55.0	1000	150	clean	94	5.256	5.256	0	1	0	na	1788357103.803707	1788357103.964610	286250784	286251015
2026-09-02T13:49:41Z	8dc0b5fea25671d6745a556bffb740d3866e189c	352c096f011eb282f12e6d4c12281340fac96b635a2879cc065d7637a6592872	direct-git	control	2.55.0	2264a8042763edf2620cfe32d96b096e1f3d26aa	5.9.2	2.55.0	1000	150	clean	95	5.526	5.526	0	1	0	na	1788357104.127198	1788357104.287939	286251288	286251490
2026-09-02T13:49:41Z	8dc0b5fea25671d6745a556bffb740d3866e189c	352c096f011eb282f12e6d4c12281340fac96b635a2879cc065d7637a6592872	direct-git	control	2.55.0	2264a8042763edf2620cfe32d96b096e1f3d26aa	5.9.2	2.55.0	1000	150	clean	96	5.365	5.365	0	1	0	na	1788357104.450167	1788357104.611138	286251679	286251936
2026-09-02T13:49:41Z	8dc0b5fea25671d6745a556bffb740d3866e189c	352c096f011eb282f12e6d4c12281340fac96b635a2879cc065d7637a6592872	direct-git	control	2.55.0	2264a8042763edf2620cfe32d96b096e1f3d26aa	5.9.2	2.55.0	1000	150	clean	97	5.468	5.468	0	1	0	na	1788357104.773587	1788357104.934392	286252399	286252602
2026-09-02T13:49:41Z	8dc0b5fea25671d6745a556bffb740d3866e189c	352c096f011eb282f12e6d4c12281340fac96b635a2879cc065d7637a6592872	direct-git	control	2.55.0	2264a8042763edf2620cfe32d96b096e1f3d26aa	5.9.2	2.55.0	1000	150	clean	98	5.194	5.194	0	1	0	na	1788357105.096551	1788357105.256937	286252821	286253090
2026-09-02T13:49:41Z	8dc0b5fea25671d6745a556bffb740d3866e189c	352c096f011eb282f12e6d4c12281340fac96b635a2879cc065d7637a6592872	direct-git	control	2.55.0	2264a8042763edf2620cfe32d96b096e1f3d26aa	5.9.2	2.55.0	1000	150	clean	99	5.192	5.192	0	1	0	na	1788357105.419073	1788357105.579676	286253283	286253450
2026-09-02T13:49:41Z	8dc0b5fea25671d6745a556bffb740d3866e189c	352c096f011eb282f12e6d4c12281340fac96b635a2879cc065d7637a6592872	direct-git	control	2.55.0	2264a8042763edf2620cfe32d96b096e1f3d26aa	5.9.2	2.55.0	1000	150	clean	100	5.727	5.727	0	1	0	na	1788357105.741967	1788357105.903217	286253951	286254217
2026-09-02T13:49:41Z	8dc0b5fea25671d6745a556bffb740d3866e189c	352c096f011eb282f12e6d4c12281340fac96b635a2879cc065d7637a6592872	direct-git	control	2.55.0	2264a8042763edf2620cfe32d96b096e1f3d26aa	5.9.2	2.55.0	1000	150	dirty	1	5.699	5.699	0	1	0	na	1788357106.085055	1788357106.246412	286254489	286254704
2026-09-02T13:49:41Z	8dc0b5fea25671d6745a556bffb740d3866e189c	352c096f011eb282f12e6d4c12281340fac96b635a2879cc065d7637a6592872	direct-git	control	2.55.0	2264a8042763edf2620cfe32d96b096e1f3d26aa	5.9.2	2.55.0	1000	150	dirty	2	5.449	5.449	0	1	0	na	1788357106.409082	1788357106.570110	286254951	286255130
2026-09-02T13:49:41Z	8dc0b5fea25671d6745a556bffb740d3866e189c	352c096f011eb282f12e6d4c12281340fac96b635a2879cc065d7637a6592872	direct-git	control	2.55.0	2264a8042763edf2620cfe32d96b096e1f3d26aa	5.9.2	2.55.0	1000	150	dirty	3	5.369	5.369	0	1	0	na	1788357106.732084	1788357106.893036	286255306	286255537
2026-09-02T13:49:41Z	8dc0b5fea25671d6745a556bffb740d3866e189c	352c096f011eb282f12e6d4c12281340fac96b635a2879cc065d7637a6592872	direct-git	control	2.55.0	2264a8042763edf2620cfe32d96b096e1f3d26aa	5.9.2	2.55.0	1000	150	dirty	4	5.201	5.201	0	1	0	na	1788357107.055767	1788357107.216484	286255778	286256000
2026-09-02T13:49:41Z	8dc0b5fea25671d6745a556bffb740d3866e189c	352c096f011eb282f12e6d4c12281340fac96b635a2879cc065d7637a6592872	direct-git	control	2.55.0	2264a8042763edf2620cfe32d96b096e1f3d26aa	5.9.2	2.55.0	1000	150	dirty	5	5.364	5.364	0	1	0	na	1788357107.379280	1788357107.540282	286256631	286256761
2026-09-02T13:49:41Z	8dc0b5fea25671d6745a556bffb740d3866e189c	352c096f011eb282f12e6d4c12281340fac96b635a2879cc065d7637a6592872	direct-git	control	2.55.0	2264a8042763edf2620cfe32d96b096e1f3d26aa	5.9.2	2.55.0	1000	150	dirty	6	5.488	5.488	0	1	0	na	1788357107.703220	1788357107.864355	286256915	286257181
2026-09-02T13:49:41Z	8dc0b5fea25671d6745a556bffb740d3866e189c	352c096f011eb282f12e6d4c12281340fac96b635a2879cc065d7637a6592872	direct-git	control	2.55.0	2264a8042763edf2620cfe32d96b096e1f3d26aa	5.9.2	2.55.0	1000	150	dirty	7	5.917	5.917	0	1	0	na	1788357108.026746	1788357108.188097	286257392	286257615
2026-09-02T13:49:41Z	8dc0b5fea25671d6745a556bffb740d3866e189c	352c096f011eb282f12e6d4c12281340fac96b635a2879cc065d7637a6592872	direct-git	control	2.55.0	2264a8042763edf2620cfe32d96b096e1f3d26aa	5.9.2	2.55.0	1000	150	dirty	8	5.445	5.445	0	1	0	na	1788357108.350396	1788357108.511505	286257831	286258045
2026-09-02T13:49:41Z	8dc0b5fea25671d6745a556bffb740d3866e189c	352c096f011eb282f12e6d4c12281340fac96b635a2879cc065d7637a6592872	direct-git	control	2.55.0	2264a8042763edf2620cfe32d96b096e1f3d26aa	5.9.2	2.55.0	1000	150	dirty	9	5.257	5.257	0	1	0	na	1788357108.673900	1788357108.834620	286258232	286258421
2026-09-02T13:49:41Z	8dc0b5fea25671d6745a556bffb740d3866e189c	352c096f011eb282f12e6d4c12281340fac96b635a2879cc065d7637a6592872	direct-git	control	2.55.0	2264a8042763edf2620cfe32d96b096e1f3d26aa	5.9.2	2.55.0	1000	150	dirty	10	5.275	5.275	0	1	0	na	1788357108.997472	1788357109.158268	286258641	286258849
2026-09-02T13:49:41Z	8dc0b5fea25671d6745a556bffb740d3866e189c	352c096f011eb282f12e6d4c12281340fac96b635a2879cc065d7637a6592872	direct-git	control	2.55.0	2264a8042763edf2620cfe32d96b096e1f3d26aa	5.9.2	2.55.0	1000	150	dirty	11	5.657	5.657	0	1	0	na	1788357109.320596	1788357109.481764	286259137	286259367
2026-09-02T13:49:41Z	8dc0b5fea25671d6745a556bffb740d3866e189c	352c096f011eb282f12e6d4c12281340fac96b635a2879cc065d7637a6592872	direct-git	control	2.55.0	2264a8042763edf2620cfe32d96b096e1f3d26aa	5.9.2	2.55.0	1000	150	dirty	12	5.226	5.226	0	1	0	na	1788357109.643957	1788357109.804767	286259567	286259792
2026-09-02T13:49:41Z	8dc0b5fea25671d6745a556bffb740d3866e189c	352c096f011eb282f12e6d4c12281340fac96b635a2879cc065d7637a6592872	direct-git	control	2.55.0	2264a8042763edf2620cfe32d96b096e1f3d26aa	5.9.2	2.55.0	1000	150	dirty	13	5.701	5.701	0	1	0	na	1788357109.967852	1788357110.128973	286259995	286260222
2026-09-02T13:49:41Z	8dc0b5fea25671d6745a556bffb740d3866e189c	352c096f011eb282f12e6d4c12281340fac96b635a2879cc065d7637a6592872	direct-git	control	2.55.0	2264a8042763edf2620cfe32d96b096e1f3d26aa	5.9.2	2.55.0	1000	150	dirty	14	5.344	5.344	0	1	0	na	1788357110.291517	1788357110.452315	286260405	286260623
2026-09-02T13:49:41Z	8dc0b5fea25671d6745a556bffb740d3866e189c	352c096f011eb282f12e6d4c12281340fac96b635a2879cc065d7637a6592872	direct-git	control	2.55.0	2264a8042763edf2620cfe32d96b096e1f3d26aa	5.9.2	2.55.0	1000	150	dirty	15	5.194	5.194	0	1	0	na	1788357110.614540	1788357110.775333	286260790	286260973
2026-09-02T13:49:41Z	8dc0b5fea25671d6745a556bffb740d3866e189c	352c096f011eb282f12e6d4c12281340fac96b635a2879cc065d7637a6592872	direct-git	control	2.55.0	2264a8042763edf2620cfe32d96b096e1f3d26aa	5.9.2	2.55.0	1000	150	dirty	16	5.485	5.485	0	1	0	na	1788357110.938062	1788357111.099060	286261194	286261465
2026-09-02T13:49:41Z	8dc0b5fea25671d6745a556bffb740d3866e189c	352c096f011eb282f12e6d4c12281340fac96b635a2879cc065d7637a6592872	direct-git	control	2.55.0	2264a8042763edf2620cfe32d96b096e1f3d26aa	5.9.2	2.55.0	1000	150	dirty	17	5.537	5.537	0	1	0	na	1788357111.262060	1788357111.423296	286262085	286262384
2026-09-02T13:49:41Z	8dc0b5fea25671d6745a556bffb740d3866e189c	352c096f011eb282f12e6d4c12281340fac96b635a2879cc065d7637a6592872	direct-git	control	2.55.0	2264a8042763edf2620cfe32d96b096e1f3d26aa	5.9.2	2.55.0	1000	150	dirty	18	5.618	5.618	0	1	0	na	1788357111.585996	1788357111.747318	286262556	286262774
2026-09-02T13:49:41Z	8dc0b5fea25671d6745a556bffb740d3866e189c	352c096f011eb282f12e6d4c12281340fac96b635a2879cc065d7637a6592872	direct-git	control	2.55.0	2264a8042763edf2620cfe32d96b096e1f3d26aa	5.9.2	2.55.0	1000	150	dirty	19	5.591	5.591	0	1	0	na	1788357111.910518	1788357112.072051	286263035	286263282
2026-09-02T13:49:41Z	8dc0b5fea25671d6745a556bffb740d3866e189c	352c096f011eb282f12e6d4c12281340fac96b635a2879cc065d7637a6592872	direct-git	control	2.55.0	2264a8042763edf2620cfe32d96b096e1f3d26aa	5.9.2	2.55.0	1000	150	dirty	20	5.461	5.461	0	1	0	na	1788357112.234653	1788357112.395546	286263500	286263651
2026-09-02T13:49:41Z	8dc0b5fea25671d6745a556bffb740d3866e189c	352c096f011eb282f12e6d4c12281340fac96b635a2879cc065d7637a6592872	direct-git	control	2.55.0	2264a8042763edf2620cfe32d96b096e1f3d26aa	5.9.2	2.55.0	1000	150	dirty	21	5.236	5.236	0	1	0	na	1788357112.557946	1788357112.718995	286263867	286264075
2026-09-02T13:49:41Z	8dc0b5fea25671d6745a556bffb740d3866e189c	352c096f011eb282f12e6d4c12281340fac96b635a2879cc065d7637a6592872	direct-git	control	2.55.0	2264a8042763edf2620cfe32d96b096e1f3d26aa	5.9.2	2.55.0	1000	150	dirty	22	5.736	5.736	0	1	0	na	1788357112.882266	1788357113.043631	286264382	286264661
2026-09-02T13:49:41Z	8dc0b5fea25671d6745a556bffb740d3866e189c	352c096f011eb282f12e6d4c12281340fac96b635a2879cc065d7637a6592872	direct-git	control	2.55.0	2264a8042763edf2620cfe32d96b096e1f3d26aa	5.9.2	2.55.0	1000	150	dirty	23	5.457	5.457	0	1	0	na	1788357113.206684	1788357113.368024	286264863	286265074
2026-09-02T13:49:41Z	8dc0b5fea25671d6745a556bffb740d3866e189c	352c096f011eb282f12e6d4c12281340fac96b635a2879cc065d7637a6592872	direct-git	control	2.55.0	2264a8042763edf2620cfe32d96b096e1f3d26aa	5.9.2	2.55.0	1000	150	dirty	24	5.525	5.525	0	1	0	na	1788357113.530931	1788357113.692373	286265307	286265550
2026-09-02T13:49:41Z	8dc0b5fea25671d6745a556bffb740d3866e189c	352c096f011eb282f12e6d4c12281340fac96b635a2879cc065d7637a6592872	direct-git	control	2.55.0	2264a8042763edf2620cfe32d96b096e1f3d26aa	5.9.2	2.55.0	1000	150	dirty	25	5.233	5.233	0	1	0	na	1788357113.855195	1788357114.016234	286265800	286266034
2026-09-02T13:49:41Z	8dc0b5fea25671d6745a556bffb740d3866e189c	352c096f011eb282f12e6d4c12281340fac96b635a2879cc065d7637a6592872	direct-git	control	2.55.0	2264a8042763edf2620cfe32d96b096e1f3d26aa	5.9.2	2.55.0	1000	150	dirty	26	5.444	5.444	0	1	0	na	1788357114.178854	1788357114.340259	286266269	286266484
2026-09-02T13:49:41Z	8dc0b5fea25671d6745a556bffb740d3866e189c	352c096f011eb282f12e6d4c12281340fac96b635a2879cc065d7637a6592872	direct-git	control	2.55.0	2264a8042763edf2620cfe32d96b096e1f3d26aa	5.9.2	2.55.0	1000	150	dirty	27	5.398	5.398	0	1	0	na	1788357114.503682	1788357114.664865	286266708	286266920
2026-09-02T13:49:41Z	8dc0b5fea25671d6745a556bffb740d3866e189c	352c096f011eb282f12e6d4c12281340fac96b635a2879cc065d7637a6592872	direct-git	control	2.55.0	2264a8042763edf2620cfe32d96b096e1f3d26aa	5.9.2	2.55.0	1000	150	dirty	28	5.723	5.723	0	1	0	na	1788357114.828115	1788357114.990755	286267174	286267383
2026-09-02T13:49:41Z	8dc0b5fea25671d6745a556bffb740d3866e189c	352c096f011eb282f12e6d4c12281340fac96b635a2879cc065d7637a6592872	direct-git	control	2.55.0	2264a8042763edf2620cfe32d96b096e1f3d26aa	5.9.2	2.55.0	1000	150	dirty	29	5.532	5.532	0	1	0	na	1788357115.154038	1788357115.315244	286267618	286267815
2026-09-02T13:49:41Z	8dc0b5fea25671d6745a556bffb740d3866e189c	352c096f011eb282f12e6d4c12281340fac96b635a2879cc065d7637a6592872	direct-git	control	2.55.0	2264a8042763edf2620cfe32d96b096e1f3d26aa	5.9.2	2.55.0	1000	150	dirty	30	5.426	5.426	0	1	0	na	1788357115.477753	1788357115.639155	286268050	286268290
2026-09-02T13:49:41Z	8dc0b5fea25671d6745a556bffb740d3866e189c	352c096f011eb282f12e6d4c12281340fac96b635a2879cc065d7637a6592872	direct-git	control	2.55.0	2264a8042763edf2620cfe32d96b096e1f3d26aa	5.9.2	2.55.0	1000	150	dirty	31	5.527	5.527	0	1	0	na	1788357115.802333	1788357115.963881	286268535	286268722
2026-09-02T13:49:41Z	8dc0b5fea25671d6745a556bffb740d3866e189c	352c096f011eb282f12e6d4c12281340fac96b635a2879cc065d7637a6592872	direct-git	control	2.55.0	2264a8042763edf2620cfe32d96b096e1f3d26aa	5.9.2	2.55.0	1000	150	dirty	32	5.089	5.089	0	1	0	na	1788357116.127352	1788357116.288262	286268929	286269140
2026-09-02T13:49:41Z	8dc0b5fea25671d6745a556bffb740d3866e189c	352c096f011eb282f12e6d4c12281340fac96b635a2879cc065d7637a6592872	direct-git	control	2.55.0	2264a8042763edf2620cfe32d96b096e1f3d26aa	5.9.2	2.55.0	1000	150	dirty	33	5.355	5.355	0	1	0	na	1788357116.451559	1788357116.612762	286269306	286269540
2026-09-02T13:49:41Z	8dc0b5fea25671d6745a556bffb740d3866e189c	352c096f011eb282f12e6d4c12281340fac96b635a2879cc065d7637a6592872	direct-git	control	2.55.0	2264a8042763edf2620cfe32d96b096e1f3d26aa	5.9.2	2.55.0	1000	150	dirty	34	5.437	5.437	0	1	0	na	1788357116.776232	1788357116.937864	286269763	286269999
2026-09-02T13:49:41Z	8dc0b5fea25671d6745a556bffb740d3866e189c	352c096f011eb282f12e6d4c12281340fac96b635a2879cc065d7637a6592872	direct-git	control	2.55.0	2264a8042763edf2620cfe32d96b096e1f3d26aa	5.9.2	2.55.0	1000	150	dirty	35	5.260	5.260	0	1	0	na	1788357117.101312	1788357117.262596	286270229	286270406
2026-09-02T13:49:41Z	8dc0b5fea25671d6745a556bffb740d3866e189c	352c096f011eb282f12e6d4c12281340fac96b635a2879cc065d7637a6592872	direct-git	control	2.55.0	2264a8042763edf2620cfe32d96b096e1f3d26aa	5.9.2	2.55.0	1000	150	dirty	36	5.763	5.763	0	1	0	na	1788357117.426400	1788357117.588811	286270591	286270805
2026-09-02T13:49:41Z	8dc0b5fea25671d6745a556bffb740d3866e189c	352c096f011eb282f12e6d4c12281340fac96b635a2879cc065d7637a6592872	direct-git	control	2.55.0	2264a8042763edf2620cfe32d96b096e1f3d26aa	5.9.2	2.55.0	1000	150	dirty	37	5.294	5.294	0	1	0	na	1788357117.752534	1788357117.914079	286270983	286271135
2026-09-02T13:49:41Z	8dc0b5fea25671d6745a556bffb740d3866e189c	352c096f011eb282f12e6d4c12281340fac96b635a2879cc065d7637a6592872	direct-git	control	2.55.0	2264a8042763edf2620cfe32d96b096e1f3d26aa	5.9.2	2.55.0	1000	150	dirty	38	5.475	5.475	0	1	0	na	1788357118.077523	1788357118.239360	286271325	286271587
2026-09-02T13:49:41Z	8dc0b5fea25671d6745a556bffb740d3866e189c	352c096f011eb282f12e6d4c12281340fac96b635a2879cc065d7637a6592872	direct-git	control	2.55.0	2264a8042763edf2620cfe32d96b096e1f3d26aa	5.9.2	2.55.0	1000	150	dirty	39	5.312	5.312	0	1	0	na	1788357118.403005	1788357118.564476	286271794	286271972
2026-09-02T13:49:41Z	8dc0b5fea25671d6745a556bffb740d3866e189c	352c096f011eb282f12e6d4c12281340fac96b635a2879cc065d7637a6592872	direct-git	control	2.55.0	2264a8042763edf2620cfe32d96b096e1f3d26aa	5.9.2	2.55.0	1000	150	dirty	40	5.540	5.540	0	1	0	na	1788357118.728033	1788357118.889867	286272214	286272545
2026-09-02T13:49:41Z	8dc0b5fea25671d6745a556bffb740d3866e189c	352c096f011eb282f12e6d4c12281340fac96b635a2879cc065d7637a6592872	direct-git	control	2.55.0	2264a8042763edf2620cfe32d96b096e1f3d26aa	5.9.2	2.55.0	1000	150	dirty	41	5.542	5.542	0	1	0	na	1788357119.053638	1788357119.215440	286272768	286272978
2026-09-02T13:49:41Z	8dc0b5fea25671d6745a556bffb740d3866e189c	352c096f011eb282f12e6d4c12281340fac96b635a2879cc065d7637a6592872	direct-git	control	2.55.0	2264a8042763edf2620cfe32d96b096e1f3d26aa	5.9.2	2.55.0	1000	150	dirty	42	5.443	5.443	0	1	0	na	1788357119.378929	1788357119.540710	286273179	286273360
2026-09-02T13:49:41Z	8dc0b5fea25671d6745a556bffb740d3866e189c	352c096f011eb282f12e6d4c12281340fac96b635a2879cc065d7637a6592872	direct-git	control	2.55.0	2264a8042763edf2620cfe32d96b096e1f3d26aa	5.9.2	2.55.0	1000	150	dirty	43	5.397	5.397	0	1	0	na	1788357119.704513	1788357119.866284	286273590	286273764
2026-09-02T13:49:41Z	8dc0b5fea25671d6745a556bffb740d3866e189c	352c096f011eb282f12e6d4c12281340fac96b635a2879cc065d7637a6592872	direct-git	control	2.55.0	2264a8042763edf2620cfe32d96b096e1f3d26aa	5.9.2	2.55.0	1000	150	dirty	44	5.633	5.633	0	1	0	na	1788357120.030260	1788357120.192031	286273978	286274220
2026-09-02T13:49:41Z	8dc0b5fea25671d6745a556bffb740d3866e189c	352c096f011eb282f12e6d4c12281340fac96b635a2879cc065d7637a6592872	direct-git	control	2.55.0	2264a8042763edf2620cfe32d96b096e1f3d26aa	5.9.2	2.55.0	1000	150	dirty	45	5.213	5.213	0	1	0	na	1788357120.355571	1788357120.517835	286274536	286274849
2026-09-02T13:49:41Z	8dc0b5fea25671d6745a556bffb740d3866e189c	352c096f011eb282f12e6d4c12281340fac96b635a2879cc065d7637a6592872	direct-git	control	2.55.0	2264a8042763edf2620cfe32d96b096e1f3d26aa	5.9.2	2.55.0	1000	150	dirty	46	5.759	5.759	0	1	0	na	1788357120.682317	1788357120.844191	286275158	286275458
2026-09-02T13:49:41Z	8dc0b5fea25671d6745a556bffb740d3866e189c	352c096f011eb282f12e6d4c12281340fac96b635a2879cc065d7637a6592872	direct-git	control	2.55.0	2264a8042763edf2620cfe32d96b096e1f3d26aa	5.9.2	2.55.0	1000	150	dirty	47	5.387	5.387	0	1	0	na	1788357121.007999	1788357121.169990	286275705	286275986
2026-09-02T13:49:41Z	8dc0b5fea25671d6745a556bffb740d3866e189c	352c096f011eb282f12e6d4c12281340fac96b635a2879cc065d7637a6592872	direct-git	control	2.55.0	2264a8042763edf2620cfe32d96b096e1f3d26aa	5.9.2	2.55.0	1000	150	dirty	48	5.723	5.723	0	1	0	na	1788357121.333862	1788357121.495726	286276171	286276391
2026-09-02T13:49:41Z	8dc0b5fea25671d6745a556bffb740d3866e189c	352c096f011eb282f12e6d4c12281340fac96b635a2879cc065d7637a6592872	direct-git	control	2.55.0	2264a8042763edf2620cfe32d96b096e1f3d26aa	5.9.2	2.55.0	1000	150	dirty	49	5.387	5.387	0	1	0	na	1788357121.659484	1788357121.821096	286276594	286277154
2026-09-02T13:49:41Z	8dc0b5fea25671d6745a556bffb740d3866e189c	352c096f011eb282f12e6d4c12281340fac96b635a2879cc065d7637a6592872	direct-git	control	2.55.0	2264a8042763edf2620cfe32d96b096e1f3d26aa	5.9.2	2.55.0	1000	150	dirty	50	5.208	5.208	0	1	0	na	1788357121.984817	1788357122.146547	286277387	286277792
2026-09-02T13:49:41Z	8dc0b5fea25671d6745a556bffb740d3866e189c	352c096f011eb282f12e6d4c12281340fac96b635a2879cc065d7637a6592872	direct-git	control	2.55.0	2264a8042763edf2620cfe32d96b096e1f3d26aa	5.9.2	2.55.0	1000	150	dirty	51	5.461	5.461	0	1	0	na	1788357122.310945	1788357122.472599	286278139	286278439
2026-09-02T13:49:41Z	8dc0b5fea25671d6745a556bffb740d3866e189c	352c096f011eb282f12e6d4c12281340fac96b635a2879cc065d7637a6592872	direct-git	control	2.55.0	2264a8042763edf2620cfe32d96b096e1f3d26aa	5.9.2	2.55.0	1000	150	dirty	52	5.105	5.105	0	1	0	na	1788357122.636550	1788357122.797858	286278686	286278948
2026-09-02T13:49:41Z	8dc0b5fea25671d6745a556bffb740d3866e189c	352c096f011eb282f12e6d4c12281340fac96b635a2879cc065d7637a6592872	direct-git	control	2.55.0	2264a8042763edf2620cfe32d96b096e1f3d26aa	5.9.2	2.55.0	1000	150	dirty	53	5.698	5.698	0	1	0	na	1788357122.961438	1788357123.123312	286279193	286279412
2026-09-02T13:49:41Z	8dc0b5fea25671d6745a556bffb740d3866e189c	352c096f011eb282f12e6d4c12281340fac96b635a2879cc065d7637a6592872	direct-git	control	2.55.0	2264a8042763edf2620cfe32d96b096e1f3d26aa	5.9.2	2.55.0	1000	150	dirty	54	5.924	5.924	0	1	0	na	1788357123.286890	1788357123.449167	286279637	286279890
2026-09-02T13:49:41Z	8dc0b5fea25671d6745a556bffb740d3866e189c	352c096f011eb282f12e6d4c12281340fac96b635a2879cc065d7637a6592872	direct-git	control	2.55.0	2264a8042763edf2620cfe32d96b096e1f3d26aa	5.9.2	2.55.0	1000	150	dirty	55	5.715	5.715	0	1	0	na	1788357123.613246	1788357123.775352	286280101	286280303
2026-09-02T13:49:41Z	8dc0b5fea25671d6745a556bffb740d3866e189c	352c096f011eb282f12e6d4c12281340fac96b635a2879cc065d7637a6592872	direct-git	control	2.55.0	2264a8042763edf2620cfe32d96b096e1f3d26aa	5.9.2	2.55.0	1000	150	dirty	56	5.603	5.603	0	1	0	na	1788357123.938999	1788357124.101027	286280515	286280727
2026-09-02T13:49:41Z	8dc0b5fea25671d6745a556bffb740d3866e189c	352c096f011eb282f12e6d4c12281340fac96b635a2879cc065d7637a6592872	direct-git	control	2.55.0	2264a8042763edf2620cfe32d96b096e1f3d26aa	5.9.2	2.55.0	1000	150	dirty	57	5.672	5.672	0	1	0	na	1788357124.264820	1788357124.426951	286280928	286281144
2026-09-02T13:49:41Z	8dc0b5fea25671d6745a556bffb740d3866e189c	352c096f011eb282f12e6d4c12281340fac96b635a2879cc065d7637a6592872	direct-git	control	2.55.0	2264a8042763edf2620cfe32d96b096e1f3d26aa	5.9.2	2.55.0	1000	150	dirty	58	5.316	5.316	0	1	0	na	1788357124.592011	1788357124.753973	286281404	286281632
2026-09-02T13:49:41Z	8dc0b5fea25671d6745a556bffb740d3866e189c	352c096f011eb282f12e6d4c12281340fac96b635a2879cc065d7637a6592872	direct-git	control	2.55.0	2264a8042763edf2620cfe32d96b096e1f3d26aa	5.9.2	2.55.0	1000	150	dirty	59	5.388	5.388	0	1	0	na	1788357124.918327	1788357125.080410	286281860	286282080
2026-09-02T13:49:41Z	8dc0b5fea25671d6745a556bffb740d3866e189c	352c096f011eb282f12e6d4c12281340fac96b635a2879cc065d7637a6592872	direct-git	control	2.55.0	2264a8042763edf2620cfe32d96b096e1f3d26aa	5.9.2	2.55.0	1000	150	dirty	60	5.690	5.690	0	1	0	na	1788357125.244317	1788357125.406547	286282373	286282598
2026-09-02T13:49:41Z	8dc0b5fea25671d6745a556bffb740d3866e189c	352c096f011eb282f12e6d4c12281340fac96b635a2879cc065d7637a6592872	direct-git	control	2.55.0	2264a8042763edf2620cfe32d96b096e1f3d26aa	5.9.2	2.55.0	1000	150	dirty	61	5.316	5.316	0	1	0	na	1788357125.571504	1788357125.733281	286282895	286283266
2026-09-02T13:49:41Z	8dc0b5fea25671d6745a556bffb740d3866e189c	352c096f011eb282f12e6d4c12281340fac96b635a2879cc065d7637a6592872	direct-git	control	2.55.0	2264a8042763edf2620cfe32d96b096e1f3d26aa	5.9.2	2.55.0	1000	150	dirty	62	5.539	5.539	0	1	0	na	1788357125.897660	1788357126.059852	286283514	286283738
2026-09-02T13:49:41Z	8dc0b5fea25671d6745a556bffb740d3866e189c	352c096f011eb282f12e6d4c12281340fac96b635a2879cc065d7637a6592872	direct-git	control	2.55.0	2264a8042763edf2620cfe32d96b096e1f3d26aa	5.9.2	2.55.0	1000	150	dirty	63	5.717	5.717	0	1	0	na	1788357126.224303	1788357126.386871	286284019	286284221
2026-09-02T13:49:41Z	8dc0b5fea25671d6745a556bffb740d3866e189c	352c096f011eb282f12e6d4c12281340fac96b635a2879cc065d7637a6592872	direct-git	control	2.55.0	2264a8042763edf2620cfe32d96b096e1f3d26aa	5.9.2	2.55.0	1000	150	dirty	64	5.654	5.654	0	1	0	na	1788357126.551727	1788357126.713881	286284659	286284898
2026-09-02T13:49:41Z	8dc0b5fea25671d6745a556bffb740d3866e189c	352c096f011eb282f12e6d4c12281340fac96b635a2879cc065d7637a6592872	direct-git	control	2.55.0	2264a8042763edf2620cfe32d96b096e1f3d26aa	5.9.2	2.55.0	1000	150	dirty	65	5.140	5.140	0	1	0	na	1788357126.878360	1788357127.039984	286285158	286285326
2026-09-02T13:49:41Z	8dc0b5fea25671d6745a556bffb740d3866e189c	352c096f011eb282f12e6d4c12281340fac96b635a2879cc065d7637a6592872	direct-git	control	2.55.0	2264a8042763edf2620cfe32d96b096e1f3d26aa	5.9.2	2.55.0	1000	150	dirty	66	5.772	5.772	0	1	0	na	1788357127.204318	1788357127.366849	286285528	286285762
2026-09-02T13:49:41Z	8dc0b5fea25671d6745a556bffb740d3866e189c	352c096f011eb282f12e6d4c12281340fac96b635a2879cc065d7637a6592872	direct-git	control	2.55.0	2264a8042763edf2620cfe32d96b096e1f3d26aa	5.9.2	2.55.0	1000	150	dirty	67	5.293	5.293	0	1	0	na	1788357127.531036	1788357127.693023	286285966	286286144
2026-09-02T13:49:41Z	8dc0b5fea25671d6745a556bffb740d3866e189c	352c096f011eb282f12e6d4c12281340fac96b635a2879cc065d7637a6592872	direct-git	control	2.55.0	2264a8042763edf2620cfe32d96b096e1f3d26aa	5.9.2	2.55.0	1000	150	dirty	68	5.773	5.773	0	1	0	na	1788357127.857640	1788357128.020031	286286421	286286684
2026-09-02T13:49:41Z	8dc0b5fea25671d6745a556bffb740d3866e189c	352c096f011eb282f12e6d4c12281340fac96b635a2879cc065d7637a6592872	direct-git	control	2.55.0	2264a8042763edf2620cfe32d96b096e1f3d26aa	5.9.2	2.55.0	1000	150	dirty	69	5.847	5.847	0	1	0	na	1788357128.184535	1788357128.347261	286286946	286287285
2026-09-02T13:49:41Z	8dc0b5fea25671d6745a556bffb740d3866e189c	352c096f011eb282f12e6d4c12281340fac96b635a2879cc065d7637a6592872	direct-git	control	2.55.0	2264a8042763edf2620cfe32d96b096e1f3d26aa	5.9.2	2.55.0	1000	150	dirty	70	5.657	5.657	0	1	0	na	1788357128.511746	1788357128.674217	286287647	286287999
2026-09-02T13:49:41Z	8dc0b5fea25671d6745a556bffb740d3866e189c	352c096f011eb282f12e6d4c12281340fac96b635a2879cc065d7637a6592872	direct-git	control	2.55.0	2264a8042763edf2620cfe32d96b096e1f3d26aa	5.9.2	2.55.0	1000	150	dirty	71	5.795	5.795	0	1	0	na	1788357128.838825	1788357129.001518	286288327	286288522
2026-09-02T13:49:41Z	8dc0b5fea25671d6745a556bffb740d3866e189c	352c096f011eb282f12e6d4c12281340fac96b635a2879cc065d7637a6592872	direct-git	control	2.55.0	2264a8042763edf2620cfe32d96b096e1f3d26aa	5.9.2	2.55.0	1000	150	dirty	72	5.543	5.543	0	1	0	na	1788357129.165555	1788357129.327806	286288998	286289220
2026-09-02T13:49:41Z	8dc0b5fea25671d6745a556bffb740d3866e189c	352c096f011eb282f12e6d4c12281340fac96b635a2879cc065d7637a6592872	direct-git	control	2.55.0	2264a8042763edf2620cfe32d96b096e1f3d26aa	5.9.2	2.55.0	1000	150	dirty	73	5.598	5.598	0	1	0	na	1788357129.492408	1788357129.654855	286289425	286289719
2026-09-02T13:49:41Z	8dc0b5fea25671d6745a556bffb740d3866e189c	352c096f011eb282f12e6d4c12281340fac96b635a2879cc065d7637a6592872	direct-git	control	2.55.0	2264a8042763edf2620cfe32d96b096e1f3d26aa	5.9.2	2.55.0	1000	150	dirty	74	5.738	5.738	0	1	0	na	1788357129.819631	1788357129.982019	286290047	286290367
2026-09-02T13:49:41Z	8dc0b5fea25671d6745a556bffb740d3866e189c	352c096f011eb282f12e6d4c12281340fac96b635a2879cc065d7637a6592872	direct-git	control	2.55.0	2264a8042763edf2620cfe32d96b096e1f3d26aa	5.9.2	2.55.0	1000	150	dirty	75	5.862	5.862	0	1	0	na	1788357130.146778	1788357130.309382	286290672	286290922
2026-09-02T13:49:41Z	8dc0b5fea25671d6745a556bffb740d3866e189c	352c096f011eb282f12e6d4c12281340fac96b635a2879cc065d7637a6592872	direct-git	control	2.55.0	2264a8042763edf2620cfe32d96b096e1f3d26aa	5.9.2	2.55.0	1000	150	dirty	76	5.743	5.743	0	1	0	na	1788357130.473969	1788357130.636284	286291120	286291365
2026-09-02T13:49:41Z	8dc0b5fea25671d6745a556bffb740d3866e189c	352c096f011eb282f12e6d4c12281340fac96b635a2879cc065d7637a6592872	direct-git	control	2.55.0	2264a8042763edf2620cfe32d96b096e1f3d26aa	5.9.2	2.55.0	1000	150	dirty	77	5.919	5.919	0	1	0	na	1788357130.801229	1788357130.963878	286291618	286291866
2026-09-02T13:49:41Z	8dc0b5fea25671d6745a556bffb740d3866e189c	352c096f011eb282f12e6d4c12281340fac96b635a2879cc065d7637a6592872	direct-git	control	2.55.0	2264a8042763edf2620cfe32d96b096e1f3d26aa	5.9.2	2.55.0	1000	150	dirty	78	5.887	5.887	0	1	0	na	1788357131.128561	1788357131.291589	286292147	286292438
2026-09-02T13:49:41Z	8dc0b5fea25671d6745a556bffb740d3866e189c	352c096f011eb282f12e6d4c12281340fac96b635a2879cc065d7637a6592872	direct-git	control	2.55.0	2264a8042763edf2620cfe32d96b096e1f3d26aa	5.9.2	2.55.0	1000	150	dirty	79	5.219	5.219	0	1	0	na	1788357131.456565	1788357131.618719	286292654	286292881
2026-09-02T13:49:41Z	8dc0b5fea25671d6745a556bffb740d3866e189c	352c096f011eb282f12e6d4c12281340fac96b635a2879cc065d7637a6592872	direct-git	control	2.55.0	2264a8042763edf2620cfe32d96b096e1f3d26aa	5.9.2	2.55.0	1000	150	dirty	80	5.209	5.209	0	1	0	na	1788357131.782938	1788357131.945043	286293082	286293344
2026-09-02T13:49:41Z	8dc0b5fea25671d6745a556bffb740d3866e189c	352c096f011eb282f12e6d4c12281340fac96b635a2879cc065d7637a6592872	direct-git	control	2.55.0	2264a8042763edf2620cfe32d96b096e1f3d26aa	5.9.2	2.55.0	1000	150	dirty	81	5.233	5.233	0	1	0	na	1788357132.109814	1788357132.271783	286293578	286293798
2026-09-02T13:49:41Z	8dc0b5fea25671d6745a556bffb740d3866e189c	352c096f011eb282f12e6d4c12281340fac96b635a2879cc065d7637a6592872	direct-git	control	2.55.0	2264a8042763edf2620cfe32d96b096e1f3d26aa	5.9.2	2.55.0	1000	150	dirty	82	5.152	5.152	0	1	0	na	1788357132.436603	1788357132.599419	286294064	286295197
2026-09-02T13:49:41Z	8dc0b5fea25671d6745a556bffb740d3866e189c	352c096f011eb282f12e6d4c12281340fac96b635a2879cc065d7637a6592872	direct-git	control	2.55.0	2264a8042763edf2620cfe32d96b096e1f3d26aa	5.9.2	2.55.0	1000	150	dirty	83	5.644	5.644	0	1	0	na	1788357132.764389	1788357132.926990	286295569	286295983
2026-09-02T13:49:41Z	8dc0b5fea25671d6745a556bffb740d3866e189c	352c096f011eb282f12e6d4c12281340fac96b635a2879cc065d7637a6592872	direct-git	control	2.55.0	2264a8042763edf2620cfe32d96b096e1f3d26aa	5.9.2	2.55.0	1000	150	dirty	84	5.712	5.712	0	1	0	na	1788357133.091998	1788357133.254611	286296358	286296558
2026-09-02T13:49:41Z	8dc0b5fea25671d6745a556bffb740d3866e189c	352c096f011eb282f12e6d4c12281340fac96b635a2879cc065d7637a6592872	direct-git	control	2.55.0	2264a8042763edf2620cfe32d96b096e1f3d26aa	5.9.2	2.55.0	1000	150	dirty	85	5.687	5.687	0	1	0	na	1788357133.419151	1788357133.581785	286296841	286297178
2026-09-02T13:49:41Z	8dc0b5fea25671d6745a556bffb740d3866e189c	352c096f011eb282f12e6d4c12281340fac96b635a2879cc065d7637a6592872	direct-git	control	2.55.0	2264a8042763edf2620cfe32d96b096e1f3d26aa	5.9.2	2.55.0	1000	150	dirty	86	5.376	5.376	0	1	0	na	1788357133.746709	1788357133.909326	286297618	286298254
2026-09-02T13:49:41Z	8dc0b5fea25671d6745a556bffb740d3866e189c	352c096f011eb282f12e6d4c12281340fac96b635a2879cc065d7637a6592872	direct-git	control	2.55.0	2264a8042763edf2620cfe32d96b096e1f3d26aa	5.9.2	2.55.0	1000	150	dirty	87	5.535	5.535	0	1	0	na	1788357134.074422	1788357134.236992	286298535	286298726
2026-09-02T13:49:41Z	8dc0b5fea25671d6745a556bffb740d3866e189c	352c096f011eb282f12e6d4c12281340fac96b635a2879cc065d7637a6592872	direct-git	control	2.55.0	2264a8042763edf2620cfe32d96b096e1f3d26aa	5.9.2	2.55.0	1000	150	dirty	88	5.342	5.342	0	1	0	na	1788357134.402062	1788357134.564811	286298924	286299086
2026-09-02T13:49:41Z	8dc0b5fea25671d6745a556bffb740d3866e189c	352c096f011eb282f12e6d4c12281340fac96b635a2879cc065d7637a6592872	direct-git	control	2.55.0	2264a8042763edf2620cfe32d96b096e1f3d26aa	5.9.2	2.55.0	1000	150	dirty	89	5.791	5.791	0	1	0	na	1788357134.729469	1788357134.892007	286299312	286299540
2026-09-02T13:49:41Z	8dc0b5fea25671d6745a556bffb740d3866e189c	352c096f011eb282f12e6d4c12281340fac96b635a2879cc065d7637a6592872	direct-git	control	2.55.0	2264a8042763edf2620cfe32d96b096e1f3d26aa	5.9.2	2.55.0	1000	150	dirty	90	4.972	4.972	0	1	0	na	1788357135.056662	1788357135.218577	286299763	286299956
2026-09-02T13:49:41Z	8dc0b5fea25671d6745a556bffb740d3866e189c	352c096f011eb282f12e6d4c12281340fac96b635a2879cc065d7637a6592872	direct-git	control	2.55.0	2264a8042763edf2620cfe32d96b096e1f3d26aa	5.9.2	2.55.0	1000	150	dirty	91	5.304	5.304	0	1	0	na	1788357135.383371	1788357135.545402	286300138	286300399
2026-09-02T13:49:41Z	8dc0b5fea25671d6745a556bffb740d3866e189c	352c096f011eb282f12e6d4c12281340fac96b635a2879cc065d7637a6592872	direct-git	control	2.55.0	2264a8042763edf2620cfe32d96b096e1f3d26aa	5.9.2	2.55.0	1000	150	dirty	92	5.967	5.967	0	1	0	na	1788357135.710772	1788357135.874048	286300605	286300912
2026-09-02T13:49:41Z	8dc0b5fea25671d6745a556bffb740d3866e189c	352c096f011eb282f12e6d4c12281340fac96b635a2879cc065d7637a6592872	direct-git	control	2.55.0	2264a8042763edf2620cfe32d96b096e1f3d26aa	5.9.2	2.55.0	1000	150	dirty	93	5.680	5.680	0	1	0	na	1788357136.039674	1788357136.202351	286301096	286301322
2026-09-02T13:49:41Z	8dc0b5fea25671d6745a556bffb740d3866e189c	352c096f011eb282f12e6d4c12281340fac96b635a2879cc065d7637a6592872	direct-git	control	2.55.0	2264a8042763edf2620cfe32d96b096e1f3d26aa	5.9.2	2.55.0	1000	150	dirty	94	5.629	5.629	0	1	0	na	1788357136.367267	1788357136.530054	286301566	286301762
2026-09-02T13:49:41Z	8dc0b5fea25671d6745a556bffb740d3866e189c	352c096f011eb282f12e6d4c12281340fac96b635a2879cc065d7637a6592872	direct-git	control	2.55.0	2264a8042763edf2620cfe32d96b096e1f3d26aa	5.9.2	2.55.0	1000	150	dirty	95	5.983	5.983	0	1	0	na	1788357136.694985	1788357136.858487	286302041	286302407
2026-09-02T13:49:41Z	8dc0b5fea25671d6745a556bffb740d3866e189c	352c096f011eb282f12e6d4c12281340fac96b635a2879cc065d7637a6592872	direct-git	control	2.55.0	2264a8042763edf2620cfe32d96b096e1f3d26aa	5.9.2	2.55.0	1000	150	dirty	96	5.677	5.677	0	1	0	na	1788357137.023729	1788357137.186575	286302616	286302841
2026-09-02T13:49:41Z	8dc0b5fea25671d6745a556bffb740d3866e189c	352c096f011eb282f12e6d4c12281340fac96b635a2879cc065d7637a6592872	direct-git	control	2.55.0	2264a8042763edf2620cfe32d96b096e1f3d26aa	5.9.2	2.55.0	1000	150	dirty	97	5.144	5.144	0	1	0	na	1788357137.351766	1788357137.514026	286303158	286303382
2026-09-02T13:49:41Z	8dc0b5fea25671d6745a556bffb740d3866e189c	352c096f011eb282f12e6d4c12281340fac96b635a2879cc065d7637a6592872	direct-git	control	2.55.0	2264a8042763edf2620cfe32d96b096e1f3d26aa	5.9.2	2.55.0	1000	150	dirty	98	6.047	6.047	0	1	0	na	1788357137.679962	1788357137.843749	286303774	286304135
2026-09-02T13:49:41Z	8dc0b5fea25671d6745a556bffb740d3866e189c	352c096f011eb282f12e6d4c12281340fac96b635a2879cc065d7637a6592872	direct-git	control	2.55.0	2264a8042763edf2620cfe32d96b096e1f3d26aa	5.9.2	2.55.0	1000	150	dirty	99	5.376	5.376	0	1	0	na	1788357138.009379	1788357138.172181	286304348	286304550
2026-09-02T13:49:41Z	8dc0b5fea25671d6745a556bffb740d3866e189c	352c096f011eb282f12e6d4c12281340fac96b635a2879cc065d7637a6592872	direct-git	control	2.55.0	2264a8042763edf2620cfe32d96b096e1f3d26aa	5.9.2	2.55.0	1000	150	dirty	100	5.599	5.599	0	1	0	na	1788357138.338150	1788357138.501509	286305235	286305421
2026-09-02T13:49:41Z	8dc0b5fea25671d6745a556bffb740d3866e189c	352c096f011eb282f12e6d4c12281340fac96b635a2879cc065d7637a6592872	direct-git	control	2.55.0	2264a8042763edf2620cfe32d96b096e1f3d26aa	5.9.2	2.55.0	1000	150	untracked	1	5.524	5.524	0	1	0	na	1788357138.690968	1788357138.853796	286305671	286305901
2026-09-02T13:49:41Z	8dc0b5fea25671d6745a556bffb740d3866e189c	352c096f011eb282f12e6d4c12281340fac96b635a2879cc065d7637a6592872	direct-git	control	2.55.0	2264a8042763edf2620cfe32d96b096e1f3d26aa	5.9.2	2.55.0	1000	150	untracked	2	5.848	5.848	0	1	0	na	1788357139.020374	1788357139.183430	286306135	286306333
2026-09-02T13:49:41Z	8dc0b5fea25671d6745a556bffb740d3866e189c	352c096f011eb282f12e6d4c12281340fac96b635a2879cc065d7637a6592872	direct-git	control	2.55.0	2264a8042763edf2620cfe32d96b096e1f3d26aa	5.9.2	2.55.0	1000	150	untracked	3	5.896	5.896	0	1	0	na	1788357139.350178	1788357139.513342	286306541	286306822
2026-09-02T13:49:41Z	8dc0b5fea25671d6745a556bffb740d3866e189c	352c096f011eb282f12e6d4c12281340fac96b635a2879cc065d7637a6592872	direct-git	control	2.55.0	2264a8042763edf2620cfe32d96b096e1f3d26aa	5.9.2	2.55.0	1000	150	untracked	4	5.278	5.278	0	1	0	na	1788357139.681427	1788357139.843956	286306968	286307255
2026-09-02T13:49:41Z	8dc0b5fea25671d6745a556bffb740d3866e189c	352c096f011eb282f12e6d4c12281340fac96b635a2879cc065d7637a6592872	direct-git	control	2.55.0	2264a8042763edf2620cfe32d96b096e1f3d26aa	5.9.2	2.55.0	1000	150	untracked	5	5.646	5.646	0	1	0	na	1788357140.010944	1788357140.174113	286307509	286307706
2026-09-02T13:49:41Z	8dc0b5fea25671d6745a556bffb740d3866e189c	352c096f011eb282f12e6d4c12281340fac96b635a2879cc065d7637a6592872	direct-git	control	2.55.0	2264a8042763edf2620cfe32d96b096e1f3d26aa	5.9.2	2.55.0	1000	150	untracked	6	5.812	5.812	0	1	0	na	1788357140.341208	1788357140.504891	286307903	286308084
2026-09-02T13:49:41Z	8dc0b5fea25671d6745a556bffb740d3866e189c	352c096f011eb282f12e6d4c12281340fac96b635a2879cc065d7637a6592872	direct-git	control	2.55.0	2264a8042763edf2620cfe32d96b096e1f3d26aa	5.9.2	2.55.0	1000	150	untracked	7	5.697	5.697	0	1	0	na	1788357140.672811	1788357140.836120	286308384	286308885
2026-09-02T13:49:41Z	8dc0b5fea25671d6745a556bffb740d3866e189c	352c096f011eb282f12e6d4c12281340fac96b635a2879cc065d7637a6592872	direct-git	control	2.55.0	2264a8042763edf2620cfe32d96b096e1f3d26aa	5.9.2	2.55.0	1000	150	untracked	8	5.358	5.358	0	1	0	na	1788357141.003248	1788357141.166388	286309242	286309541
2026-09-02T13:49:41Z	8dc0b5fea25671d6745a556bffb740d3866e189c	352c096f011eb282f12e6d4c12281340fac96b635a2879cc065d7637a6592872	direct-git	control	2.55.0	2264a8042763edf2620cfe32d96b096e1f3d26aa	5.9.2	2.55.0	1000	150	untracked	9	6.062	6.062	0	1	0	na	1788357141.333318	1788357141.497350	286309923	286310296
2026-09-02T13:49:41Z	8dc0b5fea25671d6745a556bffb740d3866e189c	352c096f011eb282f12e6d4c12281340fac96b635a2879cc065d7637a6592872	direct-git	control	2.55.0	2264a8042763edf2620cfe32d96b096e1f3d26aa	5.9.2	2.55.0	1000	150	untracked	10	5.639	5.639	0	1	0	na	1788357141.664877	1788357141.828241	286310642	286310822
2026-09-02T13:49:41Z	8dc0b5fea25671d6745a556bffb740d3866e189c	352c096f011eb282f12e6d4c12281340fac96b635a2879cc065d7637a6592872	direct-git	control	2.55.0	2264a8042763edf2620cfe32d96b096e1f3d26aa	5.9.2	2.55.0	1000	150	untracked	11	6.112	6.112	0	1	0	na	1788357141.995646	1788357142.159201	286311184	286311474
2026-09-02T13:49:41Z	8dc0b5fea25671d6745a556bffb740d3866e189c	352c096f011eb282f12e6d4c12281340fac96b635a2879cc065d7637a6592872	direct-git	control	2.55.0	2264a8042763edf2620cfe32d96b096e1f3d26aa	5.9.2	2.55.0	1000	150	untracked	12	5.447	5.447	0	1	0	na	1788357142.326169	1788357142.489223	286311695	286311906
2026-09-02T13:49:41Z	8dc0b5fea25671d6745a556bffb740d3866e189c	352c096f011eb282f12e6d4c12281340fac96b635a2879cc065d7637a6592872	direct-git	control	2.55.0	2264a8042763edf2620cfe32d96b096e1f3d26aa	5.9.2	2.55.0	1000	150	untracked	13	5.699	5.699	0	1	0	na	1788357142.656568	1788357142.819439	286312098	286312300
2026-09-02T13:49:41Z	8dc0b5fea25671d6745a556bffb740d3866e189c	352c096f011eb282f12e6d4c12281340fac96b635a2879cc065d7637a6592872	direct-git	control	2.55.0	2264a8042763edf2620cfe32d96b096e1f3d26aa	5.9.2	2.55.0	1000	150	untracked	14	5.867	5.867	0	1	0	na	1788357142.986695	1788357143.150504	286312511	286312765
2026-09-02T13:49:41Z	8dc0b5fea25671d6745a556bffb740d3866e189c	352c096f011eb282f12e6d4c12281340fac96b635a2879cc065d7637a6592872	direct-git	control	2.55.0	2264a8042763edf2620cfe32d96b096e1f3d26aa	5.9.2	2.55.0	1000	150	untracked	15	5.925	5.925	0	1	0	na	1788357143.317550	1788357143.481597	286313022	286313320
2026-09-02T13:49:41Z	8dc0b5fea25671d6745a556bffb740d3866e189c	352c096f011eb282f12e6d4c12281340fac96b635a2879cc065d7637a6592872	direct-git	control	2.55.0	2264a8042763edf2620cfe32d96b096e1f3d26aa	5.9.2	2.55.0	1000	150	untracked	16	5.368	5.368	0	1	0	na	1788357143.649419	1788357143.812885	286313542	286313796
2026-09-02T13:49:41Z	8dc0b5fea25671d6745a556bffb740d3866e189c	352c096f011eb282f12e6d4c12281340fac96b635a2879cc065d7637a6592872	direct-git	control	2.55.0	2264a8042763edf2620cfe32d96b096e1f3d26aa	5.9.2	2.55.0	1000	150	untracked	17	5.679	5.679	0	1	0	na	1788357143.981235	1788357144.145263	286314218	286314494
2026-09-02T13:49:41Z	8dc0b5fea25671d6745a556bffb740d3866e189c	352c096f011eb282f12e6d4c12281340fac96b635a2879cc065d7637a6592872	direct-git	control	2.55.0	2264a8042763edf2620cfe32d96b096e1f3d26aa	5.9.2	2.55.0	1000	150	untracked	18	5.760	5.760	0	1	0	na	1788357144.312823	1788357144.476254	286314862	286315077
2026-09-02T13:49:41Z	8dc0b5fea25671d6745a556bffb740d3866e189c	352c096f011eb282f12e6d4c12281340fac96b635a2879cc065d7637a6592872	direct-git	control	2.55.0	2264a8042763edf2620cfe32d96b096e1f3d26aa	5.9.2	2.55.0	1000	150	untracked	19	5.893	5.893	0	1	0	na	1788357144.644125	1788357144.807887	286315314	286315687
2026-09-02T13:49:41Z	8dc0b5fea25671d6745a556bffb740d3866e189c	352c096f011eb282f12e6d4c12281340fac96b635a2879cc065d7637a6592872	direct-git	control	2.55.0	2264a8042763edf2620cfe32d96b096e1f3d26aa	5.9.2	2.55.0	1000	150	untracked	20	5.375	5.375	0	1	0	na	1788357144.975870	1788357145.138953	286315886	286316108
2026-09-02T13:49:41Z	8dc0b5fea25671d6745a556bffb740d3866e189c	352c096f011eb282f12e6d4c12281340fac96b635a2879cc065d7637a6592872	direct-git	control	2.55.0	2264a8042763edf2620cfe32d96b096e1f3d26aa	5.9.2	2.55.0	1000	150	untracked	21	5.461	5.461	0	1	0	na	1788357145.306663	1788357145.469993	286316354	286316555
2026-09-02T13:49:41Z	8dc0b5fea25671d6745a556bffb740d3866e189c	352c096f011eb282f12e6d4c12281340fac96b635a2879cc065d7637a6592872	direct-git	control	2.55.0	2264a8042763edf2620cfe32d96b096e1f3d26aa	5.9.2	2.55.0	1000	150	untracked	22	5.765	5.765	0	1	0	na	1788357145.637912	1788357145.801408	286316844	286317055
2026-09-02T13:49:41Z	8dc0b5fea25671d6745a556bffb740d3866e189c	352c096f011eb282f12e6d4c12281340fac96b635a2879cc065d7637a6592872	direct-git	control	2.55.0	2264a8042763edf2620cfe32d96b096e1f3d26aa	5.9.2	2.55.0	1000	150	untracked	23	5.524	5.524	0	1	0	na	1788357145.969156	1788357146.132059	286317404	286317629
2026-09-02T13:49:41Z	8dc0b5fea25671d6745a556bffb740d3866e189c	352c096f011eb282f12e6d4c12281340fac96b635a2879cc065d7637a6592872	direct-git	control	2.55.0	2264a8042763edf2620cfe32d96b096e1f3d26aa	5.9.2	2.55.0	1000	150	untracked	24	5.521	5.521	0	1	0	na	1788357146.299584	1788357146.462649	286317871	286318049
2026-09-02T13:49:41Z	8dc0b5fea25671d6745a556bffb740d3866e189c	352c096f011eb282f12e6d4c12281340fac96b635a2879cc065d7637a6592872	direct-git	control	2.55.0	2264a8042763edf2620cfe32d96b096e1f3d26aa	5.9.2	2.55.0	1000	150	untracked	25	5.796	5.796	0	1	0	na	1788357146.630054	1788357146.794611	286318257	286318513
2026-09-02T13:49:41Z	8dc0b5fea25671d6745a556bffb740d3866e189c	352c096f011eb282f12e6d4c12281340fac96b635a2879cc065d7637a6592872	direct-git	control	2.55.0	2264a8042763edf2620cfe32d96b096e1f3d26aa	5.9.2	2.55.0	1000	150	untracked	26	6.037	6.037	0	1	0	na	1788357146.962904	1788357147.126822	286318854	286319072
2026-09-02T13:49:41Z	8dc0b5fea25671d6745a556bffb740d3866e189c	352c096f011eb282f12e6d4c12281340fac96b635a2879cc065d7637a6592872	direct-git	control	2.55.0	2264a8042763edf2620cfe32d96b096e1f3d26aa	5.9.2	2.55.0	1000	150	untracked	27	5.728	5.728	0	1	0	na	1788357147.293937	1788357147.457670	286319302	286319501
2026-09-02T13:49:41Z	8dc0b5fea25671d6745a556bffb740d3866e189c	352c096f011eb282f12e6d4c12281340fac96b635a2879cc065d7637a6592872	direct-git	control	2.55.0	2264a8042763edf2620cfe32d96b096e1f3d26aa	5.9.2	2.55.0	1000	150	untracked	28	5.545	5.545	0	1	0	na	1788357147.624914	1788357147.788070	286319896	286320108
2026-09-02T13:49:41Z	8dc0b5fea25671d6745a556bffb740d3866e189c	352c096f011eb282f12e6d4c12281340fac96b635a2879cc065d7637a6592872	direct-git	control	2.55.0	2264a8042763edf2620cfe32d96b096e1f3d26aa	5.9.2	2.55.0	1000	150	untracked	29	5.690	5.690	0	1	0	na	1788357147.956217	1788357148.119866	286320355	286320666
2026-09-02T13:49:41Z	8dc0b5fea25671d6745a556bffb740d3866e189c	352c096f011eb282f12e6d4c12281340fac96b635a2879cc065d7637a6592872	direct-git	control	2.55.0	2264a8042763edf2620cfe32d96b096e1f3d26aa	5.9.2	2.55.0	1000	150	untracked	30	5.792	5.792	0	1	0	na	1788357148.287632	1788357148.451485	286320975	286321176
2026-09-02T13:49:41Z	8dc0b5fea25671d6745a556bffb740d3866e189c	352c096f011eb282f12e6d4c12281340fac96b635a2879cc065d7637a6592872	direct-git	control	2.55.0	2264a8042763edf2620cfe32d96b096e1f3d26aa	5.9.2	2.55.0	1000	150	untracked	31	5.813	5.813	0	1	0	na	1788357148.619656	1788357148.783440	286321397	286321686
2026-09-02T13:49:41Z	8dc0b5fea25671d6745a556bffb740d3866e189c	352c096f011eb282f12e6d4c12281340fac96b635a2879cc065d7637a6592872	direct-git	control	2.55.0	2264a8042763edf2620cfe32d96b096e1f3d26aa	5.9.2	2.55.0	1000	150	untracked	32	5.679	5.679	0	1	0	na	1788357148.951257	1788357149.114547	286321917	286322145
2026-09-02T13:49:41Z	8dc0b5fea25671d6745a556bffb740d3866e189c	352c096f011eb282f12e6d4c12281340fac96b635a2879cc065d7637a6592872	direct-git	control	2.55.0	2264a8042763edf2620cfe32d96b096e1f3d26aa	5.9.2	2.55.0	1000	150	untracked	33	5.723	5.723	0	1	0	na	1788357149.282483	1788357149.446747	286322428	286322646
2026-09-02T13:49:41Z	8dc0b5fea25671d6745a556bffb740d3866e189c	352c096f011eb282f12e6d4c12281340fac96b635a2879cc065d7637a6592872	direct-git	control	2.55.0	2264a8042763edf2620cfe32d96b096e1f3d26aa	5.9.2	2.55.0	1000	150	untracked	34	5.224	5.224	0	1	0	na	1788357149.614316	1788357149.777763	286322885	286323207
2026-09-02T13:49:41Z	8dc0b5fea25671d6745a556bffb740d3866e189c	352c096f011eb282f12e6d4c12281340fac96b635a2879cc065d7637a6592872	direct-git	control	2.55.0	2264a8042763edf2620cfe32d96b096e1f3d26aa	5.9.2	2.55.0	1000	150	untracked	35	5.441	5.441	0	1	0	na	1788357149.946020	1788357150.109665	286323522	286323804
2026-09-02T13:49:41Z	8dc0b5fea25671d6745a556bffb740d3866e189c	352c096f011eb282f12e6d4c12281340fac96b635a2879cc065d7637a6592872	direct-git	control	2.55.0	2264a8042763edf2620cfe32d96b096e1f3d26aa	5.9.2	2.55.0	1000	150	untracked	36	5.503	5.503	0	1	0	na	1788357150.277868	1788357150.441511	286324015	286324285
2026-09-02T13:49:41Z	8dc0b5fea25671d6745a556bffb740d3866e189c	352c096f011eb282f12e6d4c12281340fac96b635a2879cc065d7637a6592872	direct-git	control	2.55.0	2264a8042763edf2620cfe32d96b096e1f3d26aa	5.9.2	2.55.0	1000	150	untracked	37	5.307	5.307	0	1	0	na	1788357150.609363	1788357150.772919	286324586	286324873
2026-09-02T13:49:41Z	8dc0b5fea25671d6745a556bffb740d3866e189c	352c096f011eb282f12e6d4c12281340fac96b635a2879cc065d7637a6592872	direct-git	control	2.55.0	2264a8042763edf2620cfe32d96b096e1f3d26aa	5.9.2	2.55.0	1000	150	untracked	38	5.533	5.533	0	1	0	na	1788357150.940826	1788357151.104238	286325125	286325324
2026-09-02T13:49:41Z	8dc0b5fea25671d6745a556bffb740d3866e189c	352c096f011eb282f12e6d4c12281340fac96b635a2879cc065d7637a6592872	direct-git	control	2.55.0	2264a8042763edf2620cfe32d96b096e1f3d26aa	5.9.2	2.55.0	1000	150	untracked	39	5.766	5.766	0	1	0	na	1788357151.272593	1788357151.436260	286325620	286325835
2026-09-02T13:49:41Z	8dc0b5fea25671d6745a556bffb740d3866e189c	352c096f011eb282f12e6d4c12281340fac96b635a2879cc065d7637a6592872	direct-git	control	2.55.0	2264a8042763edf2620cfe32d96b096e1f3d26aa	5.9.2	2.55.0	1000	150	untracked	40	5.581	5.581	0	1	0	na	1788357151.604414	1788357151.767964	286326350	286326580
2026-09-02T13:49:41Z	8dc0b5fea25671d6745a556bffb740d3866e189c	352c096f011eb282f12e6d4c12281340fac96b635a2879cc065d7637a6592872	direct-git	control	2.55.0	2264a8042763edf2620cfe32d96b096e1f3d26aa	5.9.2	2.55.0	1000	150	untracked	41	5.491	5.491	0	1	0	na	1788357151.936361	1788357152.100226	286327228	286327617
2026-09-02T13:49:41Z	8dc0b5fea25671d6745a556bffb740d3866e189c	352c096f011eb282f12e6d4c12281340fac96b635a2879cc065d7637a6592872	direct-git	control	2.55.0	2264a8042763edf2620cfe32d96b096e1f3d26aa	5.9.2	2.55.0	1000	150	untracked	42	5.741	5.741	0	1	0	na	1788357152.267998	1788357152.431717	286327936	286328324
2026-09-02T13:49:41Z	8dc0b5fea25671d6745a556bffb740d3866e189c	352c096f011eb282f12e6d4c12281340fac96b635a2879cc065d7637a6592872	direct-git	control	2.55.0	2264a8042763edf2620cfe32d96b096e1f3d26aa	5.9.2	2.55.0	1000	150	untracked	43	5.337	5.337	0	1	0	na	1788357152.599803	1788357152.763186	286328571	286328804
2026-09-02T13:49:41Z	8dc0b5fea25671d6745a556bffb740d3866e189c	352c096f011eb282f12e6d4c12281340fac96b635a2879cc065d7637a6592872	direct-git	control	2.55.0	2264a8042763edf2620cfe32d96b096e1f3d26aa	5.9.2	2.55.0	1000	150	untracked	44	5.884	5.884	0	1	0	na	1788357152.931046	1788357153.094947	286329230	286329503
2026-09-02T13:49:41Z	8dc0b5fea25671d6745a556bffb740d3866e189c	352c096f011eb282f12e6d4c12281340fac96b635a2879cc065d7637a6592872	direct-git	control	2.55.0	2264a8042763edf2620cfe32d96b096e1f3d26aa	5.9.2	2.55.0	1000	150	untracked	45	5.757	5.757	0	1	0	na	1788357153.263623	1788357153.427501	286329768	286329956
2026-09-02T13:49:41Z	8dc0b5fea25671d6745a556bffb740d3866e189c	352c096f011eb282f12e6d4c12281340fac96b635a2879cc065d7637a6592872	direct-git	control	2.55.0	2264a8042763edf2620cfe32d96b096e1f3d26aa	5.9.2	2.55.0	1000	150	untracked	46	5.791	5.791	0	1	0	na	1788357153.595866	1788357153.759623	286330190	286330417
2026-09-02T13:49:41Z	8dc0b5fea25671d6745a556bffb740d3866e189c	352c096f011eb282f12e6d4c12281340fac96b635a2879cc065d7637a6592872	direct-git	control	2.55.0	2264a8042763edf2620cfe32d96b096e1f3d26aa	5.9.2	2.55.0	1000	150	untracked	47	5.594	5.594	0	1	0	na	1788357153.927695	1788357154.092001	286330664	286330927
2026-09-02T13:49:41Z	8dc0b5fea25671d6745a556bffb740d3866e189c	352c096f011eb282f12e6d4c12281340fac96b635a2879cc065d7637a6592872	direct-git	control	2.55.0	2264a8042763edf2620cfe32d96b096e1f3d26aa	5.9.2	2.55.0	1000	150	untracked	48	5.772	5.772	0	1	0	na	1788357154.260557	1788357154.424632	286331187	286331444
2026-09-02T13:49:41Z	8dc0b5fea25671d6745a556bffb740d3866e189c	352c096f011eb282f12e6d4c12281340fac96b635a2879cc065d7637a6592872	direct-git	control	2.55.0	2264a8042763edf2620cfe32d96b096e1f3d26aa	5.9.2	2.55.0	1000	150	untracked	49	5.511	5.511	0	1	0	na	1788357154.592981	1788357154.756785	286331728	286331981
2026-09-02T13:49:41Z	8dc0b5fea25671d6745a556bffb740d3866e189c	352c096f011eb282f12e6d4c12281340fac96b635a2879cc065d7637a6592872	direct-git	control	2.55.0	2264a8042763edf2620cfe32d96b096e1f3d26aa	5.9.2	2.55.0	1000	150	untracked	50	5.894	5.894	0	1	0	na	1788357154.925130	1788357155.089564	286332198	286332405
2026-09-02T13:49:41Z	8dc0b5fea25671d6745a556bffb740d3866e189c	352c096f011eb282f12e6d4c12281340fac96b635a2879cc065d7637a6592872	direct-git	control	2.55.0	2264a8042763edf2620cfe32d96b096e1f3d26aa	5.9.2	2.55.0	1000	150	untracked	51	5.626	5.626	0	1	0	na	1788357155.257481	1788357155.421229	286332597	286332805
2026-09-02T13:49:41Z	8dc0b5fea25671d6745a556bffb740d3866e189c	352c096f011eb282f12e6d4c12281340fac96b635a2879cc065d7637a6592872	direct-git	control	2.55.0	2264a8042763edf2620cfe32d96b096e1f3d26aa	5.9.2	2.55.0	1000	150	untracked	52	5.333	5.333	0	1	0	na	1788357155.589707	1788357155.753608	286333004	286333149
2026-09-02T13:49:41Z	8dc0b5fea25671d6745a556bffb740d3866e189c	352c096f011eb282f12e6d4c12281340fac96b635a2879cc065d7637a6592872	direct-git	control	2.55.0	2264a8042763edf2620cfe32d96b096e1f3d26aa	5.9.2	2.55.0	1000	150	untracked	53	5.551	5.551	0	1	0	na	1788357155.922517	1788357156.086673	286333416	286333723
2026-09-02T13:49:41Z	8dc0b5fea25671d6745a556bffb740d3866e189c	352c096f011eb282f12e6d4c12281340fac96b635a2879cc065d7637a6592872	direct-git	control	2.55.0	2264a8042763edf2620cfe32d96b096e1f3d26aa	5.9.2	2.55.0	1000	150	untracked	54	5.363	5.363	0	1	0	na	1788357156.255670	1788357156.419383	286333921	286334183
2026-09-02T13:49:41Z	8dc0b5fea25671d6745a556bffb740d3866e189c	352c096f011eb282f12e6d4c12281340fac96b635a2879cc065d7637a6592872	direct-git	control	2.55.0	2264a8042763edf2620cfe32d96b096e1f3d26aa	5.9.2	2.55.0	1000	150	untracked	55	5.149	5.149	0	1	0	na	1788357156.587806	1788357156.751505	286334386	286334572
2026-09-02T13:49:41Z	8dc0b5fea25671d6745a556bffb740d3866e189c	352c096f011eb282f12e6d4c12281340fac96b635a2879cc065d7637a6592872	direct-git	control	2.55.0	2264a8042763edf2620cfe32d96b096e1f3d26aa	5.9.2	2.55.0	1000	150	untracked	56	5.640	5.640	0	1	0	na	1788357156.919869	1788357157.084214	286334894	286335056
2026-09-02T13:49:41Z	8dc0b5fea25671d6745a556bffb740d3866e189c	352c096f011eb282f12e6d4c12281340fac96b635a2879cc065d7637a6592872	direct-git	control	2.55.0	2264a8042763edf2620cfe32d96b096e1f3d26aa	5.9.2	2.55.0	1000	150	untracked	57	5.767	5.767	0	1	0	na	1788357157.253407	1788357157.417818	286335274	286335499
2026-09-02T13:49:41Z	8dc0b5fea25671d6745a556bffb740d3866e189c	352c096f011eb282f12e6d4c12281340fac96b635a2879cc065d7637a6592872	direct-git	control	2.55.0	2264a8042763edf2620cfe32d96b096e1f3d26aa	5.9.2	2.55.0	1000	150	untracked	58	5.536	5.536	0	1	0	na	1788357157.587424	1788357157.751559	286335742	286335964
2026-09-02T13:49:41Z	8dc0b5fea25671d6745a556bffb740d3866e189c	352c096f011eb282f12e6d4c12281340fac96b635a2879cc065d7637a6592872	direct-git	control	2.55.0	2264a8042763edf2620cfe32d96b096e1f3d26aa	5.9.2	2.55.0	1000	150	untracked	59	5.747	5.747	0	1	0	na	1788357157.920542	1788357158.085396	286336185	286336420
2026-09-02T13:49:41Z	8dc0b5fea25671d6745a556bffb740d3866e189c	352c096f011eb282f12e6d4c12281340fac96b635a2879cc065d7637a6592872	direct-git	control	2.55.0	2264a8042763edf2620cfe32d96b096e1f3d26aa	5.9.2	2.55.0	1000	150	untracked	60	5.605	5.605	0	1	0	na	1788357158.254670	1788357158.419574	286336604	286336777
2026-09-02T13:49:41Z	8dc0b5fea25671d6745a556bffb740d3866e189c	352c096f011eb282f12e6d4c12281340fac96b635a2879cc065d7637a6592872	direct-git	control	2.55.0	2264a8042763edf2620cfe32d96b096e1f3d26aa	5.9.2	2.55.0	1000	150	untracked	61	5.372	5.372	0	1	0	na	1788357158.588193	1788357158.752158	286337007	286337229
2026-09-02T13:49:41Z	8dc0b5fea25671d6745a556bffb740d3866e189c	352c096f011eb282f12e6d4c12281340fac96b635a2879cc065d7637a6592872	direct-git	control	2.55.0	2264a8042763edf2620cfe32d96b096e1f3d26aa	5.9.2	2.55.0	1000	150	untracked	62	5.990	5.990	0	1	0	na	1788357158.920882	1788357159.086036	286337528	286337748
2026-09-02T13:49:41Z	8dc0b5fea25671d6745a556bffb740d3866e189c	352c096f011eb282f12e6d4c12281340fac96b635a2879cc065d7637a6592872	direct-git	control	2.55.0	2264a8042763edf2620cfe32d96b096e1f3d26aa	5.9.2	2.55.0	1000	150	untracked	63	6.053	6.053	0	1	0	na	1788357159.255002	1788357159.419861	286338187	286338371
2026-09-02T13:49:41Z	8dc0b5fea25671d6745a556bffb740d3866e189c	352c096f011eb282f12e6d4c12281340fac96b635a2879cc065d7637a6592872	direct-git	control	2.55.0	2264a8042763edf2620cfe32d96b096e1f3d26aa	5.9.2	2.55.0	1000	150	untracked	64	5.741	5.741	0	1	0	na	1788357159.589297	1788357159.754034	286338560	286338785
2026-09-02T13:49:41Z	8dc0b5fea25671d6745a556bffb740d3866e189c	352c096f011eb282f12e6d4c12281340fac96b635a2879cc065d7637a6592872	direct-git	control	2.55.0	2264a8042763edf2620cfe32d96b096e1f3d26aa	5.9.2	2.55.0	1000	150	untracked	65	5.653	5.653	0	1	0	na	1788357159.923284	1788357160.087687	286339073	286339276
2026-09-02T13:49:41Z	8dc0b5fea25671d6745a556bffb740d3866e189c	352c096f011eb282f12e6d4c12281340fac96b635a2879cc065d7637a6592872	direct-git	control	2.55.0	2264a8042763edf2620cfe32d96b096e1f3d26aa	5.9.2	2.55.0	1000	150	untracked	66	5.427	5.427	0	1	0	na	1788357160.257337	1788357160.421745	286339518	286339713
2026-09-02T13:49:41Z	8dc0b5fea25671d6745a556bffb740d3866e189c	352c096f011eb282f12e6d4c12281340fac96b635a2879cc065d7637a6592872	direct-git	control	2.55.0	2264a8042763edf2620cfe32d96b096e1f3d26aa	5.9.2	2.55.0	1000	150	untracked	67	5.347	5.347	0	1	0	na	1788357160.590957	1788357160.755112	286340220	286340580
2026-09-02T13:49:41Z	8dc0b5fea25671d6745a556bffb740d3866e189c	352c096f011eb282f12e6d4c12281340fac96b635a2879cc065d7637a6592872	direct-git	control	2.55.0	2264a8042763edf2620cfe32d96b096e1f3d26aa	5.9.2	2.55.0	1000	150	untracked	68	5.669	5.669	0	1	0	na	1788357160.924266	1788357161.089571	286340895	286341131
2026-09-02T13:49:41Z	8dc0b5fea25671d6745a556bffb740d3866e189c	352c096f011eb282f12e6d4c12281340fac96b635a2879cc065d7637a6592872	direct-git	control	2.55.0	2264a8042763edf2620cfe32d96b096e1f3d26aa	5.9.2	2.55.0	1000	150	untracked	69	6.036	6.036	0	1	0	na	1788357161.259567	1788357161.424209	286341306	286341533
2026-09-02T13:49:41Z	8dc0b5fea25671d6745a556bffb740d3866e189c	352c096f011eb282f12e6d4c12281340fac96b635a2879cc065d7637a6592872	direct-git	control	2.55.0	2264a8042763edf2620cfe32d96b096e1f3d26aa	5.9.2	2.55.0	1000	150	untracked	70	6.063	6.063	0	1	0	na	1788357161.593560	1788357161.758176	286341723	286341928
2026-09-02T13:49:41Z	8dc0b5fea25671d6745a556bffb740d3866e189c	352c096f011eb282f12e6d4c12281340fac96b635a2879cc065d7637a6592872	direct-git	control	2.55.0	2264a8042763edf2620cfe32d96b096e1f3d26aa	5.9.2	2.55.0	1000	150	untracked	71	5.307	5.307	0	1	0	na	1788357161.927775	1788357162.092186	286342177	286342363
2026-09-02T13:49:41Z	8dc0b5fea25671d6745a556bffb740d3866e189c	352c096f011eb282f12e6d4c12281340fac96b635a2879cc065d7637a6592872	direct-git	control	2.55.0	2264a8042763edf2620cfe32d96b096e1f3d26aa	5.9.2	2.55.0	1000	150	untracked	72	5.583	5.583	0	1	0	na	1788357162.260866	1788357162.425684	286342645	286342857
2026-09-02T13:49:41Z	8dc0b5fea25671d6745a556bffb740d3866e189c	352c096f011eb282f12e6d4c12281340fac96b635a2879cc065d7637a6592872	direct-git	control	2.55.0	2264a8042763edf2620cfe32d96b096e1f3d26aa	5.9.2	2.55.0	1000	150	untracked	73	5.426	5.426	0	1	0	na	1788357162.595988	1788357162.760608	286343096	286343382
2026-09-02T13:49:41Z	8dc0b5fea25671d6745a556bffb740d3866e189c	352c096f011eb282f12e6d4c12281340fac96b635a2879cc065d7637a6592872	direct-git	control	2.55.0	2264a8042763edf2620cfe32d96b096e1f3d26aa	5.9.2	2.55.0	1000	150	untracked	74	5.735	5.735	0	1	0	na	1788357162.930279	1788357163.094945	286343582	286343751
2026-09-02T13:49:41Z	8dc0b5fea25671d6745a556bffb740d3866e189c	352c096f011eb282f12e6d4c12281340fac96b635a2879cc065d7637a6592872	direct-git	control	2.55.0	2264a8042763edf2620cfe32d96b096e1f3d26aa	5.9.2	2.55.0	1000	150	untracked	75	5.664	5.664	0	1	0	na	1788357163.264441	1788357163.429264	286343968	286344174
2026-09-02T13:49:41Z	8dc0b5fea25671d6745a556bffb740d3866e189c	352c096f011eb282f12e6d4c12281340fac96b635a2879cc065d7637a6592872	direct-git	control	2.55.0	2264a8042763edf2620cfe32d96b096e1f3d26aa	5.9.2	2.55.0	1000	150	untracked	76	5.501	5.501	0	1	0	na	1788357163.598727	1788357163.763476	286344374	286344609
2026-09-02T13:49:41Z	8dc0b5fea25671d6745a556bffb740d3866e189c	352c096f011eb282f12e6d4c12281340fac96b635a2879cc065d7637a6592872	direct-git	control	2.55.0	2264a8042763edf2620cfe32d96b096e1f3d26aa	5.9.2	2.55.0	1000	150	untracked	77	5.698	5.698	0	1	0	na	1788357163.932531	1788357164.097699	286344898	286345164
2026-09-02T13:49:41Z	8dc0b5fea25671d6745a556bffb740d3866e189c	352c096f011eb282f12e6d4c12281340fac96b635a2879cc065d7637a6592872	direct-git	control	2.55.0	2264a8042763edf2620cfe32d96b096e1f3d26aa	5.9.2	2.55.0	1000	150	untracked	78	5.332	5.332	0	1	0	na	1788357164.267838	1788357164.431893	286345401	286345609
2026-09-02T13:49:41Z	8dc0b5fea25671d6745a556bffb740d3866e189c	352c096f011eb282f12e6d4c12281340fac96b635a2879cc065d7637a6592872	direct-git	control	2.55.0	2264a8042763edf2620cfe32d96b096e1f3d26aa	5.9.2	2.55.0	1000	150	untracked	79	5.688	5.688	0	1	0	na	1788357164.601228	1788357164.766101	286345867	286346128
2026-09-02T13:49:41Z	8dc0b5fea25671d6745a556bffb740d3866e189c	352c096f011eb282f12e6d4c12281340fac96b635a2879cc065d7637a6592872	direct-git	control	2.55.0	2264a8042763edf2620cfe32d96b096e1f3d26aa	5.9.2	2.55.0	1000	150	untracked	80	5.481	5.481	0	1	0	na	1788357164.935534	1788357165.099930	286346399	286346628
2026-09-02T13:49:41Z	8dc0b5fea25671d6745a556bffb740d3866e189c	352c096f011eb282f12e6d4c12281340fac96b635a2879cc065d7637a6592872	direct-git	control	2.55.0	2264a8042763edf2620cfe32d96b096e1f3d26aa	5.9.2	2.55.0	1000	150	untracked	81	6.162	6.162	0	1	0	na	1788357165.270203	1788357165.435210	286346921	286347105
2026-09-02T13:49:41Z	8dc0b5fea25671d6745a556bffb740d3866e189c	352c096f011eb282f12e6d4c12281340fac96b635a2879cc065d7637a6592872	direct-git	control	2.55.0	2264a8042763edf2620cfe32d96b096e1f3d26aa	5.9.2	2.55.0	1000	150	untracked	82	5.711	5.711	0	1	0	na	1788357165.604877	1788357165.770082	286347315	286347559
2026-09-02T13:49:41Z	8dc0b5fea25671d6745a556bffb740d3866e189c	352c096f011eb282f12e6d4c12281340fac96b635a2879cc065d7637a6592872	direct-git	control	2.55.0	2264a8042763edf2620cfe32d96b096e1f3d26aa	5.9.2	2.55.0	1000	150	untracked	83	5.890	5.890	0	1	0	na	1788357165.940253	1788357166.105322	286347842	286348064
2026-09-02T13:49:41Z	8dc0b5fea25671d6745a556bffb740d3866e189c	352c096f011eb282f12e6d4c12281340fac96b635a2879cc065d7637a6592872	direct-git	control	2.55.0	2264a8042763edf2620cfe32d96b096e1f3d26aa	5.9.2	2.55.0	1000	150	untracked	84	5.767	5.767	0	1	0	na	1788357166.275377	1788357166.440692	286348268	286348572
2026-09-02T13:49:41Z	8dc0b5fea25671d6745a556bffb740d3866e189c	352c096f011eb282f12e6d4c12281340fac96b635a2879cc065d7637a6592872	direct-git	control	2.55.0	2264a8042763edf2620cfe32d96b096e1f3d26aa	5.9.2	2.55.0	1000	150	untracked	85	5.912	5.912	0	1	0	na	1788357166.610020	1788357166.774762	286348855	286349055
2026-09-02T13:49:41Z	8dc0b5fea25671d6745a556bffb740d3866e189c	352c096f011eb282f12e6d4c12281340fac96b635a2879cc065d7637a6592872	direct-git	control	2.55.0	2264a8042763edf2620cfe32d96b096e1f3d26aa	5.9.2	2.55.0	1000	150	untracked	86	5.916	5.916	0	1	0	na	1788357166.945002	1788357167.110315	286349386	286349613
2026-09-02T13:49:41Z	8dc0b5fea25671d6745a556bffb740d3866e189c	352c096f011eb282f12e6d4c12281340fac96b635a2879cc065d7637a6592872	direct-git	control	2.55.0	2264a8042763edf2620cfe32d96b096e1f3d26aa	5.9.2	2.55.0	1000	150	untracked	87	5.565	5.565	0	1	0	na	1788357167.279814	1788357167.444247	286349817	286350012
2026-09-02T13:49:41Z	8dc0b5fea25671d6745a556bffb740d3866e189c	352c096f011eb282f12e6d4c12281340fac96b635a2879cc065d7637a6592872	direct-git	control	2.55.0	2264a8042763edf2620cfe32d96b096e1f3d26aa	5.9.2	2.55.0	1000	150	untracked	88	5.850	5.850	0	1	0	na	1788357167.613744	1788357167.778854	286350201	286350578
2026-09-02T13:49:41Z	8dc0b5fea25671d6745a556bffb740d3866e189c	352c096f011eb282f12e6d4c12281340fac96b635a2879cc065d7637a6592872	direct-git	control	2.55.0	2264a8042763edf2620cfe32d96b096e1f3d26aa	5.9.2	2.55.0	1000	150	untracked	89	5.565	5.565	0	1	0	na	1788357167.948650	1788357168.113829	286350884	286351101
2026-09-02T13:49:41Z	8dc0b5fea25671d6745a556bffb740d3866e189c	352c096f011eb282f12e6d4c12281340fac96b635a2879cc065d7637a6592872	direct-git	control	2.55.0	2264a8042763edf2620cfe32d96b096e1f3d26aa	5.9.2	2.55.0	1000	150	untracked	90	6.141	6.141	0	1	0	na	1788357168.283615	1788357168.449092	286351273	286351485
2026-09-02T13:49:41Z	8dc0b5fea25671d6745a556bffb740d3866e189c	352c096f011eb282f12e6d4c12281340fac96b635a2879cc065d7637a6592872	direct-git	control	2.55.0	2264a8042763edf2620cfe32d96b096e1f3d26aa	5.9.2	2.55.0	1000	150	untracked	91	5.619	5.619	0	1	0	na	1788357168.619420	1788357168.784092	286351686	286351914
2026-09-02T13:49:41Z	8dc0b5fea25671d6745a556bffb740d3866e189c	352c096f011eb282f12e6d4c12281340fac96b635a2879cc065d7637a6592872	direct-git	control	2.55.0	2264a8042763edf2620cfe32d96b096e1f3d26aa	5.9.2	2.55.0	1000	150	untracked	92	5.449	5.449	0	1	0	na	1788357168.953927	1788357169.118738	286352376	286352563
2026-09-02T13:49:41Z	8dc0b5fea25671d6745a556bffb740d3866e189c	352c096f011eb282f12e6d4c12281340fac96b635a2879cc065d7637a6592872	direct-git	control	2.55.0	2264a8042763edf2620cfe32d96b096e1f3d26aa	5.9.2	2.55.0	1000	150	untracked	93	5.648	5.648	0	1	0	na	1788357169.288648	1788357169.453702	286352841	286353012
2026-09-02T13:49:41Z	8dc0b5fea25671d6745a556bffb740d3866e189c	352c096f011eb282f12e6d4c12281340fac96b635a2879cc065d7637a6592872	direct-git	control	2.55.0	2264a8042763edf2620cfe32d96b096e1f3d26aa	5.9.2	2.55.0	1000	150	untracked	94	5.706	5.706	0	1	0	na	1788357169.623407	1788357169.788633	286353182	286353372
2026-09-02T13:49:41Z	8dc0b5fea25671d6745a556bffb740d3866e189c	352c096f011eb282f12e6d4c12281340fac96b635a2879cc065d7637a6592872	direct-git	control	2.55.0	2264a8042763edf2620cfe32d96b096e1f3d26aa	5.9.2	2.55.0	1000	150	untracked	95	5.479	5.479	0	1	0	na	1788357169.958908	1788357170.123821	286353618	286353753
2026-09-02T13:49:41Z	8dc0b5fea25671d6745a556bffb740d3866e189c	352c096f011eb282f12e6d4c12281340fac96b635a2879cc065d7637a6592872	direct-git	control	2.55.0	2264a8042763edf2620cfe32d96b096e1f3d26aa	5.9.2	2.55.0	1000	150	untracked	96	5.836	5.836	0	1	0	na	1788357170.293457	1788357170.458636	286353937	286354087
2026-09-02T13:49:41Z	8dc0b5fea25671d6745a556bffb740d3866e189c	352c096f011eb282f12e6d4c12281340fac96b635a2879cc065d7637a6592872	direct-git	control	2.55.0	2264a8042763edf2620cfe32d96b096e1f3d26aa	5.9.2	2.55.0	1000	150	untracked	97	5.425	5.425	0	1	0	na	1788357170.628428	1788357170.793394	286354276	286354428
2026-09-02T13:49:41Z	8dc0b5fea25671d6745a556bffb740d3866e189c	352c096f011eb282f12e6d4c12281340fac96b635a2879cc065d7637a6592872	direct-git	control	2.55.0	2264a8042763edf2620cfe32d96b096e1f3d26aa	5.9.2	2.55.0	1000	150	untracked	98	5.432	5.432	0	1	0	na	1788357170.963345	1788357171.128279	286354592	286354747
2026-09-02T13:49:41Z	8dc0b5fea25671d6745a556bffb740d3866e189c	352c096f011eb282f12e6d4c12281340fac96b635a2879cc065d7637a6592872	direct-git	control	2.55.0	2264a8042763edf2620cfe32d96b096e1f3d26aa	5.9.2	2.55.0	1000	150	untracked	99	6.028	6.028	0	1	0	na	1788357171.297956	1788357171.463786	286354940	286355115
2026-09-02T13:49:41Z	8dc0b5fea25671d6745a556bffb740d3866e189c	352c096f011eb282f12e6d4c12281340fac96b635a2879cc065d7637a6592872	direct-git	control	2.55.0	2264a8042763edf2620cfe32d96b096e1f3d26aa	5.9.2	2.55.0	1000	150	untracked	100	5.654	5.654	0	1	0	na	1788357171.634334	1788357171.799853	286355307	286355707
2026-09-02T13:49:41Z	8dc0b5fea25671d6745a556bffb740d3866e189c	352c096f011eb282f12e6d4c12281340fac96b635a2879cc065d7637a6592872	wsh	local	4fa59ffc191c59db064dad44f47534cf47ac08da6f35e1710935fd0f39477918	2264a8042763edf2620cfe32d96b096e1f3d26aa	5.9.2	2.55.0	1000	150	clean	1	1.501	6.877	1	1	0	1	1788357172.189329	1788357172.355433	286356172	286356370
2026-09-02T13:49:41Z	8dc0b5fea25671d6745a556bffb740d3866e189c	352c096f011eb282f12e6d4c12281340fac96b635a2879cc065d7637a6592872	wsh	local	4fa59ffc191c59db064dad44f47534cf47ac08da6f35e1710935fd0f39477918	2264a8042763edf2620cfe32d96b096e1f3d26aa	5.9.2	2.55.0	1000	150	clean	2	1.068	6.803	1	1	0	1	1788357172.697845	1788357172.863959	286356848	286357146
2026-09-02T13:49:41Z	8dc0b5fea25671d6745a556bffb740d3866e189c	352c096f011eb282f12e6d4c12281340fac96b635a2879cc065d7637a6592872	wsh	local	4fa59ffc191c59db064dad44f47534cf47ac08da6f35e1710935fd0f39477918	2264a8042763edf2620cfe32d96b096e1f3d26aa	5.9.2	2.55.0	1000	150	clean	3	1.520	7.165	1	1	0	1	1788357173.206277	1788357173.373075	286357641	286357862
2026-09-02T13:49:41Z	8dc0b5fea25671d6745a556bffb740d3866e189c	352c096f011eb282f12e6d4c12281340fac96b635a2879cc065d7637a6592872	wsh	local	4fa59ffc191c59db064dad44f47534cf47ac08da6f35e1710935fd0f39477918	2264a8042763edf2620cfe32d96b096e1f3d26aa	5.9.2	2.55.0	1000	150	clean	4	1.070	7.097	1	1	0	1	1788357173.715734	1788357173.882267	286358384	286358653
2026-09-02T13:49:41Z	8dc0b5fea25671d6745a556bffb740d3866e189c	352c096f011eb282f12e6d4c12281340fac96b635a2879cc065d7637a6592872	wsh	local	4fa59ffc191c59db064dad44f47534cf47ac08da6f35e1710935fd0f39477918	2264a8042763edf2620cfe32d96b096e1f3d26aa	5.9.2	2.55.0	1000	150	clean	5	1.023	6.302	1	1	0	1	1788357174.223672	1788357174.389524	286359134	286359471
2026-09-02T13:49:41Z	8dc0b5fea25671d6745a556bffb740d3866e189c	352c096f011eb282f12e6d4c12281340fac96b635a2879cc065d7637a6592872	wsh	local	4fa59ffc191c59db064dad44f47534cf47ac08da6f35e1710935fd0f39477918	2264a8042763edf2620cfe32d96b096e1f3d26aa	5.9.2	2.55.0	1000	150	clean	6	1.050	7.133	1	1	0	1	1788357174.732585	1788357174.899387	286360042	286360494
2026-09-02T13:49:41Z	8dc0b5fea25671d6745a556bffb740d3866e189c	352c096f011eb282f12e6d4c12281340fac96b635a2879cc065d7637a6592872	wsh	local	4fa59ffc191c59db064dad44f47534cf47ac08da6f35e1710935fd0f39477918	2264a8042763edf2620cfe32d96b096e1f3d26aa	5.9.2	2.55.0	1000	150	clean	7	1.034	6.805	1	1	0	1	1788357175.241338	1788357175.407860	286361006	286361270
2026-09-02T13:49:41Z	8dc0b5fea25671d6745a556bffb740d3866e189c	352c096f011eb282f12e6d4c12281340fac96b635a2879cc065d7637a6592872	wsh	local	4fa59ffc191c59db064dad44f47534cf47ac08da6f35e1710935fd0f39477918	2264a8042763edf2620cfe32d96b096e1f3d26aa	5.9.2	2.55.0	1000	150	clean	8	1.069	7.079	1	1	0	1	1788357175.750757	1788357175.917531	286361675	286361908
2026-09-02T13:49:41Z	8dc0b5fea25671d6745a556bffb740d3866e189c	352c096f011eb282f12e6d4c12281340fac96b635a2879cc065d7637a6592872	wsh	local	4fa59ffc191c59db064dad44f47534cf47ac08da6f35e1710935fd0f39477918	2264a8042763edf2620cfe32d96b096e1f3d26aa	5.9.2	2.55.0	1000	150	clean	9	1.048	6.684	1	1	0	1	1788357176.260867	1788357176.427401	286362284	286362657
2026-09-02T13:49:41Z	8dc0b5fea25671d6745a556bffb740d3866e189c	352c096f011eb282f12e6d4c12281340fac96b635a2879cc065d7637a6592872	wsh	local	4fa59ffc191c59db064dad44f47534cf47ac08da6f35e1710935fd0f39477918	2264a8042763edf2620cfe32d96b096e1f3d26aa	5.9.2	2.55.0	1000	150	clean	10	1.038	7.006	1	1	0	1	1788357176.770120	1788357176.936957	286363325	286363593
2026-09-02T13:49:41Z	8dc0b5fea25671d6745a556bffb740d3866e189c	352c096f011eb282f12e6d4c12281340fac96b635a2879cc065d7637a6592872	wsh	local	4fa59ffc191c59db064dad44f47534cf47ac08da6f35e1710935fd0f39477918	2264a8042763edf2620cfe32d96b096e1f3d26aa	5.9.2	2.55.0	1000	150	clean	11	1.566	7.119	1	1	0	1	1788357177.279538	1788357177.446501	286363989	286364231
2026-09-02T13:49:41Z	8dc0b5fea25671d6745a556bffb740d3866e189c	352c096f011eb282f12e6d4c12281340fac96b635a2879cc065d7637a6592872	wsh	local	4fa59ffc191c59db064dad44f47534cf47ac08da6f35e1710935fd0f39477918	2264a8042763edf2620cfe32d96b096e1f3d26aa	5.9.2	2.55.0	1000	150	clean	12	1.049	6.488	1	1	0	1	1788357177.789120	1788357177.955485	286364646	286364858
2026-09-02T13:49:41Z	8dc0b5fea25671d6745a556bffb740d3866e189c	352c096f011eb282f12e6d4c12281340fac96b635a2879cc065d7637a6592872	wsh	local	4fa59ffc191c59db064dad44f47534cf47ac08da6f35e1710935fd0f39477918	2264a8042763edf2620cfe32d96b096e1f3d26aa	5.9.2	2.55.0	1000	150	clean	13	1.559	7.030	1	1	0	1	1788357178.299280	1788357178.466272	286365590	286365973
2026-09-02T13:49:41Z	8dc0b5fea25671d6745a556bffb740d3866e189c	352c096f011eb282f12e6d4c12281340fac96b635a2879cc065d7637a6592872	wsh	local	4fa59ffc191c59db064dad44f47534cf47ac08da6f35e1710935fd0f39477918	2264a8042763edf2620cfe32d96b096e1f3d26aa	5.9.2	2.55.0	1000	150	clean	14	1.053	6.956	1	1	0	1	1788357178.809579	1788357178.976796	286366823	286367176
2026-09-02T13:49:41Z	8dc0b5fea25671d6745a556bffb740d3866e189c	352c096f011eb282f12e6d4c12281340fac96b635a2879cc065d7637a6592872	wsh	local	4fa59ffc191c59db064dad44f47534cf47ac08da6f35e1710935fd0f39477918	2264a8042763edf2620cfe32d96b096e1f3d26aa	5.9.2	2.55.0	1000	150	clean	15	2.348	7.586	1	1	0	1	1788357179.321362	1788357179.489116	286368207	286368457
2026-09-02T13:49:41Z	8dc0b5fea25671d6745a556bffb740d3866e189c	352c096f011eb282f12e6d4c12281340fac96b635a2879cc065d7637a6592872	wsh	local	4fa59ffc191c59db064dad44f47534cf47ac08da6f35e1710935fd0f39477918	2264a8042763edf2620cfe32d96b096e1f3d26aa	5.9.2	2.55.0	1000	150	clean	16	1.119	7.089	1	1	0	1	1788357179.833166	1788357180.000410	286369474	286369989
2026-09-02T13:49:41Z	8dc0b5fea25671d6745a556bffb740d3866e189c	352c096f011eb282f12e6d4c12281340fac96b635a2879cc065d7637a6592872	wsh	local	4fa59ffc191c59db064dad44f47534cf47ac08da6f35e1710935fd0f39477918	2264a8042763edf2620cfe32d96b096e1f3d26aa	5.9.2	2.55.0	1000	150	clean	17	1.097	6.955	1	1	0	1	1788357180.344229	1788357180.510910	286370596	286370945
2026-09-02T13:49:41Z	8dc0b5fea25671d6745a556bffb740d3866e189c	352c096f011eb282f12e6d4c12281340fac96b635a2879cc065d7637a6592872	wsh	local	4fa59ffc191c59db064dad44f47534cf47ac08da6f35e1710935fd0f39477918	2264a8042763edf2620cfe32d96b096e1f3d26aa	5.9.2	2.55.0	1000	150	clean	18	1.099	6.988	1	1	0	1	1788357180.855233	1788357181.022072	286371542	286371768
2026-09-02T13:49:41Z	8dc0b5fea25671d6745a556bffb740d3866e189c	352c096f011eb282f12e6d4c12281340fac96b635a2879cc065d7637a6592872	wsh	local	4fa59ffc191c59db064dad44f47534cf47ac08da6f35e1710935fd0f39477918	2264a8042763edf2620cfe32d96b096e1f3d26aa	5.9.2	2.55.0	1000	150	clean	19	1.340	6.595	1	1	0	1	1788357181.365318	1788357181.531627	286372225	286372466
2026-09-02T13:49:41Z	8dc0b5fea25671d6745a556bffb740d3866e189c	352c096f011eb282f12e6d4c12281340fac96b635a2879cc065d7637a6592872	wsh	local	4fa59ffc191c59db064dad44f47534cf47ac08da6f35e1710935fd0f39477918	2264a8042763edf2620cfe32d96b096e1f3d26aa	5.9.2	2.55.0	1000	150	clean	20	1.077	6.816	1	1	0	1	1788357181.875032	1788357182.042491	286372937	286373391
2026-09-02T13:49:41Z	8dc0b5fea25671d6745a556bffb740d3866e189c	352c096f011eb282f12e6d4c12281340fac96b635a2879cc065d7637a6592872	wsh	local	4fa59ffc191c59db064dad44f47534cf47ac08da6f35e1710935fd0f39477918	2264a8042763edf2620cfe32d96b096e1f3d26aa	5.9.2	2.55.0	1000	150	clean	21	1.110	6.491	1	1	0	1	1788357182.387575	1788357182.554226	286373901	286374157
2026-09-02T13:49:41Z	8dc0b5fea25671d6745a556bffb740d3866e189c	352c096f011eb282f12e6d4c12281340fac96b635a2879cc065d7637a6592872	wsh	local	4fa59ffc191c59db064dad44f47534cf47ac08da6f35e1710935fd0f39477918	2264a8042763edf2620cfe32d96b096e1f3d26aa	5.9.2	2.55.0	1000	150	clean	22	1.235	7.083	1	1	0	1	1788357182.898293	1788357183.065767	286374759	286375128
2026-09-02T13:49:41Z	8dc0b5fea25671d6745a556bffb740d3866e189c	352c096f011eb282f12e6d4c12281340fac96b635a2879cc065d7637a6592872	wsh	local	4fa59ffc191c59db064dad44f47534cf47ac08da6f35e1710935fd0f39477918	2264a8042763edf2620cfe32d96b096e1f3d26aa	5.9.2	2.55.0	1000	150	clean	23	1.061	6.633	1	1	0	1	1788357183.409263	1788357183.576066	286375575	286375845
2026-09-02T13:49:41Z	8dc0b5fea25671d6745a556bffb740d3866e189c	352c096f011eb282f12e6d4c12281340fac96b635a2879cc065d7637a6592872	wsh	local	4fa59ffc191c59db064dad44f47534cf47ac08da6f35e1710935fd0f39477918	2264a8042763edf2620cfe32d96b096e1f3d26aa	5.9.2	2.55.0	1000	150	clean	24	1.066	6.817	1	1	0	1	1788357183.920468	1788357184.087378	286376417	286376635
2026-09-02T13:49:41Z	8dc0b5fea25671d6745a556bffb740d3866e189c	352c096f011eb282f12e6d4c12281340fac96b635a2879cc065d7637a6592872	wsh	local	4fa59ffc191c59db064dad44f47534cf47ac08da6f35e1710935fd0f39477918	2264a8042763edf2620cfe32d96b096e1f3d26aa	5.9.2	2.55.0	1000	150	clean	25	1.135	6.665	1	1	0	1	1788357184.431671	1788357184.598470	286376972	286377180
2026-09-02T13:49:41Z	8dc0b5fea25671d6745a556bffb740d3866e189c	352c096f011eb282f12e6d4c12281340fac96b635a2879cc065d7637a6592872	wsh	local	4fa59ffc191c59db064dad44f47534cf47ac08da6f35e1710935fd0f39477918	2264a8042763edf2620cfe32d96b096e1f3d26aa	5.9.2	2.55.0	1000	150	clean	26	1.113	6.787	1	1	0	1	1788357184.944165	1788357185.111813	286377931	286378070
2026-09-02T13:49:41Z	8dc0b5fea25671d6745a556bffb740d3866e189c	352c096f011eb282f12e6d4c12281340fac96b635a2879cc065d7637a6592872	wsh	local	4fa59ffc191c59db064dad44f47534cf47ac08da6f35e1710935fd0f39477918	2264a8042763edf2620cfe32d96b096e1f3d26aa	5.9.2	2.55.0	1000	150	clean	27	1.129	7.092	1	1	0	1	1788357185.456371	1788357185.623765	286378431	286378621
2026-09-02T13:49:41Z	8dc0b5fea25671d6745a556bffb740d3866e189c	352c096f011eb282f12e6d4c12281340fac96b635a2879cc065d7637a6592872	wsh	local	4fa59ffc191c59db064dad44f47534cf47ac08da6f35e1710935fd0f39477918	2264a8042763edf2620cfe32d96b096e1f3d26aa	5.9.2	2.55.0	1000	150	clean	28	1.123	7.154	1	1	0	1	1788357185.969408	1788357186.136945	286379109	286379303
2026-09-02T13:49:41Z	8dc0b5fea25671d6745a556bffb740d3866e189c	352c096f011eb282f12e6d4c12281340fac96b635a2879cc065d7637a6592872	wsh	local	4fa59ffc191c59db064dad44f47534cf47ac08da6f35e1710935fd0f39477918	2264a8042763edf2620cfe32d96b096e1f3d26aa	5.9.2	2.55.0	1000	150	clean	29	1.125	7.402	1	1	0	1	1788357186.482067	1788357186.650299	286379880	286380150
2026-09-02T13:49:41Z	8dc0b5fea25671d6745a556bffb740d3866e189c	352c096f011eb282f12e6d4c12281340fac96b635a2879cc065d7637a6592872	wsh	local	4fa59ffc191c59db064dad44f47534cf47ac08da6f35e1710935fd0f39477918	2264a8042763edf2620cfe32d96b096e1f3d26aa	5.9.2	2.55.0	1000	150	clean	30	1.109	6.839	1	1	0	1	1788357186.996551	1788357187.164454	286380782	286380908
2026-09-02T13:49:41Z	8dc0b5fea25671d6745a556bffb740d3866e189c	352c096f011eb282f12e6d4c12281340fac96b635a2879cc065d7637a6592872	wsh	local	4fa59ffc191c59db064dad44f47534cf47ac08da6f35e1710935fd0f39477918	2264a8042763edf2620cfe32d96b096e1f3d26aa	5.9.2	2.55.0	1000	150	clean	31	1.133	6.676	1	1	0	1	1788357187.509779	1788357187.677180	286381747	286381911
2026-09-02T13:49:41Z	8dc0b5fea25671d6745a556bffb740d3866e189c	352c096f011eb282f12e6d4c12281340fac96b635a2879cc065d7637a6592872	wsh	local	4fa59ffc191c59db064dad44f47534cf47ac08da6f35e1710935fd0f39477918	2264a8042763edf2620cfe32d96b096e1f3d26aa	5.9.2	2.55.0	1000	150	clean	32	1.263	7.175	1	1	0	1	1788357188.023432	1788357188.191393	286382799	286383039
2026-09-02T13:49:41Z	8dc0b5fea25671d6745a556bffb740d3866e189c	352c096f011eb282f12e6d4c12281340fac96b635a2879cc065d7637a6592872	wsh	local	4fa59ffc191c59db064dad44f47534cf47ac08da6f35e1710935fd0f39477918	2264a8042763edf2620cfe32d96b096e1f3d26aa	5.9.2	2.55.0	1000	150	clean	33	1.379	7.091	1	1	0	1	1788357188.536258	1788357188.703893	286383762	286383949
2026-09-02T13:49:41Z	8dc0b5fea25671d6745a556bffb740d3866e189c	352c096f011eb282f12e6d4c12281340fac96b635a2879cc065d7637a6592872	wsh	local	4fa59ffc191c59db064dad44f47534cf47ac08da6f35e1710935fd0f39477918	2264a8042763edf2620cfe32d96b096e1f3d26aa	5.9.2	2.55.0	1000	150	clean	34	1.343	7.181	1	1	0	1	1788357189.049291	1788357189.217189	286384461	286384698
2026-09-02T13:49:41Z	8dc0b5fea25671d6745a556bffb740d3866e189c	352c096f011eb282f12e6d4c12281340fac96b635a2879cc065d7637a6592872	wsh	local	4fa59ffc191c59db064dad44f47534cf47ac08da6f35e1710935fd0f39477918	2264a8042763edf2620cfe32d96b096e1f3d26aa	5.9.2	2.55.0	1000	150	clean	35	1.391	7.034	1	1	0	1	1788357189.563160	1788357189.730744	286385131	286385302
2026-09-02T13:49:41Z	8dc0b5fea25671d6745a556bffb740d3866e189c	352c096f011eb282f12e6d4c12281340fac96b635a2879cc065d7637a6592872	wsh	local	4fa59ffc191c59db064dad44f47534cf47ac08da6f35e1710935fd0f39477918	2264a8042763edf2620cfe32d96b096e1f3d26aa	5.9.2	2.55.0	1000	150	clean	36	1.213	7.336	1	1	0	1	1788357190.075875	1788357190.244105	286385704	286385993
2026-09-02T13:49:41Z	8dc0b5fea25671d6745a556bffb740d3866e189c	352c096f011eb282f12e6d4c12281340fac96b635a2879cc065d7637a6592872	wsh	local	4fa59ffc191c59db064dad44f47534cf47ac08da6f35e1710935fd0f39477918	2264a8042763edf2620cfe32d96b096e1f3d26aa	5.9.2	2.55.0	1000	150	clean	37	1.172	7.001	1	1	0	1	1788357190.590132	1788357190.757647	286386440	286386627
2026-09-02T13:49:41Z	8dc0b5fea25671d6745a556bffb740d3866e189c	352c096f011eb282f12e6d4c12281340fac96b635a2879cc065d7637a6592872	wsh	local	4fa59ffc191c59db064dad44f47534cf47ac08da6f35e1710935fd0f39477918	2264a8042763edf2620cfe32d96b096e1f3d26aa	5.9.2	2.55.0	1000	150	clean	38	1.147	6.881	1	1	0	1	1788357191.104311	1788357191.271799	286387094	286387272
2026-09-02T13:49:41Z	8dc0b5fea25671d6745a556bffb740d3866e189c	352c096f011eb282f12e6d4c12281340fac96b635a2879cc065d7637a6592872	wsh	local	4fa59ffc191c59db064dad44f47534cf47ac08da6f35e1710935fd0f39477918	2264a8042763edf2620cfe32d96b096e1f3d26aa	5.9.2	2.55.0	1000	150	clean	39	1.662	6.668	1	1	0	1	1788357191.617175	1788357191.784463	286387565	286387739
2026-09-02T13:49:41Z	8dc0b5fea25671d6745a556bffb740d3866e189c	352c096f011eb282f12e6d4c12281340fac96b635a2879cc065d7637a6592872	wsh	local	4fa59ffc191c59db064dad44f47534cf47ac08da6f35e1710935fd0f39477918	2264a8042763edf2620cfe32d96b096e1f3d26aa	5.9.2	2.55.0	1000	150	clean	40	1.739	7.090	1	1	0	1	1788357192.130718	1788357192.298290	286388304	286388486
2026-09-02T13:49:41Z	8dc0b5fea25671d6745a556bffb740d3866e189c	352c096f011eb282f12e6d4c12281340fac96b635a2879cc065d7637a6592872	wsh	local	4fa59ffc191c59db064dad44f47534cf47ac08da6f35e1710935fd0f39477918	2264a8042763edf2620cfe32d96b096e1f3d26aa	5.9.2	2.55.0	1000	150	clean	41	1.201	7.608	1	1	0	1	1788357192.643842	1788357192.812484	286388782	286388959
2026-09-02T13:49:41Z	8dc0b5fea25671d6745a556bffb740d3866e189c	352c096f011eb282f12e6d4c12281340fac96b635a2879cc065d7637a6592872	wsh	local	4fa59ffc191c59db064dad44f47534cf47ac08da6f35e1710935fd0f39477918	2264a8042763edf2620cfe32d96b096e1f3d26aa	5.9.2	2.55.0	1000	150	clean	42	1.167	6.559	1	1	0	1	1788357193.159028	1788357193.326603	286389411	286389576
2026-09-02T13:49:41Z	8dc0b5fea25671d6745a556bffb740d3866e189c	352c096f011eb282f12e6d4c12281340fac96b635a2879cc065d7637a6592872	wsh	local	4fa59ffc191c59db064dad44f47534cf47ac08da6f35e1710935fd0f39477918	2264a8042763edf2620cfe32d96b096e1f3d26aa	5.9.2	2.55.0	1000	150	clean	43	1.141	7.455	1	1	0	1	1788357193.673281	1788357193.841510	286390003	286390429
2026-09-02T13:49:41Z	8dc0b5fea25671d6745a556bffb740d3866e189c	352c096f011eb282f12e6d4c12281340fac96b635a2879cc065d7637a6592872	wsh	local	4fa59ffc191c59db064dad44f47534cf47ac08da6f35e1710935fd0f39477918	2264a8042763edf2620cfe32d96b096e1f3d26aa	5.9.2	2.55.0	1000	150	clean	44	1.209	6.918	1	1	0	1	1788357194.186190	1788357194.353742	286391043	286391300
2026-09-02T13:49:41Z	8dc0b5fea25671d6745a556bffb740d3866e189c	352c096f011eb282f12e6d4c12281340fac96b635a2879cc065d7637a6592872	wsh	local	4fa59ffc191c59db064dad44f47534cf47ac08da6f35e1710935fd0f39477918	2264a8042763edf2620cfe32d96b096e1f3d26aa	5.9.2	2.55.0	1000	150	clean	45	1.180	7.231	1	1	0	1	1788357194.690569	1788357194.858266	286392046	286392367
2026-09-02T13:49:41Z	8dc0b5fea25671d6745a556bffb740d3866e189c	352c096f011eb282f12e6d4c12281340fac96b635a2879cc065d7637a6592872	wsh	local	4fa59ffc191c59db064dad44f47534cf47ac08da6f35e1710935fd0f39477918	2264a8042763edf2620cfe32d96b096e1f3d26aa	5.9.2	2.55.0	1000	150	clean	46	1.719	7.314	1	1	0	1	1788357195.204985	1788357195.373028	286392731	286392948
2026-09-02T13:49:41Z	8dc0b5fea25671d6745a556bffb740d3866e189c	352c096f011eb282f12e6d4c12281340fac96b635a2879cc065d7637a6592872	wsh	local	4fa59ffc191c59db064dad44f47534cf47ac08da6f35e1710935fd0f39477918	2264a8042763edf2620cfe32d96b096e1f3d26aa	5.9.2	2.55.0	1000	150	clean	47	1.173	6.838	1	1	0	1	1788357195.719507	1788357195.886732	286393347	286393654
2026-09-02T13:49:41Z	8dc0b5fea25671d6745a556bffb740d3866e189c	352c096f011eb282f12e6d4c12281340fac96b635a2879cc065d7637a6592872	wsh	local	4fa59ffc191c59db064dad44f47534cf47ac08da6f35e1710935fd0f39477918	2264a8042763edf2620cfe32d96b096e1f3d26aa	5.9.2	2.55.0	1000	150	clean	48	1.147	7.218	1	1	0	1	1788357196.232919	1788357196.401410	286394103	286394318
2026-09-02T13:49:41Z	8dc0b5fea25671d6745a556bffb740d3866e189c	352c096f011eb282f12e6d4c12281340fac96b635a2879cc065d7637a6592872	wsh	local	4fa59ffc191c59db064dad44f47534cf47ac08da6f35e1710935fd0f39477918	2264a8042763edf2620cfe32d96b096e1f3d26aa	5.9.2	2.55.0	1000	150	clean	49	1.747	7.611	1	1	0	1	1788357196.747745	1788357196.915940	286394868	286395168
2026-09-02T13:49:41Z	8dc0b5fea25671d6745a556bffb740d3866e189c	352c096f011eb282f12e6d4c12281340fac96b635a2879cc065d7637a6592872	wsh	local	4fa59ffc191c59db064dad44f47534cf47ac08da6f35e1710935fd0f39477918	2264a8042763edf2620cfe32d96b096e1f3d26aa	5.9.2	2.55.0	1000	150	clean	50	1.260	6.852	1	1	0	1	1788357197.262408	1788357197.430174	286395539	286395734
2026-09-02T13:49:41Z	8dc0b5fea25671d6745a556bffb740d3866e189c	352c096f011eb282f12e6d4c12281340fac96b635a2879cc065d7637a6592872	wsh	local	4fa59ffc191c59db064dad44f47534cf47ac08da6f35e1710935fd0f39477918	2264a8042763edf2620cfe32d96b096e1f3d26aa	5.9.2	2.55.0	1000	150	clean	51	1.198	7.116	1	1	0	1	1788357197.775493	1788357197.943699	286396190	286396524
2026-09-02T13:49:41Z	8dc0b5fea25671d6745a556bffb740d3866e189c	352c096f011eb282f12e6d4c12281340fac96b635a2879cc065d7637a6592872	wsh	local	4fa59ffc191c59db064dad44f47534cf47ac08da6f35e1710935fd0f39477918	2264a8042763edf2620cfe32d96b096e1f3d26aa	5.9.2	2.55.0	1000	150	clean	52	1.335	7.041	1	1	0	1	1788357198.290801	1788357198.459020	286397003	286397282
2026-09-02T13:49:41Z	8dc0b5fea25671d6745a556bffb740d3866e189c	352c096f011eb282f12e6d4c12281340fac96b635a2879cc065d7637a6592872	wsh	local	4fa59ffc191c59db064dad44f47534cf47ac08da6f35e1710935fd0f39477918	2264a8042763edf2620cfe32d96b096e1f3d26aa	5.9.2	2.55.0	1000	150	clean	53	1.292	7.041	1	1	0	1	1788357198.806048	1788357198.974395	286397740	286397949
2026-09-02T13:49:41Z	8dc0b5fea25671d6745a556bffb740d3866e189c	352c096f011eb282f12e6d4c12281340fac96b635a2879cc065d7637a6592872	wsh	local	4fa59ffc191c59db064dad44f47534cf47ac08da6f35e1710935fd0f39477918	2264a8042763edf2620cfe32d96b096e1f3d26aa	5.9.2	2.55.0	1000	150	clean	54	1.169	6.845	1	1	0	1	1788357199.320648	1788357199.488703	286398333	286398536
2026-09-02T13:49:41Z	8dc0b5fea25671d6745a556bffb740d3866e189c	352c096f011eb282f12e6d4c12281340fac96b635a2879cc065d7637a6592872	wsh	local	4fa59ffc191c59db064dad44f47534cf47ac08da6f35e1710935fd0f39477918	2264a8042763edf2620cfe32d96b096e1f3d26aa	5.9.2	2.55.0	1000	150	clean	55	1.735	7.661	1	1	0	1	1788357199.835056	1788357200.003717	286398962	286399165
2026-09-02T13:49:41Z	8dc0b5fea25671d6745a556bffb740d3866e189c	352c096f011eb282f12e6d4c12281340fac96b635a2879cc065d7637a6592872	wsh	local	4fa59ffc191c59db064dad44f47534cf47ac08da6f35e1710935fd0f39477918	2264a8042763edf2620cfe32d96b096e1f3d26aa	5.9.2	2.55.0	1000	150	clean	56	1.175	6.730	1	1	0	1	1788357200.349290	1788357200.517396	286399495	286399676
2026-09-02T13:49:41Z	8dc0b5fea25671d6745a556bffb740d3866e189c	352c096f011eb282f12e6d4c12281340fac96b635a2879cc065d7637a6592872	wsh	local	4fa59ffc191c59db064dad44f47534cf47ac08da6f35e1710935fd0f39477918	2264a8042763edf2620cfe32d96b096e1f3d26aa	5.9.2	2.55.0	1000	150	clean	57	1.172	6.915	1	1	0	1	1788357200.863604	1788357201.031840	286400027	286400195
2026-09-02T13:49:41Z	8dc0b5fea25671d6745a556bffb740d3866e189c	352c096f011eb282f12e6d4c12281340fac96b635a2879cc065d7637a6592872	wsh	local	4fa59ffc191c59db064dad44f47534cf47ac08da6f35e1710935fd0f39477918	2264a8042763edf2620cfe32d96b096e1f3d26aa	5.9.2	2.55.0	1000	150	clean	58	1.181	6.596	1	1	0	1	1788357201.377979	1788357201.545602	286400571	286400788
2026-09-02T13:49:41Z	8dc0b5fea25671d6745a556bffb740d3866e189c	352c096f011eb282f12e6d4c12281340fac96b635a2879cc065d7637a6592872	wsh	local	4fa59ffc191c59db064dad44f47534cf47ac08da6f35e1710935fd0f39477918	2264a8042763edf2620cfe32d96b096e1f3d26aa	5.9.2	2.55.0	1000	150	clean	59	1.165	7.114	1	1	0	1	1788357201.892195	1788357202.060402	286401232	286401658
2026-09-02T13:49:41Z	8dc0b5fea25671d6745a556bffb740d3866e189c	352c096f011eb282f12e6d4c12281340fac96b635a2879cc065d7637a6592872	wsh	local	4fa59ffc191c59db064dad44f47534cf47ac08da6f35e1710935fd0f39477918	2264a8042763edf2620cfe32d96b096e1f3d26aa	5.9.2	2.55.0	1000	150	clean	60	1.760	6.908	1	1	0	1	1788357202.407257	1788357202.575576	286402016	286402198
2026-09-02T13:49:41Z	8dc0b5fea25671d6745a556bffb740d3866e189c	352c096f011eb282f12e6d4c12281340fac96b635a2879cc065d7637a6592872	wsh	local	4fa59ffc191c59db064dad44f47534cf47ac08da6f35e1710935fd0f39477918	2264a8042763edf2620cfe32d96b096e1f3d26aa	5.9.2	2.55.0	1000	150	clean	61	1.176	7.040	1	1	0	1	1788357202.923280	1788357203.091314	286402620	286402887
2026-09-02T13:49:41Z	8dc0b5fea25671d6745a556bffb740d3866e189c	352c096f011eb282f12e6d4c12281340fac96b635a2879cc065d7637a6592872	wsh	local	4fa59ffc191c59db064dad44f47534cf47ac08da6f35e1710935fd0f39477918	2264a8042763edf2620cfe32d96b096e1f3d26aa	5.9.2	2.55.0	1000	150	clean	62	1.360	6.636	1	1	0	1	1788357203.438708	1788357203.606591	286403355	286403554
2026-09-02T13:49:41Z	8dc0b5fea25671d6745a556bffb740d3866e189c	352c096f011eb282f12e6d4c12281340fac96b635a2879cc065d7637a6592872	wsh	local	4fa59ffc191c59db064dad44f47534cf47ac08da6f35e1710935fd0f39477918	2264a8042763edf2620cfe32d96b096e1f3d26aa	5.9.2	2.55.0	1000	150	clean	63	1.172	7.089	1	1	0	1	1788357203.953181	1788357204.111554	286404070	286404269
2026-09-02T13:49:41Z	8dc0b5fea25671d6745a556bffb740d3866e189c	352c096f011eb282f12e6d4c12281340fac96b635a2879cc065d7637a6592872	wsh	local	4fa59ffc191c59db064dad44f47534cf47ac08da6f35e1710935fd0f39477918	2264a8042763edf2620cfe32d96b096e1f3d26aa	5.9.2	2.55.0	1000	150	clean	64	1.187	6.771	1	1	0	1	1788357204.448776	1788357204.616688	286404674	286404863
2026-09-02T13:49:41Z	8dc0b5fea25671d6745a556bffb740d3866e189c	352c096f011eb282f12e6d4c12281340fac96b635a2879cc065d7637a6592872	wsh	local	4fa59ffc191c59db064dad44f47534cf47ac08da6f35e1710935fd0f39477918	2264a8042763edf2620cfe32d96b096e1f3d26aa	5.9.2	2.55.0	1000	150	clean	65	1.203	6.834	1	1	0	1	1788357204.943991	1788357205.101783	286405291	286405471
2026-09-02T13:49:41Z	8dc0b5fea25671d6745a556bffb740d3866e189c	352c096f011eb282f12e6d4c12281340fac96b635a2879cc065d7637a6592872	wsh	local	4fa59ffc191c59db064dad44f47534cf47ac08da6f35e1710935fd0f39477918	2264a8042763edf2620cfe32d96b096e1f3d26aa	5.9.2	2.55.0	1000	150	clean	66	1.219	6.565	1	1	0	1	1788357205.449057	1788357205.616785	286405869	286406031
2026-09-02T13:49:41Z	8dc0b5fea25671d6745a556bffb740d3866e189c	352c096f011eb282f12e6d4c12281340fac96b635a2879cc065d7637a6592872	wsh	local	4fa59ffc191c59db064dad44f47534cf47ac08da6f35e1710935fd0f39477918	2264a8042763edf2620cfe32d96b096e1f3d26aa	5.9.2	2.55.0	1000	150	clean	67	1.200	7.108	1	1	0	1	1788357205.953954	1788357206.122166	286406545	286406718
2026-09-02T13:49:41Z	8dc0b5fea25671d6745a556bffb740d3866e189c	352c096f011eb282f12e6d4c12281340fac96b635a2879cc065d7637a6592872	wsh	local	4fa59ffc191c59db064dad44f47534cf47ac08da6f35e1710935fd0f39477918	2264a8042763edf2620cfe32d96b096e1f3d26aa	5.9.2	2.55.0	1000	150	clean	68	1.175	6.561	1	1	0	1	1788357206.469191	1788357206.637243	286407208	286407375
2026-09-02T13:49:41Z	8dc0b5fea25671d6745a556bffb740d3866e189c	352c096f011eb282f12e6d4c12281340fac96b635a2879cc065d7637a6592872	wsh	local	4fa59ffc191c59db064dad44f47534cf47ac08da6f35e1710935fd0f39477918	2264a8042763edf2620cfe32d96b096e1f3d26aa	5.9.2	2.55.0	1000	150	clean	69	1.270	6.966	1	1	0	1	1788357206.984976	1788357207.153291	286407767	286408035
2026-09-02T13:49:41Z	8dc0b5fea25671d6745a556bffb740d3866e189c	352c096f011eb282f12e6d4c12281340fac96b635a2879cc065d7637a6592872	wsh	local	4fa59ffc191c59db064dad44f47534cf47ac08da6f35e1710935fd0f39477918	2264a8042763edf2620cfe32d96b096e1f3d26aa	5.9.2	2.55.0	1000	150	clean	70	1.191	6.576	1	1	0	1	1788357207.490362	1788357207.658195	286408542	286408760
2026-09-02T13:49:41Z	8dc0b5fea25671d6745a556bffb740d3866e189c	352c096f011eb282f12e6d4c12281340fac96b635a2879cc065d7637a6592872	wsh	local	4fa59ffc191c59db064dad44f47534cf47ac08da6f35e1710935fd0f39477918	2264a8042763edf2620cfe32d96b096e1f3d26aa	5.9.2	2.55.0	1000	150	clean	71	1.221	7.009	1	1	0	1	1788357207.996420	1788357208.164754	286409369	286409547
2026-09-02T13:49:41Z	8dc0b5fea25671d6745a556bffb740d3866e189c	352c096f011eb282f12e6d4c12281340fac96b635a2879cc065d7637a6592872	wsh	local	4fa59ffc191c59db064dad44f47534cf47ac08da6f35e1710935fd0f39477918	2264a8042763edf2620cfe32d96b096e1f3d26aa	5.9.2	2.55.0	1000	150	clean	72	1.482	7.174	1	1	0	1	1788357208.501654	1788357208.670561	286409955	286410183
2026-09-02T13:49:41Z	8dc0b5fea25671d6745a556bffb740d3866e189c	352c096f011eb282f12e6d4c12281340fac96b635a2879cc065d7637a6592872	wsh	local	4fa59ffc191c59db064dad44f47534cf47ac08da6f35e1710935fd0f39477918	2264a8042763edf2620cfe32d96b096e1f3d26aa	5.9.2	2.55.0	1000	150	clean	73	1.503	7.206	1	1	0	1	1788357209.018995	1788357209.187751	286410514	286410720
2026-09-02T13:49:41Z	8dc0b5fea25671d6745a556bffb740d3866e189c	352c096f011eb282f12e6d4c12281340fac96b635a2879cc065d7637a6592872	wsh	local	4fa59ffc191c59db064dad44f47534cf47ac08da6f35e1710935fd0f39477918	2264a8042763edf2620cfe32d96b096e1f3d26aa	5.9.2	2.55.0	1000	150	clean	74	1.216	7.275	1	1	0	1	1788357209.535901	1788357209.704395	286411153	286411395
2026-09-02T13:49:41Z	8dc0b5fea25671d6745a556bffb740d3866e189c	352c096f011eb282f12e6d4c12281340fac96b635a2879cc065d7637a6592872	wsh	local	4fa59ffc191c59db064dad44f47534cf47ac08da6f35e1710935fd0f39477918	2264a8042763edf2620cfe32d96b096e1f3d26aa	5.9.2	2.55.0	1000	150	clean	75	1.232	6.903	1	1	0	1	1788357210.041610	1788357210.209867	286411972	286412171
2026-09-02T13:49:41Z	8dc0b5fea25671d6745a556bffb740d3866e189c	352c096f011eb282f12e6d4c12281340fac96b635a2879cc065d7637a6592872	wsh	local	4fa59ffc191c59db064dad44f47534cf47ac08da6f35e1710935fd0f39477918	2264a8042763edf2620cfe32d96b096e1f3d26aa	5.9.2	2.55.0	1000	150	clean	76	1.233	6.754	1	1	0	1	1788357210.547905	1788357210.715852	286412506	286412697
2026-09-02T13:49:41Z	8dc0b5fea25671d6745a556bffb740d3866e189c	352c096f011eb282f12e6d4c12281340fac96b635a2879cc065d7637a6592872	wsh	local	4fa59ffc191c59db064dad44f47534cf47ac08da6f35e1710935fd0f39477918	2264a8042763edf2620cfe32d96b096e1f3d26aa	5.9.2	2.55.0	1000	150	clean	77	1.244	7.089	1	1	0	1	1788357211.053428	1788357211.221826	286413217	286413460
2026-09-02T13:49:41Z	8dc0b5fea25671d6745a556bffb740d3866e189c	352c096f011eb282f12e6d4c12281340fac96b635a2879cc065d7637a6592872	wsh	local	4fa59ffc191c59db064dad44f47534cf47ac08da6f35e1710935fd0f39477918	2264a8042763edf2620cfe32d96b096e1f3d26aa	5.9.2	2.55.0	1000	150	clean	78	1.213	6.934	1	1	0	1	1788357211.569520	1788357211.727425	286413855	286414040
2026-09-02T13:49:41Z	8dc0b5fea25671d6745a556bffb740d3866e189c	352c096f011eb282f12e6d4c12281340fac96b635a2879cc065d7637a6592872	wsh	local	4fa59ffc191c59db064dad44f47534cf47ac08da6f35e1710935fd0f39477918	2264a8042763edf2620cfe32d96b096e1f3d26aa	5.9.2	2.55.0	1000	150	clean	79	1.209	7.108	1	1	0	1	1788357212.055349	1788357212.223910	286414476	286414759
2026-09-02T13:49:41Z	8dc0b5fea25671d6745a556bffb740d3866e189c	352c096f011eb282f12e6d4c12281340fac96b635a2879cc065d7637a6592872	wsh	local	4fa59ffc191c59db064dad44f47534cf47ac08da6f35e1710935fd0f39477918	2264a8042763edf2620cfe32d96b096e1f3d26aa	5.9.2	2.55.0	1000	150	clean	80	1.249	7.352	1	1	0	1	1788357212.561575	1788357212.720526	286415173	286415409
2026-09-02T13:49:41Z	8dc0b5fea25671d6745a556bffb740d3866e189c	352c096f011eb282f12e6d4c12281340fac96b635a2879cc065d7637a6592872	wsh	local	4fa59ffc191c59db064dad44f47534cf47ac08da6f35e1710935fd0f39477918	2264a8042763edf2620cfe32d96b096e1f3d26aa	5.9.2	2.55.0	1000	150	clean	81	1.260	6.882	1	1	0	1	1788357213.058860	1788357213.216679	286415970	286416155
2026-09-02T13:49:41Z	8dc0b5fea25671d6745a556bffb740d3866e189c	352c096f011eb282f12e6d4c12281340fac96b635a2879cc065d7637a6592872	wsh	local	4fa59ffc191c59db064dad44f47534cf47ac08da6f35e1710935fd0f39477918	2264a8042763edf2620cfe32d96b096e1f3d26aa	5.9.2	2.55.0	1000	150	clean	82	1.228	7.032	1	1	0	1	1788357213.554360	1788357213.723121	286416808	286417061
2026-09-02T13:49:41Z	8dc0b5fea25671d6745a556bffb740d3866e189c	352c096f011eb282f12e6d4c12281340fac96b635a2879cc065d7637a6592872	wsh	local	4fa59ffc191c59db064dad44f47534cf47ac08da6f35e1710935fd0f39477918	2264a8042763edf2620cfe32d96b096e1f3d26aa	5.9.2	2.55.0	1000	150	clean	83	1.575	7.077	1	1	0	1	1788357214.061687	1788357214.219846	286417530	286417746
2026-09-02T13:49:41Z	8dc0b5fea25671d6745a556bffb740d3866e189c	352c096f011eb282f12e6d4c12281340fac96b635a2879cc065d7637a6592872	wsh	local	4fa59ffc191c59db064dad44f47534cf47ac08da6f35e1710935fd0f39477918	2264a8042763edf2620cfe32d96b096e1f3d26aa	5.9.2	2.55.0	1000	150	clean	84	1.297	6.824	1	1	0	1	1788357214.547761	1788357214.706074	286418158	286418361
2026-09-02T13:49:41Z	8dc0b5fea25671d6745a556bffb740d3866e189c	352c096f011eb282f12e6d4c12281340fac96b635a2879cc065d7637a6592872	wsh	local	4fa59ffc191c59db064dad44f47534cf47ac08da6f35e1710935fd0f39477918	2264a8042763edf2620cfe32d96b096e1f3d26aa	5.9.2	2.55.0	1000	150	clean	85	1.223	7.486	1	1	0	1	1788357215.034562	1788357215.204178	286418782	286419014
2026-09-02T13:49:41Z	8dc0b5fea25671d6745a556bffb740d3866e189c	352c096f011eb282f12e6d4c12281340fac96b635a2879cc065d7637a6592872	wsh	local	4fa59ffc191c59db064dad44f47534cf47ac08da6f35e1710935fd0f39477918	2264a8042763edf2620cfe32d96b096e1f3d26aa	5.9.2	2.55.0	1000	150	clean	86	1.251	6.779	1	1	0	1	1788357215.530987	1788357215.688916	286419527	286419707
2026-09-02T13:49:41Z	8dc0b5fea25671d6745a556bffb740d3866e189c	352c096f011eb282f12e6d4c12281340fac96b635a2879cc065d7637a6592872	wsh	local	4fa59ffc191c59db064dad44f47534cf47ac08da6f35e1710935fd0f39477918	2264a8042763edf2620cfe32d96b096e1f3d26aa	5.9.2	2.55.0	1000	150	clean	87	1.271	7.258	1	1	0	1	1788357216.016283	1788357216.174791	286420693	286420888
2026-09-02T13:49:41Z	8dc0b5fea25671d6745a556bffb740d3866e189c	352c096f011eb282f12e6d4c12281340fac96b635a2879cc065d7637a6592872	wsh	local	4fa59ffc191c59db064dad44f47534cf47ac08da6f35e1710935fd0f39477918	2264a8042763edf2620cfe32d96b096e1f3d26aa	5.9.2	2.55.0	1000	150	clean	88	1.248	7.150	1	1	0	1	1788357216.513051	1788357216.671404	286421243	286421442
2026-09-02T13:49:41Z	8dc0b5fea25671d6745a556bffb740d3866e189c	352c096f011eb282f12e6d4c12281340fac96b635a2879cc065d7637a6592872	wsh	local	4fa59ffc191c59db064dad44f47534cf47ac08da6f35e1710935fd0f39477918	2264a8042763edf2620cfe32d96b096e1f3d26aa	5.9.2	2.55.0	1000	150	clean	89	1.544	7.384	1	1	0	1	1788357216.999920	1788357217.158576	286421807	286421998
2026-09-02T13:49:41Z	8dc0b5fea25671d6745a556bffb740d3866e189c	352c096f011eb282f12e6d4c12281340fac96b635a2879cc065d7637a6592872	wsh	local	4fa59ffc191c59db064dad44f47534cf47ac08da6f35e1710935fd0f39477918	2264a8042763edf2620cfe32d96b096e1f3d26aa	5.9.2	2.55.0	1000	150	clean	90	1.583	7.131	1	1	0	1	1788357217.487940	1788357217.646693	286422474	286422640
2026-09-02T13:49:41Z	8dc0b5fea25671d6745a556bffb740d3866e189c	352c096f011eb282f12e6d4c12281340fac96b635a2879cc065d7637a6592872	wsh	local	4fa59ffc191c59db064dad44f47534cf47ac08da6f35e1710935fd0f39477918	2264a8042763edf2620cfe32d96b096e1f3d26aa	5.9.2	2.55.0	1000	150	clean	91	1.636	7.293	1	1	0	1	1788357217.975882	1788357218.134574	286423203	286423441
2026-09-02T13:49:41Z	8dc0b5fea25671d6745a556bffb740d3866e189c	352c096f011eb282f12e6d4c12281340fac96b635a2879cc065d7637a6592872	wsh	local	4fa59ffc191c59db064dad44f47534cf47ac08da6f35e1710935fd0f39477918	2264a8042763edf2620cfe32d96b096e1f3d26aa	5.9.2	2.55.0	1000	150	clean	92	1.298	7.254	1	1	0	1	1788357218.462888	1788357218.621689	286423788	286423983
2026-09-02T13:49:41Z	8dc0b5fea25671d6745a556bffb740d3866e189c	352c096f011eb282f12e6d4c12281340fac96b635a2879cc065d7637a6592872	wsh	local	4fa59ffc191c59db064dad44f47534cf47ac08da6f35e1710935fd0f39477918	2264a8042763edf2620cfe32d96b096e1f3d26aa	5.9.2	2.55.0	1000	150	clean	93	1.847	7.926	1	1	0	1	1788357218.951975	1788357219.111510	286425113	286425389
2026-09-02T13:49:41Z	8dc0b5fea25671d6745a556bffb740d3866e189c	352c096f011eb282f12e6d4c12281340fac96b635a2879cc065d7637a6592872	wsh	local	4fa59ffc191c59db064dad44f47534cf47ac08da6f35e1710935fd0f39477918	2264a8042763edf2620cfe32d96b096e1f3d26aa	5.9.2	2.55.0	1000	150	clean	94	1.331	7.544	1	1	0	1	1788357219.440520	1788357219.599412	286425960	286426194
2026-09-02T13:49:41Z	8dc0b5fea25671d6745a556bffb740d3866e189c	352c096f011eb282f12e6d4c12281340fac96b635a2879cc065d7637a6592872	wsh	local	4fa59ffc191c59db064dad44f47534cf47ac08da6f35e1710935fd0f39477918	2264a8042763edf2620cfe32d96b096e1f3d26aa	5.9.2	2.55.0	1000	150	clean	95	1.259	6.970	1	1	0	1	1788357219.928234	1788357220.086508	286426612	286426740
2026-09-02T13:49:41Z	8dc0b5fea25671d6745a556bffb740d3866e189c	352c096f011eb282f12e6d4c12281340fac96b635a2879cc065d7637a6592872	wsh	local	4fa59ffc191c59db064dad44f47534cf47ac08da6f35e1710935fd0f39477918	2264a8042763edf2620cfe32d96b096e1f3d26aa	5.9.2	2.55.0	1000	150	clean	96	1.249	6.943	1	1	0	1	1788357220.414358	1788357220.572564	286427056	286427172
2026-09-02T13:49:41Z	8dc0b5fea25671d6745a556bffb740d3866e189c	352c096f011eb282f12e6d4c12281340fac96b635a2879cc065d7637a6592872	wsh	local	4fa59ffc191c59db064dad44f47534cf47ac08da6f35e1710935fd0f39477918	2264a8042763edf2620cfe32d96b096e1f3d26aa	5.9.2	2.55.0	1000	150	clean	97	1.267	7.097	1	1	0	1	1788357220.900640	1788357221.058815	286427546	286427698
2026-09-02T13:49:41Z	8dc0b5fea25671d6745a556bffb740d3866e189c	352c096f011eb282f12e6d4c12281340fac96b635a2879cc065d7637a6592872	wsh	local	4fa59ffc191c59db064dad44f47534cf47ac08da6f35e1710935fd0f39477918	2264a8042763edf2620cfe32d96b096e1f3d26aa	5.9.2	2.55.0	1000	150	clean	98	1.320	7.284	1	1	0	1	1788357221.388135	1788357221.546877	286428089	286428339
2026-09-02T13:49:41Z	8dc0b5fea25671d6745a556bffb740d3866e189c	352c096f011eb282f12e6d4c12281340fac96b635a2879cc065d7637a6592872	wsh	local	4fa59ffc191c59db064dad44f47534cf47ac08da6f35e1710935fd0f39477918	2264a8042763edf2620cfe32d96b096e1f3d26aa	5.9.2	2.55.0	1000	150	clean	99	1.322	7.234	1	1	0	1	1788357221.875495	1788357222.033917	286428856	286429258
2026-09-02T13:49:41Z	8dc0b5fea25671d6745a556bffb740d3866e189c	352c096f011eb282f12e6d4c12281340fac96b635a2879cc065d7637a6592872	wsh	local	4fa59ffc191c59db064dad44f47534cf47ac08da6f35e1710935fd0f39477918	2264a8042763edf2620cfe32d96b096e1f3d26aa	5.9.2	2.55.0	1000	150	clean	100	1.348	6.912	1	1	0	1	1788357222.362655	1788357222.521529	286429934	286430154
2026-09-02T13:49:41Z	8dc0b5fea25671d6745a556bffb740d3866e189c	352c096f011eb282f12e6d4c12281340fac96b635a2879cc065d7637a6592872	wsh	local	4fa59ffc191c59db064dad44f47534cf47ac08da6f35e1710935fd0f39477918	2264a8042763edf2620cfe32d96b096e1f3d26aa	5.9.2	2.55.0	1000	150	dirty	1	1.276	7.344	1	1	0	1	1788357222.874985	1788357223.035486	286431048	286432410
2026-09-02T13:49:41Z	8dc0b5fea25671d6745a556bffb740d3866e189c	352c096f011eb282f12e6d4c12281340fac96b635a2879cc065d7637a6592872	wsh	local	4fa59ffc191c59db064dad44f47534cf47ac08da6f35e1710935fd0f39477918	2264a8042763edf2620cfe32d96b096e1f3d26aa	5.9.2	2.55.0	1000	150	dirty	2	1.344	7.250	1	1	0	1	1788357223.365706	1788357223.524158	286432591	286432695
2026-09-02T13:49:41Z	8dc0b5fea25671d6745a556bffb740d3866e189c	352c096f011eb282f12e6d4c12281340fac96b635a2879cc065d7637a6592872	wsh	local	4fa59ffc191c59db064dad44f47534cf47ac08da6f35e1710935fd0f39477918	2264a8042763edf2620cfe32d96b096e1f3d26aa	5.9.2	2.55.0	1000	150	dirty	3	1.333	7.333	1	1	0	1	1788357223.854733	1788357224.013801	286433244	286433294
2026-09-02T13:49:41Z	8dc0b5fea25671d6745a556bffb740d3866e189c	352c096f011eb282f12e6d4c12281340fac96b635a2879cc065d7637a6592872	wsh	local	4fa59ffc191c59db064dad44f47534cf47ac08da6f35e1710935fd0f39477918	2264a8042763edf2620cfe32d96b096e1f3d26aa	5.9.2	2.55.0	1000	150	dirty	4	1.788	7.453	1	1	0	1	1788357224.345117	1788357224.505799	286434380	286434448
2026-09-02T13:49:41Z	8dc0b5fea25671d6745a556bffb740d3866e189c	352c096f011eb282f12e6d4c12281340fac96b635a2879cc065d7637a6592872	wsh	local	4fa59ffc191c59db064dad44f47534cf47ac08da6f35e1710935fd0f39477918	2264a8042763edf2620cfe32d96b096e1f3d26aa	5.9.2	2.55.0	1000	150	dirty	5	1.334	7.745	1	1	0	1	1788357224.837968	1788357224.997017	286434879	286434965
2026-09-02T13:49:41Z	8dc0b5fea25671d6745a556bffb740d3866e189c	352c096f011eb282f12e6d4c12281340fac96b635a2879cc065d7637a6592872	wsh	local	4fa59ffc191c59db064dad44f47534cf47ac08da6f35e1710935fd0f39477918	2264a8042763edf2620cfe32d96b096e1f3d26aa	5.9.2	2.55.0	1000	150	dirty	6	1.190	7.033	1	1	0	1	1788357225.328454	1788357225.487948	286435235	286435310
2026-09-02T13:49:41Z	8dc0b5fea25671d6745a556bffb740d3866e189c	352c096f011eb282f12e6d4c12281340fac96b635a2879cc065d7637a6592872	wsh	local	4fa59ffc191c59db064dad44f47534cf47ac08da6f35e1710935fd0f39477918	2264a8042763edf2620cfe32d96b096e1f3d26aa	5.9.2	2.55.0	1000	150	dirty	7	1.808	7.177	1	1	0	1	1788357225.822073	1788357225.982040	286435933	286435961
2026-09-02T13:49:41Z	8dc0b5fea25671d6745a556bffb740d3866e189c	352c096f011eb282f12e6d4c12281340fac96b635a2879cc065d7637a6592872	wsh	local	4fa59ffc191c59db064dad44f47534cf47ac08da6f35e1710935fd0f39477918	2264a8042763edf2620cfe32d96b096e1f3d26aa	5.9.2	2.55.0	1000	150	dirty	8	1.281	6.859	1	1	0	1	1788357226.312016	1788357226.471894	286436091	286436304
2026-09-02T13:49:41Z	8dc0b5fea25671d6745a556bffb740d3866e189c	352c096f011eb282f12e6d4c12281340fac96b635a2879cc065d7637a6592872	wsh	local	4fa59ffc191c59db064dad44f47534cf47ac08da6f35e1710935fd0f39477918	2264a8042763edf2620cfe32d96b096e1f3d26aa	5.9.2	2.55.0	1000	150	dirty	9	1.260	8.111	1	1	0	1	1788357226.806628	1788357226.966214	286436635	286436794
2026-09-02T13:49:41Z	8dc0b5fea25671d6745a556bffb740d3866e189c	352c096f011eb282f12e6d4c12281340fac96b635a2879cc065d7637a6592872	wsh	local	4fa59ffc191c59db064dad44f47534cf47ac08da6f35e1710935fd0f39477918	2264a8042763edf2620cfe32d96b096e1f3d26aa	5.9.2	2.55.0	1000	150	dirty	10	1.730	7.087	1	1	0	1	1788357227.296973	1788357227.458344	286437064	286437126
2026-09-02T13:49:41Z	8dc0b5fea25671d6745a556bffb740d3866e189c	352c096f011eb282f12e6d4c12281340fac96b635a2879cc065d7637a6592872	wsh	local	4fa59ffc191c59db064dad44f47534cf47ac08da6f35e1710935fd0f39477918	2264a8042763edf2620cfe32d96b096e1f3d26aa	5.9.2	2.55.0	1000	150	dirty	11	1.642	7.431	1	1	0	1	1788357227.788960	1788357227.950083	286437526	286437720
2026-09-02T13:49:41Z	8dc0b5fea25671d6745a556bffb740d3866e189c	352c096f011eb282f12e6d4c12281340fac96b635a2879cc065d7637a6592872	wsh	local	4fa59ffc191c59db064dad44f47534cf47ac08da6f35e1710935fd0f39477918	2264a8042763edf2620cfe32d96b096e1f3d26aa	5.9.2	2.55.0	1000	150	dirty	12	1.337	6.950	1	1	0	1	1788357228.280523	1788357228.440463	286438134	286438569
2026-09-02T13:49:41Z	8dc0b5fea25671d6745a556bffb740d3866e189c	352c096f011eb282f12e6d4c12281340fac96b635a2879cc065d7637a6592872	wsh	local	4fa59ffc191c59db064dad44f47534cf47ac08da6f35e1710935fd0f39477918	2264a8042763edf2620cfe32d96b096e1f3d26aa	5.9.2	2.55.0	1000	150	dirty	13	1.876	8.516	1	1	0	1	1788357228.773639	1788357228.934363	286438985	286439504
2026-09-02T13:49:41Z	8dc0b5fea25671d6745a556bffb740d3866e189c	352c096f011eb282f12e6d4c12281340fac96b635a2879cc065d7637a6592872	wsh	local	4fa59ffc191c59db064dad44f47534cf47ac08da6f35e1710935fd0f39477918	2264a8042763edf2620cfe32d96b096e1f3d26aa	5.9.2	2.55.0	1000	150	dirty	14	1.490	6.825	1	1	0	1	1788357229.268225	1788357229.427605	286439876	286440012
2026-09-02T13:49:41Z	8dc0b5fea25671d6745a556bffb740d3866e189c	352c096f011eb282f12e6d4c12281340fac96b635a2879cc065d7637a6592872	wsh	local	4fa59ffc191c59db064dad44f47534cf47ac08da6f35e1710935fd0f39477918	2264a8042763edf2620cfe32d96b096e1f3d26aa	5.9.2	2.55.0	1000	150	dirty	15	1.509	7.310	1	1	0	1	1788357229.762008	1788357229.922745	286440222	286440594
2026-09-02T13:49:41Z	8dc0b5fea25671d6745a556bffb740d3866e189c	352c096f011eb282f12e6d4c12281340fac96b635a2879cc065d7637a6592872	wsh	local	4fa59ffc191c59db064dad44f47534cf47ac08da6f35e1710935fd0f39477918	2264a8042763edf2620cfe32d96b096e1f3d26aa	5.9.2	2.55.0	1000	150	dirty	16	1.782	6.948	1	1	0	1	1788357230.257272	1788357230.416860	286440838	286440923
2026-09-02T13:49:41Z	8dc0b5fea25671d6745a556bffb740d3866e189c	352c096f011eb282f12e6d4c12281340fac96b635a2879cc065d7637a6592872	wsh	local	4fa59ffc191c59db064dad44f47534cf47ac08da6f35e1710935fd0f39477918	2264a8042763edf2620cfe32d96b096e1f3d26aa	5.9.2	2.55.0	1000	150	dirty	17	1.285	7.539	1	1	0	1	1788357230.749387	1788357230.908882	286441105	286441210
2026-09-02T13:49:41Z	8dc0b5fea25671d6745a556bffb740d3866e189c	352c096f011eb282f12e6d4c12281340fac96b635a2879cc065d7637a6592872	wsh	local	4fa59ffc191c59db064dad44f47534cf47ac08da6f35e1710935fd0f39477918	2264a8042763edf2620cfe32d96b096e1f3d26aa	5.9.2	2.55.0	1000	150	dirty	18	1.291	6.894	1	1	0	1	1788357231.237888	1788357231.396478	286441531	286441627
2026-09-02T13:49:41Z	8dc0b5fea25671d6745a556bffb740d3866e189c	352c096f011eb282f12e6d4c12281340fac96b635a2879cc065d7637a6592872	wsh	local	4fa59ffc191c59db064dad44f47534cf47ac08da6f35e1710935fd0f39477918	2264a8042763edf2620cfe32d96b096e1f3d26aa	5.9.2	2.55.0	1000	150	dirty	19	1.318	6.767	1	1	0	1	1788357231.724815	1788357231.883821	286442423	286442604
2026-09-02T13:49:41Z	8dc0b5fea25671d6745a556bffb740d3866e189c	352c096f011eb282f12e6d4c12281340fac96b635a2879cc065d7637a6592872	wsh	local	4fa59ffc191c59db064dad44f47534cf47ac08da6f35e1710935fd0f39477918	2264a8042763edf2620cfe32d96b096e1f3d26aa	5.9.2	2.55.0	1000	150	dirty	20	1.201	7.523	1	1	0	1	1788357232.216163	1788357232.376065	286443062	286443663
2026-09-02T13:49:41Z	8dc0b5fea25671d6745a556bffb740d3866e189c	352c096f011eb282f12e6d4c12281340fac96b635a2879cc065d7637a6592872	wsh	local	4fa59ffc191c59db064dad44f47534cf47ac08da6f35e1710935fd0f39477918	2264a8042763edf2620cfe32d96b096e1f3d26aa	5.9.2	2.55.0	1000	150	dirty	21	1.539	7.296	1	1	0	1	1788357232.711663	1788357232.872391	286443945	286445084
2026-09-02T13:49:41Z	8dc0b5fea25671d6745a556bffb740d3866e189c	352c096f011eb282f12e6d4c12281340fac96b635a2879cc065d7637a6592872	wsh	local	4fa59ffc191c59db064dad44f47534cf47ac08da6f35e1710935fd0f39477918	2264a8042763edf2620cfe32d96b096e1f3d26aa	5.9.2	2.55.0	1000	150	dirty	22	1.323	6.583	1	1	0	1	1788357233.202066	1788357233.360737	286445401	286445541
2026-09-02T13:49:41Z	8dc0b5fea25671d6745a556bffb740d3866e189c	352c096f011eb282f12e6d4c12281340fac96b635a2879cc065d7637a6592872	wsh	local	4fa59ffc191c59db064dad44f47534cf47ac08da6f35e1710935fd0f39477918	2264a8042763edf2620cfe32d96b096e1f3d26aa	5.9.2	2.55.0	1000	150	dirty	23	1.316	6.774	1	1	0	1	1788357233.691573	1788357233.850074	286445915	286446213
2026-09-02T13:49:41Z	8dc0b5fea25671d6745a556bffb740d3866e189c	352c096f011eb282f12e6d4c12281340fac96b635a2879cc065d7637a6592872	wsh	local	4fa59ffc191c59db064dad44f47534cf47ac08da6f35e1710935fd0f39477918	2264a8042763edf2620cfe32d96b096e1f3d26aa	5.9.2	2.55.0	1000	150	dirty	24	1.407	7.074	1	1	0	1	1788357234.179826	1788357234.338933	286446579	286446748
2026-09-02T13:49:41Z	8dc0b5fea25671d6745a556bffb740d3866e189c	352c096f011eb282f12e6d4c12281340fac96b635a2879cc065d7637a6592872	wsh	local	4fa59ffc191c59db064dad44f47534cf47ac08da6f35e1710935fd0f39477918	2264a8042763edf2620cfe32d96b096e1f3d26aa	5.9.2	2.55.0	1000	150	dirty	25	1.341	6.679	1	1	0	1	1788357234.669041	1788357234.827429	286447399	286447656
2026-09-02T13:49:41Z	8dc0b5fea25671d6745a556bffb740d3866e189c	352c096f011eb282f12e6d4c12281340fac96b635a2879cc065d7637a6592872	wsh	local	4fa59ffc191c59db064dad44f47534cf47ac08da6f35e1710935fd0f39477918	2264a8042763edf2620cfe32d96b096e1f3d26aa	5.9.2	2.55.0	1000	150	dirty	26	1.485	6.797	1	1	0	1	1788357235.158091	1788357235.317550	286448071	286448232
2026-09-02T13:49:41Z	8dc0b5fea25671d6745a556bffb740d3866e189c	352c096f011eb282f12e6d4c12281340fac96b635a2879cc065d7637a6592872	wsh	local	4fa59ffc191c59db064dad44f47534cf47ac08da6f35e1710935fd0f39477918	2264a8042763edf2620cfe32d96b096e1f3d26aa	5.9.2	2.55.0	1000	150	dirty	27	1.390	6.922	1	1	0	1	1788357235.648255	1788357235.807259	286448527	286448834
2026-09-02T13:49:41Z	8dc0b5fea25671d6745a556bffb740d3866e189c	352c096f011eb282f12e6d4c12281340fac96b635a2879cc065d7637a6592872	wsh	local	4fa59ffc191c59db064dad44f47534cf47ac08da6f35e1710935fd0f39477918	2264a8042763edf2620cfe32d96b096e1f3d26aa	5.9.2	2.55.0	1000	150	dirty	28	1.312	6.842	1	1	0	1	1788357236.137383	1788357236.296249	286449379	286449582
2026-09-02T13:49:41Z	8dc0b5fea25671d6745a556bffb740d3866e189c	352c096f011eb282f12e6d4c12281340fac96b635a2879cc065d7637a6592872	wsh	local	4fa59ffc191c59db064dad44f47534cf47ac08da6f35e1710935fd0f39477918	2264a8042763edf2620cfe32d96b096e1f3d26aa	5.9.2	2.55.0	1000	150	dirty	29	1.320	7.015	1	1	0	1	1788357236.627843	1788357236.787151	286450787	286451016
2026-09-02T13:49:41Z	8dc0b5fea25671d6745a556bffb740d3866e189c	352c096f011eb282f12e6d4c12281340fac96b635a2879cc065d7637a6592872	wsh	local	4fa59ffc191c59db064dad44f47534cf47ac08da6f35e1710935fd0f39477918	2264a8042763edf2620cfe32d96b096e1f3d26aa	5.9.2	2.55.0	1000	150	dirty	30	1.328	6.927	1	1	0	1	1788357237.117319	1788357237.276560	286451482	286451712
2026-09-02T13:49:41Z	8dc0b5fea25671d6745a556bffb740d3866e189c	352c096f011eb282f12e6d4c12281340fac96b635a2879cc065d7637a6592872	wsh	local	4fa59ffc191c59db064dad44f47534cf47ac08da6f35e1710935fd0f39477918	2264a8042763edf2620cfe32d96b096e1f3d26aa	5.9.2	2.55.0	1000	150	dirty	31	1.402	7.473	1	1	0	1	1788357237.606882	1788357237.766947	286452191	286452330
2026-09-02T13:49:41Z	8dc0b5fea25671d6745a556bffb740d3866e189c	352c096f011eb282f12e6d4c12281340fac96b635a2879cc065d7637a6592872	wsh	local	4fa59ffc191c59db064dad44f47534cf47ac08da6f35e1710935fd0f39477918	2264a8042763edf2620cfe32d96b096e1f3d26aa	5.9.2	2.55.0	1000	150	dirty	32	1.595	7.399	1	1	0	1	1788357238.099710	1788357238.259592	286453593	286454196
2026-09-02T13:49:41Z	8dc0b5fea25671d6745a556bffb740d3866e189c	352c096f011eb282f12e6d4c12281340fac96b635a2879cc065d7637a6592872	wsh	local	4fa59ffc191c59db064dad44f47534cf47ac08da6f35e1710935fd0f39477918	2264a8042763edf2620cfe32d96b096e1f3d26aa	5.9.2	2.55.0	1000	150	dirty	33	1.305	6.955	1	1	0	1	1788357238.591104	1788357238.750095	286454806	286455726
2026-09-02T13:49:41Z	8dc0b5fea25671d6745a556bffb740d3866e189c	352c096f011eb282f12e6d4c12281340fac96b635a2879cc065d7637a6592872	wsh	local	4fa59ffc191c59db064dad44f47534cf47ac08da6f35e1710935fd0f39477918	2264a8042763edf2620cfe32d96b096e1f3d26aa	5.9.2	2.55.0	1000	150	dirty	34	1.357	7.149	1	1	0	1	1788357239.081617	1788357239.243425	286456627	286456859
2026-09-02T13:49:41Z	8dc0b5fea25671d6745a556bffb740d3866e189c	352c096f011eb282f12e6d4c12281340fac96b635a2879cc065d7637a6592872	wsh	local	4fa59ffc191c59db064dad44f47534cf47ac08da6f35e1710935fd0f39477918	2264a8042763edf2620cfe32d96b096e1f3d26aa	5.9.2	2.55.0	1000	150	dirty	35	1.353	7.050	1	1	0	1	1788357239.574556	1788357239.733967	286457170	286457349
2026-09-02T13:49:41Z	8dc0b5fea25671d6745a556bffb740d3866e189c	352c096f011eb282f12e6d4c12281340fac96b635a2879cc065d7637a6592872	wsh	local	4fa59ffc191c59db064dad44f47534cf47ac08da6f35e1710935fd0f39477918	2264a8042763edf2620cfe32d96b096e1f3d26aa	5.9.2	2.55.0	1000	150	dirty	36	1.300	6.883	1	1	0	1	1788357240.065517	1788357240.224726	286457744	286457936
2026-09-02T13:49:41Z	8dc0b5fea25671d6745a556bffb740d3866e189c	352c096f011eb282f12e6d4c12281340fac96b635a2879cc065d7637a6592872	wsh	local	4fa59ffc191c59db064dad44f47534cf47ac08da6f35e1710935fd0f39477918	2264a8042763edf2620cfe32d96b096e1f3d26aa	5.9.2	2.55.0	1000	150	dirty	37	1.345	6.770	1	1	0	1	1788357240.555827	1788357240.715198	286458332	286458592
2026-09-02T13:49:41Z	8dc0b5fea25671d6745a556bffb740d3866e189c	352c096f011eb282f12e6d4c12281340fac96b635a2879cc065d7637a6592872	wsh	local	4fa59ffc191c59db064dad44f47534cf47ac08da6f35e1710935fd0f39477918	2264a8042763edf2620cfe32d96b096e1f3d26aa	5.9.2	2.55.0	1000	150	dirty	38	1.319	7.120	1	1	0	1	1788357241.046806	1788357241.205745	286459036	286459220
2026-09-02T13:49:41Z	8dc0b5fea25671d6745a556bffb740d3866e189c	352c096f011eb282f12e6d4c12281340fac96b635a2879cc065d7637a6592872	wsh	local	4fa59ffc191c59db064dad44f47534cf47ac08da6f35e1710935fd0f39477918	2264a8042763edf2620cfe32d96b096e1f3d26aa	5.9.2	2.55.0	1000	150	dirty	39	1.376	7.139	1	1	0	1	1788357241.536746	1788357241.696159	286459585	286459773
2026-09-02T13:49:41Z	8dc0b5fea25671d6745a556bffb740d3866e189c	352c096f011eb282f12e6d4c12281340fac96b635a2879cc065d7637a6592872	wsh	local	4fa59ffc191c59db064dad44f47534cf47ac08da6f35e1710935fd0f39477918	2264a8042763edf2620cfe32d96b096e1f3d26aa	5.9.2	2.55.0	1000	150	dirty	40	1.372	6.805	1	1	0	1	1788357242.028075	1788357242.187067	286460259	286460403
2026-09-02T13:49:41Z	8dc0b5fea25671d6745a556bffb740d3866e189c	352c096f011eb282f12e6d4c12281340fac96b635a2879cc065d7637a6592872	wsh	local	4fa59ffc191c59db064dad44f47534cf47ac08da6f35e1710935fd0f39477918	2264a8042763edf2620cfe32d96b096e1f3d26aa	5.9.2	2.55.0	1000	150	dirty	41	1.401	6.792	1	1	0	1	1788357242.518373	1788357242.678545	286460785	286460970
2026-09-02T13:49:41Z	8dc0b5fea25671d6745a556bffb740d3866e189c	352c096f011eb282f12e6d4c12281340fac96b635a2879cc065d7637a6592872	wsh	local	4fa59ffc191c59db064dad44f47534cf47ac08da6f35e1710935fd0f39477918	2264a8042763edf2620cfe32d96b096e1f3d26aa	5.9.2	2.55.0	1000	150	dirty	42	1.443	7.159	1	1	0	1	1788357243.012449	1788357243.172616	286461476	286461784
2026-09-02T13:49:41Z	8dc0b5fea25671d6745a556bffb740d3866e189c	352c096f011eb282f12e6d4c12281340fac96b635a2879cc065d7637a6592872	wsh	local	4fa59ffc191c59db064dad44f47534cf47ac08da6f35e1710935fd0f39477918	2264a8042763edf2620cfe32d96b096e1f3d26aa	5.9.2	2.55.0	1000	150	dirty	43	1.440	6.544	1	1	0	1	1788357243.505945	1788357243.665500	286462286	286462501
2026-09-02T13:49:41Z	8dc0b5fea25671d6745a556bffb740d3866e189c	352c096f011eb282f12e6d4c12281340fac96b635a2879cc065d7637a6592872	wsh	local	4fa59ffc191c59db064dad44f47534cf47ac08da6f35e1710935fd0f39477918	2264a8042763edf2620cfe32d96b096e1f3d26aa	5.9.2	2.55.0	1000	150	dirty	44	1.442	6.462	1	1	0	1	1788357243.998192	1788357244.157625	286462860	286463061
2026-09-02T13:49:41Z	8dc0b5fea25671d6745a556bffb740d3866e189c	352c096f011eb282f12e6d4c12281340fac96b635a2879cc065d7637a6592872	wsh	local	4fa59ffc191c59db064dad44f47534cf47ac08da6f35e1710935fd0f39477918	2264a8042763edf2620cfe32d96b096e1f3d26aa	5.9.2	2.55.0	1000	150	dirty	45	1.446	6.934	1	1	0	1	1788357244.491641	1788357244.651765	286463666	286464008
2026-09-02T13:49:41Z	8dc0b5fea25671d6745a556bffb740d3866e189c	352c096f011eb282f12e6d4c12281340fac96b635a2879cc065d7637a6592872	wsh	local	4fa59ffc191c59db064dad44f47534cf47ac08da6f35e1710935fd0f39477918	2264a8042763edf2620cfe32d96b096e1f3d26aa	5.9.2	2.55.0	1000	150	dirty	46	1.430	7.215	1	1	0	1	1788357244.986044	1788357245.147047	286464686	286465079
2026-09-02T13:49:41Z	8dc0b5fea25671d6745a556bffb740d3866e189c	352c096f011eb282f12e6d4c12281340fac96b635a2879cc065d7637a6592872	wsh	local	4fa59ffc191c59db064dad44f47534cf47ac08da6f35e1710935fd0f39477918	2264a8042763edf2620cfe32d96b096e1f3d26aa	5.9.2	2.55.0	1000	150	dirty	47	1.438	6.834	1	1	0	1	1788357245.481214	1788357245.641028	286465727	286465985
2026-09-02T13:49:41Z	8dc0b5fea25671d6745a556bffb740d3866e189c	352c096f011eb282f12e6d4c12281340fac96b635a2879cc065d7637a6592872	wsh	local	4fa59ffc191c59db064dad44f47534cf47ac08da6f35e1710935fd0f39477918	2264a8042763edf2620cfe32d96b096e1f3d26aa	5.9.2	2.55.0	1000	150	dirty	48	1.458	7.215	1	1	0	1	1788357245.974092	1788357246.134883	286466655	286466778
2026-09-02T13:49:41Z	8dc0b5fea25671d6745a556bffb740d3866e189c	352c096f011eb282f12e6d4c12281340fac96b635a2879cc065d7637a6592872	wsh	local	4fa59ffc191c59db064dad44f47534cf47ac08da6f35e1710935fd0f39477918	2264a8042763edf2620cfe32d96b096e1f3d26aa	5.9.2	2.55.0	1000	150	dirty	49	1.433	7.042	1	1	0	1	1788357246.468510	1788357246.628543	286467081	286467267
2026-09-02T13:49:41Z	8dc0b5fea25671d6745a556bffb740d3866e189c	352c096f011eb282f12e6d4c12281340fac96b635a2879cc065d7637a6592872	wsh	local	4fa59ffc191c59db064dad44f47534cf47ac08da6f35e1710935fd0f39477918	2264a8042763edf2620cfe32d96b096e1f3d26aa	5.9.2	2.55.0	1000	150	dirty	50	1.457	6.911	1	1	0	1	1788357246.962478	1788357247.123087	286467728	286467865
2026-09-02T13:49:41Z	8dc0b5fea25671d6745a556bffb740d3866e189c	352c096f011eb282f12e6d4c12281340fac96b635a2879cc065d7637a6592872	wsh	local	4fa59ffc191c59db064dad44f47534cf47ac08da6f35e1710935fd0f39477918	2264a8042763edf2620cfe32d96b096e1f3d26aa	5.9.2	2.55.0	1000	150	dirty	51	1.650	7.023	1	1	0	1	1788357247.456789	1788357247.617491	286468152	286468280
2026-09-02T13:49:41Z	8dc0b5fea25671d6745a556bffb740d3866e189c	352c096f011eb282f12e6d4c12281340fac96b635a2879cc065d7637a6592872	wsh	local	4fa59ffc191c59db064dad44f47534cf47ac08da6f35e1710935fd0f39477918	2264a8042763edf2620cfe32d96b096e1f3d26aa	5.9.2	2.55.0	1000	150	dirty	52	1.587	7.029	1	1	0	1	1788357247.951386	1788357248.111964	286468550	286468863
2026-09-02T13:49:41Z	8dc0b5fea25671d6745a556bffb740d3866e189c	352c096f011eb282f12e6d4c12281340fac96b635a2879cc065d7637a6592872	wsh	local	4fa59ffc191c59db064dad44f47534cf47ac08da6f35e1710935fd0f39477918	2264a8042763edf2620cfe32d96b096e1f3d26aa	5.9.2	2.55.0	1000	150	dirty	53	1.439	6.978	1	1	0	1	1788357248.445679	1788357248.605937	286469647	286469844
2026-09-02T13:49:41Z	8dc0b5fea25671d6745a556bffb740d3866e189c	352c096f011eb282f12e6d4c12281340fac96b635a2879cc065d7637a6592872	wsh	local	4fa59ffc191c59db064dad44f47534cf47ac08da6f35e1710935fd0f39477918	2264a8042763edf2620cfe32d96b096e1f3d26aa	5.9.2	2.55.0	1000	150	dirty	54	1.437	7.392	1	1	0	1	1788357248.939121	1788357249.100121	286470214	286470600
2026-09-02T13:49:41Z	8dc0b5fea25671d6745a556bffb740d3866e189c	352c096f011eb282f12e6d4c12281340fac96b635a2879cc065d7637a6592872	wsh	local	4fa59ffc191c59db064dad44f47534cf47ac08da6f35e1710935fd0f39477918	2264a8042763edf2620cfe32d96b096e1f3d26aa	5.9.2	2.55.0	1000	150	dirty	55	1.466	6.626	1	1	0	1	1788357249.434117	1788357249.594322	286471114	286471306
2026-09-02T13:49:41Z	8dc0b5fea25671d6745a556bffb740d3866e189c	352c096f011eb282f12e6d4c12281340fac96b635a2879cc065d7637a6592872	wsh	local	4fa59ffc191c59db064dad44f47534cf47ac08da6f35e1710935fd0f39477918	2264a8042763edf2620cfe32d96b096e1f3d26aa	5.9.2	2.55.0	1000	150	dirty	56	1.493	6.742	1	1	0	1	1788357249.928687	1788357250.089052	286471764	286471922
2026-09-02T13:49:41Z	8dc0b5fea25671d6745a556bffb740d3866e189c	352c096f011eb282f12e6d4c12281340fac96b635a2879cc065d7637a6592872	wsh	local	4fa59ffc191c59db064dad44f47534cf47ac08da6f35e1710935fd0f39477918	2264a8042763edf2620cfe32d96b096e1f3d26aa	5.9.2	2.55.0	1000	150	dirty	57	1.480	6.907	1	1	0	1	1788357250.422707	1788357250.583257	286472211	286472371
2026-09-02T13:49:41Z	8dc0b5fea25671d6745a556bffb740d3866e189c	352c096f011eb282f12e6d4c12281340fac96b635a2879cc065d7637a6592872	wsh	local	4fa59ffc191c59db064dad44f47534cf47ac08da6f35e1710935fd0f39477918	2264a8042763edf2620cfe32d96b096e1f3d26aa	5.9.2	2.55.0	1000	150	dirty	58	1.488	6.572	1	1	0	1	1788357250.917189	1788357251.077417	286472889	286473051
2026-09-02T13:49:41Z	8dc0b5fea25671d6745a556bffb740d3866e189c	352c096f011eb282f12e6d4c12281340fac96b635a2879cc065d7637a6592872	wsh	local	4fa59ffc191c59db064dad44f47534cf47ac08da6f35e1710935fd0f39477918	2264a8042763edf2620cfe32d96b096e1f3d26aa	5.9.2	2.55.0	1000	150	dirty	59	1.624	6.627	1	1	0	1	1788357251.411151	1788357251.571331	286473463	286473706
2026-09-02T13:49:41Z	8dc0b5fea25671d6745a556bffb740d3866e189c	352c096f011eb282f12e6d4c12281340fac96b635a2879cc065d7637a6592872	wsh	local	4fa59ffc191c59db064dad44f47534cf47ac08da6f35e1710935fd0f39477918	2264a8042763edf2620cfe32d96b096e1f3d26aa	5.9.2	2.55.0	1000	150	dirty	60	1.448	7.023	1	1	0	1	1788357251.905401	1788357252.066127	286474177	286474334
2026-09-02T13:49:41Z	8dc0b5fea25671d6745a556bffb740d3866e189c	352c096f011eb282f12e6d4c12281340fac96b635a2879cc065d7637a6592872	wsh	local	4fa59ffc191c59db064dad44f47534cf47ac08da6f35e1710935fd0f39477918	2264a8042763edf2620cfe32d96b096e1f3d26aa	5.9.2	2.55.0	1000	150	dirty	61	1.439	6.739	1	1	0	1	1788357252.400301	1788357252.560262	286474642	286474837
2026-09-02T13:49:41Z	8dc0b5fea25671d6745a556bffb740d3866e189c	352c096f011eb282f12e6d4c12281340fac96b635a2879cc065d7637a6592872	wsh	local	4fa59ffc191c59db064dad44f47534cf47ac08da6f35e1710935fd0f39477918	2264a8042763edf2620cfe32d96b096e1f3d26aa	5.9.2	2.55.0	1000	150	dirty	62	1.462	7.173	1	1	0	1	1788357252.893549	1788357253.054063	286475141	286475265
2026-09-02T13:49:41Z	8dc0b5fea25671d6745a556bffb740d3866e189c	352c096f011eb282f12e6d4c12281340fac96b635a2879cc065d7637a6592872	wsh	local	4fa59ffc191c59db064dad44f47534cf47ac08da6f35e1710935fd0f39477918	2264a8042763edf2620cfe32d96b096e1f3d26aa	5.9.2	2.55.0	1000	150	dirty	63	1.477	6.849	1	1	0	1	1788357253.386957	1788357253.547185	286475628	286475820
2026-09-02T13:49:41Z	8dc0b5fea25671d6745a556bffb740d3866e189c	352c096f011eb282f12e6d4c12281340fac96b635a2879cc065d7637a6592872	wsh	local	4fa59ffc191c59db064dad44f47534cf47ac08da6f35e1710935fd0f39477918	2264a8042763edf2620cfe32d96b096e1f3d26aa	5.9.2	2.55.0	1000	150	dirty	64	1.486	6.847	1	1	0	1	1788357253.881650	1788357254.041789	286476363	286476588
2026-09-02T13:49:41Z	8dc0b5fea25671d6745a556bffb740d3866e189c	352c096f011eb282f12e6d4c12281340fac96b635a2879cc065d7637a6592872	wsh	local	4fa59ffc191c59db064dad44f47534cf47ac08da6f35e1710935fd0f39477918	2264a8042763edf2620cfe32d96b096e1f3d26aa	5.9.2	2.55.0	1000	150	dirty	65	1.488	7.259	1	1	0	1	1788357254.376717	1788357254.537967	286477170	286477402
2026-09-02T13:49:41Z	8dc0b5fea25671d6745a556bffb740d3866e189c	352c096f011eb282f12e6d4c12281340fac96b635a2879cc065d7637a6592872	wsh	local	4fa59ffc191c59db064dad44f47534cf47ac08da6f35e1710935fd0f39477918	2264a8042763edf2620cfe32d96b096e1f3d26aa	5.9.2	2.55.0	1000	150	dirty	66	1.557	7.250	1	1	0	1	1788357254.872355	1788357255.033290	286477878	286478104
2026-09-02T13:49:41Z	8dc0b5fea25671d6745a556bffb740d3866e189c	352c096f011eb282f12e6d4c12281340fac96b635a2879cc065d7637a6592872	wsh	local	4fa59ffc191c59db064dad44f47534cf47ac08da6f35e1710935fd0f39477918	2264a8042763edf2620cfe32d96b096e1f3d26aa	5.9.2	2.55.0	1000	150	dirty	67	1.502	6.913	1	1	0	1	1788357255.367653	1788357255.528269	286478568	286478748
2026-09-02T13:49:41Z	8dc0b5fea25671d6745a556bffb740d3866e189c	352c096f011eb282f12e6d4c12281340fac96b635a2879cc065d7637a6592872	wsh	local	4fa59ffc191c59db064dad44f47534cf47ac08da6f35e1710935fd0f39477918	2264a8042763edf2620cfe32d96b096e1f3d26aa	5.9.2	2.55.0	1000	150	dirty	68	1.616	6.669	1	1	0	1	1788357255.861886	1788357256.021931	286479080	286479254
2026-09-02T13:49:41Z	8dc0b5fea25671d6745a556bffb740d3866e189c	352c096f011eb282f12e6d4c12281340fac96b635a2879cc065d7637a6592872	wsh	local	4fa59ffc191c59db064dad44f47534cf47ac08da6f35e1710935fd0f39477918	2264a8042763edf2620cfe32d96b096e1f3d26aa	5.9.2	2.55.0	1000	150	dirty	69	1.628	7.589	1	1	0	1	1788357256.356206	1788357256.518530	286479698	286479939
2026-09-02T13:49:41Z	8dc0b5fea25671d6745a556bffb740d3866e189c	352c096f011eb282f12e6d4c12281340fac96b635a2879cc065d7637a6592872	wsh	local	4fa59ffc191c59db064dad44f47534cf47ac08da6f35e1710935fd0f39477918	2264a8042763edf2620cfe32d96b096e1f3d26aa	5.9.2	2.55.0	1000	150	dirty	70	1.578	7.346	1	1	0	1	1788357256.853565	1788357257.014766	286480346	286480531
2026-09-02T13:49:41Z	8dc0b5fea25671d6745a556bffb740d3866e189c	352c096f011eb282f12e6d4c12281340fac96b635a2879cc065d7637a6592872	wsh	local	4fa59ffc191c59db064dad44f47534cf47ac08da6f35e1710935fd0f39477918	2264a8042763edf2620cfe32d96b096e1f3d26aa	5.9.2	2.55.0	1000	150	dirty	71	1.572	6.849	1	1	0	1	1788357257.351605	1788357257.512309	286480828	286481070
2026-09-02T13:49:41Z	8dc0b5fea25671d6745a556bffb740d3866e189c	352c096f011eb282f12e6d4c12281340fac96b635a2879cc065d7637a6592872	wsh	local	4fa59ffc191c59db064dad44f47534cf47ac08da6f35e1710935fd0f39477918	2264a8042763edf2620cfe32d96b096e1f3d26aa	5.9.2	2.55.0	1000	150	dirty	72	1.542	7.127	1	1	0	1	1788357257.845757	1788357258.007053	286481578	286481765
2026-09-02T13:49:41Z	8dc0b5fea25671d6745a556bffb740d3866e189c	352c096f011eb282f12e6d4c12281340fac96b635a2879cc065d7637a6592872	wsh	local	4fa59ffc191c59db064dad44f47534cf47ac08da6f35e1710935fd0f39477918	2264a8042763edf2620cfe32d96b096e1f3d26aa	5.9.2	2.55.0	1000	150	dirty	73	1.529	6.672	1	1	0	1	1788357258.341912	1788357258.502421	286482192	286482407
2026-09-02T13:49:41Z	8dc0b5fea25671d6745a556bffb740d3866e189c	352c096f011eb282f12e6d4c12281340fac96b635a2879cc065d7637a6592872	wsh	local	4fa59ffc191c59db064dad44f47534cf47ac08da6f35e1710935fd0f39477918	2264a8042763edf2620cfe32d96b096e1f3d26aa	5.9.2	2.55.0	1000	150	dirty	74	1.518	6.973	1	1	0	1	1788357258.837876	1788357258.998975	286482917	286483155
2026-09-02T13:49:41Z	8dc0b5fea25671d6745a556bffb740d3866e189c	352c096f011eb282f12e6d4c12281340fac96b635a2879cc065d7637a6592872	wsh	local	4fa59ffc191c59db064dad44f47534cf47ac08da6f35e1710935fd0f39477918	2264a8042763edf2620cfe32d96b096e1f3d26aa	5.9.2	2.55.0	1000	150	dirty	75	1.515	7.415	1	1	0	1	1788357259.333477	1788357259.494962	286483692	286483922
2026-09-02T13:49:41Z	8dc0b5fea25671d6745a556bffb740d3866e189c	352c096f011eb282f12e6d4c12281340fac96b635a2879cc065d7637a6592872	wsh	local	4fa59ffc191c59db064dad44f47534cf47ac08da6f35e1710935fd0f39477918	2264a8042763edf2620cfe32d96b096e1f3d26aa	5.9.2	2.55.0	1000	150	dirty	76	1.529	7.440	1	1	0	1	1788357259.832275	1788357259.993991	286484447	286484799
2026-09-02T13:49:41Z	8dc0b5fea25671d6745a556bffb740d3866e189c	352c096f011eb282f12e6d4c12281340fac96b635a2879cc065d7637a6592872	wsh	local	4fa59ffc191c59db064dad44f47534cf47ac08da6f35e1710935fd0f39477918	2264a8042763edf2620cfe32d96b096e1f3d26aa	5.9.2	2.55.0	1000	150	dirty	77	1.882	7.218	1	1	0	1	1788357260.328864	1788357260.490012	286485107	286485297
2026-09-02T13:49:41Z	8dc0b5fea25671d6745a556bffb740d3866e189c	352c096f011eb282f12e6d4c12281340fac96b635a2879cc065d7637a6592872	wsh	local	4fa59ffc191c59db064dad44f47534cf47ac08da6f35e1710935fd0f39477918	2264a8042763edf2620cfe32d96b096e1f3d26aa	5.9.2	2.55.0	1000	150	dirty	78	1.499	7.507	1	1	0	1	1788357260.824205	1788357260.985498	286485703	286485933
2026-09-02T13:49:41Z	8dc0b5fea25671d6745a556bffb740d3866e189c	352c096f011eb282f12e6d4c12281340fac96b635a2879cc065d7637a6592872	wsh	local	4fa59ffc191c59db064dad44f47534cf47ac08da6f35e1710935fd0f39477918	2264a8042763edf2620cfe32d96b096e1f3d26aa	5.9.2	2.55.0	1000	150	dirty	79	1.489	7.037	1	1	0	1	1788357261.320414	1788357261.481509	286486259	286486433
2026-09-02T13:49:41Z	8dc0b5fea25671d6745a556bffb740d3866e189c	352c096f011eb282f12e6d4c12281340fac96b635a2879cc065d7637a6592872	wsh	local	4fa59ffc191c59db064dad44f47534cf47ac08da6f35e1710935fd0f39477918	2264a8042763edf2620cfe32d96b096e1f3d26aa	5.9.2	2.55.0	1000	150	dirty	80	1.498	6.940	1	1	0	1	1788357261.816485	1788357261.977825	286486826	286487011
2026-09-02T13:49:41Z	8dc0b5fea25671d6745a556bffb740d3866e189c	352c096f011eb282f12e6d4c12281340fac96b635a2879cc065d7637a6592872	wsh	local	4fa59ffc191c59db064dad44f47534cf47ac08da6f35e1710935fd0f39477918	2264a8042763edf2620cfe32d96b096e1f3d26aa	5.9.2	2.55.0	1000	150	dirty	81	1.524	6.838	1	1	0	1	1788357262.313771	1788357262.474868	286487341	286487512
2026-09-02T13:49:41Z	8dc0b5fea25671d6745a556bffb740d3866e189c	352c096f011eb282f12e6d4c12281340fac96b635a2879cc065d7637a6592872	wsh	local	4fa59ffc191c59db064dad44f47534cf47ac08da6f35e1710935fd0f39477918	2264a8042763edf2620cfe32d96b096e1f3d26aa	5.9.2	2.55.0	1000	150	dirty	82	1.546	7.658	1	1	0	1	1788357262.809949	1788357262.971729	286487870	286488133
2026-09-02T13:49:41Z	8dc0b5fea25671d6745a556bffb740d3866e189c	352c096f011eb282f12e6d4c12281340fac96b635a2879cc065d7637a6592872	wsh	local	4fa59ffc191c59db064dad44f47534cf47ac08da6f35e1710935fd0f39477918	2264a8042763edf2620cfe32d96b096e1f3d26aa	5.9.2	2.55.0	1000	150	dirty	83	1.543	7.372	1	1	0	1	1788357263.307420	1788357263.468933	286488579	286488756
2026-09-02T13:49:41Z	8dc0b5fea25671d6745a556bffb740d3866e189c	352c096f011eb282f12e6d4c12281340fac96b635a2879cc065d7637a6592872	wsh	local	4fa59ffc191c59db064dad44f47534cf47ac08da6f35e1710935fd0f39477918	2264a8042763edf2620cfe32d96b096e1f3d26aa	5.9.2	2.55.0	1000	150	dirty	84	1.534	6.938	1	1	0	1	1788357263.803900	1788357263.964629	286489305	286489497
2026-09-02T13:49:41Z	8dc0b5fea25671d6745a556bffb740d3866e189c	352c096f011eb282f12e6d4c12281340fac96b635a2879cc065d7637a6592872	wsh	local	4fa59ffc191c59db064dad44f47534cf47ac08da6f35e1710935fd0f39477918	2264a8042763edf2620cfe32d96b096e1f3d26aa	5.9.2	2.55.0	1000	150	dirty	85	1.570	7.251	1	1	0	1	1788357264.299696	1788357264.461175	286490055	286490298
2026-09-02T13:49:41Z	8dc0b5fea25671d6745a556bffb740d3866e189c	352c096f011eb282f12e6d4c12281340fac96b635a2879cc065d7637a6592872	wsh	local	4fa59ffc191c59db064dad44f47534cf47ac08da6f35e1710935fd0f39477918	2264a8042763edf2620cfe32d96b096e1f3d26aa	5.9.2	2.55.0	1000	150	dirty	86	1.519	7.075	1	1	0	1	1788357264.796729	1788357264.957672	286490755	286490966
2026-09-02T13:49:41Z	8dc0b5fea25671d6745a556bffb740d3866e189c	352c096f011eb282f12e6d4c12281340fac96b635a2879cc065d7637a6592872	wsh	local	4fa59ffc191c59db064dad44f47534cf47ac08da6f35e1710935fd0f39477918	2264a8042763edf2620cfe32d96b096e1f3d26aa	5.9.2	2.55.0	1000	150	dirty	87	1.609	7.034	1	1	0	1	1788357265.292516	1788357265.453837	286491315	286491577
2026-09-02T13:49:41Z	8dc0b5fea25671d6745a556bffb740d3866e189c	352c096f011eb282f12e6d4c12281340fac96b635a2879cc065d7637a6592872	wsh	local	4fa59ffc191c59db064dad44f47534cf47ac08da6f35e1710935fd0f39477918	2264a8042763edf2620cfe32d96b096e1f3d26aa	5.9.2	2.55.0	1000	150	dirty	88	1.570	7.366	1	1	0	1	1788357265.790047	1788357265.951492	286492256	286492438
2026-09-02T13:49:41Z	8dc0b5fea25671d6745a556bffb740d3866e189c	352c096f011eb282f12e6d4c12281340fac96b635a2879cc065d7637a6592872	wsh	local	4fa59ffc191c59db064dad44f47534cf47ac08da6f35e1710935fd0f39477918	2264a8042763edf2620cfe32d96b096e1f3d26aa	5.9.2	2.55.0	1000	150	dirty	89	1.513	6.598	1	1	0	1	1788357266.286526	1788357266.447417	286492862	286493061
2026-09-02T13:49:41Z	8dc0b5fea25671d6745a556bffb740d3866e189c	352c096f011eb282f12e6d4c12281340fac96b635a2879cc065d7637a6592872	wsh	local	4fa59ffc191c59db064dad44f47534cf47ac08da6f35e1710935fd0f39477918	2264a8042763edf2620cfe32d96b096e1f3d26aa	5.9.2	2.55.0	1000	150	dirty	90	1.978	7.174	1	1	0	1	1788357266.784612	1788357266.947894	286493536	286493733
2026-09-02T13:49:41Z	8dc0b5fea25671d6745a556bffb740d3866e189c	352c096f011eb282f12e6d4c12281340fac96b635a2879cc065d7637a6592872	wsh	local	4fa59ffc191c59db064dad44f47534cf47ac08da6f35e1710935fd0f39477918	2264a8042763edf2620cfe32d96b096e1f3d26aa	5.9.2	2.55.0	1000	150	dirty	91	1.595	6.926	1	1	0	1	1788357267.283637	1788357267.446228	286494416	286494632
2026-09-02T13:49:41Z	8dc0b5fea25671d6745a556bffb740d3866e189c	352c096f011eb282f12e6d4c12281340fac96b635a2879cc065d7637a6592872	wsh	local	4fa59ffc191c59db064dad44f47534cf47ac08da6f35e1710935fd0f39477918	2264a8042763edf2620cfe32d96b096e1f3d26aa	5.9.2	2.55.0	1000	150	dirty	92	1.547	7.349	1	1	0	1	1788357267.782411	1788357267.944016	286495323	286495705
2026-09-02T13:49:41Z	8dc0b5fea25671d6745a556bffb740d3866e189c	352c096f011eb282f12e6d4c12281340fac96b635a2879cc065d7637a6592872	wsh	local	4fa59ffc191c59db064dad44f47534cf47ac08da6f35e1710935fd0f39477918	2264a8042763edf2620cfe32d96b096e1f3d26aa	5.9.2	2.55.0	1000	150	dirty	93	1.533	6.965	1	1	0	1	1788357268.281301	1788357268.442085	286496211	286496364
2026-09-02T13:49:41Z	8dc0b5fea25671d6745a556bffb740d3866e189c	352c096f011eb282f12e6d4c12281340fac96b635a2879cc065d7637a6592872	wsh	local	4fa59ffc191c59db064dad44f47534cf47ac08da6f35e1710935fd0f39477918	2264a8042763edf2620cfe32d96b096e1f3d26aa	5.9.2	2.55.0	1000	150	dirty	94	1.558	6.931	1	1	0	1	1788357268.780272	1788357268.942002	286496841	286497024
2026-09-02T13:49:41Z	8dc0b5fea25671d6745a556bffb740d3866e189c	352c096f011eb282f12e6d4c12281340fac96b635a2879cc065d7637a6592872	wsh	local	4fa59ffc191c59db064dad44f47534cf47ac08da6f35e1710935fd0f39477918	2264a8042763edf2620cfe32d96b096e1f3d26aa	5.9.2	2.55.0	1000	150	dirty	95	1.663	6.734	1	1	0	1	1788357269.279412	1788357269.440783	286497582	286497915
2026-09-02T13:49:41Z	8dc0b5fea25671d6745a556bffb740d3866e189c	352c096f011eb282f12e6d4c12281340fac96b635a2879cc065d7637a6592872	wsh	local	4fa59ffc191c59db064dad44f47534cf47ac08da6f35e1710935fd0f39477918	2264a8042763edf2620cfe32d96b096e1f3d26aa	5.9.2	2.55.0	1000	150	dirty	96	1.559	7.581	1	1	0	1	1788357269.777625	1788357269.939876	286498687	286498983
2026-09-02T13:49:41Z	8dc0b5fea25671d6745a556bffb740d3866e189c	352c096f011eb282f12e6d4c12281340fac96b635a2879cc065d7637a6592872	wsh	local	4fa59ffc191c59db064dad44f47534cf47ac08da6f35e1710935fd0f39477918	2264a8042763edf2620cfe32d96b096e1f3d26aa	5.9.2	2.55.0	1000	150	dirty	97	1.622	7.291	1	1	0	1	1788357270.277220	1788357270.439794	286499312	286499580
2026-09-02T13:49:41Z	8dc0b5fea25671d6745a556bffb740d3866e189c	352c096f011eb282f12e6d4c12281340fac96b635a2879cc065d7637a6592872	wsh	local	4fa59ffc191c59db064dad44f47534cf47ac08da6f35e1710935fd0f39477918	2264a8042763edf2620cfe32d96b096e1f3d26aa	5.9.2	2.55.0	1000	150	dirty	98	1.731	7.346	1	1	0	1	1788357270.776594	1788357270.938376	286500017	286500247
2026-09-02T13:49:41Z	8dc0b5fea25671d6745a556bffb740d3866e189c	352c096f011eb282f12e6d4c12281340fac96b635a2879cc065d7637a6592872	wsh	local	4fa59ffc191c59db064dad44f47534cf47ac08da6f35e1710935fd0f39477918	2264a8042763edf2620cfe32d96b096e1f3d26aa	5.9.2	2.55.0	1000	150	dirty	99	1.652	7.264	1	1	0	1	1788357271.276777	1788357271.438967	286500718	286500929
2026-09-02T13:49:41Z	8dc0b5fea25671d6745a556bffb740d3866e189c	352c096f011eb282f12e6d4c12281340fac96b635a2879cc065d7637a6592872	wsh	local	4fa59ffc191c59db064dad44f47534cf47ac08da6f35e1710935fd0f39477918	2264a8042763edf2620cfe32d96b096e1f3d26aa	5.9.2	2.55.0	1000	150	dirty	100	1.549	7.130	1	1	0	1	1788357271.775329	1788357271.937190	286501419	286501740
2026-09-02T13:49:41Z	8dc0b5fea25671d6745a556bffb740d3866e189c	352c096f011eb282f12e6d4c12281340fac96b635a2879cc065d7637a6592872	wsh	local	4fa59ffc191c59db064dad44f47534cf47ac08da6f35e1710935fd0f39477918	2264a8042763edf2620cfe32d96b096e1f3d26aa	5.9.2	2.55.0	1000	150	untracked	1	1.700	7.121	1	1	0	1	1788357272.298450	1788357272.459862	286502088	286502219
2026-09-02T13:49:41Z	8dc0b5fea25671d6745a556bffb740d3866e189c	352c096f011eb282f12e6d4c12281340fac96b635a2879cc065d7637a6592872	wsh	local	4fa59ffc191c59db064dad44f47534cf47ac08da6f35e1710935fd0f39477918	2264a8042763edf2620cfe32d96b096e1f3d26aa	5.9.2	2.55.0	1000	150	untracked	2	1.598	7.517	1	1	0	1	1788357272.797583	1788357272.959461	286502819	286503037
2026-09-02T13:49:41Z	8dc0b5fea25671d6745a556bffb740d3866e189c	352c096f011eb282f12e6d4c12281340fac96b635a2879cc065d7637a6592872	wsh	local	4fa59ffc191c59db064dad44f47534cf47ac08da6f35e1710935fd0f39477918	2264a8042763edf2620cfe32d96b096e1f3d26aa	5.9.2	2.55.0	1000	150	untracked	3	1.600	6.929	1	1	0	1	1788357273.297483	1788357273.459105	286503452	286503642
2026-09-02T13:49:41Z	8dc0b5fea25671d6745a556bffb740d3866e189c	352c096f011eb282f12e6d4c12281340fac96b635a2879cc065d7637a6592872	wsh	local	4fa59ffc191c59db064dad44f47534cf47ac08da6f35e1710935fd0f39477918	2264a8042763edf2620cfe32d96b096e1f3d26aa	5.9.2	2.55.0	1000	150	untracked	4	1.595	6.882	1	1	0	1	1788357273.798297	1788357273.959728	286504082	286504300
2026-09-02T13:49:41Z	8dc0b5fea25671d6745a556bffb740d3866e189c	352c096f011eb282f12e6d4c12281340fac96b635a2879cc065d7637a6592872	wsh	local	4fa59ffc191c59db064dad44f47534cf47ac08da6f35e1710935fd0f39477918	2264a8042763edf2620cfe32d96b096e1f3d26aa	5.9.2	2.55.0	1000	150	untracked	5	1.573	7.282	1	1	0	1	1788357274.299403	1788357274.462027	286504667	286505050
2026-09-02T13:49:41Z	8dc0b5fea25671d6745a556bffb740d3866e189c	352c096f011eb282f12e6d4c12281340fac96b635a2879cc065d7637a6592872	wsh	local	4fa59ffc191c59db064dad44f47534cf47ac08da6f35e1710935fd0f39477918	2264a8042763edf2620cfe32d96b096e1f3d26aa	5.9.2	2.55.0	1000	150	untracked	6	1.563	7.229	1	1	0	1	1788357274.802068	1788357274.963803	286505718	286505990
2026-09-02T13:49:41Z	8dc0b5fea25671d6745a556bffb740d3866e189c	352c096f011eb282f12e6d4c12281340fac96b635a2879cc065d7637a6592872	wsh	local	4fa59ffc191c59db064dad44f47534cf47ac08da6f35e1710935fd0f39477918	2264a8042763edf2620cfe32d96b096e1f3d26aa	5.9.2	2.55.0	1000	150	untracked	7	1.655	7.283	1	1	0	1	1788357275.302691	1788357275.464932	286506378	286506557
2026-09-02T13:49:41Z	8dc0b5fea25671d6745a556bffb740d3866e189c	352c096f011eb282f12e6d4c12281340fac96b635a2879cc065d7637a6592872	wsh	local	4fa59ffc191c59db064dad44f47534cf47ac08da6f35e1710935fd0f39477918	2264a8042763edf2620cfe32d96b096e1f3d26aa	5.9.2	2.55.0	1000	150	untracked	8	1.761	7.462	1	1	0	1	1788357275.804439	1788357275.967160	286507464	286508067
2026-09-02T13:49:41Z	8dc0b5fea25671d6745a556bffb740d3866e189c	352c096f011eb282f12e6d4c12281340fac96b635a2879cc065d7637a6592872	wsh	local	4fa59ffc191c59db064dad44f47534cf47ac08da6f35e1710935fd0f39477918	2264a8042763edf2620cfe32d96b096e1f3d26aa	5.9.2	2.55.0	1000	150	untracked	9	1.651	7.518	1	1	0	1	1788357276.307566	1788357276.469383	286508591	286508794
2026-09-02T13:49:41Z	8dc0b5fea25671d6745a556bffb740d3866e189c	352c096f011eb282f12e6d4c12281340fac96b635a2879cc065d7637a6592872	wsh	local	4fa59ffc191c59db064dad44f47534cf47ac08da6f35e1710935fd0f39477918	2264a8042763edf2620cfe32d96b096e1f3d26aa	5.9.2	2.55.0	1000	150	untracked	10	1.627	7.151	1	1	0	1	1788357276.809100	1788357276.971080	286509271	286509452
2026-09-02T13:49:41Z	8dc0b5fea25671d6745a556bffb740d3866e189c	352c096f011eb282f12e6d4c12281340fac96b635a2879cc065d7637a6592872	wsh	local	4fa59ffc191c59db064dad44f47534cf47ac08da6f35e1710935fd0f39477918	2264a8042763edf2620cfe32d96b096e1f3d26aa	5.9.2	2.55.0	1000	150	untracked	11	1.621	7.069	1	1	0	1	1788357277.309829	1788357277.472248	286509843	286510029
2026-09-02T13:49:41Z	8dc0b5fea25671d6745a556bffb740d3866e189c	352c096f011eb282f12e6d4c12281340fac96b635a2879cc065d7637a6592872	wsh	local	4fa59ffc191c59db064dad44f47534cf47ac08da6f35e1710935fd0f39477918	2264a8042763edf2620cfe32d96b096e1f3d26aa	5.9.2	2.55.0	1000	150	untracked	12	1.614	7.044	1	1	0	1	1788357277.811848	1788357277.974533	286510878	286511051
2026-09-02T13:49:41Z	8dc0b5fea25671d6745a556bffb740d3866e189c	352c096f011eb282f12e6d4c12281340fac96b635a2879cc065d7637a6592872	wsh	local	4fa59ffc191c59db064dad44f47534cf47ac08da6f35e1710935fd0f39477918	2264a8042763edf2620cfe32d96b096e1f3d26aa	5.9.2	2.55.0	1000	150	untracked	13	1.619	7.265	1	1	0	1	1788357278.314572	1788357278.476568	286511570	286511810
2026-09-02T13:49:41Z	8dc0b5fea25671d6745a556bffb740d3866e189c	352c096f011eb282f12e6d4c12281340fac96b635a2879cc065d7637a6592872	wsh	local	4fa59ffc191c59db064dad44f47534cf47ac08da6f35e1710935fd0f39477918	2264a8042763edf2620cfe32d96b096e1f3d26aa	5.9.2	2.55.0	1000	150	untracked	14	1.637	7.224	1	1	0	1	1788357278.815875	1788357278.978076	286512327	286512547
2026-09-02T13:49:41Z	8dc0b5fea25671d6745a556bffb740d3866e189c	352c096f011eb282f12e6d4c12281340fac96b635a2879cc065d7637a6592872	wsh	local	4fa59ffc191c59db064dad44f47534cf47ac08da6f35e1710935fd0f39477918	2264a8042763edf2620cfe32d96b096e1f3d26aa	5.9.2	2.55.0	1000	150	untracked	15	1.638	7.546	1	1	0	1	1788357279.317863	1788357279.481072	286512917	286513142
2026-09-02T13:49:41Z	8dc0b5fea25671d6745a556bffb740d3866e189c	352c096f011eb282f12e6d4c12281340fac96b635a2879cc065d7637a6592872	wsh	local	4fa59ffc191c59db064dad44f47534cf47ac08da6f35e1710935fd0f39477918	2264a8042763edf2620cfe32d96b096e1f3d26aa	5.9.2	2.55.0	1000	150	untracked	16	1.616	7.522	1	1	0	1	1788357279.820484	1788357279.982831	286513547	286513889
2026-09-02T13:49:41Z	8dc0b5fea25671d6745a556bffb740d3866e189c	352c096f011eb282f12e6d4c12281340fac96b635a2879cc065d7637a6592872	wsh	local	4fa59ffc191c59db064dad44f47534cf47ac08da6f35e1710935fd0f39477918	2264a8042763edf2620cfe32d96b096e1f3d26aa	5.9.2	2.55.0	1000	150	untracked	17	1.613	7.343	1	1	0	1	1788357280.321567	1788357280.483867	286514337	286514560
2026-09-02T13:49:41Z	8dc0b5fea25671d6745a556bffb740d3866e189c	352c096f011eb282f12e6d4c12281340fac96b635a2879cc065d7637a6592872	wsh	local	4fa59ffc191c59db064dad44f47534cf47ac08da6f35e1710935fd0f39477918	2264a8042763edf2620cfe32d96b096e1f3d26aa	5.9.2	2.55.0	1000	150	untracked	18	1.619	7.394	1	1	0	1	1788357280.822676	1788357280.984618	286515080	286515320
2026-09-02T13:49:41Z	8dc0b5fea25671d6745a556bffb740d3866e189c	352c096f011eb282f12e6d4c12281340fac96b635a2879cc065d7637a6592872	wsh	local	4fa59ffc191c59db064dad44f47534cf47ac08da6f35e1710935fd0f39477918	2264a8042763edf2620cfe32d96b096e1f3d26aa	5.9.2	2.55.0	1000	150	untracked	19	1.599	7.112	1	1	0	1	1788357281.323442	1788357281.485288	286515724	286515906
2026-09-02T13:49:41Z	8dc0b5fea25671d6745a556bffb740d3866e189c	352c096f011eb282f12e6d4c12281340fac96b635a2879cc065d7637a6592872	wsh	local	4fa59ffc191c59db064dad44f47534cf47ac08da6f35e1710935fd0f39477918	2264a8042763edf2620cfe32d96b096e1f3d26aa	5.9.2	2.55.0	1000	150	untracked	20	1.647	7.286	1	1	0	1	1788357281.824723	1788357281.987515	286516498	286516679
2026-09-02T13:49:41Z	8dc0b5fea25671d6745a556bffb740d3866e189c	352c096f011eb282f12e6d4c12281340fac96b635a2879cc065d7637a6592872	wsh	local	4fa59ffc191c59db064dad44f47534cf47ac08da6f35e1710935fd0f39477918	2264a8042763edf2620cfe32d96b096e1f3d26aa	5.9.2	2.55.0	1000	150	untracked	21	1.790	7.028	1	1	0	1	1788357282.328604	1788357282.490603	286517183	286517378
2026-09-02T13:49:41Z	8dc0b5fea25671d6745a556bffb740d3866e189c	352c096f011eb282f12e6d4c12281340fac96b635a2879cc065d7637a6592872	wsh	local	4fa59ffc191c59db064dad44f47534cf47ac08da6f35e1710935fd0f39477918	2264a8042763edf2620cfe32d96b096e1f3d26aa	5.9.2	2.55.0	1000	150	untracked	22	2.117	7.640	1	1	0	1	1788357282.833268	1788357282.996204	286518007	286518208
2026-09-02T13:49:41Z	8dc0b5fea25671d6745a556bffb740d3866e189c	352c096f011eb282f12e6d4c12281340fac96b635a2879cc065d7637a6592872	wsh	local	4fa59ffc191c59db064dad44f47534cf47ac08da6f35e1710935fd0f39477918	2264a8042763edf2620cfe32d96b096e1f3d26aa	5.9.2	2.55.0	1000	150	untracked	23	1.601	7.244	1	1	0	1	1788357283.336572	1788357283.499760	286518631	286518834
2026-09-02T13:49:41Z	8dc0b5fea25671d6745a556bffb740d3866e189c	352c096f011eb282f12e6d4c12281340fac96b635a2879cc065d7637a6592872	wsh	local	4fa59ffc191c59db064dad44f47534cf47ac08da6f35e1710935fd0f39477918	2264a8042763edf2620cfe32d96b096e1f3d26aa	5.9.2	2.55.0	1000	150	untracked	24	1.632	7.113	1	1	0	1	1788357283.841618	1788357284.003801	286519423	286519609
2026-09-02T13:49:41Z	8dc0b5fea25671d6745a556bffb740d3866e189c	352c096f011eb282f12e6d4c12281340fac96b635a2879cc065d7637a6592872	wsh	local	4fa59ffc191c59db064dad44f47534cf47ac08da6f35e1710935fd0f39477918	2264a8042763edf2620cfe32d96b096e1f3d26aa	5.9.2	2.55.0	1000	150	untracked	25	1.634	7.308	1	1	0	1	1788357284.343595	1788357284.505601	286519977	286520107
2026-09-02T13:49:41Z	8dc0b5fea25671d6745a556bffb740d3866e189c	352c096f011eb282f12e6d4c12281340fac96b635a2879cc065d7637a6592872	wsh	local	4fa59ffc191c59db064dad44f47534cf47ac08da6f35e1710935fd0f39477918	2264a8042763edf2620cfe32d96b096e1f3d26aa	5.9.2	2.55.0	1000	150	untracked	26	1.623	7.334	1	1	0	1	1788357284.846102	1788357285.008608	286520923	286521217
2026-09-02T13:49:41Z	8dc0b5fea25671d6745a556bffb740d3866e189c	352c096f011eb282f12e6d4c12281340fac96b635a2879cc065d7637a6592872	wsh	local	4fa59ffc191c59db064dad44f47534cf47ac08da6f35e1710935fd0f39477918	2264a8042763edf2620cfe32d96b096e1f3d26aa	5.9.2	2.55.0	1000	150	untracked	27	1.685	7.418	1	1	0	1	1788357285.348815	1788357285.511258	286521641	286521894
2026-09-02T13:49:41Z	8dc0b5fea25671d6745a556bffb740d3866e189c	352c096f011eb282f12e6d4c12281340fac96b635a2879cc065d7637a6592872	wsh	local	4fa59ffc191c59db064dad44f47534cf47ac08da6f35e1710935fd0f39477918	2264a8042763edf2620cfe32d96b096e1f3d26aa	5.9.2	2.55.0	1000	150	untracked	28	1.690	7.504	1	1	0	1	1788357285.851114	1788357286.013732	286522409	286522691
2026-09-02T13:49:41Z	8dc0b5fea25671d6745a556bffb740d3866e189c	352c096f011eb282f12e6d4c12281340fac96b635a2879cc065d7637a6592872	wsh	local	4fa59ffc191c59db064dad44f47534cf47ac08da6f35e1710935fd0f39477918	2264a8042763edf2620cfe32d96b096e1f3d26aa	5.9.2	2.55.0	1000	150	untracked	29	1.631	7.177	1	1	0	1	1788357286.354415	1788357286.516847	286523059	286523229
2026-09-02T13:49:41Z	8dc0b5fea25671d6745a556bffb740d3866e189c	352c096f011eb282f12e6d4c12281340fac96b635a2879cc065d7637a6592872	wsh	local	4fa59ffc191c59db064dad44f47534cf47ac08da6f35e1710935fd0f39477918	2264a8042763edf2620cfe32d96b096e1f3d26aa	5.9.2	2.55.0	1000	150	untracked	30	1.618	7.035	1	1	0	1	1788357286.857531	1788357287.019829	286523699	286523883
2026-09-02T13:49:41Z	8dc0b5fea25671d6745a556bffb740d3866e189c	352c096f011eb282f12e6d4c12281340fac96b635a2879cc065d7637a6592872	wsh	local	4fa59ffc191c59db064dad44f47534cf47ac08da6f35e1710935fd0f39477918	2264a8042763edf2620cfe32d96b096e1f3d26aa	5.9.2	2.55.0	1000	150	untracked	31	1.622	7.463	1	1	0	1	1788357287.360474	1788357287.523000	286524470	286524636
2026-09-02T13:49:41Z	8dc0b5fea25671d6745a556bffb740d3866e189c	352c096f011eb282f12e6d4c12281340fac96b635a2879cc065d7637a6592872	wsh	local	4fa59ffc191c59db064dad44f47534cf47ac08da6f35e1710935fd0f39477918	2264a8042763edf2620cfe32d96b096e1f3d26aa	5.9.2	2.55.0	1000	150	untracked	32	1.667	7.428	1	1	0	1	1788357287.862995	1788357288.025873	286525054	286525266
2026-09-02T13:49:41Z	8dc0b5fea25671d6745a556bffb740d3866e189c	352c096f011eb282f12e6d4c12281340fac96b635a2879cc065d7637a6592872	wsh	local	4fa59ffc191c59db064dad44f47534cf47ac08da6f35e1710935fd0f39477918	2264a8042763edf2620cfe32d96b096e1f3d26aa	5.9.2	2.55.0	1000	150	untracked	33	1.630	7.145	1	1	0	1	1788357288.367135	1788357288.529856	286525703	286525874
2026-09-02T13:49:41Z	8dc0b5fea25671d6745a556bffb740d3866e189c	352c096f011eb282f12e6d4c12281340fac96b635a2879cc065d7637a6592872	wsh	local	4fa59ffc191c59db064dad44f47534cf47ac08da6f35e1710935fd0f39477918	2264a8042763edf2620cfe32d96b096e1f3d26aa	5.9.2	2.55.0	1000	150	untracked	34	1.641	7.514	1	1	0	1	1788357288.870427	1788357289.033723	286526446	286526613
2026-09-02T13:49:41Z	8dc0b5fea25671d6745a556bffb740d3866e189c	352c096f011eb282f12e6d4c12281340fac96b635a2879cc065d7637a6592872	wsh	local	4fa59ffc191c59db064dad44f47534cf47ac08da6f35e1710935fd0f39477918	2264a8042763edf2620cfe32d96b096e1f3d26aa	5.9.2	2.55.0	1000	150	untracked	35	1.640	7.339	1	1	0	1	1788357289.373943	1788357289.537284	286527121	286527318
2026-09-02T13:49:41Z	8dc0b5fea25671d6745a556bffb740d3866e189c	352c096f011eb282f12e6d4c12281340fac96b635a2879cc065d7637a6592872	wsh	local	4fa59ffc191c59db064dad44f47534cf47ac08da6f35e1710935fd0f39477918	2264a8042763edf2620cfe32d96b096e1f3d26aa	5.9.2	2.55.0	1000	150	untracked	36	1.873	7.442	1	1	0	1	1788357289.878217	1788357290.041810	286527902	286528110
2026-09-02T13:49:41Z	8dc0b5fea25671d6745a556bffb740d3866e189c	352c096f011eb282f12e6d4c12281340fac96b635a2879cc065d7637a6592872	wsh	local	4fa59ffc191c59db064dad44f47534cf47ac08da6f35e1710935fd0f39477918	2264a8042763edf2620cfe32d96b096e1f3d26aa	5.9.2	2.55.0	1000	150	untracked	37	1.773	7.522	1	1	0	1	1788357290.383407	1788357290.546757	286528534	286528731
2026-09-02T13:49:41Z	8dc0b5fea25671d6745a556bffb740d3866e189c	352c096f011eb282f12e6d4c12281340fac96b635a2879cc065d7637a6592872	wsh	local	4fa59ffc191c59db064dad44f47534cf47ac08da6f35e1710935fd0f39477918	2264a8042763edf2620cfe32d96b096e1f3d26aa	5.9.2	2.55.0	1000	150	untracked	38	1.638	7.401	1	1	0	1	1788357290.887367	1788357291.049930	286529069	286529268
2026-09-02T13:49:41Z	8dc0b5fea25671d6745a556bffb740d3866e189c	352c096f011eb282f12e6d4c12281340fac96b635a2879cc065d7637a6592872	wsh	local	4fa59ffc191c59db064dad44f47534cf47ac08da6f35e1710935fd0f39477918	2264a8042763edf2620cfe32d96b096e1f3d26aa	5.9.2	2.55.0	1000	150	untracked	39	1.671	7.263	1	1	0	1	1788357291.390821	1788357291.553984	286529678	286529985
2026-09-02T13:49:41Z	8dc0b5fea25671d6745a556bffb740d3866e189c	352c096f011eb282f12e6d4c12281340fac96b635a2879cc065d7637a6592872	wsh	local	4fa59ffc191c59db064dad44f47534cf47ac08da6f35e1710935fd0f39477918	2264a8042763edf2620cfe32d96b096e1f3d26aa	5.9.2	2.55.0	1000	150	untracked	40	1.668	7.464	1	1	0	1	1788357291.895248	1788357292.058075	286530604	286530810
2026-09-02T13:49:41Z	8dc0b5fea25671d6745a556bffb740d3866e189c	352c096f011eb282f12e6d4c12281340fac96b635a2879cc065d7637a6592872	wsh	local	4fa59ffc191c59db064dad44f47534cf47ac08da6f35e1710935fd0f39477918	2264a8042763edf2620cfe32d96b096e1f3d26aa	5.9.2	2.55.0	1000	150	untracked	41	1.656	7.635	1	1	0	1	1788357292.398527	1788357292.562008	286531173	286531377
2026-09-02T13:49:41Z	8dc0b5fea25671d6745a556bffb740d3866e189c	352c096f011eb282f12e6d4c12281340fac96b635a2879cc065d7637a6592872	wsh	local	4fa59ffc191c59db064dad44f47534cf47ac08da6f35e1710935fd0f39477918	2264a8042763edf2620cfe32d96b096e1f3d26aa	5.9.2	2.55.0	1000	150	untracked	42	1.654	7.317	1	1	0	1	1788357292.903729	1788357293.066552	286531800	286531999
2026-09-02T13:49:41Z	8dc0b5fea25671d6745a556bffb740d3866e189c	352c096f011eb282f12e6d4c12281340fac96b635a2879cc065d7637a6592872	wsh	local	4fa59ffc191c59db064dad44f47534cf47ac08da6f35e1710935fd0f39477918	2264a8042763edf2620cfe32d96b096e1f3d26aa	5.9.2	2.55.0	1000	150	untracked	43	1.772	7.428	1	1	0	1	1788357293.407276	1788357293.570128	286532482	286532676
2026-09-02T13:49:41Z	8dc0b5fea25671d6745a556bffb740d3866e189c	352c096f011eb282f12e6d4c12281340fac96b635a2879cc065d7637a6592872	wsh	local	4fa59ffc191c59db064dad44f47534cf47ac08da6f35e1710935fd0f39477918	2264a8042763edf2620cfe32d96b096e1f3d26aa	5.9.2	2.55.0	1000	150	untracked	44	1.662	7.351	1	1	0	1	1788357293.912873	1788357294.075236	286533126	286533332
2026-09-02T13:49:41Z	8dc0b5fea25671d6745a556bffb740d3866e189c	352c096f011eb282f12e6d4c12281340fac96b635a2879cc065d7637a6592872	wsh	local	4fa59ffc191c59db064dad44f47534cf47ac08da6f35e1710935fd0f39477918	2264a8042763edf2620cfe32d96b096e1f3d26aa	5.9.2	2.55.0	1000	150	untracked	45	1.664	7.548	1	1	0	1	1788357294.415932	1788357294.579074	286533716	286533892
2026-09-02T13:49:41Z	8dc0b5fea25671d6745a556bffb740d3866e189c	352c096f011eb282f12e6d4c12281340fac96b635a2879cc065d7637a6592872	wsh	local	4fa59ffc191c59db064dad44f47534cf47ac08da6f35e1710935fd0f39477918	2264a8042763edf2620cfe32d96b096e1f3d26aa	5.9.2	2.55.0	1000	150	untracked	46	1.659	7.015	1	1	0	1	1788357294.919788	1788357295.083132	286534674	286534865
2026-09-02T13:49:41Z	8dc0b5fea25671d6745a556bffb740d3866e189c	352c096f011eb282f12e6d4c12281340fac96b635a2879cc065d7637a6592872	wsh	local	4fa59ffc191c59db064dad44f47534cf47ac08da6f35e1710935fd0f39477918	2264a8042763edf2620cfe32d96b096e1f3d26aa	5.9.2	2.55.0	1000	150	untracked	47	1.651	7.152	1	1	0	1	1788357295.424111	1788357295.586933	286535217	286535402
2026-09-02T13:49:41Z	8dc0b5fea25671d6745a556bffb740d3866e189c	352c096f011eb282f12e6d4c12281340fac96b635a2879cc065d7637a6592872	wsh	local	4fa59ffc191c59db064dad44f47534cf47ac08da6f35e1710935fd0f39477918	2264a8042763edf2620cfe32d96b096e1f3d26aa	5.9.2	2.55.0	1000	150	untracked	48	1.758	7.059	1	1	0	1	1788357295.928833	1788357296.091139	286535907	286536134
2026-09-02T13:49:41Z	8dc0b5fea25671d6745a556bffb740d3866e189c	352c096f011eb282f12e6d4c12281340fac96b635a2879cc065d7637a6592872	wsh	local	4fa59ffc191c59db064dad44f47534cf47ac08da6f35e1710935fd0f39477918	2264a8042763edf2620cfe32d96b096e1f3d26aa	5.9.2	2.55.0	1000	150	untracked	49	1.801	7.626	1	1	0	1	1788357296.432494	1788357296.595781	286536802	286537013
2026-09-02T13:49:41Z	8dc0b5fea25671d6745a556bffb740d3866e189c	352c096f011eb282f12e6d4c12281340fac96b635a2879cc065d7637a6592872	wsh	local	4fa59ffc191c59db064dad44f47534cf47ac08da6f35e1710935fd0f39477918	2264a8042763edf2620cfe32d96b096e1f3d26aa	5.9.2	2.55.0	1000	150	untracked	50	1.992	7.286	1	1	0	1	1788357296.937604	1788357297.100748	286537470	286537699
2026-09-02T13:49:41Z	8dc0b5fea25671d6745a556bffb740d3866e189c	352c096f011eb282f12e6d4c12281340fac96b635a2879cc065d7637a6592872	wsh	local	4fa59ffc191c59db064dad44f47534cf47ac08da6f35e1710935fd0f39477918	2264a8042763edf2620cfe32d96b096e1f3d26aa	5.9.2	2.55.0	1000	150	untracked	51	1.736	7.053	1	1	0	1	1788357297.442826	1788357297.605670	286538336	286538578
2026-09-02T13:49:41Z	8dc0b5fea25671d6745a556bffb740d3866e189c	352c096f011eb282f12e6d4c12281340fac96b635a2879cc065d7637a6592872	wsh	local	4fa59ffc191c59db064dad44f47534cf47ac08da6f35e1710935fd0f39477918	2264a8042763edf2620cfe32d96b096e1f3d26aa	5.9.2	2.55.0	1000	150	untracked	52	1.678	7.181	1	1	0	1	1788357297.947897	1788357298.110909	286539308	286539520
2026-09-02T13:49:41Z	8dc0b5fea25671d6745a556bffb740d3866e189c	352c096f011eb282f12e6d4c12281340fac96b635a2879cc065d7637a6592872	wsh	local	4fa59ffc191c59db064dad44f47534cf47ac08da6f35e1710935fd0f39477918	2264a8042763edf2620cfe32d96b096e1f3d26aa	5.9.2	2.55.0	1000	150	untracked	53	1.757	7.200	1	1	0	1	1788357298.452804	1788357298.615268	286539873	286540066
2026-09-02T13:49:41Z	8dc0b5fea25671d6745a556bffb740d3866e189c	352c096f011eb282f12e6d4c12281340fac96b635a2879cc065d7637a6592872	wsh	local	4fa59ffc191c59db064dad44f47534cf47ac08da6f35e1710935fd0f39477918	2264a8042763edf2620cfe32d96b096e1f3d26aa	5.9.2	2.55.0	1000	150	untracked	54	1.712	7.293	1	1	0	1	1788357298.956915	1788357299.120531	286540465	286540604
2026-09-02T13:49:41Z	8dc0b5fea25671d6745a556bffb740d3866e189c	352c096f011eb282f12e6d4c12281340fac96b635a2879cc065d7637a6592872	wsh	local	4fa59ffc191c59db064dad44f47534cf47ac08da6f35e1710935fd0f39477918	2264a8042763edf2620cfe32d96b096e1f3d26aa	5.9.2	2.55.0	1000	150	untracked	55	2.014	7.244	1	1	0	1	1788357299.463739	1788357299.626399	286541049	286541225
2026-09-02T13:49:41Z	8dc0b5fea25671d6745a556bffb740d3866e189c	352c096f011eb282f12e6d4c12281340fac96b635a2879cc065d7637a6592872	wsh	local	4fa59ffc191c59db064dad44f47534cf47ac08da6f35e1710935fd0f39477918	2264a8042763edf2620cfe32d96b096e1f3d26aa	5.9.2	2.55.0	1000	150	untracked	56	1.727	7.324	1	1	0	1	1788357299.968030	1788357300.131179	286541698	286541933
2026-09-02T13:49:41Z	8dc0b5fea25671d6745a556bffb740d3866e189c	352c096f011eb282f12e6d4c12281340fac96b635a2879cc065d7637a6592872	wsh	local	4fa59ffc191c59db064dad44f47534cf47ac08da6f35e1710935fd0f39477918	2264a8042763edf2620cfe32d96b096e1f3d26aa	5.9.2	2.55.0	1000	150	untracked	57	1.827	7.675	1	1	0	1	1788357300.473840	1788357300.637949	286542337	286542722
2026-09-02T13:49:41Z	8dc0b5fea25671d6745a556bffb740d3866e189c	352c096f011eb282f12e6d4c12281340fac96b635a2879cc065d7637a6592872	wsh	local	4fa59ffc191c59db064dad44f47534cf47ac08da6f35e1710935fd0f39477918	2264a8042763edf2620cfe32d96b096e1f3d26aa	5.9.2	2.55.0	1000	150	untracked	58	1.682	7.367	1	1	0	1	1788357300.980511	1788357301.143545	286543108	286543273
2026-09-02T13:49:41Z	8dc0b5fea25671d6745a556bffb740d3866e189c	352c096f011eb282f12e6d4c12281340fac96b635a2879cc065d7637a6592872	wsh	local	4fa59ffc191c59db064dad44f47534cf47ac08da6f35e1710935fd0f39477918	2264a8042763edf2620cfe32d96b096e1f3d26aa	5.9.2	2.55.0	1000	150	untracked	59	1.720	7.529	1	1	0	1	1788357301.485113	1788357301.648618	286543793	286544006
2026-09-02T13:49:41Z	8dc0b5fea25671d6745a556bffb740d3866e189c	352c096f011eb282f12e6d4c12281340fac96b635a2879cc065d7637a6592872	wsh	local	4fa59ffc191c59db064dad44f47534cf47ac08da6f35e1710935fd0f39477918	2264a8042763edf2620cfe32d96b096e1f3d26aa	5.9.2	2.55.0	1000	150	untracked	60	1.757	7.419	1	1	0	1	1788357301.991282	1788357302.154981	286544636	286544796
2026-09-02T13:49:41Z	8dc0b5fea25671d6745a556bffb740d3866e189c	352c096f011eb282f12e6d4c12281340fac96b635a2879cc065d7637a6592872	wsh	local	4fa59ffc191c59db064dad44f47534cf47ac08da6f35e1710935fd0f39477918	2264a8042763edf2620cfe32d96b096e1f3d26aa	5.9.2	2.55.0	1000	150	untracked	61	1.735	7.367	1	1	0	1	1788357302.497955	1788357302.662006	286545351	286545541
2026-09-02T13:49:41Z	8dc0b5fea25671d6745a556bffb740d3866e189c	352c096f011eb282f12e6d4c12281340fac96b635a2879cc065d7637a6592872	wsh	local	4fa59ffc191c59db064dad44f47534cf47ac08da6f35e1710935fd0f39477918	2264a8042763edf2620cfe32d96b096e1f3d26aa	5.9.2	2.55.0	1000	150	untracked	62	1.770	7.352	1	1	0	1	1788357303.005023	1788357303.168201	286546083	286546273
2026-09-02T13:49:41Z	8dc0b5fea25671d6745a556bffb740d3866e189c	352c096f011eb282f12e6d4c12281340fac96b635a2879cc065d7637a6592872	wsh	local	4fa59ffc191c59db064dad44f47534cf47ac08da6f35e1710935fd0f39477918	2264a8042763edf2620cfe32d96b096e1f3d26aa	5.9.2	2.55.0	1000	150	untracked	63	1.730	7.360	1	1	0	1	1788357303.511642	1788357303.675013	286546933	286547116
2026-09-02T13:49:41Z	8dc0b5fea25671d6745a556bffb740d3866e189c	352c096f011eb282f12e6d4c12281340fac96b635a2879cc065d7637a6592872	wsh	local	4fa59ffc191c59db064dad44f47534cf47ac08da6f35e1710935fd0f39477918	2264a8042763edf2620cfe32d96b096e1f3d26aa	5.9.2	2.55.0	1000	150	untracked	64	1.708	7.468	1	1	0	1	1788357304.016396	1788357304.180136	286547676	286547887
2026-09-02T13:49:41Z	8dc0b5fea25671d6745a556bffb740d3866e189c	352c096f011eb282f12e6d4c12281340fac96b635a2879cc065d7637a6592872	wsh	local	4fa59ffc191c59db064dad44f47534cf47ac08da6f35e1710935fd0f39477918	2264a8042763edf2620cfe32d96b096e1f3d26aa	5.9.2	2.55.0	1000	150	untracked	65	1.767	7.339	1	1	0	1	1788357304.522026	1788357304.685273	286548296	286548496
2026-09-02T13:49:41Z	8dc0b5fea25671d6745a556bffb740d3866e189c	352c096f011eb282f12e6d4c12281340fac96b635a2879cc065d7637a6592872	wsh	local	4fa59ffc191c59db064dad44f47534cf47ac08da6f35e1710935fd0f39477918	2264a8042763edf2620cfe32d96b096e1f3d26aa	5.9.2	2.55.0	1000	150	untracked	66	1.730	7.035	1	1	0	1	1788357305.028333	1788357305.191468	286549013	286549173
2026-09-02T13:49:41Z	8dc0b5fea25671d6745a556bffb740d3866e189c	352c096f011eb282f12e6d4c12281340fac96b635a2879cc065d7637a6592872	wsh	local	4fa59ffc191c59db064dad44f47534cf47ac08da6f35e1710935fd0f39477918	2264a8042763edf2620cfe32d96b096e1f3d26aa	5.9.2	2.55.0	1000	150	untracked	67	1.773	7.263	1	1	0	1	1788357305.534045	1788357305.698275	286549551	286549703
2026-09-02T13:49:41Z	8dc0b5fea25671d6745a556bffb740d3866e189c	352c096f011eb282f12e6d4c12281340fac96b635a2879cc065d7637a6592872	wsh	local	4fa59ffc191c59db064dad44f47534cf47ac08da6f35e1710935fd0f39477918	2264a8042763edf2620cfe32d96b096e1f3d26aa	5.9.2	2.55.0	1000	150	untracked	68	1.747	7.318	1	1	0	1	1788357306.040181	1788357306.203446	286550077	286550225
2026-09-02T13:49:41Z	8dc0b5fea25671d6745a556bffb740d3866e189c	352c096f011eb282f12e6d4c12281340fac96b635a2879cc065d7637a6592872	wsh	local	4fa59ffc191c59db064dad44f47534cf47ac08da6f35e1710935fd0f39477918	2264a8042763edf2620cfe32d96b096e1f3d26aa	5.9.2	2.55.0	1000	150	untracked	69	1.793	7.155	1	1	0	1	1788357306.546897	1788357306.710135	286550567	286550743
2026-09-02T13:49:41Z	8dc0b5fea25671d6745a556bffb740d3866e189c	352c096f011eb282f12e6d4c12281340fac96b635a2879cc065d7637a6592872	wsh	local	4fa59ffc191c59db064dad44f47534cf47ac08da6f35e1710935fd0f39477918	2264a8042763edf2620cfe32d96b096e1f3d26aa	5.9.2	2.55.0	1000	150	untracked	70	1.877	7.343	1	1	0	1	1788357307.052900	1788357307.216831	286551309	286551534
2026-09-02T13:49:41Z	8dc0b5fea25671d6745a556bffb740d3866e189c	352c096f011eb282f12e6d4c12281340fac96b635a2879cc065d7637a6592872	wsh	local	4fa59ffc191c59db064dad44f47534cf47ac08da6f35e1710935fd0f39477918	2264a8042763edf2620cfe32d96b096e1f3d26aa	5.9.2	2.55.0	1000	150	untracked	71	1.788	7.225	1	1	0	1	1788357307.560539	1788357307.724614	286551968	286552089
2026-09-02T13:49:41Z	8dc0b5fea25671d6745a556bffb740d3866e189c	352c096f011eb282f12e6d4c12281340fac96b635a2879cc065d7637a6592872	wsh	local	4fa59ffc191c59db064dad44f47534cf47ac08da6f35e1710935fd0f39477918	2264a8042763edf2620cfe32d96b096e1f3d26aa	5.9.2	2.55.0	1000	150	untracked	72	1.734	7.185	1	1	0	1	1788357308.068149	1788357308.232249	286552696	286552869
2026-09-02T13:49:41Z	8dc0b5fea25671d6745a556bffb740d3866e189c	352c096f011eb282f12e6d4c12281340fac96b635a2879cc065d7637a6592872	wsh	local	4fa59ffc191c59db064dad44f47534cf47ac08da6f35e1710935fd0f39477918	2264a8042763edf2620cfe32d96b096e1f3d26aa	5.9.2	2.55.0	1000	150	untracked	73	1.869	7.355	1	1	0	1	1788357308.575702	1788357308.739904	286553256	286553572
2026-09-02T13:49:41Z	8dc0b5fea25671d6745a556bffb740d3866e189c	352c096f011eb282f12e6d4c12281340fac96b635a2879cc065d7637a6592872	wsh	local	4fa59ffc191c59db064dad44f47534cf47ac08da6f35e1710935fd0f39477918	2264a8042763edf2620cfe32d96b096e1f3d26aa	5.9.2	2.55.0	1000	150	untracked	74	1.817	7.421	1	1	0	1	1788357309.083330	1788357309.246980	286554083	286554311
2026-09-02T13:49:41Z	8dc0b5fea25671d6745a556bffb740d3866e189c	352c096f011eb282f12e6d4c12281340fac96b635a2879cc065d7637a6592872	wsh	local	4fa59ffc191c59db064dad44f47534cf47ac08da6f35e1710935fd0f39477918	2264a8042763edf2620cfe32d96b096e1f3d26aa	5.9.2	2.55.0	1000	150	untracked	75	1.777	7.015	1	1	0	1	1788357309.589782	1788357309.752921	286554733	286554934
2026-09-02T13:49:41Z	8dc0b5fea25671d6745a556bffb740d3866e189c	352c096f011eb282f12e6d4c12281340fac96b635a2879cc065d7637a6592872	wsh	local	4fa59ffc191c59db064dad44f47534cf47ac08da6f35e1710935fd0f39477918	2264a8042763edf2620cfe32d96b096e1f3d26aa	5.9.2	2.55.0	1000	150	untracked	76	1.755	7.297	1	1	0	1	1788357310.096477	1788357310.259874	286555478	286555706
2026-09-02T13:49:41Z	8dc0b5fea25671d6745a556bffb740d3866e189c	352c096f011eb282f12e6d4c12281340fac96b635a2879cc065d7637a6592872	wsh	local	4fa59ffc191c59db064dad44f47534cf47ac08da6f35e1710935fd0f39477918	2264a8042763edf2620cfe32d96b096e1f3d26aa	5.9.2	2.55.0	1000	150	untracked	77	1.804	7.024	1	1	0	1	1788357310.603345	1788357310.766638	286556688	286556924
2026-09-02T13:49:41Z	8dc0b5fea25671d6745a556bffb740d3866e189c	352c096f011eb282f12e6d4c12281340fac96b635a2879cc065d7637a6592872	wsh	local	4fa59ffc191c59db064dad44f47534cf47ac08da6f35e1710935fd0f39477918	2264a8042763edf2620cfe32d96b096e1f3d26aa	5.9.2	2.55.0	1000	150	untracked	78	1.772	7.009	1	1	0	1	1788357311.111733	1788357311.274970	286557317	286557469
2026-09-02T13:49:41Z	8dc0b5fea25671d6745a556bffb740d3866e189c	352c096f011eb282f12e6d4c12281340fac96b635a2879cc065d7637a6592872	wsh	local	4fa59ffc191c59db064dad44f47534cf47ac08da6f35e1710935fd0f39477918	2264a8042763edf2620cfe32d96b096e1f3d26aa	5.9.2	2.55.0	1000	150	untracked	79	1.795	7.307	1	1	0	1	1788357311.618086	1788357311.781702	286557829	286557981
2026-09-02T13:49:41Z	8dc0b5fea25671d6745a556bffb740d3866e189c	352c096f011eb282f12e6d4c12281340fac96b635a2879cc065d7637a6592872	wsh	local	4fa59ffc191c59db064dad44f47534cf47ac08da6f35e1710935fd0f39477918	2264a8042763edf2620cfe32d96b096e1f3d26aa	5.9.2	2.55.0	1000	150	untracked	80	1.861	7.079	1	1	0	1	1788357312.125842	1788357312.289334	286559034	286559355
2026-09-02T13:49:41Z	8dc0b5fea25671d6745a556bffb740d3866e189c	352c096f011eb282f12e6d4c12281340fac96b635a2879cc065d7637a6592872	wsh	local	4fa59ffc191c59db064dad44f47534cf47ac08da6f35e1710935fd0f39477918	2264a8042763edf2620cfe32d96b096e1f3d26aa	5.9.2	2.55.0	1000	150	untracked	81	1.796	7.211	1	1	0	1	1788357312.633284	1788357312.796737	286559770	286559958
2026-09-02T13:49:41Z	8dc0b5fea25671d6745a556bffb740d3866e189c	352c096f011eb282f12e6d4c12281340fac96b635a2879cc065d7637a6592872	wsh	local	4fa59ffc191c59db064dad44f47534cf47ac08da6f35e1710935fd0f39477918	2264a8042763edf2620cfe32d96b096e1f3d26aa	5.9.2	2.55.0	1000	150	untracked	82	2.159	7.108	1	1	0	1	1788357313.140112	1788357313.303714	286560370	286560499
2026-09-02T13:49:41Z	8dc0b5fea25671d6745a556bffb740d3866e189c	352c096f011eb282f12e6d4c12281340fac96b635a2879cc065d7637a6592872	wsh	local	4fa59ffc191c59db064dad44f47534cf47ac08da6f35e1710935fd0f39477918	2264a8042763edf2620cfe32d96b096e1f3d26aa	5.9.2	2.55.0	1000	150	untracked	83	2.073	7.651	1	1	0	1	1788357313.647643	1788357313.811886	286561319	286561567
2026-09-02T13:49:41Z	8dc0b5fea25671d6745a556bffb740d3866e189c	352c096f011eb282f12e6d4c12281340fac96b635a2879cc065d7637a6592872	wsh	local	4fa59ffc191c59db064dad44f47534cf47ac08da6f35e1710935fd0f39477918	2264a8042763edf2620cfe32d96b096e1f3d26aa	5.9.2	2.55.0	1000	150	untracked	84	1.780	7.407	1	1	0	1	1788357314.156337	1788357314.320269	286562191	286562578
2026-09-02T13:49:41Z	8dc0b5fea25671d6745a556bffb740d3866e189c	352c096f011eb282f12e6d4c12281340fac96b635a2879cc065d7637a6592872	wsh	local	4fa59ffc191c59db064dad44f47534cf47ac08da6f35e1710935fd0f39477918	2264a8042763edf2620cfe32d96b096e1f3d26aa	5.9.2	2.55.0	1000	150	untracked	85	1.803	6.961	1	1	0	1	1788357314.663405	1788357314.826662	286563014	286563165
2026-09-02T13:49:41Z	8dc0b5fea25671d6745a556bffb740d3866e189c	352c096f011eb282f12e6d4c12281340fac96b635a2879cc065d7637a6592872	wsh	local	4fa59ffc191c59db064dad44f47534cf47ac08da6f35e1710935fd0f39477918	2264a8042763edf2620cfe32d96b096e1f3d26aa	5.9.2	2.55.0	1000	150	untracked	86	1.795	6.900	1	1	0	1	1788357315.170041	1788357315.333228	286563498	286563685
2026-09-02T13:49:41Z	8dc0b5fea25671d6745a556bffb740d3866e189c	352c096f011eb282f12e6d4c12281340fac96b635a2879cc065d7637a6592872	wsh	local	4fa59ffc191c59db064dad44f47534cf47ac08da6f35e1710935fd0f39477918	2264a8042763edf2620cfe32d96b096e1f3d26aa	5.9.2	2.55.0	1000	150	untracked	87	1.871	7.119	1	1	0	1	1788357315.676808	1788357315.840876	286564314	286564662
2026-09-02T13:49:41Z	8dc0b5fea25671d6745a556bffb740d3866e189c	352c096f011eb282f12e6d4c12281340fac96b635a2879cc065d7637a6592872	wsh	local	4fa59ffc191c59db064dad44f47534cf47ac08da6f35e1710935fd0f39477918	2264a8042763edf2620cfe32d96b096e1f3d26aa	5.9.2	2.55.0	1000	150	untracked	88	1.808	7.594	1	1	0	1	1788357316.185480	1788357316.349746	286565200	286565429
2026-09-02T13:49:41Z	8dc0b5fea25671d6745a556bffb740d3866e189c	352c096f011eb282f12e6d4c12281340fac96b635a2879cc065d7637a6592872	wsh	local	4fa59ffc191c59db064dad44f47534cf47ac08da6f35e1710935fd0f39477918	2264a8042763edf2620cfe32d96b096e1f3d26aa	5.9.2	2.55.0	1000	150	untracked	89	1.781	7.060	1	1	0	1	1788357316.693950	1788357316.857816	286565863	286566175
2026-09-02T13:49:41Z	8dc0b5fea25671d6745a556bffb740d3866e189c	352c096f011eb282f12e6d4c12281340fac96b635a2879cc065d7637a6592872	wsh	local	4fa59ffc191c59db064dad44f47534cf47ac08da6f35e1710935fd0f39477918	2264a8042763edf2620cfe32d96b096e1f3d26aa	5.9.2	2.55.0	1000	150	untracked	90	1.745	7.621	1	1	0	1	1788357317.200221	1788357317.364179	286566544	286566751
2026-09-02T13:49:41Z	8dc0b5fea25671d6745a556bffb740d3866e189c	352c096f011eb282f12e6d4c12281340fac96b635a2879cc065d7637a6592872	wsh	local	4fa59ffc191c59db064dad44f47534cf47ac08da6f35e1710935fd0f39477918	2264a8042763edf2620cfe32d96b096e1f3d26aa	5.9.2	2.55.0	1000	150	untracked	91	1.764	7.158	1	1	0	1	1788357317.708099	1788357317.872680	286567276	286567489
2026-09-02T13:49:41Z	8dc0b5fea25671d6745a556bffb740d3866e189c	352c096f011eb282f12e6d4c12281340fac96b635a2879cc065d7637a6592872	wsh	local	4fa59ffc191c59db064dad44f47534cf47ac08da6f35e1710935fd0f39477918	2264a8042763edf2620cfe32d96b096e1f3d26aa	5.9.2	2.55.0	1000	150	untracked	92	1.781	7.503	1	1	0	1	1788357318.217681	1788357318.381801	286567947	286568165
2026-09-02T13:49:41Z	8dc0b5fea25671d6745a556bffb740d3866e189c	352c096f011eb282f12e6d4c12281340fac96b635a2879cc065d7637a6592872	wsh	local	4fa59ffc191c59db064dad44f47534cf47ac08da6f35e1710935fd0f39477918	2264a8042763edf2620cfe32d96b096e1f3d26aa	5.9.2	2.55.0	1000	150	untracked	93	1.858	7.322	1	1	0	1	1788357318.727581	1788357318.891793	286568603	286569000
2026-09-02T13:49:41Z	8dc0b5fea25671d6745a556bffb740d3866e189c	352c096f011eb282f12e6d4c12281340fac96b635a2879cc065d7637a6592872	wsh	local	4fa59ffc191c59db064dad44f47534cf47ac08da6f35e1710935fd0f39477918	2264a8042763edf2620cfe32d96b096e1f3d26aa	5.9.2	2.55.0	1000	150	untracked	94	1.810	7.102	1	1	0	1	1788357319.236024	1788357319.399795	286569388	286569638
2026-09-02T13:49:41Z	8dc0b5fea25671d6745a556bffb740d3866e189c	352c096f011eb282f12e6d4c12281340fac96b635a2879cc065d7637a6592872	wsh	local	4fa59ffc191c59db064dad44f47534cf47ac08da6f35e1710935fd0f39477918	2264a8042763edf2620cfe32d96b096e1f3d26aa	5.9.2	2.55.0	1000	150	untracked	95	1.802	7.290	1	1	0	1	1788357319.744584	1788357319.909362	286570184	286570641
2026-09-02T13:49:41Z	8dc0b5fea25671d6745a556bffb740d3866e189c	352c096f011eb282f12e6d4c12281340fac96b635a2879cc065d7637a6592872	wsh	local	4fa59ffc191c59db064dad44f47534cf47ac08da6f35e1710935fd0f39477918	2264a8042763edf2620cfe32d96b096e1f3d26aa	5.9.2	2.55.0	1000	150	untracked	96	1.906	7.146	1	1	0	1	1788357320.253204	1788357320.417284	286571123	286571367
2026-09-02T13:49:41Z	8dc0b5fea25671d6745a556bffb740d3866e189c	352c096f011eb282f12e6d4c12281340fac96b635a2879cc065d7637a6592872	wsh	local	4fa59ffc191c59db064dad44f47534cf47ac08da6f35e1710935fd0f39477918	2264a8042763edf2620cfe32d96b096e1f3d26aa	5.9.2	2.55.0	1000	150	untracked	97	1.809	7.329	1	1	0	1	1788357320.762538	1788357320.926990	286572389	286572636
2026-09-02T13:49:41Z	8dc0b5fea25671d6745a556bffb740d3866e189c	352c096f011eb282f12e6d4c12281340fac96b635a2879cc065d7637a6592872	wsh	local	4fa59ffc191c59db064dad44f47534cf47ac08da6f35e1710935fd0f39477918	2264a8042763edf2620cfe32d96b096e1f3d26aa	5.9.2	2.55.0	1000	150	untracked	98	2.069	7.893	1	1	0	1	1788357321.271689	1788357321.436800	286573206	286573486
2026-09-02T13:49:41Z	8dc0b5fea25671d6745a556bffb740d3866e189c	352c096f011eb282f12e6d4c12281340fac96b635a2879cc065d7637a6592872	wsh	local	4fa59ffc191c59db064dad44f47534cf47ac08da6f35e1710935fd0f39477918	2264a8042763edf2620cfe32d96b096e1f3d26aa	5.9.2	2.55.0	1000	150	untracked	99	1.831	7.021	1	1	0	1	1788357321.781794	1788357321.945705	286573900	286574072
2026-09-02T13:49:41Z	8dc0b5fea25671d6745a556bffb740d3866e189c	352c096f011eb282f12e6d4c12281340fac96b635a2879cc065d7637a6592872	wsh	local	4fa59ffc191c59db064dad44f47534cf47ac08da6f35e1710935fd0f39477918	2264a8042763edf2620cfe32d96b096e1f3d26aa	5.9.2	2.55.0	1000	150	untracked	100	1.817	7.292	1	1	0	1	1788357322.291317	1788357322.454900	286574542	286574768
