snapshot_at_utc	benchmark_commit	runner_sha256	target	target_kind	target_commit	omz_commit	zsh_version	git_version	fixture_files	settle_ms	state	iteration	first_ms	settled_ms	repaints	git_calls	unlocked_calls	semantic_pass	measurement_started_epoch_seconds	measurement_finished_epoch_seconds	cpu_psi_some_total_before	cpu_psi_some_total_after
2026-09-02T05:21:36Z	8dc0b5fea25671d6745a556bffb740d3866e189c	352c096f011eb282f12e6d4c12281340fac96b635a2879cc065d7637a6592872	raw	control	5.9.2	2264a8042763edf2620cfe32d96b096e1f3d26aa	5.9.2	2.55.0	1000	150	clean	1	0.479	0.479	0	0	0	na	1788326496.700231	1788326496.853469	214683224	214686151
2026-09-02T05:21:36Z	8dc0b5fea25671d6745a556bffb740d3866e189c	352c096f011eb282f12e6d4c12281340fac96b635a2879cc065d7637a6592872	raw	control	5.9.2	2264a8042763edf2620cfe32d96b096e1f3d26aa	5.9.2	2.55.0	1000	150	clean	2	0.479	0.479	0	0	0	na	1788326497.006417	1788326497.159514	214689975	214692915
2026-09-02T05:21:36Z	8dc0b5fea25671d6745a556bffb740d3866e189c	352c096f011eb282f12e6d4c12281340fac96b635a2879cc065d7637a6592872	raw	control	5.9.2	2264a8042763edf2620cfe32d96b096e1f3d26aa	5.9.2	2.55.0	1000	150	clean	3	0.475	0.475	0	0	0	na	1788326497.312607	1788326497.465671	214696193	214699707
2026-09-02T05:21:36Z	8dc0b5fea25671d6745a556bffb740d3866e189c	352c096f011eb282f12e6d4c12281340fac96b635a2879cc065d7637a6592872	raw	control	5.9.2	2264a8042763edf2620cfe32d96b096e1f3d26aa	5.9.2	2.55.0	1000	150	clean	4	0.494	0.494	0	0	0	na	1788326497.618665	1788326497.771854	214703823	214706979
2026-09-02T05:21:36Z	8dc0b5fea25671d6745a556bffb740d3866e189c	352c096f011eb282f12e6d4c12281340fac96b635a2879cc065d7637a6592872	raw	control	5.9.2	2264a8042763edf2620cfe32d96b096e1f3d26aa	5.9.2	2.55.0	1000	150	clean	5	0.498	0.498	0	0	0	na	1788326497.926916	1788326498.081508	214709030	214710978
2026-09-02T05:21:36Z	8dc0b5fea25671d6745a556bffb740d3866e189c	352c096f011eb282f12e6d4c12281340fac96b635a2879cc065d7637a6592872	raw	control	5.9.2	2264a8042763edf2620cfe32d96b096e1f3d26aa	5.9.2	2.55.0	1000	150	clean	6	0.498	0.498	0	0	0	na	1788326498.236293	1788326498.390825	214713270	214715938
2026-09-02T05:21:36Z	8dc0b5fea25671d6745a556bffb740d3866e189c	352c096f011eb282f12e6d4c12281340fac96b635a2879cc065d7637a6592872	raw	control	5.9.2	2264a8042763edf2620cfe32d96b096e1f3d26aa	5.9.2	2.55.0	1000	150	clean	7	0.519	0.519	0	0	0	na	1788326498.544578	1788326498.698912	214720340	214723621
2026-09-02T05:21:36Z	8dc0b5fea25671d6745a556bffb740d3866e189c	352c096f011eb282f12e6d4c12281340fac96b635a2879cc065d7637a6592872	raw	control	5.9.2	2264a8042763edf2620cfe32d96b096e1f3d26aa	5.9.2	2.55.0	1000	150	clean	8	0.489	0.489	0	0	0	na	1788326498.852773	1788326499.007305	214727682	214730583
2026-09-02T05:21:36Z	8dc0b5fea25671d6745a556bffb740d3866e189c	352c096f011eb282f12e6d4c12281340fac96b635a2879cc065d7637a6592872	raw	control	5.9.2	2264a8042763edf2620cfe32d96b096e1f3d26aa	5.9.2	2.55.0	1000	150	clean	9	0.491	0.491	0	0	0	na	1788326499.161502	1788326499.316331	214732707	214736200
2026-09-02T05:21:36Z	8dc0b5fea25671d6745a556bffb740d3866e189c	352c096f011eb282f12e6d4c12281340fac96b635a2879cc065d7637a6592872	raw	control	5.9.2	2264a8042763edf2620cfe32d96b096e1f3d26aa	5.9.2	2.55.0	1000	150	clean	10	0.502	0.502	0	0	0	na	1788326499.471075	1788326499.626415	214739687	214744518
2026-09-02T05:21:36Z	8dc0b5fea25671d6745a556bffb740d3866e189c	352c096f011eb282f12e6d4c12281340fac96b635a2879cc065d7637a6592872	raw	control	5.9.2	2264a8042763edf2620cfe32d96b096e1f3d26aa	5.9.2	2.55.0	1000	150	clean	11	0.523	0.523	0	0	0	na	1788326499.781156	1788326499.935849	214747561	214750166
2026-09-02T05:21:36Z	8dc0b5fea25671d6745a556bffb740d3866e189c	352c096f011eb282f12e6d4c12281340fac96b635a2879cc065d7637a6592872	raw	control	5.9.2	2264a8042763edf2620cfe32d96b096e1f3d26aa	5.9.2	2.55.0	1000	150	clean	12	0.404	0.404	0	0	0	na	1788326500.090127	1788326500.244186	214753206	214755076
2026-09-02T05:21:36Z	8dc0b5fea25671d6745a556bffb740d3866e189c	352c096f011eb282f12e6d4c12281340fac96b635a2879cc065d7637a6592872	raw	control	5.9.2	2264a8042763edf2620cfe32d96b096e1f3d26aa	5.9.2	2.55.0	1000	150	clean	13	0.476	0.476	0	0	0	na	1788326500.398622	1788326500.553125	214758868	214762964
2026-09-02T05:21:36Z	8dc0b5fea25671d6745a556bffb740d3866e189c	352c096f011eb282f12e6d4c12281340fac96b635a2879cc065d7637a6592872	raw	control	5.9.2	2264a8042763edf2620cfe32d96b096e1f3d26aa	5.9.2	2.55.0	1000	150	clean	14	0.464	0.464	0	0	0	na	1788326500.707245	1788326500.861431	214765970	214768351
2026-09-02T05:21:36Z	8dc0b5fea25671d6745a556bffb740d3866e189c	352c096f011eb282f12e6d4c12281340fac96b635a2879cc065d7637a6592872	raw	control	5.9.2	2264a8042763edf2620cfe32d96b096e1f3d26aa	5.9.2	2.55.0	1000	150	clean	15	0.507	0.507	0	0	0	na	1788326501.015980	1788326501.170336	214772037	214776233
2026-09-02T05:21:36Z	8dc0b5fea25671d6745a556bffb740d3866e189c	352c096f011eb282f12e6d4c12281340fac96b635a2879cc065d7637a6592872	raw	control	5.9.2	2264a8042763edf2620cfe32d96b096e1f3d26aa	5.9.2	2.55.0	1000	150	clean	16	0.410	0.410	0	0	0	na	1788326501.323398	1788326501.476605	214780287	214783752
2026-09-02T05:21:36Z	8dc0b5fea25671d6745a556bffb740d3866e189c	352c096f011eb282f12e6d4c12281340fac96b635a2879cc065d7637a6592872	raw	control	5.9.2	2264a8042763edf2620cfe32d96b096e1f3d26aa	5.9.2	2.55.0	1000	150	clean	17	0.425	0.425	0	0	0	na	1788326501.630086	1788326501.783508	214786829	214789774
2026-09-02T05:21:36Z	8dc0b5fea25671d6745a556bffb740d3866e189c	352c096f011eb282f12e6d4c12281340fac96b635a2879cc065d7637a6592872	raw	control	5.9.2	2264a8042763edf2620cfe32d96b096e1f3d26aa	5.9.2	2.55.0	1000	150	clean	18	0.415	0.415	0	0	0	na	1788326501.937171	1788326502.090495	214792785	214795689
2026-09-02T05:21:36Z	8dc0b5fea25671d6745a556bffb740d3866e189c	352c096f011eb282f12e6d4c12281340fac96b635a2879cc065d7637a6592872	raw	control	5.9.2	2264a8042763edf2620cfe32d96b096e1f3d26aa	5.9.2	2.55.0	1000	150	clean	19	0.423	0.423	0	0	0	na	1788326502.244103	1788326502.397511	214798949	214801710
2026-09-02T05:21:36Z	8dc0b5fea25671d6745a556bffb740d3866e189c	352c096f011eb282f12e6d4c12281340fac96b635a2879cc065d7637a6592872	raw	control	5.9.2	2264a8042763edf2620cfe32d96b096e1f3d26aa	5.9.2	2.55.0	1000	150	clean	20	0.410	0.410	0	0	0	na	1788326502.551203	1788326502.704905	214805287	214807704
2026-09-02T05:21:36Z	8dc0b5fea25671d6745a556bffb740d3866e189c	352c096f011eb282f12e6d4c12281340fac96b635a2879cc065d7637a6592872	raw	control	5.9.2	2264a8042763edf2620cfe32d96b096e1f3d26aa	5.9.2	2.55.0	1000	150	dirty	1	0.370	0.370	0	0	0	na	1788326502.885715	1788326503.038903	214809473	214810773
2026-09-02T05:21:36Z	8dc0b5fea25671d6745a556bffb740d3866e189c	352c096f011eb282f12e6d4c12281340fac96b635a2879cc065d7637a6592872	raw	control	5.9.2	2264a8042763edf2620cfe32d96b096e1f3d26aa	5.9.2	2.55.0	1000	150	dirty	2	0.411	0.411	0	0	0	na	1788326503.193350	1788326503.347930	214812618	214814624
2026-09-02T05:21:36Z	8dc0b5fea25671d6745a556bffb740d3866e189c	352c096f011eb282f12e6d4c12281340fac96b635a2879cc065d7637a6592872	raw	control	5.9.2	2264a8042763edf2620cfe32d96b096e1f3d26aa	5.9.2	2.55.0	1000	150	dirty	3	0.631	0.631	0	0	0	na	1788326503.502747	1788326503.657558	214816281	214817855
2026-09-02T05:21:36Z	8dc0b5fea25671d6745a556bffb740d3866e189c	352c096f011eb282f12e6d4c12281340fac96b635a2879cc065d7637a6592872	raw	control	5.9.2	2264a8042763edf2620cfe32d96b096e1f3d26aa	5.9.2	2.55.0	1000	150	dirty	4	0.491	0.491	0	0	0	na	1788326503.811934	1788326503.966700	214819613	214821310
2026-09-02T05:21:36Z	8dc0b5fea25671d6745a556bffb740d3866e189c	352c096f011eb282f12e6d4c12281340fac96b635a2879cc065d7637a6592872	raw	control	5.9.2	2264a8042763edf2620cfe32d96b096e1f3d26aa	5.9.2	2.55.0	1000	150	dirty	5	0.439	0.439	0	0	0	na	1788326504.121788	1788326504.275918	214823605	214825643
2026-09-02T05:21:36Z	8dc0b5fea25671d6745a556bffb740d3866e189c	352c096f011eb282f12e6d4c12281340fac96b635a2879cc065d7637a6592872	raw	control	5.9.2	2264a8042763edf2620cfe32d96b096e1f3d26aa	5.9.2	2.55.0	1000	150	dirty	6	0.401	0.401	0	0	0	na	1788326504.430673	1788326504.585787	214827637	214830301
2026-09-02T05:21:36Z	8dc0b5fea25671d6745a556bffb740d3866e189c	352c096f011eb282f12e6d4c12281340fac96b635a2879cc065d7637a6592872	raw	control	5.9.2	2264a8042763edf2620cfe32d96b096e1f3d26aa	5.9.2	2.55.0	1000	150	dirty	7	0.520	0.520	0	0	0	na	1788326504.740540	1788326504.895580	214832318	214834088
2026-09-02T05:21:36Z	8dc0b5fea25671d6745a556bffb740d3866e189c	352c096f011eb282f12e6d4c12281340fac96b635a2879cc065d7637a6592872	raw	control	5.9.2	2264a8042763edf2620cfe32d96b096e1f3d26aa	5.9.2	2.55.0	1000	150	dirty	8	0.458	0.458	0	0	0	na	1788326505.049574	1788326505.204347	214835850	214838046
2026-09-02T05:21:36Z	8dc0b5fea25671d6745a556bffb740d3866e189c	352c096f011eb282f12e6d4c12281340fac96b635a2879cc065d7637a6592872	raw	control	5.9.2	2264a8042763edf2620cfe32d96b096e1f3d26aa	5.9.2	2.55.0	1000	150	dirty	9	0.437	0.437	0	0	0	na	1788326505.358908	1788326505.513334	214840314	214841940
2026-09-02T05:21:36Z	8dc0b5fea25671d6745a556bffb740d3866e189c	352c096f011eb282f12e6d4c12281340fac96b635a2879cc065d7637a6592872	raw	control	5.9.2	2264a8042763edf2620cfe32d96b096e1f3d26aa	5.9.2	2.55.0	1000	150	dirty	10	0.414	0.414	0	0	0	na	1788326505.667351	1788326505.821641	214843063	214844423
2026-09-02T05:21:36Z	8dc0b5fea25671d6745a556bffb740d3866e189c	352c096f011eb282f12e6d4c12281340fac96b635a2879cc065d7637a6592872	raw	control	5.9.2	2264a8042763edf2620cfe32d96b096e1f3d26aa	5.9.2	2.55.0	1000	150	dirty	11	0.400	0.400	0	0	0	na	1788326505.976714	1788326506.130481	214846327	214848382
2026-09-02T05:21:36Z	8dc0b5fea25671d6745a556bffb740d3866e189c	352c096f011eb282f12e6d4c12281340fac96b635a2879cc065d7637a6592872	raw	control	5.9.2	2264a8042763edf2620cfe32d96b096e1f3d26aa	5.9.2	2.55.0	1000	150	dirty	12	0.348	0.348	0	0	0	na	1788326506.283514	1788326506.436663	214852453	214855508
2026-09-02T05:21:36Z	8dc0b5fea25671d6745a556bffb740d3866e189c	352c096f011eb282f12e6d4c12281340fac96b635a2879cc065d7637a6592872	raw	control	5.9.2	2264a8042763edf2620cfe32d96b096e1f3d26aa	5.9.2	2.55.0	1000	150	dirty	13	0.417	0.417	0	0	0	na	1788326506.590664	1788326506.745326	214859185	214861494
2026-09-02T05:21:36Z	8dc0b5fea25671d6745a556bffb740d3866e189c	352c096f011eb282f12e6d4c12281340fac96b635a2879cc065d7637a6592872	raw	control	5.9.2	2264a8042763edf2620cfe32d96b096e1f3d26aa	5.9.2	2.55.0	1000	150	dirty	14	0.369	0.369	0	0	0	na	1788326506.900120	1788326507.054884	214863787	214866552
2026-09-02T05:21:36Z	8dc0b5fea25671d6745a556bffb740d3866e189c	352c096f011eb282f12e6d4c12281340fac96b635a2879cc065d7637a6592872	raw	control	5.9.2	2264a8042763edf2620cfe32d96b096e1f3d26aa	5.9.2	2.55.0	1000	150	dirty	15	0.412	0.412	0	0	0	na	1788326507.209844	1788326507.364609	214870196	214872843
2026-09-02T05:21:36Z	8dc0b5fea25671d6745a556bffb740d3866e189c	352c096f011eb282f12e6d4c12281340fac96b635a2879cc065d7637a6592872	raw	control	5.9.2	2264a8042763edf2620cfe32d96b096e1f3d26aa	5.9.2	2.55.0	1000	150	dirty	16	0.399	0.399	0	0	0	na	1788326507.519558	1788326507.674259	214875633	214878261
2026-09-02T05:21:36Z	8dc0b5fea25671d6745a556bffb740d3866e189c	352c096f011eb282f12e6d4c12281340fac96b635a2879cc065d7637a6592872	raw	control	5.9.2	2264a8042763edf2620cfe32d96b096e1f3d26aa	5.9.2	2.55.0	1000	150	dirty	17	0.444	0.444	0	0	0	na	1788326507.829029	1788326507.984164	214881744	214884237
2026-09-02T05:21:36Z	8dc0b5fea25671d6745a556bffb740d3866e189c	352c096f011eb282f12e6d4c12281340fac96b635a2879cc065d7637a6592872	raw	control	5.9.2	2264a8042763edf2620cfe32d96b096e1f3d26aa	5.9.2	2.55.0	1000	150	dirty	18	0.435	0.435	0	0	0	na	1788326508.139257	1788326508.294093	214887491	214890292
2026-09-02T05:21:36Z	8dc0b5fea25671d6745a556bffb740d3866e189c	352c096f011eb282f12e6d4c12281340fac96b635a2879cc065d7637a6592872	raw	control	5.9.2	2264a8042763edf2620cfe32d96b096e1f3d26aa	5.9.2	2.55.0	1000	150	dirty	19	0.422	0.422	0	0	0	na	1788326508.448436	1788326508.602617	214893041	214895930
2026-09-02T05:21:36Z	8dc0b5fea25671d6745a556bffb740d3866e189c	352c096f011eb282f12e6d4c12281340fac96b635a2879cc065d7637a6592872	raw	control	5.9.2	2264a8042763edf2620cfe32d96b096e1f3d26aa	5.9.2	2.55.0	1000	150	dirty	20	0.342	0.342	0	0	0	na	1788326508.757189	1788326508.911444	214898751	214902282
2026-09-02T05:21:36Z	8dc0b5fea25671d6745a556bffb740d3866e189c	352c096f011eb282f12e6d4c12281340fac96b635a2879cc065d7637a6592872	raw	control	5.9.2	2264a8042763edf2620cfe32d96b096e1f3d26aa	5.9.2	2.55.0	1000	150	untracked	1	0.548	0.548	0	0	0	na	1788326509.086939	1788326509.241551	214906260	214909875
2026-09-02T05:21:36Z	8dc0b5fea25671d6745a556bffb740d3866e189c	352c096f011eb282f12e6d4c12281340fac96b635a2879cc065d7637a6592872	raw	control	5.9.2	2264a8042763edf2620cfe32d96b096e1f3d26aa	5.9.2	2.55.0	1000	150	untracked	2	0.506	0.506	0	0	0	na	1788326509.398000	1788326509.553309	214912888	214914578
2026-09-02T05:21:36Z	8dc0b5fea25671d6745a556bffb740d3866e189c	352c096f011eb282f12e6d4c12281340fac96b635a2879cc065d7637a6592872	raw	control	5.9.2	2264a8042763edf2620cfe32d96b096e1f3d26aa	5.9.2	2.55.0	1000	150	untracked	3	0.475	0.475	0	0	0	na	1788326509.709293	1788326509.864129	214918399	214922139
2026-09-02T05:21:36Z	8dc0b5fea25671d6745a556bffb740d3866e189c	352c096f011eb282f12e6d4c12281340fac96b635a2879cc065d7637a6592872	raw	control	5.9.2	2264a8042763edf2620cfe32d96b096e1f3d26aa	5.9.2	2.55.0	1000	150	untracked	4	0.510	0.510	0	0	0	na	1788326510.020075	1788326510.174533	214924688	214926755
2026-09-02T05:21:36Z	8dc0b5fea25671d6745a556bffb740d3866e189c	352c096f011eb282f12e6d4c12281340fac96b635a2879cc065d7637a6592872	raw	control	5.9.2	2264a8042763edf2620cfe32d96b096e1f3d26aa	5.9.2	2.55.0	1000	150	untracked	5	0.435	0.435	0	0	0	na	1788326510.330348	1788326510.484905	214930352	214934475
2026-09-02T05:21:36Z	8dc0b5fea25671d6745a556bffb740d3866e189c	352c096f011eb282f12e6d4c12281340fac96b635a2879cc065d7637a6592872	raw	control	5.9.2	2264a8042763edf2620cfe32d96b096e1f3d26aa	5.9.2	2.55.0	1000	150	untracked	6	0.459	0.459	0	0	0	na	1788326510.640846	1788326510.794335	214938374	214940854
2026-09-02T05:21:36Z	8dc0b5fea25671d6745a556bffb740d3866e189c	352c096f011eb282f12e6d4c12281340fac96b635a2879cc065d7637a6592872	raw	control	5.9.2	2264a8042763edf2620cfe32d96b096e1f3d26aa	5.9.2	2.55.0	1000	150	untracked	7	0.435	0.435	0	0	0	na	1788326510.949193	1788326511.102782	214943153	214944887
2026-09-02T05:21:36Z	8dc0b5fea25671d6745a556bffb740d3866e189c	352c096f011eb282f12e6d4c12281340fac96b635a2879cc065d7637a6592872	raw	control	5.9.2	2264a8042763edf2620cfe32d96b096e1f3d26aa	5.9.2	2.55.0	1000	150	untracked	8	0.429	0.429	0	0	0	na	1788326511.257859	1788326511.411482	214947059	214948532
2026-09-02T05:21:36Z	8dc0b5fea25671d6745a556bffb740d3866e189c	352c096f011eb282f12e6d4c12281340fac96b635a2879cc065d7637a6592872	raw	control	5.9.2	2264a8042763edf2620cfe32d96b096e1f3d26aa	5.9.2	2.55.0	1000	150	untracked	9	0.499	0.499	0	0	0	na	1788326511.566568	1788326511.720448	214950451	214952359
2026-09-02T05:21:36Z	8dc0b5fea25671d6745a556bffb740d3866e189c	352c096f011eb282f12e6d4c12281340fac96b635a2879cc065d7637a6592872	raw	control	5.9.2	2264a8042763edf2620cfe32d96b096e1f3d26aa	5.9.2	2.55.0	1000	150	untracked	10	0.492	0.492	0	0	0	na	1788326511.875452	1788326512.030015	214954549	214956428
2026-09-02T05:21:36Z	8dc0b5fea25671d6745a556bffb740d3866e189c	352c096f011eb282f12e6d4c12281340fac96b635a2879cc065d7637a6592872	raw	control	5.9.2	2264a8042763edf2620cfe32d96b096e1f3d26aa	5.9.2	2.55.0	1000	150	untracked	11	0.493	0.493	0	0	0	na	1788326512.186083	1788326512.340559	214958460	214960548
2026-09-02T05:21:36Z	8dc0b5fea25671d6745a556bffb740d3866e189c	352c096f011eb282f12e6d4c12281340fac96b635a2879cc065d7637a6592872	raw	control	5.9.2	2264a8042763edf2620cfe32d96b096e1f3d26aa	5.9.2	2.55.0	1000	150	untracked	12	0.534	0.534	0	0	0	na	1788326512.495775	1788326512.649800	214962563	214964645
2026-09-02T05:21:36Z	8dc0b5fea25671d6745a556bffb740d3866e189c	352c096f011eb282f12e6d4c12281340fac96b635a2879cc065d7637a6592872	raw	control	5.9.2	2264a8042763edf2620cfe32d96b096e1f3d26aa	5.9.2	2.55.0	1000	150	untracked	13	0.443	0.443	0	0	0	na	1788326512.804590	1788326512.959348	214966164	214968128
2026-09-02T05:21:36Z	8dc0b5fea25671d6745a556bffb740d3866e189c	352c096f011eb282f12e6d4c12281340fac96b635a2879cc065d7637a6592872	raw	control	5.9.2	2264a8042763edf2620cfe32d96b096e1f3d26aa	5.9.2	2.55.0	1000	150	untracked	14	0.501	0.501	0	0	0	na	1788326513.115697	1788326513.270714	214969830	214972218
2026-09-02T05:21:36Z	8dc0b5fea25671d6745a556bffb740d3866e189c	352c096f011eb282f12e6d4c12281340fac96b635a2879cc065d7637a6592872	raw	control	5.9.2	2264a8042763edf2620cfe32d96b096e1f3d26aa	5.9.2	2.55.0	1000	150	untracked	15	0.458	0.458	0	0	0	na	1788326513.426343	1788326513.580021	214973661	214976490
2026-09-02T05:21:36Z	8dc0b5fea25671d6745a556bffb740d3866e189c	352c096f011eb282f12e6d4c12281340fac96b635a2879cc065d7637a6592872	raw	control	5.9.2	2264a8042763edf2620cfe32d96b096e1f3d26aa	5.9.2	2.55.0	1000	150	untracked	16	0.424	0.424	0	0	0	na	1788326513.735267	1788326513.889006	214977883	214979693
2026-09-02T05:21:36Z	8dc0b5fea25671d6745a556bffb740d3866e189c	352c096f011eb282f12e6d4c12281340fac96b635a2879cc065d7637a6592872	raw	control	5.9.2	2264a8042763edf2620cfe32d96b096e1f3d26aa	5.9.2	2.55.0	1000	150	untracked	17	0.425	0.425	0	0	0	na	1788326514.044008	1788326514.198208	214982837	214986729
2026-09-02T05:21:36Z	8dc0b5fea25671d6745a556bffb740d3866e189c	352c096f011eb282f12e6d4c12281340fac96b635a2879cc065d7637a6592872	raw	control	5.9.2	2264a8042763edf2620cfe32d96b096e1f3d26aa	5.9.2	2.55.0	1000	150	untracked	18	0.479	0.479	0	0	0	na	1788326514.354654	1788326514.509704	214990327	214994276
2026-09-02T05:21:36Z	8dc0b5fea25671d6745a556bffb740d3866e189c	352c096f011eb282f12e6d4c12281340fac96b635a2879cc065d7637a6592872	raw	control	5.9.2	2264a8042763edf2620cfe32d96b096e1f3d26aa	5.9.2	2.55.0	1000	150	untracked	19	0.419	0.419	0	0	0	na	1788326514.665442	1788326514.819270	214997339	214998817
2026-09-02T05:21:36Z	8dc0b5fea25671d6745a556bffb740d3866e189c	352c096f011eb282f12e6d4c12281340fac96b635a2879cc065d7637a6592872	raw	control	5.9.2	2264a8042763edf2620cfe32d96b096e1f3d26aa	5.9.2	2.55.0	1000	150	untracked	20	0.500	0.500	0	0	0	na	1788326514.975582	1788326515.130119	215001936	215005259
2026-09-02T05:21:36Z	8dc0b5fea25671d6745a556bffb740d3866e189c	352c096f011eb282f12e6d4c12281340fac96b635a2879cc065d7637a6592872	wsh-idle	control	85f46b8f2b5e49cf13f719b9b9a3b75eeea70f6d1c2fdf73a71ed8d9803776e9	2264a8042763edf2620cfe32d96b096e1f3d26aa	5.9.2	2.55.0	1000	150	clean	1	0.353	0.353	0	0	0	na	1788326515.483586	1788326515.638233	215010674	215013241
2026-09-02T05:21:36Z	8dc0b5fea25671d6745a556bffb740d3866e189c	352c096f011eb282f12e6d4c12281340fac96b635a2879cc065d7637a6592872	wsh-idle	control	85f46b8f2b5e49cf13f719b9b9a3b75eeea70f6d1c2fdf73a71ed8d9803776e9	2264a8042763edf2620cfe32d96b096e1f3d26aa	5.9.2	2.55.0	1000	150	clean	2	0.404	0.404	0	0	0	na	1788326515.792373	1788326515.946737	215015732	215018837
2026-09-02T05:21:36Z	8dc0b5fea25671d6745a556bffb740d3866e189c	352c096f011eb282f12e6d4c12281340fac96b635a2879cc065d7637a6592872	wsh-idle	control	85f46b8f2b5e49cf13f719b9b9a3b75eeea70f6d1c2fdf73a71ed8d9803776e9	2264a8042763edf2620cfe32d96b096e1f3d26aa	5.9.2	2.55.0	1000	150	clean	3	0.375	0.375	0	0	0	na	1788326516.100236	1788326516.253508	215021403	215023283
2026-09-02T05:21:36Z	8dc0b5fea25671d6745a556bffb740d3866e189c	352c096f011eb282f12e6d4c12281340fac96b635a2879cc065d7637a6592872	wsh-idle	control	85f46b8f2b5e49cf13f719b9b9a3b75eeea70f6d1c2fdf73a71ed8d9803776e9	2264a8042763edf2620cfe32d96b096e1f3d26aa	5.9.2	2.55.0	1000	150	clean	4	0.381	0.381	0	0	0	na	1788326516.406728	1788326516.559914	215025690	215029982
2026-09-02T05:21:36Z	8dc0b5fea25671d6745a556bffb740d3866e189c	352c096f011eb282f12e6d4c12281340fac96b635a2879cc065d7637a6592872	wsh-idle	control	85f46b8f2b5e49cf13f719b9b9a3b75eeea70f6d1c2fdf73a71ed8d9803776e9	2264a8042763edf2620cfe32d96b096e1f3d26aa	5.9.2	2.55.0	1000	150	clean	5	0.451	0.451	0	0	0	na	1788326516.712895	1788326516.866246	215032627	215036070
2026-09-02T05:21:36Z	8dc0b5fea25671d6745a556bffb740d3866e189c	352c096f011eb282f12e6d4c12281340fac96b635a2879cc065d7637a6592872	wsh-idle	control	85f46b8f2b5e49cf13f719b9b9a3b75eeea70f6d1c2fdf73a71ed8d9803776e9	2264a8042763edf2620cfe32d96b096e1f3d26aa	5.9.2	2.55.0	1000	150	clean	6	0.390	0.390	0	0	0	na	1788326517.019502	1788326517.172820	215038309	215041583
2026-09-02T05:21:36Z	8dc0b5fea25671d6745a556bffb740d3866e189c	352c096f011eb282f12e6d4c12281340fac96b635a2879cc065d7637a6592872	wsh-idle	control	85f46b8f2b5e49cf13f719b9b9a3b75eeea70f6d1c2fdf73a71ed8d9803776e9	2264a8042763edf2620cfe32d96b096e1f3d26aa	5.9.2	2.55.0	1000	150	clean	7	0.432	0.432	0	0	0	na	1788326517.326245	1788326517.479735	215042976	215045153
2026-09-02T05:21:36Z	8dc0b5fea25671d6745a556bffb740d3866e189c	352c096f011eb282f12e6d4c12281340fac96b635a2879cc065d7637a6592872	wsh-idle	control	85f46b8f2b5e49cf13f719b9b9a3b75eeea70f6d1c2fdf73a71ed8d9803776e9	2264a8042763edf2620cfe32d96b096e1f3d26aa	5.9.2	2.55.0	1000	150	clean	8	0.453	0.453	0	0	0	na	1788326517.633176	1788326517.787483	215046725	215048261
2026-09-02T05:21:36Z	8dc0b5fea25671d6745a556bffb740d3866e189c	352c096f011eb282f12e6d4c12281340fac96b635a2879cc065d7637a6592872	wsh-idle	control	85f46b8f2b5e49cf13f719b9b9a3b75eeea70f6d1c2fdf73a71ed8d9803776e9	2264a8042763edf2620cfe32d96b096e1f3d26aa	5.9.2	2.55.0	1000	150	clean	9	0.588	0.588	0	0	0	na	1788326517.941970	1788326518.096771	215049698	215050876
2026-09-02T05:21:36Z	8dc0b5fea25671d6745a556bffb740d3866e189c	352c096f011eb282f12e6d4c12281340fac96b635a2879cc065d7637a6592872	wsh-idle	control	85f46b8f2b5e49cf13f719b9b9a3b75eeea70f6d1c2fdf73a71ed8d9803776e9	2264a8042763edf2620cfe32d96b096e1f3d26aa	5.9.2	2.55.0	1000	150	clean	10	0.427	0.427	0	0	0	na	1788326518.250870	1788326518.405302	215052605	215054646
2026-09-02T05:21:36Z	8dc0b5fea25671d6745a556bffb740d3866e189c	352c096f011eb282f12e6d4c12281340fac96b635a2879cc065d7637a6592872	wsh-idle	control	85f46b8f2b5e49cf13f719b9b9a3b75eeea70f6d1c2fdf73a71ed8d9803776e9	2264a8042763edf2620cfe32d96b096e1f3d26aa	5.9.2	2.55.0	1000	150	clean	11	0.479	0.479	0	0	0	na	1788326518.559704	1788326518.714303	215058194	215058906
2026-09-02T05:21:36Z	8dc0b5fea25671d6745a556bffb740d3866e189c	352c096f011eb282f12e6d4c12281340fac96b635a2879cc065d7637a6592872	wsh-idle	control	85f46b8f2b5e49cf13f719b9b9a3b75eeea70f6d1c2fdf73a71ed8d9803776e9	2264a8042763edf2620cfe32d96b096e1f3d26aa	5.9.2	2.55.0	1000	150	clean	12	0.504	0.504	0	0	0	na	1788326518.868713	1788326519.023190	215059011	215059058
2026-09-02T05:21:36Z	8dc0b5fea25671d6745a556bffb740d3866e189c	352c096f011eb282f12e6d4c12281340fac96b635a2879cc065d7637a6592872	wsh-idle	control	85f46b8f2b5e49cf13f719b9b9a3b75eeea70f6d1c2fdf73a71ed8d9803776e9	2264a8042763edf2620cfe32d96b096e1f3d26aa	5.9.2	2.55.0	1000	150	clean	13	0.383	0.383	0	0	0	na	1788326519.176928	1788326519.330903	215059407	215059930
2026-09-02T05:21:36Z	8dc0b5fea25671d6745a556bffb740d3866e189c	352c096f011eb282f12e6d4c12281340fac96b635a2879cc065d7637a6592872	wsh-idle	control	85f46b8f2b5e49cf13f719b9b9a3b75eeea70f6d1c2fdf73a71ed8d9803776e9	2264a8042763edf2620cfe32d96b096e1f3d26aa	5.9.2	2.55.0	1000	150	clean	14	0.508	0.508	0	0	0	na	1788326519.484770	1788326519.638861	215060342	215060943
2026-09-02T05:21:36Z	8dc0b5fea25671d6745a556bffb740d3866e189c	352c096f011eb282f12e6d4c12281340fac96b635a2879cc065d7637a6592872	wsh-idle	control	85f46b8f2b5e49cf13f719b9b9a3b75eeea70f6d1c2fdf73a71ed8d9803776e9	2264a8042763edf2620cfe32d96b096e1f3d26aa	5.9.2	2.55.0	1000	150	clean	15	0.481	0.481	0	0	0	na	1788326519.792772	1788326519.946654	215061127	215061240
2026-09-02T05:21:36Z	8dc0b5fea25671d6745a556bffb740d3866e189c	352c096f011eb282f12e6d4c12281340fac96b635a2879cc065d7637a6592872	wsh-idle	control	85f46b8f2b5e49cf13f719b9b9a3b75eeea70f6d1c2fdf73a71ed8d9803776e9	2264a8042763edf2620cfe32d96b096e1f3d26aa	5.9.2	2.55.0	1000	150	clean	16	0.484	0.484	0	0	0	na	1788326520.100940	1788326520.255034	215061477	215061587
2026-09-02T05:21:36Z	8dc0b5fea25671d6745a556bffb740d3866e189c	352c096f011eb282f12e6d4c12281340fac96b635a2879cc065d7637a6592872	wsh-idle	control	85f46b8f2b5e49cf13f719b9b9a3b75eeea70f6d1c2fdf73a71ed8d9803776e9	2264a8042763edf2620cfe32d96b096e1f3d26aa	5.9.2	2.55.0	1000	150	clean	17	0.506	0.506	0	0	0	na	1788326520.409374	1788326520.563801	215061680	215061972
2026-09-02T05:21:36Z	8dc0b5fea25671d6745a556bffb740d3866e189c	352c096f011eb282f12e6d4c12281340fac96b635a2879cc065d7637a6592872	wsh-idle	control	85f46b8f2b5e49cf13f719b9b9a3b75eeea70f6d1c2fdf73a71ed8d9803776e9	2264a8042763edf2620cfe32d96b096e1f3d26aa	5.9.2	2.55.0	1000	150	clean	18	0.505	0.505	0	0	0	na	1788326520.717705	1788326520.871407	215062078	215062172
2026-09-02T05:21:36Z	8dc0b5fea25671d6745a556bffb740d3866e189c	352c096f011eb282f12e6d4c12281340fac96b635a2879cc065d7637a6592872	wsh-idle	control	85f46b8f2b5e49cf13f719b9b9a3b75eeea70f6d1c2fdf73a71ed8d9803776e9	2264a8042763edf2620cfe32d96b096e1f3d26aa	5.9.2	2.55.0	1000	150	clean	19	0.455	0.455	0	0	0	na	1788326521.025059	1788326521.178797	215062261	215062342
2026-09-02T05:21:36Z	8dc0b5fea25671d6745a556bffb740d3866e189c	352c096f011eb282f12e6d4c12281340fac96b635a2879cc065d7637a6592872	wsh-idle	control	85f46b8f2b5e49cf13f719b9b9a3b75eeea70f6d1c2fdf73a71ed8d9803776e9	2264a8042763edf2620cfe32d96b096e1f3d26aa	5.9.2	2.55.0	1000	150	clean	20	0.432	0.432	0	0	0	na	1788326521.332719	1788326521.486775	215062535	215062614
2026-09-02T05:21:36Z	8dc0b5fea25671d6745a556bffb740d3866e189c	352c096f011eb282f12e6d4c12281340fac96b635a2879cc065d7637a6592872	wsh-idle	control	85f46b8f2b5e49cf13f719b9b9a3b75eeea70f6d1c2fdf73a71ed8d9803776e9	2264a8042763edf2620cfe32d96b096e1f3d26aa	5.9.2	2.55.0	1000	150	dirty	1	0.454	0.454	0	0	0	na	1788326521.657780	1788326521.811312	215062720	215063231
2026-09-02T05:21:36Z	8dc0b5fea25671d6745a556bffb740d3866e189c	352c096f011eb282f12e6d4c12281340fac96b635a2879cc065d7637a6592872	wsh-idle	control	85f46b8f2b5e49cf13f719b9b9a3b75eeea70f6d1c2fdf73a71ed8d9803776e9	2264a8042763edf2620cfe32d96b096e1f3d26aa	5.9.2	2.55.0	1000	150	dirty	2	0.473	0.473	0	0	0	na	1788326521.965309	1788326522.119222	215063497	215063572
2026-09-02T05:21:36Z	8dc0b5fea25671d6745a556bffb740d3866e189c	352c096f011eb282f12e6d4c12281340fac96b635a2879cc065d7637a6592872	wsh-idle	control	85f46b8f2b5e49cf13f719b9b9a3b75eeea70f6d1c2fdf73a71ed8d9803776e9	2264a8042763edf2620cfe32d96b096e1f3d26aa	5.9.2	2.55.0	1000	150	dirty	3	0.437	0.437	0	0	0	na	1788326522.272842	1788326522.426830	215063646	215063751
2026-09-02T05:21:36Z	8dc0b5fea25671d6745a556bffb740d3866e189c	352c096f011eb282f12e6d4c12281340fac96b635a2879cc065d7637a6592872	wsh-idle	control	85f46b8f2b5e49cf13f719b9b9a3b75eeea70f6d1c2fdf73a71ed8d9803776e9	2264a8042763edf2620cfe32d96b096e1f3d26aa	5.9.2	2.55.0	1000	150	dirty	4	0.401	0.401	0	0	0	na	1788326522.581064	1788326522.735004	215063832	215063931
2026-09-02T05:21:36Z	8dc0b5fea25671d6745a556bffb740d3866e189c	352c096f011eb282f12e6d4c12281340fac96b635a2879cc065d7637a6592872	wsh-idle	control	85f46b8f2b5e49cf13f719b9b9a3b75eeea70f6d1c2fdf73a71ed8d9803776e9	2264a8042763edf2620cfe32d96b096e1f3d26aa	5.9.2	2.55.0	1000	150	dirty	5	0.407	0.407	0	0	0	na	1788326522.888957	1788326523.042915	215064023	215064083
2026-09-02T05:21:36Z	8dc0b5fea25671d6745a556bffb740d3866e189c	352c096f011eb282f12e6d4c12281340fac96b635a2879cc065d7637a6592872	wsh-idle	control	85f46b8f2b5e49cf13f719b9b9a3b75eeea70f6d1c2fdf73a71ed8d9803776e9	2264a8042763edf2620cfe32d96b096e1f3d26aa	5.9.2	2.55.0	1000	150	dirty	6	0.432	0.432	0	0	0	na	1788326523.197246	1788326523.351628	215064258	215064492
2026-09-02T05:21:36Z	8dc0b5fea25671d6745a556bffb740d3866e189c	352c096f011eb282f12e6d4c12281340fac96b635a2879cc065d7637a6592872	wsh-idle	control	85f46b8f2b5e49cf13f719b9b9a3b75eeea70f6d1c2fdf73a71ed8d9803776e9	2264a8042763edf2620cfe32d96b096e1f3d26aa	5.9.2	2.55.0	1000	150	dirty	7	0.407	0.407	0	0	0	na	1788326523.505784	1788326523.659820	215064554	215064640
2026-09-02T05:21:36Z	8dc0b5fea25671d6745a556bffb740d3866e189c	352c096f011eb282f12e6d4c12281340fac96b635a2879cc065d7637a6592872	wsh-idle	control	85f46b8f2b5e49cf13f719b9b9a3b75eeea70f6d1c2fdf73a71ed8d9803776e9	2264a8042763edf2620cfe32d96b096e1f3d26aa	5.9.2	2.55.0	1000	150	dirty	8	0.418	0.418	0	0	0	na	1788326523.813721	1788326523.967821	215064839	215064920
2026-09-02T05:21:36Z	8dc0b5fea25671d6745a556bffb740d3866e189c	352c096f011eb282f12e6d4c12281340fac96b635a2879cc065d7637a6592872	wsh-idle	control	85f46b8f2b5e49cf13f719b9b9a3b75eeea70f6d1c2fdf73a71ed8d9803776e9	2264a8042763edf2620cfe32d96b096e1f3d26aa	5.9.2	2.55.0	1000	150	dirty	9	0.441	0.441	0	0	0	na	1788326524.121660	1788326524.275914	215065349	215065458
2026-09-02T05:21:36Z	8dc0b5fea25671d6745a556bffb740d3866e189c	352c096f011eb282f12e6d4c12281340fac96b635a2879cc065d7637a6592872	wsh-idle	control	85f46b8f2b5e49cf13f719b9b9a3b75eeea70f6d1c2fdf73a71ed8d9803776e9	2264a8042763edf2620cfe32d96b096e1f3d26aa	5.9.2	2.55.0	1000	150	dirty	10	0.447	0.447	0	0	0	na	1788326524.430439	1788326524.584879	215065572	215065800
2026-09-02T05:21:36Z	8dc0b5fea25671d6745a556bffb740d3866e189c	352c096f011eb282f12e6d4c12281340fac96b635a2879cc065d7637a6592872	wsh-idle	control	85f46b8f2b5e49cf13f719b9b9a3b75eeea70f6d1c2fdf73a71ed8d9803776e9	2264a8042763edf2620cfe32d96b096e1f3d26aa	5.9.2	2.55.0	1000	150	dirty	11	0.402	0.402	0	0	0	na	1788326524.739073	1788326524.893547	215065972	215066884
2026-09-02T05:21:36Z	8dc0b5fea25671d6745a556bffb740d3866e189c	352c096f011eb282f12e6d4c12281340fac96b635a2879cc065d7637a6592872	wsh-idle	control	85f46b8f2b5e49cf13f719b9b9a3b75eeea70f6d1c2fdf73a71ed8d9803776e9	2264a8042763edf2620cfe32d96b096e1f3d26aa	5.9.2	2.55.0	1000	150	dirty	12	0.478	0.478	0	0	0	na	1788326525.047760	1788326525.201884	215067561	215067633
2026-09-02T05:21:36Z	8dc0b5fea25671d6745a556bffb740d3866e189c	352c096f011eb282f12e6d4c12281340fac96b635a2879cc065d7637a6592872	wsh-idle	control	85f46b8f2b5e49cf13f719b9b9a3b75eeea70f6d1c2fdf73a71ed8d9803776e9	2264a8042763edf2620cfe32d96b096e1f3d26aa	5.9.2	2.55.0	1000	150	dirty	13	0.425	0.425	0	0	0	na	1788326525.356218	1788326525.510484	215067746	215067839
2026-09-02T05:21:36Z	8dc0b5fea25671d6745a556bffb740d3866e189c	352c096f011eb282f12e6d4c12281340fac96b635a2879cc065d7637a6592872	wsh-idle	control	85f46b8f2b5e49cf13f719b9b9a3b75eeea70f6d1c2fdf73a71ed8d9803776e9	2264a8042763edf2620cfe32d96b096e1f3d26aa	5.9.2	2.55.0	1000	150	dirty	14	0.431	0.431	0	0	0	na	1788326525.664457	1788326525.818587	215067894	215068385
2026-09-02T05:21:36Z	8dc0b5fea25671d6745a556bffb740d3866e189c	352c096f011eb282f12e6d4c12281340fac96b635a2879cc065d7637a6592872	wsh-idle	control	85f46b8f2b5e49cf13f719b9b9a3b75eeea70f6d1c2fdf73a71ed8d9803776e9	2264a8042763edf2620cfe32d96b096e1f3d26aa	5.9.2	2.55.0	1000	150	dirty	15	0.358	0.358	0	0	0	na	1788326525.972244	1788326526.125812	215068503	215068636
2026-09-02T05:21:36Z	8dc0b5fea25671d6745a556bffb740d3866e189c	352c096f011eb282f12e6d4c12281340fac96b635a2879cc065d7637a6592872	wsh-idle	control	85f46b8f2b5e49cf13f719b9b9a3b75eeea70f6d1c2fdf73a71ed8d9803776e9	2264a8042763edf2620cfe32d96b096e1f3d26aa	5.9.2	2.55.0	1000	150	dirty	16	0.451	0.451	0	0	0	na	1788326526.279904	1788326526.434001	215068897	215069529
2026-09-02T05:21:36Z	8dc0b5fea25671d6745a556bffb740d3866e189c	352c096f011eb282f12e6d4c12281340fac96b635a2879cc065d7637a6592872	wsh-idle	control	85f46b8f2b5e49cf13f719b9b9a3b75eeea70f6d1c2fdf73a71ed8d9803776e9	2264a8042763edf2620cfe32d96b096e1f3d26aa	5.9.2	2.55.0	1000	150	dirty	17	0.498	0.498	0	0	0	na	1788326526.588672	1788326526.742756	215070012	215070503
2026-09-02T05:21:36Z	8dc0b5fea25671d6745a556bffb740d3866e189c	352c096f011eb282f12e6d4c12281340fac96b635a2879cc065d7637a6592872	wsh-idle	control	85f46b8f2b5e49cf13f719b9b9a3b75eeea70f6d1c2fdf73a71ed8d9803776e9	2264a8042763edf2620cfe32d96b096e1f3d26aa	5.9.2	2.55.0	1000	150	dirty	18	0.354	0.354	0	0	0	na	1788326526.896475	1788326527.050224	215070719	215070880
2026-09-02T05:21:36Z	8dc0b5fea25671d6745a556bffb740d3866e189c	352c096f011eb282f12e6d4c12281340fac96b635a2879cc065d7637a6592872	wsh-idle	control	85f46b8f2b5e49cf13f719b9b9a3b75eeea70f6d1c2fdf73a71ed8d9803776e9	2264a8042763edf2620cfe32d96b096e1f3d26aa	5.9.2	2.55.0	1000	150	dirty	19	0.426	0.426	0	0	0	na	1788326527.203711	1788326527.357582	215071000	215071500
2026-09-02T05:21:36Z	8dc0b5fea25671d6745a556bffb740d3866e189c	352c096f011eb282f12e6d4c12281340fac96b635a2879cc065d7637a6592872	wsh-idle	control	85f46b8f2b5e49cf13f719b9b9a3b75eeea70f6d1c2fdf73a71ed8d9803776e9	2264a8042763edf2620cfe32d96b096e1f3d26aa	5.9.2	2.55.0	1000	150	dirty	20	0.358	0.358	0	0	0	na	1788326527.511302	1788326527.665224	215071698	215071972
2026-09-02T05:21:36Z	8dc0b5fea25671d6745a556bffb740d3866e189c	352c096f011eb282f12e6d4c12281340fac96b635a2879cc065d7637a6592872	wsh-idle	control	85f46b8f2b5e49cf13f719b9b9a3b75eeea70f6d1c2fdf73a71ed8d9803776e9	2264a8042763edf2620cfe32d96b096e1f3d26aa	5.9.2	2.55.0	1000	150	untracked	1	0.436	0.436	0	0	0	na	1788326527.839679	1788326527.993409	215072160	215072287
2026-09-02T05:21:36Z	8dc0b5fea25671d6745a556bffb740d3866e189c	352c096f011eb282f12e6d4c12281340fac96b635a2879cc065d7637a6592872	wsh-idle	control	85f46b8f2b5e49cf13f719b9b9a3b75eeea70f6d1c2fdf73a71ed8d9803776e9	2264a8042763edf2620cfe32d96b096e1f3d26aa	5.9.2	2.55.0	1000	150	untracked	2	0.382	0.382	0	0	0	na	1788326528.148308	1788326528.301952	215073252	215073360
2026-09-02T05:21:36Z	8dc0b5fea25671d6745a556bffb740d3866e189c	352c096f011eb282f12e6d4c12281340fac96b635a2879cc065d7637a6592872	wsh-idle	control	85f46b8f2b5e49cf13f719b9b9a3b75eeea70f6d1c2fdf73a71ed8d9803776e9	2264a8042763edf2620cfe32d96b096e1f3d26aa	5.9.2	2.55.0	1000	150	untracked	3	0.386	0.386	0	0	0	na	1788326528.457189	1788326528.611277	215073596	215074170
2026-09-02T05:21:36Z	8dc0b5fea25671d6745a556bffb740d3866e189c	352c096f011eb282f12e6d4c12281340fac96b635a2879cc065d7637a6592872	wsh-idle	control	85f46b8f2b5e49cf13f719b9b9a3b75eeea70f6d1c2fdf73a71ed8d9803776e9	2264a8042763edf2620cfe32d96b096e1f3d26aa	5.9.2	2.55.0	1000	150	untracked	4	0.393	0.393	0	0	0	na	1788326528.766195	1788326528.920659	215074764	215074939
2026-09-02T05:21:36Z	8dc0b5fea25671d6745a556bffb740d3866e189c	352c096f011eb282f12e6d4c12281340fac96b635a2879cc065d7637a6592872	wsh-idle	control	85f46b8f2b5e49cf13f719b9b9a3b75eeea70f6d1c2fdf73a71ed8d9803776e9	2264a8042763edf2620cfe32d96b096e1f3d26aa	5.9.2	2.55.0	1000	150	untracked	5	0.397	0.397	0	0	0	na	1788326529.075905	1788326529.229658	215075025	215075116
2026-09-02T05:21:36Z	8dc0b5fea25671d6745a556bffb740d3866e189c	352c096f011eb282f12e6d4c12281340fac96b635a2879cc065d7637a6592872	wsh-idle	control	85f46b8f2b5e49cf13f719b9b9a3b75eeea70f6d1c2fdf73a71ed8d9803776e9	2264a8042763edf2620cfe32d96b096e1f3d26aa	5.9.2	2.55.0	1000	150	untracked	6	0.377	0.377	0	0	0	na	1788326529.384692	1788326529.538676	215075189	215075267
2026-09-02T05:21:36Z	8dc0b5fea25671d6745a556bffb740d3866e189c	352c096f011eb282f12e6d4c12281340fac96b635a2879cc065d7637a6592872	wsh-idle	control	85f46b8f2b5e49cf13f719b9b9a3b75eeea70f6d1c2fdf73a71ed8d9803776e9	2264a8042763edf2620cfe32d96b096e1f3d26aa	5.9.2	2.55.0	1000	150	untracked	7	0.463	0.463	0	0	0	na	1788326529.693687	1788326529.847038	215075690	215075867
2026-09-02T05:21:36Z	8dc0b5fea25671d6745a556bffb740d3866e189c	352c096f011eb282f12e6d4c12281340fac96b635a2879cc065d7637a6592872	wsh-idle	control	85f46b8f2b5e49cf13f719b9b9a3b75eeea70f6d1c2fdf73a71ed8d9803776e9	2264a8042763edf2620cfe32d96b096e1f3d26aa	5.9.2	2.55.0	1000	150	untracked	8	0.430	0.430	0	0	0	na	1788326530.001866	1788326530.156039	215077551	215077762
2026-09-02T05:21:36Z	8dc0b5fea25671d6745a556bffb740d3866e189c	352c096f011eb282f12e6d4c12281340fac96b635a2879cc065d7637a6592872	wsh-idle	control	85f46b8f2b5e49cf13f719b9b9a3b75eeea70f6d1c2fdf73a71ed8d9803776e9	2264a8042763edf2620cfe32d96b096e1f3d26aa	5.9.2	2.55.0	1000	150	untracked	9	0.469	0.469	0	0	0	na	1788326530.311581	1788326530.465179	215077934	215078041
2026-09-02T05:21:36Z	8dc0b5fea25671d6745a556bffb740d3866e189c	352c096f011eb282f12e6d4c12281340fac96b635a2879cc065d7637a6592872	wsh-idle	control	85f46b8f2b5e49cf13f719b9b9a3b75eeea70f6d1c2fdf73a71ed8d9803776e9	2264a8042763edf2620cfe32d96b096e1f3d26aa	5.9.2	2.55.0	1000	150	untracked	10	0.385	0.385	0	0	0	na	1788326530.620374	1788326530.773543	215078120	215078264
2026-09-02T05:21:36Z	8dc0b5fea25671d6745a556bffb740d3866e189c	352c096f011eb282f12e6d4c12281340fac96b635a2879cc065d7637a6592872	wsh-idle	control	85f46b8f2b5e49cf13f719b9b9a3b75eeea70f6d1c2fdf73a71ed8d9803776e9	2264a8042763edf2620cfe32d96b096e1f3d26aa	5.9.2	2.55.0	1000	150	untracked	11	0.427	0.427	0	0	0	na	1788326530.927836	1788326531.081055	215078370	215078437
2026-09-02T05:21:36Z	8dc0b5fea25671d6745a556bffb740d3866e189c	352c096f011eb282f12e6d4c12281340fac96b635a2879cc065d7637a6592872	wsh-idle	control	85f46b8f2b5e49cf13f719b9b9a3b75eeea70f6d1c2fdf73a71ed8d9803776e9	2264a8042763edf2620cfe32d96b096e1f3d26aa	5.9.2	2.55.0	1000	150	untracked	12	0.386	0.386	0	0	0	na	1788326531.235419	1788326531.389762	215078530	215079193
2026-09-02T05:21:36Z	8dc0b5fea25671d6745a556bffb740d3866e189c	352c096f011eb282f12e6d4c12281340fac96b635a2879cc065d7637a6592872	wsh-idle	control	85f46b8f2b5e49cf13f719b9b9a3b75eeea70f6d1c2fdf73a71ed8d9803776e9	2264a8042763edf2620cfe32d96b096e1f3d26aa	5.9.2	2.55.0	1000	150	untracked	13	0.409	0.409	0	0	0	na	1788326531.545107	1788326531.699406	215079274	215079432
2026-09-02T05:21:36Z	8dc0b5fea25671d6745a556bffb740d3866e189c	352c096f011eb282f12e6d4c12281340fac96b635a2879cc065d7637a6592872	wsh-idle	control	85f46b8f2b5e49cf13f719b9b9a3b75eeea70f6d1c2fdf73a71ed8d9803776e9	2264a8042763edf2620cfe32d96b096e1f3d26aa	5.9.2	2.55.0	1000	150	untracked	14	0.473	0.473	0	0	0	na	1788326531.854601	1788326532.008712	215080169	215080318
2026-09-02T05:21:36Z	8dc0b5fea25671d6745a556bffb740d3866e189c	352c096f011eb282f12e6d4c12281340fac96b635a2879cc065d7637a6592872	wsh-idle	control	85f46b8f2b5e49cf13f719b9b9a3b75eeea70f6d1c2fdf73a71ed8d9803776e9	2264a8042763edf2620cfe32d96b096e1f3d26aa	5.9.2	2.55.0	1000	150	untracked	15	0.382	0.382	0	0	0	na	1788326532.163810	1788326532.317557	215080461	215080517
2026-09-02T05:21:36Z	8dc0b5fea25671d6745a556bffb740d3866e189c	352c096f011eb282f12e6d4c12281340fac96b635a2879cc065d7637a6592872	wsh-idle	control	85f46b8f2b5e49cf13f719b9b9a3b75eeea70f6d1c2fdf73a71ed8d9803776e9	2264a8042763edf2620cfe32d96b096e1f3d26aa	5.9.2	2.55.0	1000	150	untracked	16	0.518	0.518	0	0	0	na	1788326532.472618	1788326532.626793	215080582	215080743
2026-09-02T05:21:36Z	8dc0b5fea25671d6745a556bffb740d3866e189c	352c096f011eb282f12e6d4c12281340fac96b635a2879cc065d7637a6592872	wsh-idle	control	85f46b8f2b5e49cf13f719b9b9a3b75eeea70f6d1c2fdf73a71ed8d9803776e9	2264a8042763edf2620cfe32d96b096e1f3d26aa	5.9.2	2.55.0	1000	150	untracked	17	0.388	0.388	0	0	0	na	1788326532.781952	1788326532.935865	215080825	215081383
2026-09-02T05:21:36Z	8dc0b5fea25671d6745a556bffb740d3866e189c	352c096f011eb282f12e6d4c12281340fac96b635a2879cc065d7637a6592872	wsh-idle	control	85f46b8f2b5e49cf13f719b9b9a3b75eeea70f6d1c2fdf73a71ed8d9803776e9	2264a8042763edf2620cfe32d96b096e1f3d26aa	5.9.2	2.55.0	1000	150	untracked	18	0.425	0.425	0	0	0	na	1788326533.091714	1788326533.245437	215081626	215081873
2026-09-02T05:21:36Z	8dc0b5fea25671d6745a556bffb740d3866e189c	352c096f011eb282f12e6d4c12281340fac96b635a2879cc065d7637a6592872	wsh-idle	control	85f46b8f2b5e49cf13f719b9b9a3b75eeea70f6d1c2fdf73a71ed8d9803776e9	2264a8042763edf2620cfe32d96b096e1f3d26aa	5.9.2	2.55.0	1000	150	untracked	19	0.418	0.418	0	0	0	na	1788326533.400185	1788326533.553549	215082216	215082343
2026-09-02T05:21:36Z	8dc0b5fea25671d6745a556bffb740d3866e189c	352c096f011eb282f12e6d4c12281340fac96b635a2879cc065d7637a6592872	wsh-idle	control	85f46b8f2b5e49cf13f719b9b9a3b75eeea70f6d1c2fdf73a71ed8d9803776e9	2264a8042763edf2620cfe32d96b096e1f3d26aa	5.9.2	2.55.0	1000	150	untracked	20	0.424	0.424	0	0	0	na	1788326533.708751	1788326533.862776	215082513	215082975
2026-09-02T05:21:36Z	8dc0b5fea25671d6745a556bffb740d3866e189c	352c096f011eb282f12e6d4c12281340fac96b635a2879cc065d7637a6592872	direct-git	control	2.55.0	2264a8042763edf2620cfe32d96b096e1f3d26aa	5.9.2	2.55.0	1000	150	clean	1	5.446	5.446	0	1	0	na	1788326534.224421	1788326534.383218	215084054	215084383
2026-09-02T05:21:36Z	8dc0b5fea25671d6745a556bffb740d3866e189c	352c096f011eb282f12e6d4c12281340fac96b635a2879cc065d7637a6592872	direct-git	control	2.55.0	2264a8042763edf2620cfe32d96b096e1f3d26aa	5.9.2	2.55.0	1000	150	clean	2	5.730	5.730	0	1	0	na	1788326534.542330	1788326534.701302	215084496	215084574
2026-09-02T05:21:36Z	8dc0b5fea25671d6745a556bffb740d3866e189c	352c096f011eb282f12e6d4c12281340fac96b635a2879cc065d7637a6592872	direct-git	control	2.55.0	2264a8042763edf2620cfe32d96b096e1f3d26aa	5.9.2	2.55.0	1000	150	clean	3	5.514	5.514	0	1	0	na	1788326534.859945	1788326535.019519	215084977	215085158
2026-09-02T05:21:36Z	8dc0b5fea25671d6745a556bffb740d3866e189c	352c096f011eb282f12e6d4c12281340fac96b635a2879cc065d7637a6592872	direct-git	control	2.55.0	2264a8042763edf2620cfe32d96b096e1f3d26aa	5.9.2	2.55.0	1000	150	clean	4	6.319	6.319	0	1	0	na	1788326535.179523	1788326535.339350	215085373	215085524
2026-09-02T05:21:36Z	8dc0b5fea25671d6745a556bffb740d3866e189c	352c096f011eb282f12e6d4c12281340fac96b635a2879cc065d7637a6592872	direct-git	control	2.55.0	2264a8042763edf2620cfe32d96b096e1f3d26aa	5.9.2	2.55.0	1000	150	clean	5	5.400	5.400	0	1	0	na	1788326535.498569	1788326535.657692	215085632	215085953
2026-09-02T05:21:36Z	8dc0b5fea25671d6745a556bffb740d3866e189c	352c096f011eb282f12e6d4c12281340fac96b635a2879cc065d7637a6592872	direct-git	control	2.55.0	2264a8042763edf2620cfe32d96b096e1f3d26aa	5.9.2	2.55.0	1000	150	clean	6	5.909	5.909	0	1	0	na	1788326535.816993	1788326535.976408	215086238	215086692
2026-09-02T05:21:36Z	8dc0b5fea25671d6745a556bffb740d3866e189c	352c096f011eb282f12e6d4c12281340fac96b635a2879cc065d7637a6592872	direct-git	control	2.55.0	2264a8042763edf2620cfe32d96b096e1f3d26aa	5.9.2	2.55.0	1000	150	clean	7	5.328	5.328	0	1	0	na	1788326536.135113	1788326536.293625	215087528	215087611
2026-09-02T05:21:36Z	8dc0b5fea25671d6745a556bffb740d3866e189c	352c096f011eb282f12e6d4c12281340fac96b635a2879cc065d7637a6592872	direct-git	control	2.55.0	2264a8042763edf2620cfe32d96b096e1f3d26aa	5.9.2	2.55.0	1000	150	clean	8	5.423	5.423	0	1	0	na	1788326536.452013	1788326536.610562	215087663	215087762
2026-09-02T05:21:36Z	8dc0b5fea25671d6745a556bffb740d3866e189c	352c096f011eb282f12e6d4c12281340fac96b635a2879cc065d7637a6592872	direct-git	control	2.55.0	2264a8042763edf2620cfe32d96b096e1f3d26aa	5.9.2	2.55.0	1000	150	clean	9	5.252	5.252	0	1	0	na	1788326536.769224	1788326536.927847	215087902	215088194
2026-09-02T05:21:36Z	8dc0b5fea25671d6745a556bffb740d3866e189c	352c096f011eb282f12e6d4c12281340fac96b635a2879cc065d7637a6592872	direct-git	control	2.55.0	2264a8042763edf2620cfe32d96b096e1f3d26aa	5.9.2	2.55.0	1000	150	clean	10	5.574	5.574	0	1	0	na	1788326537.086610	1788326537.245636	215088236	215088284
2026-09-02T05:21:36Z	8dc0b5fea25671d6745a556bffb740d3866e189c	352c096f011eb282f12e6d4c12281340fac96b635a2879cc065d7637a6592872	direct-git	control	2.55.0	2264a8042763edf2620cfe32d96b096e1f3d26aa	5.9.2	2.55.0	1000	150	clean	11	5.342	5.342	0	1	0	na	1788326537.404759	1788326537.564050	215088384	215088471
2026-09-02T05:21:36Z	8dc0b5fea25671d6745a556bffb740d3866e189c	352c096f011eb282f12e6d4c12281340fac96b635a2879cc065d7637a6592872	direct-git	control	2.55.0	2264a8042763edf2620cfe32d96b096e1f3d26aa	5.9.2	2.55.0	1000	150	clean	12	5.095	5.095	0	1	0	na	1788326537.723709	1788326537.883217	215088522	215088963
2026-09-02T05:21:36Z	8dc0b5fea25671d6745a556bffb740d3866e189c	352c096f011eb282f12e6d4c12281340fac96b635a2879cc065d7637a6592872	direct-git	control	2.55.0	2264a8042763edf2620cfe32d96b096e1f3d26aa	5.9.2	2.55.0	1000	150	clean	13	5.532	5.532	0	1	0	na	1788326538.042475	1788326538.201599	215089094	215089898
2026-09-02T05:21:36Z	8dc0b5fea25671d6745a556bffb740d3866e189c	352c096f011eb282f12e6d4c12281340fac96b635a2879cc065d7637a6592872	direct-git	control	2.55.0	2264a8042763edf2620cfe32d96b096e1f3d26aa	5.9.2	2.55.0	1000	150	clean	14	4.978	4.978	0	1	0	na	1788326538.360244	1788326538.518538	215090153	215090301
2026-09-02T05:21:36Z	8dc0b5fea25671d6745a556bffb740d3866e189c	352c096f011eb282f12e6d4c12281340fac96b635a2879cc065d7637a6592872	direct-git	control	2.55.0	2264a8042763edf2620cfe32d96b096e1f3d26aa	5.9.2	2.55.0	1000	150	clean	15	5.380	5.380	0	1	0	na	1788326538.677556	1788326538.836599	215090413	215090785
2026-09-02T05:21:36Z	8dc0b5fea25671d6745a556bffb740d3866e189c	352c096f011eb282f12e6d4c12281340fac96b635a2879cc065d7637a6592872	direct-git	control	2.55.0	2264a8042763edf2620cfe32d96b096e1f3d26aa	5.9.2	2.55.0	1000	150	clean	16	5.472	5.472	0	1	0	na	1788326538.996055	1788326539.155016	215091200	215091408
2026-09-02T05:21:36Z	8dc0b5fea25671d6745a556bffb740d3866e189c	352c096f011eb282f12e6d4c12281340fac96b635a2879cc065d7637a6592872	direct-git	control	2.55.0	2264a8042763edf2620cfe32d96b096e1f3d26aa	5.9.2	2.55.0	1000	150	clean	17	5.243	5.243	0	1	0	na	1788326539.314148	1788326539.473220	215091539	215091714
2026-09-02T05:21:36Z	8dc0b5fea25671d6745a556bffb740d3866e189c	352c096f011eb282f12e6d4c12281340fac96b635a2879cc065d7637a6592872	direct-git	control	2.55.0	2264a8042763edf2620cfe32d96b096e1f3d26aa	5.9.2	2.55.0	1000	150	clean	18	5.716	5.716	0	1	0	na	1788326539.633063	1788326539.792628	215092126	215092278
2026-09-02T05:21:36Z	8dc0b5fea25671d6745a556bffb740d3866e189c	352c096f011eb282f12e6d4c12281340fac96b635a2879cc065d7637a6592872	direct-git	control	2.55.0	2264a8042763edf2620cfe32d96b096e1f3d26aa	5.9.2	2.55.0	1000	150	clean	19	5.477	5.477	0	1	0	na	1788326539.952735	1788326540.112610	215092557	215093049
2026-09-02T05:21:36Z	8dc0b5fea25671d6745a556bffb740d3866e189c	352c096f011eb282f12e6d4c12281340fac96b635a2879cc065d7637a6592872	direct-git	control	2.55.0	2264a8042763edf2620cfe32d96b096e1f3d26aa	5.9.2	2.55.0	1000	150	clean	20	5.674	5.674	0	1	0	na	1788326540.273218	1788326540.433311	215093186	215093283
2026-09-02T05:21:36Z	8dc0b5fea25671d6745a556bffb740d3866e189c	352c096f011eb282f12e6d4c12281340fac96b635a2879cc065d7637a6592872	direct-git	control	2.55.0	2264a8042763edf2620cfe32d96b096e1f3d26aa	5.9.2	2.55.0	1000	150	dirty	1	5.264	5.264	0	1	0	na	1788326540.610250	1788326540.769705	215093350	215093751
2026-09-02T05:21:36Z	8dc0b5fea25671d6745a556bffb740d3866e189c	352c096f011eb282f12e6d4c12281340fac96b635a2879cc065d7637a6592872	direct-git	control	2.55.0	2264a8042763edf2620cfe32d96b096e1f3d26aa	5.9.2	2.55.0	1000	150	dirty	2	5.239	5.239	0	1	0	na	1788326540.930813	1788326541.090535	215094211	215094261
2026-09-02T05:21:36Z	8dc0b5fea25671d6745a556bffb740d3866e189c	352c096f011eb282f12e6d4c12281340fac96b635a2879cc065d7637a6592872	direct-git	control	2.55.0	2264a8042763edf2620cfe32d96b096e1f3d26aa	5.9.2	2.55.0	1000	150	dirty	3	5.101	5.101	0	1	0	na	1788326541.250890	1788326541.410780	215094436	215094540
2026-09-02T05:21:36Z	8dc0b5fea25671d6745a556bffb740d3866e189c	352c096f011eb282f12e6d4c12281340fac96b635a2879cc065d7637a6592872	direct-git	control	2.55.0	2264a8042763edf2620cfe32d96b096e1f3d26aa	5.9.2	2.55.0	1000	150	dirty	4	5.508	5.508	0	1	0	na	1788326541.571333	1788326541.731465	215095033	215095272
2026-09-02T05:21:36Z	8dc0b5fea25671d6745a556bffb740d3866e189c	352c096f011eb282f12e6d4c12281340fac96b635a2879cc065d7637a6592872	direct-git	control	2.55.0	2264a8042763edf2620cfe32d96b096e1f3d26aa	5.9.2	2.55.0	1000	150	dirty	5	5.539	5.539	0	1	0	na	1788326541.892298	1788326542.052357	215095501	215095641
2026-09-02T05:21:36Z	8dc0b5fea25671d6745a556bffb740d3866e189c	352c096f011eb282f12e6d4c12281340fac96b635a2879cc065d7637a6592872	direct-git	control	2.55.0	2264a8042763edf2620cfe32d96b096e1f3d26aa	5.9.2	2.55.0	1000	150	dirty	6	5.193	5.193	0	1	0	na	1788326542.212976	1788326542.372888	215095732	215095980
2026-09-02T05:21:36Z	8dc0b5fea25671d6745a556bffb740d3866e189c	352c096f011eb282f12e6d4c12281340fac96b635a2879cc065d7637a6592872	direct-git	control	2.55.0	2264a8042763edf2620cfe32d96b096e1f3d26aa	5.9.2	2.55.0	1000	150	dirty	7	5.551	5.551	0	1	0	na	1788326542.533226	1788326542.693222	215096067	215096152
2026-09-02T05:21:36Z	8dc0b5fea25671d6745a556bffb740d3866e189c	352c096f011eb282f12e6d4c12281340fac96b635a2879cc065d7637a6592872	direct-git	control	2.55.0	2264a8042763edf2620cfe32d96b096e1f3d26aa	5.9.2	2.55.0	1000	150	dirty	8	5.812	5.812	0	1	0	na	1788326542.853075	1788326543.013495	215096273	215096427
2026-09-02T05:21:36Z	8dc0b5fea25671d6745a556bffb740d3866e189c	352c096f011eb282f12e6d4c12281340fac96b635a2879cc065d7637a6592872	direct-git	control	2.55.0	2264a8042763edf2620cfe32d96b096e1f3d26aa	5.9.2	2.55.0	1000	150	dirty	9	4.949	4.949	0	1	0	na	1788326543.174778	1788326543.334398	215096795	215096856
2026-09-02T05:21:36Z	8dc0b5fea25671d6745a556bffb740d3866e189c	352c096f011eb282f12e6d4c12281340fac96b635a2879cc065d7637a6592872	direct-git	control	2.55.0	2264a8042763edf2620cfe32d96b096e1f3d26aa	5.9.2	2.55.0	1000	150	dirty	10	5.170	5.170	0	1	0	na	1788326543.495073	1788326543.654699	215097047	215097242
2026-09-02T05:21:36Z	8dc0b5fea25671d6745a556bffb740d3866e189c	352c096f011eb282f12e6d4c12281340fac96b635a2879cc065d7637a6592872	direct-git	control	2.55.0	2264a8042763edf2620cfe32d96b096e1f3d26aa	5.9.2	2.55.0	1000	150	dirty	11	5.629	5.629	0	1	0	na	1788326543.813671	1788326543.973255	215097565	215097809
2026-09-02T05:21:36Z	8dc0b5fea25671d6745a556bffb740d3866e189c	352c096f011eb282f12e6d4c12281340fac96b635a2879cc065d7637a6592872	direct-git	control	2.55.0	2264a8042763edf2620cfe32d96b096e1f3d26aa	5.9.2	2.55.0	1000	150	dirty	12	5.027	5.027	0	1	0	na	1788326544.133428	1788326544.293635	215097897	215098114
2026-09-02T05:21:36Z	8dc0b5fea25671d6745a556bffb740d3866e189c	352c096f011eb282f12e6d4c12281340fac96b635a2879cc065d7637a6592872	direct-git	control	2.55.0	2264a8042763edf2620cfe32d96b096e1f3d26aa	5.9.2	2.55.0	1000	150	dirty	13	5.097	5.097	0	1	0	na	1788326544.454513	1788326544.614553	215099860	215100062
2026-09-02T05:21:36Z	8dc0b5fea25671d6745a556bffb740d3866e189c	352c096f011eb282f12e6d4c12281340fac96b635a2879cc065d7637a6592872	direct-git	control	2.55.0	2264a8042763edf2620cfe32d96b096e1f3d26aa	5.9.2	2.55.0	1000	150	dirty	14	6.157	6.157	0	1	0	na	1788326544.775482	1788326544.936899	215100227	215100409
2026-09-02T05:21:36Z	8dc0b5fea25671d6745a556bffb740d3866e189c	352c096f011eb282f12e6d4c12281340fac96b635a2879cc065d7637a6592872	direct-git	control	2.55.0	2264a8042763edf2620cfe32d96b096e1f3d26aa	5.9.2	2.55.0	1000	150	dirty	15	5.558	5.558	0	1	0	na	1788326545.098853	1788326545.259250	215100624	215101091
2026-09-02T05:21:36Z	8dc0b5fea25671d6745a556bffb740d3866e189c	352c096f011eb282f12e6d4c12281340fac96b635a2879cc065d7637a6592872	direct-git	control	2.55.0	2264a8042763edf2620cfe32d96b096e1f3d26aa	5.9.2	2.55.0	1000	150	dirty	16	5.422	5.422	0	1	0	na	1788326545.419932	1788326545.580064	215101383	215101634
2026-09-02T05:21:36Z	8dc0b5fea25671d6745a556bffb740d3866e189c	352c096f011eb282f12e6d4c12281340fac96b635a2879cc065d7637a6592872	direct-git	control	2.55.0	2264a8042763edf2620cfe32d96b096e1f3d26aa	5.9.2	2.55.0	1000	150	dirty	17	5.936	5.936	0	1	0	na	1788326545.740929	1788326545.902071	215101969	215102438
2026-09-02T05:21:36Z	8dc0b5fea25671d6745a556bffb740d3866e189c	352c096f011eb282f12e6d4c12281340fac96b635a2879cc065d7637a6592872	direct-git	control	2.55.0	2264a8042763edf2620cfe32d96b096e1f3d26aa	5.9.2	2.55.0	1000	150	dirty	18	5.696	5.696	0	1	0	na	1788326546.063410	1788326546.224244	215102672	215102805
2026-09-02T05:21:36Z	8dc0b5fea25671d6745a556bffb740d3866e189c	352c096f011eb282f12e6d4c12281340fac96b635a2879cc065d7637a6592872	direct-git	control	2.55.0	2264a8042763edf2620cfe32d96b096e1f3d26aa	5.9.2	2.55.0	1000	150	dirty	19	5.443	5.443	0	1	0	na	1788326546.386744	1788326546.547136	215103004	215103626
2026-09-02T05:21:36Z	8dc0b5fea25671d6745a556bffb740d3866e189c	352c096f011eb282f12e6d4c12281340fac96b635a2879cc065d7637a6592872	direct-git	control	2.55.0	2264a8042763edf2620cfe32d96b096e1f3d26aa	5.9.2	2.55.0	1000	150	dirty	20	5.346	5.346	0	1	0	na	1788326546.708383	1788326546.868536	215103776	215103873
2026-09-02T05:21:36Z	8dc0b5fea25671d6745a556bffb740d3866e189c	352c096f011eb282f12e6d4c12281340fac96b635a2879cc065d7637a6592872	direct-git	control	2.55.0	2264a8042763edf2620cfe32d96b096e1f3d26aa	5.9.2	2.55.0	1000	150	untracked	1	5.686	5.686	0	1	0	na	1788326547.050813	1788326547.210760	215104025	215104527
2026-09-02T05:21:36Z	8dc0b5fea25671d6745a556bffb740d3866e189c	352c096f011eb282f12e6d4c12281340fac96b635a2879cc065d7637a6592872	direct-git	control	2.55.0	2264a8042763edf2620cfe32d96b096e1f3d26aa	5.9.2	2.55.0	1000	150	untracked	2	5.323	5.323	0	1	0	na	1788326547.371924	1788326547.531499	215104596	215104694
2026-09-02T05:21:36Z	8dc0b5fea25671d6745a556bffb740d3866e189c	352c096f011eb282f12e6d4c12281340fac96b635a2879cc065d7637a6592872	direct-git	control	2.55.0	2264a8042763edf2620cfe32d96b096e1f3d26aa	5.9.2	2.55.0	1000	150	untracked	3	5.686	5.686	0	1	0	na	1788326547.692572	1788326547.853361	215105152	215105692
2026-09-02T05:21:36Z	8dc0b5fea25671d6745a556bffb740d3866e189c	352c096f011eb282f12e6d4c12281340fac96b635a2879cc065d7637a6592872	direct-git	control	2.55.0	2264a8042763edf2620cfe32d96b096e1f3d26aa	5.9.2	2.55.0	1000	150	untracked	4	5.691	5.691	0	1	0	na	1788326548.015665	1788326548.175896	215105777	215105883
2026-09-02T05:21:36Z	8dc0b5fea25671d6745a556bffb740d3866e189c	352c096f011eb282f12e6d4c12281340fac96b635a2879cc065d7637a6592872	direct-git	control	2.55.0	2264a8042763edf2620cfe32d96b096e1f3d26aa	5.9.2	2.55.0	1000	150	untracked	5	5.305	5.305	0	1	0	na	1788326548.338327	1788326548.498494	215105979	215106089
2026-09-02T05:21:36Z	8dc0b5fea25671d6745a556bffb740d3866e189c	352c096f011eb282f12e6d4c12281340fac96b635a2879cc065d7637a6592872	direct-git	control	2.55.0	2264a8042763edf2620cfe32d96b096e1f3d26aa	5.9.2	2.55.0	1000	150	untracked	6	5.320	5.320	0	1	0	na	1788326548.660532	1788326548.820450	215106208	215106640
2026-09-02T05:21:36Z	8dc0b5fea25671d6745a556bffb740d3866e189c	352c096f011eb282f12e6d4c12281340fac96b635a2879cc065d7637a6592872	direct-git	control	2.55.0	2264a8042763edf2620cfe32d96b096e1f3d26aa	5.9.2	2.55.0	1000	150	untracked	7	5.535	5.535	0	1	0	na	1788326548.983474	1788326549.143891	215106730	215106921
2026-09-02T05:21:36Z	8dc0b5fea25671d6745a556bffb740d3866e189c	352c096f011eb282f12e6d4c12281340fac96b635a2879cc065d7637a6592872	direct-git	control	2.55.0	2264a8042763edf2620cfe32d96b096e1f3d26aa	5.9.2	2.55.0	1000	150	untracked	8	6.466	6.466	0	1	0	na	1788326549.306752	1788326549.468450	215107073	215107727
2026-09-02T05:21:36Z	8dc0b5fea25671d6745a556bffb740d3866e189c	352c096f011eb282f12e6d4c12281340fac96b635a2879cc065d7637a6592872	direct-git	control	2.55.0	2264a8042763edf2620cfe32d96b096e1f3d26aa	5.9.2	2.55.0	1000	150	untracked	9	5.424	5.424	0	1	0	na	1788326549.631856	1788326549.793471	215107888	215108656
2026-09-02T05:21:36Z	8dc0b5fea25671d6745a556bffb740d3866e189c	352c096f011eb282f12e6d4c12281340fac96b635a2879cc065d7637a6592872	direct-git	control	2.55.0	2264a8042763edf2620cfe32d96b096e1f3d26aa	5.9.2	2.55.0	1000	150	untracked	10	5.504	5.504	0	1	0	na	1788326549.957611	1788326550.118743	215109174	215109693
2026-09-02T05:21:36Z	8dc0b5fea25671d6745a556bffb740d3866e189c	352c096f011eb282f12e6d4c12281340fac96b635a2879cc065d7637a6592872	direct-git	control	2.55.0	2264a8042763edf2620cfe32d96b096e1f3d26aa	5.9.2	2.55.0	1000	150	untracked	11	5.873	5.873	0	1	0	na	1788326550.281476	1788326550.442304	215109807	215109965
2026-09-02T05:21:36Z	8dc0b5fea25671d6745a556bffb740d3866e189c	352c096f011eb282f12e6d4c12281340fac96b635a2879cc065d7637a6592872	direct-git	control	2.55.0	2264a8042763edf2620cfe32d96b096e1f3d26aa	5.9.2	2.55.0	1000	150	untracked	12	5.608	5.608	0	1	0	na	1788326550.604392	1788326550.764153	215110064	215110724
2026-09-02T05:21:36Z	8dc0b5fea25671d6745a556bffb740d3866e189c	352c096f011eb282f12e6d4c12281340fac96b635a2879cc065d7637a6592872	direct-git	control	2.55.0	2264a8042763edf2620cfe32d96b096e1f3d26aa	5.9.2	2.55.0	1000	150	untracked	13	5.798	5.798	0	1	0	na	1788326550.925853	1788326551.085948	215110880	215111121
2026-09-02T05:21:36Z	8dc0b5fea25671d6745a556bffb740d3866e189c	352c096f011eb282f12e6d4c12281340fac96b635a2879cc065d7637a6592872	direct-git	control	2.55.0	2264a8042763edf2620cfe32d96b096e1f3d26aa	5.9.2	2.55.0	1000	150	untracked	14	6.010	6.010	0	1	0	na	1788326551.248125	1788326551.408799	215111385	215111685
2026-09-02T05:21:36Z	8dc0b5fea25671d6745a556bffb740d3866e189c	352c096f011eb282f12e6d4c12281340fac96b635a2879cc065d7637a6592872	direct-git	control	2.55.0	2264a8042763edf2620cfe32d96b096e1f3d26aa	5.9.2	2.55.0	1000	150	untracked	15	5.969	5.969	0	1	0	na	1788326551.571716	1788326551.732705	215111889	215112297
2026-09-02T05:21:36Z	8dc0b5fea25671d6745a556bffb740d3866e189c	352c096f011eb282f12e6d4c12281340fac96b635a2879cc065d7637a6592872	direct-git	control	2.55.0	2264a8042763edf2620cfe32d96b096e1f3d26aa	5.9.2	2.55.0	1000	150	untracked	16	5.553	5.553	0	1	0	na	1788326551.896963	1788326552.057086	215113263	215113809
2026-09-02T05:21:36Z	8dc0b5fea25671d6745a556bffb740d3866e189c	352c096f011eb282f12e6d4c12281340fac96b635a2879cc065d7637a6592872	direct-git	control	2.55.0	2264a8042763edf2620cfe32d96b096e1f3d26aa	5.9.2	2.55.0	1000	150	untracked	17	5.874	5.874	0	1	0	na	1788326552.219001	1788326552.379311	215113943	215114086
2026-09-02T05:21:36Z	8dc0b5fea25671d6745a556bffb740d3866e189c	352c096f011eb282f12e6d4c12281340fac96b635a2879cc065d7637a6592872	direct-git	control	2.55.0	2264a8042763edf2620cfe32d96b096e1f3d26aa	5.9.2	2.55.0	1000	150	untracked	18	5.518	5.518	0	1	0	na	1788326552.542611	1788326552.703496	215114171	215114263
2026-09-02T05:21:36Z	8dc0b5fea25671d6745a556bffb740d3866e189c	352c096f011eb282f12e6d4c12281340fac96b635a2879cc065d7637a6592872	direct-git	control	2.55.0	2264a8042763edf2620cfe32d96b096e1f3d26aa	5.9.2	2.55.0	1000	150	untracked	19	5.514	5.514	0	1	0	na	1788326552.867791	1788326553.029171	215114510	215114662
2026-09-02T05:21:36Z	8dc0b5fea25671d6745a556bffb740d3866e189c	352c096f011eb282f12e6d4c12281340fac96b635a2879cc065d7637a6592872	direct-git	control	2.55.0	2264a8042763edf2620cfe32d96b096e1f3d26aa	5.9.2	2.55.0	1000	150	untracked	20	5.606	5.606	0	1	0	na	1788326553.192385	1788326553.353164	215114891	215115056
2026-09-02T05:21:36Z	8dc0b5fea25671d6745a556bffb740d3866e189c	352c096f011eb282f12e6d4c12281340fac96b635a2879cc065d7637a6592872	wsh	local	85f46b8f2b5e49cf13f719b9b9a3b75eeea70f6d1c2fdf73a71ed8d9803776e9	2264a8042763edf2620cfe32d96b096e1f3d26aa	5.9.2	2.55.0	1000	150	clean	1	0.891	7.274	1	1	0	1	1788326553.729184	1788326553.893003	215115681	215116736
2026-09-02T05:21:36Z	8dc0b5fea25671d6745a556bffb740d3866e189c	352c096f011eb282f12e6d4c12281340fac96b635a2879cc065d7637a6592872	wsh	local	85f46b8f2b5e49cf13f719b9b9a3b75eeea70f6d1c2fdf73a71ed8d9803776e9	2264a8042763edf2620cfe32d96b096e1f3d26aa	5.9.2	2.55.0	1000	150	clean	2	1.008	6.964	1	1	0	1	1788326554.225882	1788326554.387229	215117212	215117853
2026-09-02T05:21:36Z	8dc0b5fea25671d6745a556bffb740d3866e189c	352c096f011eb282f12e6d4c12281340fac96b635a2879cc065d7637a6592872	wsh	local	85f46b8f2b5e49cf13f719b9b9a3b75eeea70f6d1c2fdf73a71ed8d9803776e9	2264a8042763edf2620cfe32d96b096e1f3d26aa	5.9.2	2.55.0	1000	150	clean	3	1.010	7.225	1	1	0	1	1788326554.717242	1788326554.879240	215118420	215118555
2026-09-02T05:21:36Z	8dc0b5fea25671d6745a556bffb740d3866e189c	352c096f011eb282f12e6d4c12281340fac96b635a2879cc065d7637a6592872	wsh	local	85f46b8f2b5e49cf13f719b9b9a3b75eeea70f6d1c2fdf73a71ed8d9803776e9	2264a8042763edf2620cfe32d96b096e1f3d26aa	5.9.2	2.55.0	1000	150	clean	4	0.954	7.909	1	1	0	1	1788326555.212554	1788326555.375951	215118863	215118973
2026-09-02T05:21:36Z	8dc0b5fea25671d6745a556bffb740d3866e189c	352c096f011eb282f12e6d4c12281340fac96b635a2879cc065d7637a6592872	wsh	local	85f46b8f2b5e49cf13f719b9b9a3b75eeea70f6d1c2fdf73a71ed8d9803776e9	2264a8042763edf2620cfe32d96b096e1f3d26aa	5.9.2	2.55.0	1000	150	clean	5	0.953	6.518	1	1	0	1	1788326555.707180	1788326555.869580	215119423	215120102
2026-09-02T05:21:36Z	8dc0b5fea25671d6745a556bffb740d3866e189c	352c096f011eb282f12e6d4c12281340fac96b635a2879cc065d7637a6592872	wsh	local	85f46b8f2b5e49cf13f719b9b9a3b75eeea70f6d1c2fdf73a71ed8d9803776e9	2264a8042763edf2620cfe32d96b096e1f3d26aa	5.9.2	2.55.0	1000	150	clean	6	1.060	7.182	1	1	0	1	1788326556.202066	1788326556.363886	215121287	215121462
2026-09-02T05:21:36Z	8dc0b5fea25671d6745a556bffb740d3866e189c	352c096f011eb282f12e6d4c12281340fac96b635a2879cc065d7637a6592872	wsh	local	85f46b8f2b5e49cf13f719b9b9a3b75eeea70f6d1c2fdf73a71ed8d9803776e9	2264a8042763edf2620cfe32d96b096e1f3d26aa	5.9.2	2.55.0	1000	150	clean	7	0.965	6.725	1	1	0	1	1788326556.693459	1788326556.854803	215122036	215122216
2026-09-02T05:21:36Z	8dc0b5fea25671d6745a556bffb740d3866e189c	352c096f011eb282f12e6d4c12281340fac96b635a2879cc065d7637a6592872	wsh	local	85f46b8f2b5e49cf13f719b9b9a3b75eeea70f6d1c2fdf73a71ed8d9803776e9	2264a8042763edf2620cfe32d96b096e1f3d26aa	5.9.2	2.55.0	1000	150	clean	8	0.984	7.150	1	1	0	1	1788326557.185657	1788326557.348825	215122744	215123000
2026-09-02T05:21:36Z	8dc0b5fea25671d6745a556bffb740d3866e189c	352c096f011eb282f12e6d4c12281340fac96b635a2879cc065d7637a6592872	wsh	local	85f46b8f2b5e49cf13f719b9b9a3b75eeea70f6d1c2fdf73a71ed8d9803776e9	2264a8042763edf2620cfe32d96b096e1f3d26aa	5.9.2	2.55.0	1000	150	clean	9	0.957	7.278	1	1	0	1	1788326557.681514	1788326557.844386	215123355	215123646
2026-09-02T05:21:36Z	8dc0b5fea25671d6745a556bffb740d3866e189c	352c096f011eb282f12e6d4c12281340fac96b635a2879cc065d7637a6592872	wsh	local	85f46b8f2b5e49cf13f719b9b9a3b75eeea70f6d1c2fdf73a71ed8d9803776e9	2264a8042763edf2620cfe32d96b096e1f3d26aa	5.9.2	2.55.0	1000	150	clean	10	1.022	7.024	1	1	0	1	1788326558.174804	1788326558.336577	215124765	215124919
2026-09-02T05:21:36Z	8dc0b5fea25671d6745a556bffb740d3866e189c	352c096f011eb282f12e6d4c12281340fac96b635a2879cc065d7637a6592872	wsh	local	85f46b8f2b5e49cf13f719b9b9a3b75eeea70f6d1c2fdf73a71ed8d9803776e9	2264a8042763edf2620cfe32d96b096e1f3d26aa	5.9.2	2.55.0	1000	150	clean	11	0.961	6.896	1	1	0	1	1788326558.667804	1788326558.830117	215126051	215126254
2026-09-02T05:21:36Z	8dc0b5fea25671d6745a556bffb740d3866e189c	352c096f011eb282f12e6d4c12281340fac96b635a2879cc065d7637a6592872	wsh	local	85f46b8f2b5e49cf13f719b9b9a3b75eeea70f6d1c2fdf73a71ed8d9803776e9	2264a8042763edf2620cfe32d96b096e1f3d26aa	5.9.2	2.55.0	1000	150	clean	12	1.184	7.318	1	1	0	1	1788326559.161185	1788326559.324213	215126519	215126917
2026-09-02T05:21:36Z	8dc0b5fea25671d6745a556bffb740d3866e189c	352c096f011eb282f12e6d4c12281340fac96b635a2879cc065d7637a6592872	wsh	local	85f46b8f2b5e49cf13f719b9b9a3b75eeea70f6d1c2fdf73a71ed8d9803776e9	2264a8042763edf2620cfe32d96b096e1f3d26aa	5.9.2	2.55.0	1000	150	clean	13	1.004	7.541	1	1	0	1	1788326559.653852	1788326559.816252	215128117	215128344
2026-09-02T05:21:36Z	8dc0b5fea25671d6745a556bffb740d3866e189c	352c096f011eb282f12e6d4c12281340fac96b635a2879cc065d7637a6592872	wsh	local	85f46b8f2b5e49cf13f719b9b9a3b75eeea70f6d1c2fdf73a71ed8d9803776e9	2264a8042763edf2620cfe32d96b096e1f3d26aa	5.9.2	2.55.0	1000	150	clean	14	1.015	6.472	1	1	0	1	1788326560.145443	1788326560.306531	215130547	215130654
2026-09-02T05:21:36Z	8dc0b5fea25671d6745a556bffb740d3866e189c	352c096f011eb282f12e6d4c12281340fac96b635a2879cc065d7637a6592872	wsh	local	85f46b8f2b5e49cf13f719b9b9a3b75eeea70f6d1c2fdf73a71ed8d9803776e9	2264a8042763edf2620cfe32d96b096e1f3d26aa	5.9.2	2.55.0	1000	150	clean	15	0.969	7.151	1	1	0	1	1788326560.641393	1788326560.804106	215131128	215131501
2026-09-02T05:21:36Z	8dc0b5fea25671d6745a556bffb740d3866e189c	352c096f011eb282f12e6d4c12281340fac96b635a2879cc065d7637a6592872	wsh	local	85f46b8f2b5e49cf13f719b9b9a3b75eeea70f6d1c2fdf73a71ed8d9803776e9	2264a8042763edf2620cfe32d96b096e1f3d26aa	5.9.2	2.55.0	1000	150	clean	16	1.038	6.620	1	1	0	1	1788326561.136684	1788326561.299285	215132142	215132267
2026-09-02T05:21:36Z	8dc0b5fea25671d6745a556bffb740d3866e189c	352c096f011eb282f12e6d4c12281340fac96b635a2879cc065d7637a6592872	wsh	local	85f46b8f2b5e49cf13f719b9b9a3b75eeea70f6d1c2fdf73a71ed8d9803776e9	2264a8042763edf2620cfe32d96b096e1f3d26aa	5.9.2	2.55.0	1000	150	clean	17	1.034	6.810	1	1	0	1	1788326561.631796	1788326561.794732	215132475	215132580
2026-09-02T05:21:36Z	8dc0b5fea25671d6745a556bffb740d3866e189c	352c096f011eb282f12e6d4c12281340fac96b635a2879cc065d7637a6592872	wsh	local	85f46b8f2b5e49cf13f719b9b9a3b75eeea70f6d1c2fdf73a71ed8d9803776e9	2264a8042763edf2620cfe32d96b096e1f3d26aa	5.9.2	2.55.0	1000	150	clean	18	1.062	7.462	1	1	0	1	1788326562.127984	1788326562.290207	215133882	215133986
2026-09-02T05:21:36Z	8dc0b5fea25671d6745a556bffb740d3866e189c	352c096f011eb282f12e6d4c12281340fac96b635a2879cc065d7637a6592872	wsh	local	85f46b8f2b5e49cf13f719b9b9a3b75eeea70f6d1c2fdf73a71ed8d9803776e9	2264a8042763edf2620cfe32d96b096e1f3d26aa	5.9.2	2.55.0	1000	150	clean	19	1.233	7.372	1	1	0	1	1788326562.623860	1788326562.787678	215134200	215134372
2026-09-02T05:21:36Z	8dc0b5fea25671d6745a556bffb740d3866e189c	352c096f011eb282f12e6d4c12281340fac96b635a2879cc065d7637a6592872	wsh	local	85f46b8f2b5e49cf13f719b9b9a3b75eeea70f6d1c2fdf73a71ed8d9803776e9	2264a8042763edf2620cfe32d96b096e1f3d26aa	5.9.2	2.55.0	1000	150	clean	20	1.228	7.108	1	1	0	1	1788326563.122241	1788326563.285610	215134625	215134864
2026-09-02T05:21:36Z	8dc0b5fea25671d6745a556bffb740d3866e189c	352c096f011eb282f12e6d4c12281340fac96b635a2879cc065d7637a6592872	wsh	local	85f46b8f2b5e49cf13f719b9b9a3b75eeea70f6d1c2fdf73a71ed8d9803776e9	2264a8042763edf2620cfe32d96b096e1f3d26aa	5.9.2	2.55.0	1000	150	dirty	1	1.220	7.563	1	1	0	1	1788326563.639851	1788326563.804708	215135676	215136082
2026-09-02T05:21:36Z	8dc0b5fea25671d6745a556bffb740d3866e189c	352c096f011eb282f12e6d4c12281340fac96b635a2879cc065d7637a6592872	wsh	local	85f46b8f2b5e49cf13f719b9b9a3b75eeea70f6d1c2fdf73a71ed8d9803776e9	2264a8042763edf2620cfe32d96b096e1f3d26aa	5.9.2	2.55.0	1000	150	dirty	2	1.194	7.578	1	1	0	1	1788326564.138155	1788326564.301935	215137021	215137313
2026-09-02T05:21:36Z	8dc0b5fea25671d6745a556bffb740d3866e189c	352c096f011eb282f12e6d4c12281340fac96b635a2879cc065d7637a6592872	wsh	local	85f46b8f2b5e49cf13f719b9b9a3b75eeea70f6d1c2fdf73a71ed8d9803776e9	2264a8042763edf2620cfe32d96b096e1f3d26aa	5.9.2	2.55.0	1000	150	dirty	3	1.222	7.365	1	1	0	1	1788326564.637275	1788326564.801014	215137908	215138084
2026-09-02T05:21:36Z	8dc0b5fea25671d6745a556bffb740d3866e189c	352c096f011eb282f12e6d4c12281340fac96b635a2879cc065d7637a6592872	wsh	local	85f46b8f2b5e49cf13f719b9b9a3b75eeea70f6d1c2fdf73a71ed8d9803776e9	2264a8042763edf2620cfe32d96b096e1f3d26aa	5.9.2	2.55.0	1000	150	dirty	4	0.884	7.480	1	1	0	1	1788326565.133089	1788326565.296621	215138335	215138731
2026-09-02T05:21:36Z	8dc0b5fea25671d6745a556bffb740d3866e189c	352c096f011eb282f12e6d4c12281340fac96b635a2879cc065d7637a6592872	wsh	local	85f46b8f2b5e49cf13f719b9b9a3b75eeea70f6d1c2fdf73a71ed8d9803776e9	2264a8042763edf2620cfe32d96b096e1f3d26aa	5.9.2	2.55.0	1000	150	dirty	5	1.057	7.140	1	1	0	1	1788326565.627125	1788326565.790823	215138859	215139362
2026-09-02T05:21:36Z	8dc0b5fea25671d6745a556bffb740d3866e189c	352c096f011eb282f12e6d4c12281340fac96b635a2879cc065d7637a6592872	wsh	local	85f46b8f2b5e49cf13f719b9b9a3b75eeea70f6d1c2fdf73a71ed8d9803776e9	2264a8042763edf2620cfe32d96b096e1f3d26aa	5.9.2	2.55.0	1000	150	dirty	6	0.897	6.988	1	1	0	1	1788326566.124567	1788326566.287762	215139975	215140744
2026-09-02T05:21:36Z	8dc0b5fea25671d6745a556bffb740d3866e189c	352c096f011eb282f12e6d4c12281340fac96b635a2879cc065d7637a6592872	wsh	local	85f46b8f2b5e49cf13f719b9b9a3b75eeea70f6d1c2fdf73a71ed8d9803776e9	2264a8042763edf2620cfe32d96b096e1f3d26aa	5.9.2	2.55.0	1000	150	dirty	7	0.906	7.117	1	1	0	1	1788326566.621924	1788326566.785452	215141293	215141708
2026-09-02T05:21:36Z	8dc0b5fea25671d6745a556bffb740d3866e189c	352c096f011eb282f12e6d4c12281340fac96b635a2879cc065d7637a6592872	wsh	local	85f46b8f2b5e49cf13f719b9b9a3b75eeea70f6d1c2fdf73a71ed8d9803776e9	2264a8042763edf2620cfe32d96b096e1f3d26aa	5.9.2	2.55.0	1000	150	dirty	8	0.952	6.915	1	1	0	1	1788326567.118834	1788326567.282292	215142402	215142653
2026-09-02T05:21:36Z	8dc0b5fea25671d6745a556bffb740d3866e189c	352c096f011eb282f12e6d4c12281340fac96b635a2879cc065d7637a6592872	wsh	local	85f46b8f2b5e49cf13f719b9b9a3b75eeea70f6d1c2fdf73a71ed8d9803776e9	2264a8042763edf2620cfe32d96b096e1f3d26aa	5.9.2	2.55.0	1000	150	dirty	9	1.017	6.950	1	1	0	1	1788326567.616240	1788326567.780841	215143103	215143674
2026-09-02T05:21:36Z	8dc0b5fea25671d6745a556bffb740d3866e189c	352c096f011eb282f12e6d4c12281340fac96b635a2879cc065d7637a6592872	wsh	local	85f46b8f2b5e49cf13f719b9b9a3b75eeea70f6d1c2fdf73a71ed8d9803776e9	2264a8042763edf2620cfe32d96b096e1f3d26aa	5.9.2	2.55.0	1000	150	dirty	10	0.952	6.903	1	1	0	1	1788326568.113806	1788326568.276874	215144210	215144492
2026-09-02T05:21:36Z	8dc0b5fea25671d6745a556bffb740d3866e189c	352c096f011eb282f12e6d4c12281340fac96b635a2879cc065d7637a6592872	wsh	local	85f46b8f2b5e49cf13f719b9b9a3b75eeea70f6d1c2fdf73a71ed8d9803776e9	2264a8042763edf2620cfe32d96b096e1f3d26aa	5.9.2	2.55.0	1000	150	dirty	11	0.890	6.983	1	1	0	1	1788326568.610223	1788326568.773332	215144891	215145175
2026-09-02T05:21:36Z	8dc0b5fea25671d6745a556bffb740d3866e189c	352c096f011eb282f12e6d4c12281340fac96b635a2879cc065d7637a6592872	wsh	local	85f46b8f2b5e49cf13f719b9b9a3b75eeea70f6d1c2fdf73a71ed8d9803776e9	2264a8042763edf2620cfe32d96b096e1f3d26aa	5.9.2	2.55.0	1000	150	dirty	12	0.974	7.004	1	1	0	1	1788326569.106873	1788326569.270191	215145505	215145664
2026-09-02T05:21:36Z	8dc0b5fea25671d6745a556bffb740d3866e189c	352c096f011eb282f12e6d4c12281340fac96b635a2879cc065d7637a6592872	wsh	local	85f46b8f2b5e49cf13f719b9b9a3b75eeea70f6d1c2fdf73a71ed8d9803776e9	2264a8042763edf2620cfe32d96b096e1f3d26aa	5.9.2	2.55.0	1000	150	dirty	13	0.887	7.144	1	1	0	1	1788326569.603514	1788326569.767459	215146045	215146745
2026-09-02T05:21:36Z	8dc0b5fea25671d6745a556bffb740d3866e189c	352c096f011eb282f12e6d4c12281340fac96b635a2879cc065d7637a6592872	wsh	local	85f46b8f2b5e49cf13f719b9b9a3b75eeea70f6d1c2fdf73a71ed8d9803776e9	2264a8042763edf2620cfe32d96b096e1f3d26aa	5.9.2	2.55.0	1000	150	dirty	14	0.992	7.357	1	1	0	1	1788326570.099933	1788326570.263245	215147239	215147379
2026-09-02T05:21:36Z	8dc0b5fea25671d6745a556bffb740d3866e189c	352c096f011eb282f12e6d4c12281340fac96b635a2879cc065d7637a6592872	wsh	local	85f46b8f2b5e49cf13f719b9b9a3b75eeea70f6d1c2fdf73a71ed8d9803776e9	2264a8042763edf2620cfe32d96b096e1f3d26aa	5.9.2	2.55.0	1000	150	dirty	15	0.901	6.905	1	1	0	1	1788326570.596449	1788326570.759421	215147995	215148164
2026-09-02T05:21:36Z	8dc0b5fea25671d6745a556bffb740d3866e189c	352c096f011eb282f12e6d4c12281340fac96b635a2879cc065d7637a6592872	wsh	local	85f46b8f2b5e49cf13f719b9b9a3b75eeea70f6d1c2fdf73a71ed8d9803776e9	2264a8042763edf2620cfe32d96b096e1f3d26aa	5.9.2	2.55.0	1000	150	dirty	16	0.949	6.684	1	1	0	1	1788326571.093531	1788326571.256347	215148695	215149003
2026-09-02T05:21:36Z	8dc0b5fea25671d6745a556bffb740d3866e189c	352c096f011eb282f12e6d4c12281340fac96b635a2879cc065d7637a6592872	wsh	local	85f46b8f2b5e49cf13f719b9b9a3b75eeea70f6d1c2fdf73a71ed8d9803776e9	2264a8042763edf2620cfe32d96b096e1f3d26aa	5.9.2	2.55.0	1000	150	dirty	17	0.960	7.315	1	1	0	1	1788326571.589781	1788326571.752749	215149148	215149919
2026-09-02T05:21:36Z	8dc0b5fea25671d6745a556bffb740d3866e189c	352c096f011eb282f12e6d4c12281340fac96b635a2879cc065d7637a6592872	wsh	local	85f46b8f2b5e49cf13f719b9b9a3b75eeea70f6d1c2fdf73a71ed8d9803776e9	2264a8042763edf2620cfe32d96b096e1f3d26aa	5.9.2	2.55.0	1000	150	dirty	18	1.115	7.173	1	1	0	1	1788326572.087165	1788326572.251011	215150125	215150225
2026-09-02T05:21:36Z	8dc0b5fea25671d6745a556bffb740d3866e189c	352c096f011eb282f12e6d4c12281340fac96b635a2879cc065d7637a6592872	wsh	local	85f46b8f2b5e49cf13f719b9b9a3b75eeea70f6d1c2fdf73a71ed8d9803776e9	2264a8042763edf2620cfe32d96b096e1f3d26aa	5.9.2	2.55.0	1000	150	dirty	19	1.071	6.813	1	1	0	1	1788326572.585557	1788326572.749499	215150386	215150543
2026-09-02T05:21:36Z	8dc0b5fea25671d6745a556bffb740d3866e189c	352c096f011eb282f12e6d4c12281340fac96b635a2879cc065d7637a6592872	wsh	local	85f46b8f2b5e49cf13f719b9b9a3b75eeea70f6d1c2fdf73a71ed8d9803776e9	2264a8042763edf2620cfe32d96b096e1f3d26aa	5.9.2	2.55.0	1000	150	dirty	20	1.166	6.743	1	1	0	1	1788326573.083632	1788326573.246752	215151171	215151277
2026-09-02T05:21:36Z	8dc0b5fea25671d6745a556bffb740d3866e189c	352c096f011eb282f12e6d4c12281340fac96b635a2879cc065d7637a6592872	wsh	local	85f46b8f2b5e49cf13f719b9b9a3b75eeea70f6d1c2fdf73a71ed8d9803776e9	2264a8042763edf2620cfe32d96b096e1f3d26aa	5.9.2	2.55.0	1000	150	untracked	1	1.073	7.191	1	1	0	1	1788326573.605837	1788326573.769620	215152158	215152256
2026-09-02T05:21:36Z	8dc0b5fea25671d6745a556bffb740d3866e189c	352c096f011eb282f12e6d4c12281340fac96b635a2879cc065d7637a6592872	wsh	local	85f46b8f2b5e49cf13f719b9b9a3b75eeea70f6d1c2fdf73a71ed8d9803776e9	2264a8042763edf2620cfe32d96b096e1f3d26aa	5.9.2	2.55.0	1000	150	untracked	2	1.123	6.764	1	1	0	1	1788326574.106962	1788326574.270510	215152711	215152837
2026-09-02T05:21:36Z	8dc0b5fea25671d6745a556bffb740d3866e189c	352c096f011eb282f12e6d4c12281340fac96b635a2879cc065d7637a6592872	wsh	local	85f46b8f2b5e49cf13f719b9b9a3b75eeea70f6d1c2fdf73a71ed8d9803776e9	2264a8042763edf2620cfe32d96b096e1f3d26aa	5.9.2	2.55.0	1000	150	untracked	3	1.157	6.625	1	1	0	1	1788326574.606405	1788326574.769839	215153100	215153218
2026-09-02T05:21:36Z	8dc0b5fea25671d6745a556bffb740d3866e189c	352c096f011eb282f12e6d4c12281340fac96b635a2879cc065d7637a6592872	wsh	local	85f46b8f2b5e49cf13f719b9b9a3b75eeea70f6d1c2fdf73a71ed8d9803776e9	2264a8042763edf2620cfe32d96b096e1f3d26aa	5.9.2	2.55.0	1000	150	untracked	4	1.066	7.119	1	1	0	1	1788326575.106783	1788326575.270588	215153400	215153711
2026-09-02T05:21:36Z	8dc0b5fea25671d6745a556bffb740d3866e189c	352c096f011eb282f12e6d4c12281340fac96b635a2879cc065d7637a6592872	wsh	local	85f46b8f2b5e49cf13f719b9b9a3b75eeea70f6d1c2fdf73a71ed8d9803776e9	2264a8042763edf2620cfe32d96b096e1f3d26aa	5.9.2	2.55.0	1000	150	untracked	5	1.280	6.610	1	1	0	1	1788326575.607948	1788326575.770833	215154415	215154640
2026-09-02T05:21:36Z	8dc0b5fea25671d6745a556bffb740d3866e189c	352c096f011eb282f12e6d4c12281340fac96b635a2879cc065d7637a6592872	wsh	local	85f46b8f2b5e49cf13f719b9b9a3b75eeea70f6d1c2fdf73a71ed8d9803776e9	2264a8042763edf2620cfe32d96b096e1f3d26aa	5.9.2	2.55.0	1000	150	untracked	6	1.754	8.646	1	1	0	1	1788326576.104893	1788326576.271491	215155420	215156012
2026-09-02T05:21:36Z	8dc0b5fea25671d6745a556bffb740d3866e189c	352c096f011eb282f12e6d4c12281340fac96b635a2879cc065d7637a6592872	wsh	local	85f46b8f2b5e49cf13f719b9b9a3b75eeea70f6d1c2fdf73a71ed8d9803776e9	2264a8042763edf2620cfe32d96b096e1f3d26aa	5.9.2	2.55.0	1000	150	untracked	7	0.891	7.281	1	1	0	1	1788326576.609676	1788326576.774220	215156404	215156586
2026-09-02T05:21:36Z	8dc0b5fea25671d6745a556bffb740d3866e189c	352c096f011eb282f12e6d4c12281340fac96b635a2879cc065d7637a6592872	wsh	local	85f46b8f2b5e49cf13f719b9b9a3b75eeea70f6d1c2fdf73a71ed8d9803776e9	2264a8042763edf2620cfe32d96b096e1f3d26aa	5.9.2	2.55.0	1000	150	untracked	8	1.262	7.260	1	1	0	1	1788326577.111400	1788326577.276456	215156861	215157363
2026-09-02T05:21:36Z	8dc0b5fea25671d6745a556bffb740d3866e189c	352c096f011eb282f12e6d4c12281340fac96b635a2879cc065d7637a6592872	wsh	local	85f46b8f2b5e49cf13f719b9b9a3b75eeea70f6d1c2fdf73a71ed8d9803776e9	2264a8042763edf2620cfe32d96b096e1f3d26aa	5.9.2	2.55.0	1000	150	untracked	9	0.954	6.741	1	1	0	1	1788326577.613704	1788326577.776875	215157655	215157892
2026-09-02T05:21:36Z	8dc0b5fea25671d6745a556bffb740d3866e189c	352c096f011eb282f12e6d4c12281340fac96b635a2879cc065d7637a6592872	wsh	local	85f46b8f2b5e49cf13f719b9b9a3b75eeea70f6d1c2fdf73a71ed8d9803776e9	2264a8042763edf2620cfe32d96b096e1f3d26aa	5.9.2	2.55.0	1000	150	untracked	10	1.175	6.974	1	1	0	1	1788326578.114720	1788326578.278890	215158718	215158789
2026-09-02T05:21:36Z	8dc0b5fea25671d6745a556bffb740d3866e189c	352c096f011eb282f12e6d4c12281340fac96b635a2879cc065d7637a6592872	wsh	local	85f46b8f2b5e49cf13f719b9b9a3b75eeea70f6d1c2fdf73a71ed8d9803776e9	2264a8042763edf2620cfe32d96b096e1f3d26aa	5.9.2	2.55.0	1000	150	untracked	11	0.958	7.316	1	1	0	1	1788326578.616544	1788326578.780637	215159085	215159897
2026-09-02T05:21:36Z	8dc0b5fea25671d6745a556bffb740d3866e189c	352c096f011eb282f12e6d4c12281340fac96b635a2879cc065d7637a6592872	wsh	local	85f46b8f2b5e49cf13f719b9b9a3b75eeea70f6d1c2fdf73a71ed8d9803776e9	2264a8042763edf2620cfe32d96b096e1f3d26aa	5.9.2	2.55.0	1000	150	untracked	12	1.042	7.680	1	1	0	1	1788326579.116611	1788326579.280675	215160189	215161817
2026-09-02T05:21:36Z	8dc0b5fea25671d6745a556bffb740d3866e189c	352c096f011eb282f12e6d4c12281340fac96b635a2879cc065d7637a6592872	wsh	local	85f46b8f2b5e49cf13f719b9b9a3b75eeea70f6d1c2fdf73a71ed8d9803776e9	2264a8042763edf2620cfe32d96b096e1f3d26aa	5.9.2	2.55.0	1000	150	untracked	13	1.021	6.847	1	1	0	1	1788326579.615429	1788326579.778577	215161964	215162185
2026-09-02T05:21:36Z	8dc0b5fea25671d6745a556bffb740d3866e189c	352c096f011eb282f12e6d4c12281340fac96b635a2879cc065d7637a6592872	wsh	local	85f46b8f2b5e49cf13f719b9b9a3b75eeea70f6d1c2fdf73a71ed8d9803776e9	2264a8042763edf2620cfe32d96b096e1f3d26aa	5.9.2	2.55.0	1000	150	untracked	14	1.051	7.330	1	1	0	1	1788326580.114494	1788326580.278782	215162944	215163112
2026-09-02T05:21:36Z	8dc0b5fea25671d6745a556bffb740d3866e189c	352c096f011eb282f12e6d4c12281340fac96b635a2879cc065d7637a6592872	wsh	local	85f46b8f2b5e49cf13f719b9b9a3b75eeea70f6d1c2fdf73a71ed8d9803776e9	2264a8042763edf2620cfe32d96b096e1f3d26aa	5.9.2	2.55.0	1000	150	untracked	15	1.328	7.646	1	1	0	1	1788326580.615628	1788326580.779605	215163584	215163950
2026-09-02T05:21:36Z	8dc0b5fea25671d6745a556bffb740d3866e189c	352c096f011eb282f12e6d4c12281340fac96b635a2879cc065d7637a6592872	wsh	local	85f46b8f2b5e49cf13f719b9b9a3b75eeea70f6d1c2fdf73a71ed8d9803776e9	2264a8042763edf2620cfe32d96b096e1f3d26aa	5.9.2	2.55.0	1000	150	untracked	16	0.976	7.151	1	1	0	1	1788326581.115852	1788326581.280013	215164650	215165442
2026-09-02T05:21:36Z	8dc0b5fea25671d6745a556bffb740d3866e189c	352c096f011eb282f12e6d4c12281340fac96b635a2879cc065d7637a6592872	wsh	local	85f46b8f2b5e49cf13f719b9b9a3b75eeea70f6d1c2fdf73a71ed8d9803776e9	2264a8042763edf2620cfe32d96b096e1f3d26aa	5.9.2	2.55.0	1000	150	untracked	17	1.170	7.282	1	1	0	1	1788326581.618784	1788326581.784027	215166023	215166387
2026-09-02T05:21:36Z	8dc0b5fea25671d6745a556bffb740d3866e189c	352c096f011eb282f12e6d4c12281340fac96b635a2879cc065d7637a6592872	wsh	local	85f46b8f2b5e49cf13f719b9b9a3b75eeea70f6d1c2fdf73a71ed8d9803776e9	2264a8042763edf2620cfe32d96b096e1f3d26aa	5.9.2	2.55.0	1000	150	untracked	18	1.196	7.777	1	1	0	1	1788326582.124350	1788326582.290359	215166772	215166878
2026-09-02T05:21:36Z	8dc0b5fea25671d6745a556bffb740d3866e189c	352c096f011eb282f12e6d4c12281340fac96b635a2879cc065d7637a6592872	wsh	local	85f46b8f2b5e49cf13f719b9b9a3b75eeea70f6d1c2fdf73a71ed8d9803776e9	2264a8042763edf2620cfe32d96b096e1f3d26aa	5.9.2	2.55.0	1000	150	untracked	19	1.224	7.550	1	1	0	1	1788326582.629503	1788326582.794417	215167059	215167133
2026-09-02T05:21:36Z	8dc0b5fea25671d6745a556bffb740d3866e189c	352c096f011eb282f12e6d4c12281340fac96b635a2879cc065d7637a6592872	wsh	local	85f46b8f2b5e49cf13f719b9b9a3b75eeea70f6d1c2fdf73a71ed8d9803776e9	2264a8042763edf2620cfe32d96b096e1f3d26aa	5.9.2	2.55.0	1000	150	untracked	20	1.225	7.163	1	1	0	1	1788326583.133207	1788326583.297884	215167873	215167957
2026-09-02T05:21:36Z	8dc0b5fea25671d6745a556bffb740d3866e189c	352c096f011eb282f12e6d4c12281340fac96b635a2879cc065d7637a6592872	wsh-trace	local	85f46b8f2b5e49cf13f719b9b9a3b75eeea70f6d1c2fdf73a71ed8d9803776e9	2264a8042763edf2620cfe32d96b096e1f3d26aa	5.9.2	2.55.0	1000	150	clean	1	1.176	6.887	1	1	0	1	1788326584.539366	1788326584.703525	215169721	215169810
2026-09-02T05:21:36Z	8dc0b5fea25671d6745a556bffb740d3866e189c	352c096f011eb282f12e6d4c12281340fac96b635a2879cc065d7637a6592872	wsh-trace	local	85f46b8f2b5e49cf13f719b9b9a3b75eeea70f6d1c2fdf73a71ed8d9803776e9	2264a8042763edf2620cfe32d96b096e1f3d26aa	5.9.2	2.55.0	1000	150	clean	2	0.993	6.847	1	1	0	1	1788326585.040388	1788326585.204981	215171290	215171419
2026-09-02T05:21:36Z	8dc0b5fea25671d6745a556bffb740d3866e189c	352c096f011eb282f12e6d4c12281340fac96b635a2879cc065d7637a6592872	wsh-trace	local	85f46b8f2b5e49cf13f719b9b9a3b75eeea70f6d1c2fdf73a71ed8d9803776e9	2264a8042763edf2620cfe32d96b096e1f3d26aa	5.9.2	2.55.0	1000	150	clean	3	0.986	6.760	1	1	0	1	1788326585.543042	1788326585.706308	215171664	215171786
2026-09-02T05:21:36Z	8dc0b5fea25671d6745a556bffb740d3866e189c	352c096f011eb282f12e6d4c12281340fac96b635a2879cc065d7637a6592872	wsh-trace	local	85f46b8f2b5e49cf13f719b9b9a3b75eeea70f6d1c2fdf73a71ed8d9803776e9	2264a8042763edf2620cfe32d96b096e1f3d26aa	5.9.2	2.55.0	1000	150	clean	4	1.316	7.028	1	1	0	1	1788326586.041398	1788326586.206024	215172105	215172850
2026-09-02T05:21:36Z	8dc0b5fea25671d6745a556bffb740d3866e189c	352c096f011eb282f12e6d4c12281340fac96b635a2879cc065d7637a6592872	wsh-trace	local	85f46b8f2b5e49cf13f719b9b9a3b75eeea70f6d1c2fdf73a71ed8d9803776e9	2264a8042763edf2620cfe32d96b096e1f3d26aa	5.9.2	2.55.0	1000	150	clean	5	1.058	7.593	1	1	0	1	1788326586.542295	1788326586.706839	215173242	215173941
2026-09-02T05:21:36Z	8dc0b5fea25671d6745a556bffb740d3866e189c	352c096f011eb282f12e6d4c12281340fac96b635a2879cc065d7637a6592872	wsh-trace	local	85f46b8f2b5e49cf13f719b9b9a3b75eeea70f6d1c2fdf73a71ed8d9803776e9	2264a8042763edf2620cfe32d96b096e1f3d26aa	5.9.2	2.55.0	1000	150	clean	6	1.368	7.156	1	1	0	1	1788326587.042169	1788326587.207189	215174367	215174794
2026-09-02T05:21:36Z	8dc0b5fea25671d6745a556bffb740d3866e189c	352c096f011eb282f12e6d4c12281340fac96b635a2879cc065d7637a6592872	wsh-trace	local	85f46b8f2b5e49cf13f719b9b9a3b75eeea70f6d1c2fdf73a71ed8d9803776e9	2264a8042763edf2620cfe32d96b096e1f3d26aa	5.9.2	2.55.0	1000	150	clean	7	1.216	7.363	1	1	0	1	1788326587.543820	1788326587.707831	215175510	215175626
2026-09-02T05:21:36Z	8dc0b5fea25671d6745a556bffb740d3866e189c	352c096f011eb282f12e6d4c12281340fac96b635a2879cc065d7637a6592872	wsh-trace	local	85f46b8f2b5e49cf13f719b9b9a3b75eeea70f6d1c2fdf73a71ed8d9803776e9	2264a8042763edf2620cfe32d96b096e1f3d26aa	5.9.2	2.55.0	1000	150	clean	8	0.973	6.835	1	1	0	1	1788326588.042798	1788326588.208046	215176105	215176253
2026-09-02T05:21:36Z	8dc0b5fea25671d6745a556bffb740d3866e189c	352c096f011eb282f12e6d4c12281340fac96b635a2879cc065d7637a6592872	wsh-trace	local	85f46b8f2b5e49cf13f719b9b9a3b75eeea70f6d1c2fdf73a71ed8d9803776e9	2264a8042763edf2620cfe32d96b096e1f3d26aa	5.9.2	2.55.0	1000	150	clean	9	1.209	8.205	1	1	0	1	1788326588.546379	1788326588.713023	215176496	215176666
2026-09-02T05:21:36Z	8dc0b5fea25671d6745a556bffb740d3866e189c	352c096f011eb282f12e6d4c12281340fac96b635a2879cc065d7637a6592872	wsh-trace	local	85f46b8f2b5e49cf13f719b9b9a3b75eeea70f6d1c2fdf73a71ed8d9803776e9	2264a8042763edf2620cfe32d96b096e1f3d26aa	5.9.2	2.55.0	1000	150	clean	10	1.387	8.048	1	1	0	1	1788326589.048035	1788326589.212485	215177511	215177571
2026-09-02T05:21:36Z	8dc0b5fea25671d6745a556bffb740d3866e189c	352c096f011eb282f12e6d4c12281340fac96b635a2879cc065d7637a6592872	wsh-trace	local	85f46b8f2b5e49cf13f719b9b9a3b75eeea70f6d1c2fdf73a71ed8d9803776e9	2264a8042763edf2620cfe32d96b096e1f3d26aa	5.9.2	2.55.0	1000	150	clean	11	1.231	7.142	1	1	0	1	1788326589.548343	1788326589.714200	215177837	215177984
2026-09-02T05:21:36Z	8dc0b5fea25671d6745a556bffb740d3866e189c	352c096f011eb282f12e6d4c12281340fac96b635a2879cc065d7637a6592872	wsh-trace	local	85f46b8f2b5e49cf13f719b9b9a3b75eeea70f6d1c2fdf73a71ed8d9803776e9	2264a8042763edf2620cfe32d96b096e1f3d26aa	5.9.2	2.55.0	1000	150	clean	12	1.106	6.556	1	1	0	1	1788326590.048916	1788326590.211979	215178484	215178669
2026-09-02T05:21:36Z	8dc0b5fea25671d6745a556bffb740d3866e189c	352c096f011eb282f12e6d4c12281340fac96b635a2879cc065d7637a6592872	wsh-trace	local	85f46b8f2b5e49cf13f719b9b9a3b75eeea70f6d1c2fdf73a71ed8d9803776e9	2264a8042763edf2620cfe32d96b096e1f3d26aa	5.9.2	2.55.0	1000	150	clean	13	1.037	6.473	1	1	0	1	1788326590.548985	1788326590.712353	215179001	215179201
2026-09-02T05:21:36Z	8dc0b5fea25671d6745a556bffb740d3866e189c	352c096f011eb282f12e6d4c12281340fac96b635a2879cc065d7637a6592872	wsh-trace	local	85f46b8f2b5e49cf13f719b9b9a3b75eeea70f6d1c2fdf73a71ed8d9803776e9	2264a8042763edf2620cfe32d96b096e1f3d26aa	5.9.2	2.55.0	1000	150	clean	14	0.930	7.706	1	1	0	1	1788326591.047937	1788326591.216100	215180244	215180793
2026-09-02T05:21:36Z	8dc0b5fea25671d6745a556bffb740d3866e189c	352c096f011eb282f12e6d4c12281340fac96b635a2879cc065d7637a6592872	wsh-trace	local	85f46b8f2b5e49cf13f719b9b9a3b75eeea70f6d1c2fdf73a71ed8d9803776e9	2264a8042763edf2620cfe32d96b096e1f3d26aa	5.9.2	2.55.0	1000	150	clean	15	1.307	6.720	1	1	0	1	1788326591.554990	1788326591.719481	215181167	215181259
2026-09-02T05:21:36Z	8dc0b5fea25671d6745a556bffb740d3866e189c	352c096f011eb282f12e6d4c12281340fac96b635a2879cc065d7637a6592872	wsh-trace	local	85f46b8f2b5e49cf13f719b9b9a3b75eeea70f6d1c2fdf73a71ed8d9803776e9	2264a8042763edf2620cfe32d96b096e1f3d26aa	5.9.2	2.55.0	1000	150	clean	16	1.309	7.076	1	1	0	1	1788326592.058088	1788326592.223009	215181487	215182234
2026-09-02T05:21:36Z	8dc0b5fea25671d6745a556bffb740d3866e189c	352c096f011eb282f12e6d4c12281340fac96b635a2879cc065d7637a6592872	wsh-trace	local	85f46b8f2b5e49cf13f719b9b9a3b75eeea70f6d1c2fdf73a71ed8d9803776e9	2264a8042763edf2620cfe32d96b096e1f3d26aa	5.9.2	2.55.0	1000	150	clean	17	1.334	7.159	1	1	0	1	1788326592.560716	1788326592.725398	215182384	215182586
2026-09-02T05:21:36Z	8dc0b5fea25671d6745a556bffb740d3866e189c	352c096f011eb282f12e6d4c12281340fac96b635a2879cc065d7637a6592872	wsh-trace	local	85f46b8f2b5e49cf13f719b9b9a3b75eeea70f6d1c2fdf73a71ed8d9803776e9	2264a8042763edf2620cfe32d96b096e1f3d26aa	5.9.2	2.55.0	1000	150	clean	18	1.286	6.927	1	1	0	1	1788326593.064043	1788326593.229838	215182945	215183059
2026-09-02T05:21:36Z	8dc0b5fea25671d6745a556bffb740d3866e189c	352c096f011eb282f12e6d4c12281340fac96b635a2879cc065d7637a6592872	wsh-trace	local	85f46b8f2b5e49cf13f719b9b9a3b75eeea70f6d1c2fdf73a71ed8d9803776e9	2264a8042763edf2620cfe32d96b096e1f3d26aa	5.9.2	2.55.0	1000	150	clean	19	1.078	7.117	1	1	0	1	1788326593.566535	1788326593.733131	215183759	215183998
2026-09-02T05:21:36Z	8dc0b5fea25671d6745a556bffb740d3866e189c	352c096f011eb282f12e6d4c12281340fac96b635a2879cc065d7637a6592872	wsh-trace	local	85f46b8f2b5e49cf13f719b9b9a3b75eeea70f6d1c2fdf73a71ed8d9803776e9	2264a8042763edf2620cfe32d96b096e1f3d26aa	5.9.2	2.55.0	1000	150	clean	20	1.096	7.125	1	1	0	1	1788326594.072847	1788326594.238399	215184277	215184360
2026-09-02T05:21:36Z	8dc0b5fea25671d6745a556bffb740d3866e189c	352c096f011eb282f12e6d4c12281340fac96b635a2879cc065d7637a6592872	wsh-trace	local	85f46b8f2b5e49cf13f719b9b9a3b75eeea70f6d1c2fdf73a71ed8d9803776e9	2264a8042763edf2620cfe32d96b096e1f3d26aa	5.9.2	2.55.0	1000	150	dirty	1	1.091	7.172	1	1	0	1	1788326594.599603	1788326594.764331	215184560	215184702
2026-09-02T05:21:36Z	8dc0b5fea25671d6745a556bffb740d3866e189c	352c096f011eb282f12e6d4c12281340fac96b635a2879cc065d7637a6592872	wsh-trace	local	85f46b8f2b5e49cf13f719b9b9a3b75eeea70f6d1c2fdf73a71ed8d9803776e9	2264a8042763edf2620cfe32d96b096e1f3d26aa	5.9.2	2.55.0	1000	150	dirty	2	0.875	6.976	1	1	0	1	1788326595.100529	1788326595.264376	215185124	215185572
2026-09-02T05:21:36Z	8dc0b5fea25671d6745a556bffb740d3866e189c	352c096f011eb282f12e6d4c12281340fac96b635a2879cc065d7637a6592872	wsh-trace	local	85f46b8f2b5e49cf13f719b9b9a3b75eeea70f6d1c2fdf73a71ed8d9803776e9	2264a8042763edf2620cfe32d96b096e1f3d26aa	5.9.2	2.55.0	1000	150	dirty	3	0.866	7.100	1	1	0	1	1788326595.599352	1788326595.764477	215185749	215185878
2026-09-02T05:21:36Z	8dc0b5fea25671d6745a556bffb740d3866e189c	352c096f011eb282f12e6d4c12281340fac96b635a2879cc065d7637a6592872	wsh-trace	local	85f46b8f2b5e49cf13f719b9b9a3b75eeea70f6d1c2fdf73a71ed8d9803776e9	2264a8042763edf2620cfe32d96b096e1f3d26aa	5.9.2	2.55.0	1000	150	dirty	4	0.837	6.853	1	1	0	1	1788326596.101638	1788326596.266207	215186313	215186452
2026-09-02T05:21:36Z	8dc0b5fea25671d6745a556bffb740d3866e189c	352c096f011eb282f12e6d4c12281340fac96b635a2879cc065d7637a6592872	wsh-trace	local	85f46b8f2b5e49cf13f719b9b9a3b75eeea70f6d1c2fdf73a71ed8d9803776e9	2264a8042763edf2620cfe32d96b096e1f3d26aa	5.9.2	2.55.0	1000	150	dirty	5	0.999	6.987	1	1	0	1	1788326596.603931	1788326596.769849	215186747	215186887
2026-09-02T05:21:36Z	8dc0b5fea25671d6745a556bffb740d3866e189c	352c096f011eb282f12e6d4c12281340fac96b635a2879cc065d7637a6592872	wsh-trace	local	85f46b8f2b5e49cf13f719b9b9a3b75eeea70f6d1c2fdf73a71ed8d9803776e9	2264a8042763edf2620cfe32d96b096e1f3d26aa	5.9.2	2.55.0	1000	150	dirty	6	1.183	7.056	1	1	0	1	1788326597.108755	1788326597.273989	215187199	215187372
2026-09-02T05:21:36Z	8dc0b5fea25671d6745a556bffb740d3866e189c	352c096f011eb282f12e6d4c12281340fac96b635a2879cc065d7637a6592872	wsh-trace	local	85f46b8f2b5e49cf13f719b9b9a3b75eeea70f6d1c2fdf73a71ed8d9803776e9	2264a8042763edf2620cfe32d96b096e1f3d26aa	5.9.2	2.55.0	1000	150	dirty	7	1.165	7.416	1	1	0	1	1788326597.612098	1788326597.777555	215187639	215188145
2026-09-02T05:21:36Z	8dc0b5fea25671d6745a556bffb740d3866e189c	352c096f011eb282f12e6d4c12281340fac96b635a2879cc065d7637a6592872	wsh-trace	local	85f46b8f2b5e49cf13f719b9b9a3b75eeea70f6d1c2fdf73a71ed8d9803776e9	2264a8042763edf2620cfe32d96b096e1f3d26aa	5.9.2	2.55.0	1000	150	dirty	8	1.236	7.393	1	1	0	1	1788326598.116898	1788326598.282459	215188907	215189169
2026-09-02T05:21:36Z	8dc0b5fea25671d6745a556bffb740d3866e189c	352c096f011eb282f12e6d4c12281340fac96b635a2879cc065d7637a6592872	wsh-trace	local	85f46b8f2b5e49cf13f719b9b9a3b75eeea70f6d1c2fdf73a71ed8d9803776e9	2264a8042763edf2620cfe32d96b096e1f3d26aa	5.9.2	2.55.0	1000	150	dirty	9	1.159	7.359	1	1	0	1	1788326598.620457	1788326598.785579	215189407	215189531
2026-09-02T05:21:36Z	8dc0b5fea25671d6745a556bffb740d3866e189c	352c096f011eb282f12e6d4c12281340fac96b635a2879cc065d7637a6592872	wsh-trace	local	85f46b8f2b5e49cf13f719b9b9a3b75eeea70f6d1c2fdf73a71ed8d9803776e9	2264a8042763edf2620cfe32d96b096e1f3d26aa	5.9.2	2.55.0	1000	150	dirty	10	0.870	6.740	1	1	0	1	1788326599.124914	1788326599.289640	215190122	215190252
2026-09-02T05:21:36Z	8dc0b5fea25671d6745a556bffb740d3866e189c	352c096f011eb282f12e6d4c12281340fac96b635a2879cc065d7637a6592872	wsh-trace	local	85f46b8f2b5e49cf13f719b9b9a3b75eeea70f6d1c2fdf73a71ed8d9803776e9	2264a8042763edf2620cfe32d96b096e1f3d26aa	5.9.2	2.55.0	1000	150	dirty	11	1.254	7.559	1	1	0	1	1788326599.628398	1788326599.794991	215190394	215190530
2026-09-02T05:21:36Z	8dc0b5fea25671d6745a556bffb740d3866e189c	352c096f011eb282f12e6d4c12281340fac96b635a2879cc065d7637a6592872	wsh-trace	local	85f46b8f2b5e49cf13f719b9b9a3b75eeea70f6d1c2fdf73a71ed8d9803776e9	2264a8042763edf2620cfe32d96b096e1f3d26aa	5.9.2	2.55.0	1000	150	dirty	12	1.179	7.146	1	1	0	1	1788326600.133206	1788326600.298771	215191166	215191320
2026-09-02T05:21:36Z	8dc0b5fea25671d6745a556bffb740d3866e189c	352c096f011eb282f12e6d4c12281340fac96b635a2879cc065d7637a6592872	wsh-trace	local	85f46b8f2b5e49cf13f719b9b9a3b75eeea70f6d1c2fdf73a71ed8d9803776e9	2264a8042763edf2620cfe32d96b096e1f3d26aa	5.9.2	2.55.0	1000	150	dirty	13	1.171	7.321	1	1	0	1	1788326600.637716	1788326600.804595	215191786	215192477
2026-09-02T05:21:36Z	8dc0b5fea25671d6745a556bffb740d3866e189c	352c096f011eb282f12e6d4c12281340fac96b635a2879cc065d7637a6592872	wsh-trace	local	85f46b8f2b5e49cf13f719b9b9a3b75eeea70f6d1c2fdf73a71ed8d9803776e9	2264a8042763edf2620cfe32d96b096e1f3d26aa	5.9.2	2.55.0	1000	150	dirty	14	1.202	7.683	1	1	0	1	1788326601.147184	1788326601.314317	215192683	215193116
2026-09-02T05:21:36Z	8dc0b5fea25671d6745a556bffb740d3866e189c	352c096f011eb282f12e6d4c12281340fac96b635a2879cc065d7637a6592872	wsh-trace	local	85f46b8f2b5e49cf13f719b9b9a3b75eeea70f6d1c2fdf73a71ed8d9803776e9	2264a8042763edf2620cfe32d96b096e1f3d26aa	5.9.2	2.55.0	1000	150	dirty	15	1.003	6.905	1	1	0	1	1788326601.653876	1788326601.820939	215193610	215193989
2026-09-02T05:21:36Z	8dc0b5fea25671d6745a556bffb740d3866e189c	352c096f011eb282f12e6d4c12281340fac96b635a2879cc065d7637a6592872	wsh-trace	local	85f46b8f2b5e49cf13f719b9b9a3b75eeea70f6d1c2fdf73a71ed8d9803776e9	2264a8042763edf2620cfe32d96b096e1f3d26aa	5.9.2	2.55.0	1000	150	dirty	16	0.961	6.998	1	1	0	1	1788326602.164352	1788326602.328561	215194475	215194832
2026-09-02T05:21:36Z	8dc0b5fea25671d6745a556bffb740d3866e189c	352c096f011eb282f12e6d4c12281340fac96b635a2879cc065d7637a6592872	wsh-trace	local	85f46b8f2b5e49cf13f719b9b9a3b75eeea70f6d1c2fdf73a71ed8d9803776e9	2264a8042763edf2620cfe32d96b096e1f3d26aa	5.9.2	2.55.0	1000	150	dirty	17	1.051	7.577	1	1	0	1	1788326602.668085	1788326602.835023	215195405	215195777
2026-09-02T05:21:36Z	8dc0b5fea25671d6745a556bffb740d3866e189c	352c096f011eb282f12e6d4c12281340fac96b635a2879cc065d7637a6592872	wsh-trace	local	85f46b8f2b5e49cf13f719b9b9a3b75eeea70f6d1c2fdf73a71ed8d9803776e9	2264a8042763edf2620cfe32d96b096e1f3d26aa	5.9.2	2.55.0	1000	150	dirty	18	0.932	6.972	1	1	0	1	1788326603.172721	1788326603.337076	215197440	215198387
2026-09-02T05:21:36Z	8dc0b5fea25671d6745a556bffb740d3866e189c	352c096f011eb282f12e6d4c12281340fac96b635a2879cc065d7637a6592872	wsh-trace	local	85f46b8f2b5e49cf13f719b9b9a3b75eeea70f6d1c2fdf73a71ed8d9803776e9	2264a8042763edf2620cfe32d96b096e1f3d26aa	5.9.2	2.55.0	1000	150	dirty	19	1.008	7.070	1	1	0	1	1788326603.674598	1788326603.841881	215198570	215199583
2026-09-02T05:21:36Z	8dc0b5fea25671d6745a556bffb740d3866e189c	352c096f011eb282f12e6d4c12281340fac96b635a2879cc065d7637a6592872	wsh-trace	local	85f46b8f2b5e49cf13f719b9b9a3b75eeea70f6d1c2fdf73a71ed8d9803776e9	2264a8042763edf2620cfe32d96b096e1f3d26aa	5.9.2	2.55.0	1000	150	dirty	20	1.177	7.681	1	1	0	1	1788326604.185635	1788326604.354015	215200370	215200760
2026-09-02T05:21:36Z	8dc0b5fea25671d6745a556bffb740d3866e189c	352c096f011eb282f12e6d4c12281340fac96b635a2879cc065d7637a6592872	wsh-trace	local	85f46b8f2b5e49cf13f719b9b9a3b75eeea70f6d1c2fdf73a71ed8d9803776e9	2264a8042763edf2620cfe32d96b096e1f3d26aa	5.9.2	2.55.0	1000	150	untracked	1	1.571	7.687	1	1	0	1	1788326604.715709	1788326604.883013	215201304	215202466
2026-09-02T05:21:36Z	8dc0b5fea25671d6745a556bffb740d3866e189c	352c096f011eb282f12e6d4c12281340fac96b635a2879cc065d7637a6592872	wsh-trace	local	85f46b8f2b5e49cf13f719b9b9a3b75eeea70f6d1c2fdf73a71ed8d9803776e9	2264a8042763edf2620cfe32d96b096e1f3d26aa	5.9.2	2.55.0	1000	150	untracked	2	1.793	8.708	1	1	0	1	1788326605.228241	1788326605.397679	215203171	215203877
2026-09-02T05:21:36Z	8dc0b5fea25671d6745a556bffb740d3866e189c	352c096f011eb282f12e6d4c12281340fac96b635a2879cc065d7637a6592872	wsh-trace	local	85f46b8f2b5e49cf13f719b9b9a3b75eeea70f6d1c2fdf73a71ed8d9803776e9	2264a8042763edf2620cfe32d96b096e1f3d26aa	5.9.2	2.55.0	1000	150	untracked	3	1.287	7.733	1	1	0	1	1788326605.738598	1788326605.904497	215204616	215205144
2026-09-02T05:21:36Z	8dc0b5fea25671d6745a556bffb740d3866e189c	352c096f011eb282f12e6d4c12281340fac96b635a2879cc065d7637a6592872	wsh-trace	local	85f46b8f2b5e49cf13f719b9b9a3b75eeea70f6d1c2fdf73a71ed8d9803776e9	2264a8042763edf2620cfe32d96b096e1f3d26aa	5.9.2	2.55.0	1000	150	untracked	4	1.357	7.786	1	1	0	1	1788326606.250577	1788326606.417477	215206901	215207512
2026-09-02T05:21:36Z	8dc0b5fea25671d6745a556bffb740d3866e189c	352c096f011eb282f12e6d4c12281340fac96b635a2879cc065d7637a6592872	wsh-trace	local	85f46b8f2b5e49cf13f719b9b9a3b75eeea70f6d1c2fdf73a71ed8d9803776e9	2264a8042763edf2620cfe32d96b096e1f3d26aa	5.9.2	2.55.0	1000	150	untracked	5	1.230	7.450	1	1	0	1	1788326606.761995	1788326606.927543	215208501	215208834
2026-09-02T05:21:36Z	8dc0b5fea25671d6745a556bffb740d3866e189c	352c096f011eb282f12e6d4c12281340fac96b635a2879cc065d7637a6592872	wsh-trace	local	85f46b8f2b5e49cf13f719b9b9a3b75eeea70f6d1c2fdf73a71ed8d9803776e9	2264a8042763edf2620cfe32d96b096e1f3d26aa	5.9.2	2.55.0	1000	150	untracked	6	1.288	7.687	1	1	0	1	1788326607.270967	1788326607.437747	215211186	215212542
2026-09-02T05:21:36Z	8dc0b5fea25671d6745a556bffb740d3866e189c	352c096f011eb282f12e6d4c12281340fac96b635a2879cc065d7637a6592872	wsh-trace	local	85f46b8f2b5e49cf13f719b9b9a3b75eeea70f6d1c2fdf73a71ed8d9803776e9	2264a8042763edf2620cfe32d96b096e1f3d26aa	5.9.2	2.55.0	1000	150	untracked	7	1.303	8.329	1	1	0	1	1788326607.779999	1788326607.948555	215217208	215218537
2026-09-02T05:21:36Z	8dc0b5fea25671d6745a556bffb740d3866e189c	352c096f011eb282f12e6d4c12281340fac96b635a2879cc065d7637a6592872	wsh-trace	local	85f46b8f2b5e49cf13f719b9b9a3b75eeea70f6d1c2fdf73a71ed8d9803776e9	2264a8042763edf2620cfe32d96b096e1f3d26aa	5.9.2	2.55.0	1000	150	untracked	8	1.311	7.917	1	1	0	1	1788326608.291660	1788326608.458884	215221881	215224118
2026-09-02T05:21:36Z	8dc0b5fea25671d6745a556bffb740d3866e189c	352c096f011eb282f12e6d4c12281340fac96b635a2879cc065d7637a6592872	wsh-trace	local	85f46b8f2b5e49cf13f719b9b9a3b75eeea70f6d1c2fdf73a71ed8d9803776e9	2264a8042763edf2620cfe32d96b096e1f3d26aa	5.9.2	2.55.0	1000	150	untracked	9	1.305	7.636	1	1	0	1	1788326608.799898	1788326608.967592	215230154	215233205
2026-09-02T05:21:36Z	8dc0b5fea25671d6745a556bffb740d3866e189c	352c096f011eb282f12e6d4c12281340fac96b635a2879cc065d7637a6592872	wsh-trace	local	85f46b8f2b5e49cf13f719b9b9a3b75eeea70f6d1c2fdf73a71ed8d9803776e9	2264a8042763edf2620cfe32d96b096e1f3d26aa	5.9.2	2.55.0	1000	150	untracked	10	1.546	6.907	1	1	0	1	1788326609.313571	1788326609.480632	215237274	215240060
2026-09-02T05:21:36Z	8dc0b5fea25671d6745a556bffb740d3866e189c	352c096f011eb282f12e6d4c12281340fac96b635a2879cc065d7637a6592872	wsh-trace	local	85f46b8f2b5e49cf13f719b9b9a3b75eeea70f6d1c2fdf73a71ed8d9803776e9	2264a8042763edf2620cfe32d96b096e1f3d26aa	5.9.2	2.55.0	1000	150	untracked	11	1.251	7.052	1	1	0	1	1788326609.827716	1788326609.994176	215243843	215245813
2026-09-02T05:21:36Z	8dc0b5fea25671d6745a556bffb740d3866e189c	352c096f011eb282f12e6d4c12281340fac96b635a2879cc065d7637a6592872	wsh-trace	local	85f46b8f2b5e49cf13f719b9b9a3b75eeea70f6d1c2fdf73a71ed8d9803776e9	2264a8042763edf2620cfe32d96b096e1f3d26aa	5.9.2	2.55.0	1000	150	untracked	12	1.105	8.048	1	1	0	1	1788326610.339755	1788326610.508707	215250053	215253338
2026-09-02T05:21:36Z	8dc0b5fea25671d6745a556bffb740d3866e189c	352c096f011eb282f12e6d4c12281340fac96b635a2879cc065d7637a6592872	wsh-trace	local	85f46b8f2b5e49cf13f719b9b9a3b75eeea70f6d1c2fdf73a71ed8d9803776e9	2264a8042763edf2620cfe32d96b096e1f3d26aa	5.9.2	2.55.0	1000	150	untracked	13	1.098	7.600	1	1	0	1	1788326610.854799	1788326611.022685	215258419	215260752
2026-09-02T05:21:36Z	8dc0b5fea25671d6745a556bffb740d3866e189c	352c096f011eb282f12e6d4c12281340fac96b635a2879cc065d7637a6592872	wsh-trace	local	85f46b8f2b5e49cf13f719b9b9a3b75eeea70f6d1c2fdf73a71ed8d9803776e9	2264a8042763edf2620cfe32d96b096e1f3d26aa	5.9.2	2.55.0	1000	150	untracked	14	1.350	8.112	1	1	0	1	1788326611.366100	1788326611.532915	215265178	215266597
2026-09-02T05:21:36Z	8dc0b5fea25671d6745a556bffb740d3866e189c	352c096f011eb282f12e6d4c12281340fac96b635a2879cc065d7637a6592872	wsh-trace	local	85f46b8f2b5e49cf13f719b9b9a3b75eeea70f6d1c2fdf73a71ed8d9803776e9	2264a8042763edf2620cfe32d96b096e1f3d26aa	5.9.2	2.55.0	1000	150	untracked	15	1.301	7.667	1	1	0	1	1788326611.874401	1788326612.041651	215271117	215274048
2026-09-02T05:21:36Z	8dc0b5fea25671d6745a556bffb740d3866e189c	352c096f011eb282f12e6d4c12281340fac96b635a2879cc065d7637a6592872	wsh-trace	local	85f46b8f2b5e49cf13f719b9b9a3b75eeea70f6d1c2fdf73a71ed8d9803776e9	2264a8042763edf2620cfe32d96b096e1f3d26aa	5.9.2	2.55.0	1000	150	untracked	16	1.368	7.301	1	1	0	1	1788326612.383515	1788326612.549677	215277540	215280555
2026-09-02T05:21:36Z	8dc0b5fea25671d6745a556bffb740d3866e189c	352c096f011eb282f12e6d4c12281340fac96b635a2879cc065d7637a6592872	wsh-trace	local	85f46b8f2b5e49cf13f719b9b9a3b75eeea70f6d1c2fdf73a71ed8d9803776e9	2264a8042763edf2620cfe32d96b096e1f3d26aa	5.9.2	2.55.0	1000	150	untracked	17	1.328	7.117	1	1	0	1	1788326612.891854	1788326613.057884	215284542	215287164
2026-09-02T05:21:36Z	8dc0b5fea25671d6745a556bffb740d3866e189c	352c096f011eb282f12e6d4c12281340fac96b635a2879cc065d7637a6592872	wsh-trace	local	85f46b8f2b5e49cf13f719b9b9a3b75eeea70f6d1c2fdf73a71ed8d9803776e9	2264a8042763edf2620cfe32d96b096e1f3d26aa	5.9.2	2.55.0	1000	150	untracked	18	1.100	7.551	1	1	0	1	1788326613.400835	1788326613.568844	215291547	215295164
2026-09-02T05:21:36Z	8dc0b5fea25671d6745a556bffb740d3866e189c	352c096f011eb282f12e6d4c12281340fac96b635a2879cc065d7637a6592872	wsh-trace	local	85f46b8f2b5e49cf13f719b9b9a3b75eeea70f6d1c2fdf73a71ed8d9803776e9	2264a8042763edf2620cfe32d96b096e1f3d26aa	5.9.2	2.55.0	1000	150	untracked	19	1.362	7.253	1	1	0	1	1788326613.912126	1788326614.079019	215301725	215303822
2026-09-02T05:21:36Z	8dc0b5fea25671d6745a556bffb740d3866e189c	352c096f011eb282f12e6d4c12281340fac96b635a2879cc065d7637a6592872	wsh-trace	local	85f46b8f2b5e49cf13f719b9b9a3b75eeea70f6d1c2fdf73a71ed8d9803776e9	2264a8042763edf2620cfe32d96b096e1f3d26aa	5.9.2	2.55.0	1000	150	untracked	20	1.257	7.394	1	1	0	1	1788326614.422369	1788326614.590652	215308143	215311472
