snapshot_at_utc	benchmark_commit	runner_sha256	target	target_kind	target_commit	omz_commit	zsh_version	git_version	fixture_files	settle_ms	state	iteration	first_ms	settled_ms	repaints	git_calls	unlocked_calls	semantic_pass	measurement_started_epoch_seconds	measurement_finished_epoch_seconds	cpu_psi_some_total_before	cpu_psi_some_total_after
2026-09-02T07:01:28Z	8dc0b5fea25671d6745a556bffb740d3866e189c	352c096f011eb282f12e6d4c12281340fac96b635a2879cc065d7637a6592872	raw	control	5.9.2	2264a8042763edf2620cfe32d96b096e1f3d26aa	5.9.2	2.55.0	1000	150	clean	1	0.381	0.381	0	0	0	na	1788332488.540877	1788332488.694208	253530454	253530578
2026-09-02T07:01:28Z	8dc0b5fea25671d6745a556bffb740d3866e189c	352c096f011eb282f12e6d4c12281340fac96b635a2879cc065d7637a6592872	raw	control	5.9.2	2264a8042763edf2620cfe32d96b096e1f3d26aa	5.9.2	2.55.0	1000	150	clean	2	0.442	0.442	0	0	0	na	1788332488.847425	1788332489.000882	253530801	253530927
2026-09-02T07:01:28Z	8dc0b5fea25671d6745a556bffb740d3866e189c	352c096f011eb282f12e6d4c12281340fac96b635a2879cc065d7637a6592872	raw	control	5.9.2	2264a8042763edf2620cfe32d96b096e1f3d26aa	5.9.2	2.55.0	1000	150	clean	3	0.450	0.450	0	0	0	na	1788332489.154715	1788332489.308222	253531153	253531368
2026-09-02T07:01:28Z	8dc0b5fea25671d6745a556bffb740d3866e189c	352c096f011eb282f12e6d4c12281340fac96b635a2879cc065d7637a6592872	raw	control	5.9.2	2264a8042763edf2620cfe32d96b096e1f3d26aa	5.9.2	2.55.0	1000	150	clean	4	0.386	0.386	0	0	0	na	1788332489.461471	1788332489.615115	253531518	253531669
2026-09-02T07:01:28Z	8dc0b5fea25671d6745a556bffb740d3866e189c	352c096f011eb282f12e6d4c12281340fac96b635a2879cc065d7637a6592872	raw	control	5.9.2	2264a8042763edf2620cfe32d96b096e1f3d26aa	5.9.2	2.55.0	1000	150	clean	5	0.420	0.420	0	0	0	na	1788332489.768713	1788332489.922255	253531872	253532021
2026-09-02T07:01:28Z	8dc0b5fea25671d6745a556bffb740d3866e189c	352c096f011eb282f12e6d4c12281340fac96b635a2879cc065d7637a6592872	raw	control	5.9.2	2264a8042763edf2620cfe32d96b096e1f3d26aa	5.9.2	2.55.0	1000	150	clean	6	0.398	0.398	0	0	0	na	1788332490.075785	1788332490.229137	253532194	253532312
2026-09-02T07:01:28Z	8dc0b5fea25671d6745a556bffb740d3866e189c	352c096f011eb282f12e6d4c12281340fac96b635a2879cc065d7637a6592872	raw	control	5.9.2	2264a8042763edf2620cfe32d96b096e1f3d26aa	5.9.2	2.55.0	1000	150	clean	7	0.386	0.386	0	0	0	na	1788332490.382307	1788332490.535650	253532475	253532599
2026-09-02T07:01:28Z	8dc0b5fea25671d6745a556bffb740d3866e189c	352c096f011eb282f12e6d4c12281340fac96b635a2879cc065d7637a6592872	raw	control	5.9.2	2264a8042763edf2620cfe32d96b096e1f3d26aa	5.9.2	2.55.0	1000	150	clean	8	0.396	0.396	0	0	0	na	1788332490.689265	1788332490.842502	253532760	253533002
2026-09-02T07:01:28Z	8dc0b5fea25671d6745a556bffb740d3866e189c	352c096f011eb282f12e6d4c12281340fac96b635a2879cc065d7637a6592872	raw	control	5.9.2	2264a8042763edf2620cfe32d96b096e1f3d26aa	5.9.2	2.55.0	1000	150	clean	9	0.392	0.392	0	0	0	na	1788332490.995853	1788332491.149863	253533150	253533547
2026-09-02T07:01:28Z	8dc0b5fea25671d6745a556bffb740d3866e189c	352c096f011eb282f12e6d4c12281340fac96b635a2879cc065d7637a6592872	raw	control	5.9.2	2264a8042763edf2620cfe32d96b096e1f3d26aa	5.9.2	2.55.0	1000	150	clean	10	0.388	0.388	0	0	0	na	1788332491.304192	1788332491.458046	253535038	253535132
2026-09-02T07:01:28Z	8dc0b5fea25671d6745a556bffb740d3866e189c	352c096f011eb282f12e6d4c12281340fac96b635a2879cc065d7637a6592872	raw	control	5.9.2	2264a8042763edf2620cfe32d96b096e1f3d26aa	5.9.2	2.55.0	1000	150	clean	11	0.429	0.429	0	0	0	na	1788332491.611296	1788332491.764790	253535267	253535566
2026-09-02T07:01:28Z	8dc0b5fea25671d6745a556bffb740d3866e189c	352c096f011eb282f12e6d4c12281340fac96b635a2879cc065d7637a6592872	raw	control	5.9.2	2264a8042763edf2620cfe32d96b096e1f3d26aa	5.9.2	2.55.0	1000	150	clean	12	0.397	0.397	0	0	0	na	1788332491.917965	1788332492.071164	253535701	253535827
2026-09-02T07:01:28Z	8dc0b5fea25671d6745a556bffb740d3866e189c	352c096f011eb282f12e6d4c12281340fac96b635a2879cc065d7637a6592872	raw	control	5.9.2	2264a8042763edf2620cfe32d96b096e1f3d26aa	5.9.2	2.55.0	1000	150	clean	13	0.377	0.377	0	0	0	na	1788332492.224316	1788332492.377651	253536032	253536205
2026-09-02T07:01:28Z	8dc0b5fea25671d6745a556bffb740d3866e189c	352c096f011eb282f12e6d4c12281340fac96b635a2879cc065d7637a6592872	raw	control	5.9.2	2264a8042763edf2620cfe32d96b096e1f3d26aa	5.9.2	2.55.0	1000	150	clean	14	0.387	0.387	0	0	0	na	1788332492.531397	1788332492.685161	253536342	253536491
2026-09-02T07:01:28Z	8dc0b5fea25671d6745a556bffb740d3866e189c	352c096f011eb282f12e6d4c12281340fac96b635a2879cc065d7637a6592872	raw	control	5.9.2	2264a8042763edf2620cfe32d96b096e1f3d26aa	5.9.2	2.55.0	1000	150	clean	15	0.458	0.458	0	0	0	na	1788332492.838585	1788332492.992087	253536646	253536764
2026-09-02T07:01:28Z	8dc0b5fea25671d6745a556bffb740d3866e189c	352c096f011eb282f12e6d4c12281340fac96b635a2879cc065d7637a6592872	raw	control	5.9.2	2264a8042763edf2620cfe32d96b096e1f3d26aa	5.9.2	2.55.0	1000	150	clean	16	0.420	0.420	0	0	0	na	1788332493.145328	1788332493.299041	253536959	253537159
2026-09-02T07:01:28Z	8dc0b5fea25671d6745a556bffb740d3866e189c	352c096f011eb282f12e6d4c12281340fac96b635a2879cc065d7637a6592872	raw	control	5.9.2	2264a8042763edf2620cfe32d96b096e1f3d26aa	5.9.2	2.55.0	1000	150	clean	17	0.408	0.408	0	0	0	na	1788332493.452288	1788332493.605439	253537308	253537439
2026-09-02T07:01:28Z	8dc0b5fea25671d6745a556bffb740d3866e189c	352c096f011eb282f12e6d4c12281340fac96b635a2879cc065d7637a6592872	raw	control	5.9.2	2264a8042763edf2620cfe32d96b096e1f3d26aa	5.9.2	2.55.0	1000	150	clean	18	0.373	0.373	0	0	0	na	1788332493.758567	1788332493.912034	253537662	253537936
2026-09-02T07:01:28Z	8dc0b5fea25671d6745a556bffb740d3866e189c	352c096f011eb282f12e6d4c12281340fac96b635a2879cc065d7637a6592872	raw	control	5.9.2	2264a8042763edf2620cfe32d96b096e1f3d26aa	5.9.2	2.55.0	1000	150	clean	19	0.409	0.409	0	0	0	na	1788332494.065307	1788332494.218716	253538088	253538218
2026-09-02T07:01:28Z	8dc0b5fea25671d6745a556bffb740d3866e189c	352c096f011eb282f12e6d4c12281340fac96b635a2879cc065d7637a6592872	raw	control	5.9.2	2264a8042763edf2620cfe32d96b096e1f3d26aa	5.9.2	2.55.0	1000	150	clean	20	0.516	0.516	0	0	0	na	1788332494.372350	1788332494.526003	253538429	253538530
2026-09-02T07:01:28Z	8dc0b5fea25671d6745a556bffb740d3866e189c	352c096f011eb282f12e6d4c12281340fac96b635a2879cc065d7637a6592872	raw	control	5.9.2	2264a8042763edf2620cfe32d96b096e1f3d26aa	5.9.2	2.55.0	1000	150	dirty	1	0.354	0.354	0	0	0	na	1788332494.706555	1788332494.859769	253538858	253539002
2026-09-02T07:01:28Z	8dc0b5fea25671d6745a556bffb740d3866e189c	352c096f011eb282f12e6d4c12281340fac96b635a2879cc065d7637a6592872	raw	control	5.9.2	2264a8042763edf2620cfe32d96b096e1f3d26aa	5.9.2	2.55.0	1000	150	dirty	2	0.384	0.384	0	0	0	na	1788332495.013316	1788332495.166695	253539173	253539328
2026-09-02T07:01:28Z	8dc0b5fea25671d6745a556bffb740d3866e189c	352c096f011eb282f12e6d4c12281340fac96b635a2879cc065d7637a6592872	raw	control	5.9.2	2264a8042763edf2620cfe32d96b096e1f3d26aa	5.9.2	2.55.0	1000	150	dirty	3	0.377	0.377	0	0	0	na	1788332495.319974	1788332495.473342	253539577	253539731
2026-09-02T07:01:28Z	8dc0b5fea25671d6745a556bffb740d3866e189c	352c096f011eb282f12e6d4c12281340fac96b635a2879cc065d7637a6592872	raw	control	5.9.2	2264a8042763edf2620cfe32d96b096e1f3d26aa	5.9.2	2.55.0	1000	150	dirty	4	0.369	0.369	0	0	0	na	1788332495.627001	1788332495.780549	253540095	253540515
2026-09-02T07:01:28Z	8dc0b5fea25671d6745a556bffb740d3866e189c	352c096f011eb282f12e6d4c12281340fac96b635a2879cc065d7637a6592872	raw	control	5.9.2	2264a8042763edf2620cfe32d96b096e1f3d26aa	5.9.2	2.55.0	1000	150	dirty	5	0.370	0.370	0	0	0	na	1788332495.934054	1788332496.087670	253540969	253541127
2026-09-02T07:01:28Z	8dc0b5fea25671d6745a556bffb740d3866e189c	352c096f011eb282f12e6d4c12281340fac96b635a2879cc065d7637a6592872	raw	control	5.9.2	2264a8042763edf2620cfe32d96b096e1f3d26aa	5.9.2	2.55.0	1000	150	dirty	6	0.433	0.433	0	0	0	na	1788332496.241328	1788332496.395674	253541398	253541755
2026-09-02T07:01:28Z	8dc0b5fea25671d6745a556bffb740d3866e189c	352c096f011eb282f12e6d4c12281340fac96b635a2879cc065d7637a6592872	raw	control	5.9.2	2264a8042763edf2620cfe32d96b096e1f3d26aa	5.9.2	2.55.0	1000	150	dirty	7	0.381	0.381	0	0	0	na	1788332496.549412	1788332496.702906	253542228	253542863
2026-09-02T07:01:28Z	8dc0b5fea25671d6745a556bffb740d3866e189c	352c096f011eb282f12e6d4c12281340fac96b635a2879cc065d7637a6592872	raw	control	5.9.2	2264a8042763edf2620cfe32d96b096e1f3d26aa	5.9.2	2.55.0	1000	150	dirty	8	0.345	0.345	0	0	0	na	1788332496.856524	1788332497.010106	253543129	253543535
2026-09-02T07:01:28Z	8dc0b5fea25671d6745a556bffb740d3866e189c	352c096f011eb282f12e6d4c12281340fac96b635a2879cc065d7637a6592872	raw	control	5.9.2	2264a8042763edf2620cfe32d96b096e1f3d26aa	5.9.2	2.55.0	1000	150	dirty	9	0.347	0.347	0	0	0	na	1788332497.163641	1788332497.317042	253543797	253543967
2026-09-02T07:01:28Z	8dc0b5fea25671d6745a556bffb740d3866e189c	352c096f011eb282f12e6d4c12281340fac96b635a2879cc065d7637a6592872	raw	control	5.9.2	2264a8042763edf2620cfe32d96b096e1f3d26aa	5.9.2	2.55.0	1000	150	dirty	10	0.353	0.353	0	0	0	na	1788332497.470746	1788332497.624037	253544169	253544347
2026-09-02T07:01:28Z	8dc0b5fea25671d6745a556bffb740d3866e189c	352c096f011eb282f12e6d4c12281340fac96b635a2879cc065d7637a6592872	raw	control	5.9.2	2264a8042763edf2620cfe32d96b096e1f3d26aa	5.9.2	2.55.0	1000	150	dirty	11	0.365	0.365	0	0	0	na	1788332497.777444	1788332497.930717	253544535	253544718
2026-09-02T07:01:28Z	8dc0b5fea25671d6745a556bffb740d3866e189c	352c096f011eb282f12e6d4c12281340fac96b635a2879cc065d7637a6592872	raw	control	5.9.2	2264a8042763edf2620cfe32d96b096e1f3d26aa	5.9.2	2.55.0	1000	150	dirty	12	0.368	0.368	0	0	0	na	1788332498.084047	1788332498.237549	253544965	253545219
2026-09-02T07:01:28Z	8dc0b5fea25671d6745a556bffb740d3866e189c	352c096f011eb282f12e6d4c12281340fac96b635a2879cc065d7637a6592872	raw	control	5.9.2	2264a8042763edf2620cfe32d96b096e1f3d26aa	5.9.2	2.55.0	1000	150	dirty	13	0.350	0.350	0	0	0	na	1788332498.391079	1788332498.544818	253545395	253545586
2026-09-02T07:01:28Z	8dc0b5fea25671d6745a556bffb740d3866e189c	352c096f011eb282f12e6d4c12281340fac96b635a2879cc065d7637a6592872	raw	control	5.9.2	2264a8042763edf2620cfe32d96b096e1f3d26aa	5.9.2	2.55.0	1000	150	dirty	14	0.424	0.424	0	0	0	na	1788332498.698749	1788332498.852514	253545723	253545906
2026-09-02T07:01:28Z	8dc0b5fea25671d6745a556bffb740d3866e189c	352c096f011eb282f12e6d4c12281340fac96b635a2879cc065d7637a6592872	raw	control	5.9.2	2264a8042763edf2620cfe32d96b096e1f3d26aa	5.9.2	2.55.0	1000	150	dirty	15	0.361	0.361	0	0	0	na	1788332499.005625	1788332499.158723	253546058	253546279
2026-09-02T07:01:28Z	8dc0b5fea25671d6745a556bffb740d3866e189c	352c096f011eb282f12e6d4c12281340fac96b635a2879cc065d7637a6592872	raw	control	5.9.2	2264a8042763edf2620cfe32d96b096e1f3d26aa	5.9.2	2.55.0	1000	150	dirty	16	0.371	0.371	0	0	0	na	1788332499.312050	1788332499.465456	253546451	253546636
2026-09-02T07:01:28Z	8dc0b5fea25671d6745a556bffb740d3866e189c	352c096f011eb282f12e6d4c12281340fac96b635a2879cc065d7637a6592872	raw	control	5.9.2	2264a8042763edf2620cfe32d96b096e1f3d26aa	5.9.2	2.55.0	1000	150	dirty	17	0.400	0.400	0	0	0	na	1788332499.618688	1788332499.772058	253546812	253546968
2026-09-02T07:01:28Z	8dc0b5fea25671d6745a556bffb740d3866e189c	352c096f011eb282f12e6d4c12281340fac96b635a2879cc065d7637a6592872	raw	control	5.9.2	2264a8042763edf2620cfe32d96b096e1f3d26aa	5.9.2	2.55.0	1000	150	dirty	18	0.407	0.407	0	0	0	na	1788332499.925309	1788332500.078682	253547097	253547242
2026-09-02T07:01:28Z	8dc0b5fea25671d6745a556bffb740d3866e189c	352c096f011eb282f12e6d4c12281340fac96b635a2879cc065d7637a6592872	raw	control	5.9.2	2264a8042763edf2620cfe32d96b096e1f3d26aa	5.9.2	2.55.0	1000	150	dirty	19	0.396	0.396	0	0	0	na	1788332500.231910	1788332500.385249	253547408	253547578
2026-09-02T07:01:28Z	8dc0b5fea25671d6745a556bffb740d3866e189c	352c096f011eb282f12e6d4c12281340fac96b635a2879cc065d7637a6592872	raw	control	5.9.2	2264a8042763edf2620cfe32d96b096e1f3d26aa	5.9.2	2.55.0	1000	150	dirty	20	0.465	0.465	0	0	0	na	1788332500.539074	1788332500.692870	253547747	253547839
2026-09-02T07:01:28Z	8dc0b5fea25671d6745a556bffb740d3866e189c	352c096f011eb282f12e6d4c12281340fac96b635a2879cc065d7637a6592872	raw	control	5.9.2	2264a8042763edf2620cfe32d96b096e1f3d26aa	5.9.2	2.55.0	1000	150	untracked	1	0.428	0.428	0	0	0	na	1788332500.868084	1788332501.021174	253548215	253548387
2026-09-02T07:01:28Z	8dc0b5fea25671d6745a556bffb740d3866e189c	352c096f011eb282f12e6d4c12281340fac96b635a2879cc065d7637a6592872	raw	control	5.9.2	2264a8042763edf2620cfe32d96b096e1f3d26aa	5.9.2	2.55.0	1000	150	untracked	2	0.397	0.397	0	0	0	na	1788332501.175580	1788332501.328931	253548599	253548769
2026-09-02T07:01:28Z	8dc0b5fea25671d6745a556bffb740d3866e189c	352c096f011eb282f12e6d4c12281340fac96b635a2879cc065d7637a6592872	raw	control	5.9.2	2264a8042763edf2620cfe32d96b096e1f3d26aa	5.9.2	2.55.0	1000	150	untracked	3	0.381	0.381	0	0	0	na	1788332501.483621	1788332501.637056	253548899	253549083
2026-09-02T07:01:28Z	8dc0b5fea25671d6745a556bffb740d3866e189c	352c096f011eb282f12e6d4c12281340fac96b635a2879cc065d7637a6592872	raw	control	5.9.2	2264a8042763edf2620cfe32d96b096e1f3d26aa	5.9.2	2.55.0	1000	150	untracked	4	0.355	0.355	0	0	0	na	1788332501.791611	1788332501.944845	253549397	253549518
2026-09-02T07:01:28Z	8dc0b5fea25671d6745a556bffb740d3866e189c	352c096f011eb282f12e6d4c12281340fac96b635a2879cc065d7637a6592872	raw	control	5.9.2	2264a8042763edf2620cfe32d96b096e1f3d26aa	5.9.2	2.55.0	1000	150	untracked	5	0.384	0.384	0	0	0	na	1788332502.099418	1788332502.252674	253549630	253549755
2026-09-02T07:01:28Z	8dc0b5fea25671d6745a556bffb740d3866e189c	352c096f011eb282f12e6d4c12281340fac96b635a2879cc065d7637a6592872	raw	control	5.9.2	2264a8042763edf2620cfe32d96b096e1f3d26aa	5.9.2	2.55.0	1000	150	untracked	6	0.395	0.395	0	0	0	na	1788332502.407118	1788332502.560428	253549892	253550015
2026-09-02T07:01:28Z	8dc0b5fea25671d6745a556bffb740d3866e189c	352c096f011eb282f12e6d4c12281340fac96b635a2879cc065d7637a6592872	raw	control	5.9.2	2264a8042763edf2620cfe32d96b096e1f3d26aa	5.9.2	2.55.0	1000	150	untracked	7	0.367	0.367	0	0	0	na	1788332502.715024	1788332502.868290	253550374	253550596
2026-09-02T07:01:28Z	8dc0b5fea25671d6745a556bffb740d3866e189c	352c096f011eb282f12e6d4c12281340fac96b635a2879cc065d7637a6592872	raw	control	5.9.2	2264a8042763edf2620cfe32d96b096e1f3d26aa	5.9.2	2.55.0	1000	150	untracked	8	0.368	0.368	0	0	0	na	1788332503.022934	1788332503.176261	253550740	253550879
2026-09-02T07:01:28Z	8dc0b5fea25671d6745a556bffb740d3866e189c	352c096f011eb282f12e6d4c12281340fac96b635a2879cc065d7637a6592872	raw	control	5.9.2	2264a8042763edf2620cfe32d96b096e1f3d26aa	5.9.2	2.55.0	1000	150	untracked	9	0.439	0.439	0	0	0	na	1788332503.330805	1788332503.483973	253551009	253551134
2026-09-02T07:01:28Z	8dc0b5fea25671d6745a556bffb740d3866e189c	352c096f011eb282f12e6d4c12281340fac96b635a2879cc065d7637a6592872	raw	control	5.9.2	2264a8042763edf2620cfe32d96b096e1f3d26aa	5.9.2	2.55.0	1000	150	untracked	10	0.438	0.438	0	0	0	na	1788332503.638401	1788332503.791759	253551327	253551457
2026-09-02T07:01:28Z	8dc0b5fea25671d6745a556bffb740d3866e189c	352c096f011eb282f12e6d4c12281340fac96b635a2879cc065d7637a6592872	raw	control	5.9.2	2264a8042763edf2620cfe32d96b096e1f3d26aa	5.9.2	2.55.0	1000	150	untracked	11	0.383	0.383	0	0	0	na	1788332503.946434	1788332504.099759	253552268	253552387
2026-09-02T07:01:28Z	8dc0b5fea25671d6745a556bffb740d3866e189c	352c096f011eb282f12e6d4c12281340fac96b635a2879cc065d7637a6592872	raw	control	5.9.2	2264a8042763edf2620cfe32d96b096e1f3d26aa	5.9.2	2.55.0	1000	150	untracked	12	0.371	0.371	0	0	0	na	1788332504.254223	1788332504.407362	253552521	253552652
2026-09-02T07:01:28Z	8dc0b5fea25671d6745a556bffb740d3866e189c	352c096f011eb282f12e6d4c12281340fac96b635a2879cc065d7637a6592872	raw	control	5.9.2	2264a8042763edf2620cfe32d96b096e1f3d26aa	5.9.2	2.55.0	1000	150	untracked	13	0.465	0.465	0	0	0	na	1788332504.561751	1788332504.715398	253552756	253552888
2026-09-02T07:01:28Z	8dc0b5fea25671d6745a556bffb740d3866e189c	352c096f011eb282f12e6d4c12281340fac96b635a2879cc065d7637a6592872	raw	control	5.9.2	2264a8042763edf2620cfe32d96b096e1f3d26aa	5.9.2	2.55.0	1000	150	untracked	14	0.387	0.387	0	0	0	na	1788332504.870302	1788332505.023751	253553208	253553350
2026-09-02T07:01:28Z	8dc0b5fea25671d6745a556bffb740d3866e189c	352c096f011eb282f12e6d4c12281340fac96b635a2879cc065d7637a6592872	raw	control	5.9.2	2264a8042763edf2620cfe32d96b096e1f3d26aa	5.9.2	2.55.0	1000	150	untracked	15	0.386	0.386	0	0	0	na	1788332505.178633	1788332505.332370	253553513	253553964
2026-09-02T07:01:28Z	8dc0b5fea25671d6745a556bffb740d3866e189c	352c096f011eb282f12e6d4c12281340fac96b635a2879cc065d7637a6592872	raw	control	5.9.2	2264a8042763edf2620cfe32d96b096e1f3d26aa	5.9.2	2.55.0	1000	150	untracked	16	0.385	0.385	0	0	0	na	1788332505.486810	1788332505.640032	253554082	253554195
2026-09-02T07:01:28Z	8dc0b5fea25671d6745a556bffb740d3866e189c	352c096f011eb282f12e6d4c12281340fac96b635a2879cc065d7637a6592872	raw	control	5.9.2	2264a8042763edf2620cfe32d96b096e1f3d26aa	5.9.2	2.55.0	1000	150	untracked	17	0.394	0.394	0	0	0	na	1788332505.794463	1788332505.947915	253554334	253554491
2026-09-02T07:01:28Z	8dc0b5fea25671d6745a556bffb740d3866e189c	352c096f011eb282f12e6d4c12281340fac96b635a2879cc065d7637a6592872	raw	control	5.9.2	2264a8042763edf2620cfe32d96b096e1f3d26aa	5.9.2	2.55.0	1000	150	untracked	18	0.402	0.402	0	0	0	na	1788332506.102713	1788332506.256420	253554623	253554792
2026-09-02T07:01:28Z	8dc0b5fea25671d6745a556bffb740d3866e189c	352c096f011eb282f12e6d4c12281340fac96b635a2879cc065d7637a6592872	raw	control	5.9.2	2264a8042763edf2620cfe32d96b096e1f3d26aa	5.9.2	2.55.0	1000	150	untracked	19	0.424	0.424	0	0	0	na	1788332506.411003	1788332506.564354	253554917	253555102
2026-09-02T07:01:28Z	8dc0b5fea25671d6745a556bffb740d3866e189c	352c096f011eb282f12e6d4c12281340fac96b635a2879cc065d7637a6592872	raw	control	5.9.2	2264a8042763edf2620cfe32d96b096e1f3d26aa	5.9.2	2.55.0	1000	150	untracked	20	0.464	0.464	0	0	0	na	1788332506.718969	1788332506.872252	253555279	253555437
2026-09-02T07:01:28Z	8dc0b5fea25671d6745a556bffb740d3866e189c	352c096f011eb282f12e6d4c12281340fac96b635a2879cc065d7637a6592872	direct-git	control	2.55.0	2264a8042763edf2620cfe32d96b096e1f3d26aa	5.9.2	2.55.0	1000	150	clean	1	5.548	5.548	0	1	0	na	1788332507.230839	1788332507.390321	253555819	253556029
2026-09-02T07:01:28Z	8dc0b5fea25671d6745a556bffb740d3866e189c	352c096f011eb282f12e6d4c12281340fac96b635a2879cc065d7637a6592872	direct-git	control	2.55.0	2264a8042763edf2620cfe32d96b096e1f3d26aa	5.9.2	2.55.0	1000	150	clean	2	5.905	5.905	0	1	0	na	1788332507.549312	1788332507.708593	253556132	253556324
2026-09-02T07:01:28Z	8dc0b5fea25671d6745a556bffb740d3866e189c	352c096f011eb282f12e6d4c12281340fac96b635a2879cc065d7637a6592872	direct-git	control	2.55.0	2264a8042763edf2620cfe32d96b096e1f3d26aa	5.9.2	2.55.0	1000	150	clean	3	5.235	5.235	0	1	0	na	1788332507.867295	1788332508.026922	253556671	253557193
2026-09-02T07:01:28Z	8dc0b5fea25671d6745a556bffb740d3866e189c	352c096f011eb282f12e6d4c12281340fac96b635a2879cc065d7637a6592872	direct-git	control	2.55.0	2264a8042763edf2620cfe32d96b096e1f3d26aa	5.9.2	2.55.0	1000	150	clean	4	5.117	5.117	0	1	0	na	1788332508.185664	1788332508.344315	253557335	253557490
2026-09-02T07:01:28Z	8dc0b5fea25671d6745a556bffb740d3866e189c	352c096f011eb282f12e6d4c12281340fac96b635a2879cc065d7637a6592872	direct-git	control	2.55.0	2264a8042763edf2620cfe32d96b096e1f3d26aa	5.9.2	2.55.0	1000	150	clean	5	5.372	5.372	0	1	0	na	1788332508.503175	1788332508.662986	253557653	253558006
2026-09-02T07:01:28Z	8dc0b5fea25671d6745a556bffb740d3866e189c	352c096f011eb282f12e6d4c12281340fac96b635a2879cc065d7637a6592872	direct-git	control	2.55.0	2264a8042763edf2620cfe32d96b096e1f3d26aa	5.9.2	2.55.0	1000	150	clean	6	5.786	5.786	0	1	0	na	1788332508.822327	1788332508.981513	253558158	253558307
2026-09-02T07:01:28Z	8dc0b5fea25671d6745a556bffb740d3866e189c	352c096f011eb282f12e6d4c12281340fac96b635a2879cc065d7637a6592872	direct-git	control	2.55.0	2264a8042763edf2620cfe32d96b096e1f3d26aa	5.9.2	2.55.0	1000	150	clean	7	5.341	5.341	0	1	0	na	1788332509.140077	1788332509.298569	253558417	253558533
2026-09-02T07:01:28Z	8dc0b5fea25671d6745a556bffb740d3866e189c	352c096f011eb282f12e6d4c12281340fac96b635a2879cc065d7637a6592872	direct-git	control	2.55.0	2264a8042763edf2620cfe32d96b096e1f3d26aa	5.9.2	2.55.0	1000	150	clean	8	5.450	5.450	0	1	0	na	1788332509.457165	1788332509.615881	253558680	253558802
2026-09-02T07:01:28Z	8dc0b5fea25671d6745a556bffb740d3866e189c	352c096f011eb282f12e6d4c12281340fac96b635a2879cc065d7637a6592872	direct-git	control	2.55.0	2264a8042763edf2620cfe32d96b096e1f3d26aa	5.9.2	2.55.0	1000	150	clean	9	6.273	6.273	0	1	0	na	1788332509.774332	1788332509.933854	253558933	253559261
2026-09-02T07:01:28Z	8dc0b5fea25671d6745a556bffb740d3866e189c	352c096f011eb282f12e6d4c12281340fac96b635a2879cc065d7637a6592872	direct-git	control	2.55.0	2264a8042763edf2620cfe32d96b096e1f3d26aa	5.9.2	2.55.0	1000	150	clean	10	5.227	5.227	0	1	0	na	1788332510.092670	1788332510.251353	253559430	253559570
2026-09-02T07:01:28Z	8dc0b5fea25671d6745a556bffb740d3866e189c	352c096f011eb282f12e6d4c12281340fac96b635a2879cc065d7637a6592872	direct-git	control	2.55.0	2264a8042763edf2620cfe32d96b096e1f3d26aa	5.9.2	2.55.0	1000	150	clean	11	5.326	5.326	0	1	0	na	1788332510.410169	1788332510.569201	253559742	253559899
2026-09-02T07:01:28Z	8dc0b5fea25671d6745a556bffb740d3866e189c	352c096f011eb282f12e6d4c12281340fac96b635a2879cc065d7637a6592872	direct-git	control	2.55.0	2264a8042763edf2620cfe32d96b096e1f3d26aa	5.9.2	2.55.0	1000	150	clean	12	5.665	5.665	0	1	0	na	1788332510.727967	1788332510.887332	253560122	253560415
2026-09-02T07:01:28Z	8dc0b5fea25671d6745a556bffb740d3866e189c	352c096f011eb282f12e6d4c12281340fac96b635a2879cc065d7637a6592872	direct-git	control	2.55.0	2264a8042763edf2620cfe32d96b096e1f3d26aa	5.9.2	2.55.0	1000	150	clean	13	5.286	5.286	0	1	0	na	1788332511.046237	1788332511.205074	253560583	253560771
2026-09-02T07:01:28Z	8dc0b5fea25671d6745a556bffb740d3866e189c	352c096f011eb282f12e6d4c12281340fac96b635a2879cc065d7637a6592872	direct-git	control	2.55.0	2264a8042763edf2620cfe32d96b096e1f3d26aa	5.9.2	2.55.0	1000	150	clean	14	5.218	5.218	0	1	0	na	1788332511.363878	1788332511.522592	253560927	253561095
2026-09-02T07:01:28Z	8dc0b5fea25671d6745a556bffb740d3866e189c	352c096f011eb282f12e6d4c12281340fac96b635a2879cc065d7637a6592872	direct-git	control	2.55.0	2264a8042763edf2620cfe32d96b096e1f3d26aa	5.9.2	2.55.0	1000	150	clean	15	5.167	5.167	0	1	0	na	1788332511.681267	1788332511.840118	253561273	253561465
2026-09-02T07:01:28Z	8dc0b5fea25671d6745a556bffb740d3866e189c	352c096f011eb282f12e6d4c12281340fac96b635a2879cc065d7637a6592872	direct-git	control	2.55.0	2264a8042763edf2620cfe32d96b096e1f3d26aa	5.9.2	2.55.0	1000	150	clean	16	5.952	5.952	0	1	0	na	1788332511.999073	1788332512.158702	253561648	253561805
2026-09-02T07:01:28Z	8dc0b5fea25671d6745a556bffb740d3866e189c	352c096f011eb282f12e6d4c12281340fac96b635a2879cc065d7637a6592872	direct-git	control	2.55.0	2264a8042763edf2620cfe32d96b096e1f3d26aa	5.9.2	2.55.0	1000	150	clean	17	5.479	5.479	0	1	0	na	1788332512.317611	1788332512.476701	253561934	253562090
2026-09-02T07:01:28Z	8dc0b5fea25671d6745a556bffb740d3866e189c	352c096f011eb282f12e6d4c12281340fac96b635a2879cc065d7637a6592872	direct-git	control	2.55.0	2264a8042763edf2620cfe32d96b096e1f3d26aa	5.9.2	2.55.0	1000	150	clean	18	5.152	5.152	0	1	0	na	1788332512.635701	1788332512.794538	253562236	253562447
2026-09-02T07:01:28Z	8dc0b5fea25671d6745a556bffb740d3866e189c	352c096f011eb282f12e6d4c12281340fac96b635a2879cc065d7637a6592872	direct-git	control	2.55.0	2264a8042763edf2620cfe32d96b096e1f3d26aa	5.9.2	2.55.0	1000	150	clean	19	5.623	5.623	0	1	0	na	1788332512.953599	1788332513.112707	253562651	253562876
2026-09-02T07:01:28Z	8dc0b5fea25671d6745a556bffb740d3866e189c	352c096f011eb282f12e6d4c12281340fac96b635a2879cc065d7637a6592872	direct-git	control	2.55.0	2264a8042763edf2620cfe32d96b096e1f3d26aa	5.9.2	2.55.0	1000	150	clean	20	5.403	5.403	0	1	0	na	1788332513.272257	1788332513.431531	253563073	253563286
2026-09-02T07:01:28Z	8dc0b5fea25671d6745a556bffb740d3866e189c	352c096f011eb282f12e6d4c12281340fac96b635a2879cc065d7637a6592872	direct-git	control	2.55.0	2264a8042763edf2620cfe32d96b096e1f3d26aa	5.9.2	2.55.0	1000	150	dirty	1	5.609	5.609	0	1	0	na	1788332513.608707	1788332513.768065	253563525	253563794
2026-09-02T07:01:28Z	8dc0b5fea25671d6745a556bffb740d3866e189c	352c096f011eb282f12e6d4c12281340fac96b635a2879cc065d7637a6592872	direct-git	control	2.55.0	2264a8042763edf2620cfe32d96b096e1f3d26aa	5.9.2	2.55.0	1000	150	dirty	2	5.649	5.649	0	1	0	na	1788332513.927821	1788332514.087326	253563991	253564181
2026-09-02T07:01:28Z	8dc0b5fea25671d6745a556bffb740d3866e189c	352c096f011eb282f12e6d4c12281340fac96b635a2879cc065d7637a6592872	direct-git	control	2.55.0	2264a8042763edf2620cfe32d96b096e1f3d26aa	5.9.2	2.55.0	1000	150	dirty	3	4.948	4.948	0	1	0	na	1788332514.246945	1788332514.405680	253564325	253564494
2026-09-02T07:01:28Z	8dc0b5fea25671d6745a556bffb740d3866e189c	352c096f011eb282f12e6d4c12281340fac96b635a2879cc065d7637a6592872	direct-git	control	2.55.0	2264a8042763edf2620cfe32d96b096e1f3d26aa	5.9.2	2.55.0	1000	150	dirty	4	5.397	5.397	0	1	0	na	1788332514.565322	1788332514.724613	253564656	253564797
2026-09-02T07:01:28Z	8dc0b5fea25671d6745a556bffb740d3866e189c	352c096f011eb282f12e6d4c12281340fac96b635a2879cc065d7637a6592872	direct-git	control	2.55.0	2264a8042763edf2620cfe32d96b096e1f3d26aa	5.9.2	2.55.0	1000	150	dirty	5	5.091	5.091	0	1	0	na	1788332514.884125	1788332515.042876	253564975	253565116
2026-09-02T07:01:28Z	8dc0b5fea25671d6745a556bffb740d3866e189c	352c096f011eb282f12e6d4c12281340fac96b635a2879cc065d7637a6592872	direct-git	control	2.55.0	2264a8042763edf2620cfe32d96b096e1f3d26aa	5.9.2	2.55.0	1000	150	dirty	6	5.116	5.116	0	1	0	na	1788332515.202847	1788332515.361789	253565288	253565460
2026-09-02T07:01:28Z	8dc0b5fea25671d6745a556bffb740d3866e189c	352c096f011eb282f12e6d4c12281340fac96b635a2879cc065d7637a6592872	direct-git	control	2.55.0	2264a8042763edf2620cfe32d96b096e1f3d26aa	5.9.2	2.55.0	1000	150	dirty	7	5.062	5.062	0	1	0	na	1788332515.521242	1788332515.680231	253565610	253565757
2026-09-02T07:01:28Z	8dc0b5fea25671d6745a556bffb740d3866e189c	352c096f011eb282f12e6d4c12281340fac96b635a2879cc065d7637a6592872	direct-git	control	2.55.0	2264a8042763edf2620cfe32d96b096e1f3d26aa	5.9.2	2.55.0	1000	150	dirty	8	5.719	5.719	0	1	0	na	1788332515.839631	1788332515.999365	253565930	253566295
2026-09-02T07:01:28Z	8dc0b5fea25671d6745a556bffb740d3866e189c	352c096f011eb282f12e6d4c12281340fac96b635a2879cc065d7637a6592872	direct-git	control	2.55.0	2264a8042763edf2620cfe32d96b096e1f3d26aa	5.9.2	2.55.0	1000	150	dirty	9	5.542	5.542	0	1	0	na	1788332516.158776	1788332516.318250	253566448	253566570
2026-09-02T07:01:28Z	8dc0b5fea25671d6745a556bffb740d3866e189c	352c096f011eb282f12e6d4c12281340fac96b635a2879cc065d7637a6592872	direct-git	control	2.55.0	2264a8042763edf2620cfe32d96b096e1f3d26aa	5.9.2	2.55.0	1000	150	dirty	10	5.456	5.456	0	1	0	na	1788332516.477660	1788332516.637129	253566694	253566843
2026-09-02T07:01:28Z	8dc0b5fea25671d6745a556bffb740d3866e189c	352c096f011eb282f12e6d4c12281340fac96b635a2879cc065d7637a6592872	direct-git	control	2.55.0	2264a8042763edf2620cfe32d96b096e1f3d26aa	5.9.2	2.55.0	1000	150	dirty	11	5.918	5.918	0	1	0	na	1788332516.797281	1788332516.957006	253566987	253567141
2026-09-02T07:01:28Z	8dc0b5fea25671d6745a556bffb740d3866e189c	352c096f011eb282f12e6d4c12281340fac96b635a2879cc065d7637a6592872	direct-git	control	2.55.0	2264a8042763edf2620cfe32d96b096e1f3d26aa	5.9.2	2.55.0	1000	150	dirty	12	5.657	5.657	0	1	0	na	1788332517.116749	1788332517.276234	253567343	253567634
2026-09-02T07:01:28Z	8dc0b5fea25671d6745a556bffb740d3866e189c	352c096f011eb282f12e6d4c12281340fac96b635a2879cc065d7637a6592872	direct-git	control	2.55.0	2264a8042763edf2620cfe32d96b096e1f3d26aa	5.9.2	2.55.0	1000	150	dirty	13	5.334	5.334	0	1	0	na	1788332517.436087	1788332517.595370	253567822	253567993
2026-09-02T07:01:28Z	8dc0b5fea25671d6745a556bffb740d3866e189c	352c096f011eb282f12e6d4c12281340fac96b635a2879cc065d7637a6592872	direct-git	control	2.55.0	2264a8042763edf2620cfe32d96b096e1f3d26aa	5.9.2	2.55.0	1000	150	dirty	14	5.397	5.397	0	1	0	na	1788332517.755382	1788332517.914823	253568211	253568394
2026-09-02T07:01:28Z	8dc0b5fea25671d6745a556bffb740d3866e189c	352c096f011eb282f12e6d4c12281340fac96b635a2879cc065d7637a6592872	direct-git	control	2.55.0	2264a8042763edf2620cfe32d96b096e1f3d26aa	5.9.2	2.55.0	1000	150	dirty	15	5.300	5.300	0	1	0	na	1788332518.074464	1788332518.234068	253568539	253568693
2026-09-02T07:01:28Z	8dc0b5fea25671d6745a556bffb740d3866e189c	352c096f011eb282f12e6d4c12281340fac96b635a2879cc065d7637a6592872	direct-git	control	2.55.0	2264a8042763edf2620cfe32d96b096e1f3d26aa	5.9.2	2.55.0	1000	150	dirty	16	5.198	5.198	0	1	0	na	1788332518.394809	1788332518.553888	253568845	253568940
2026-09-02T07:01:28Z	8dc0b5fea25671d6745a556bffb740d3866e189c	352c096f011eb282f12e6d4c12281340fac96b635a2879cc065d7637a6592872	direct-git	control	2.55.0	2264a8042763edf2620cfe32d96b096e1f3d26aa	5.9.2	2.55.0	1000	150	dirty	17	5.256	5.256	0	1	0	na	1788332518.713694	1788332518.873057	253569079	253569229
2026-09-02T07:01:28Z	8dc0b5fea25671d6745a556bffb740d3866e189c	352c096f011eb282f12e6d4c12281340fac96b635a2879cc065d7637a6592872	direct-git	control	2.55.0	2264a8042763edf2620cfe32d96b096e1f3d26aa	5.9.2	2.55.0	1000	150	dirty	18	5.221	5.221	0	1	0	na	1788332519.033406	1788332519.192628	253569363	253569516
2026-09-02T07:01:28Z	8dc0b5fea25671d6745a556bffb740d3866e189c	352c096f011eb282f12e6d4c12281340fac96b635a2879cc065d7637a6592872	direct-git	control	2.55.0	2264a8042763edf2620cfe32d96b096e1f3d26aa	5.9.2	2.55.0	1000	150	dirty	19	5.382	5.382	0	1	0	na	1788332519.352880	1788332519.511912	253569660	253569851
2026-09-02T07:01:28Z	8dc0b5fea25671d6745a556bffb740d3866e189c	352c096f011eb282f12e6d4c12281340fac96b635a2879cc065d7637a6592872	direct-git	control	2.55.0	2264a8042763edf2620cfe32d96b096e1f3d26aa	5.9.2	2.55.0	1000	150	dirty	20	5.534	5.534	0	1	0	na	1788332519.672239	1788332519.831765	253569994	253570156
2026-09-02T07:01:28Z	8dc0b5fea25671d6745a556bffb740d3866e189c	352c096f011eb282f12e6d4c12281340fac96b635a2879cc065d7637a6592872	direct-git	control	2.55.0	2264a8042763edf2620cfe32d96b096e1f3d26aa	5.9.2	2.55.0	1000	150	untracked	1	5.504	5.504	0	1	0	na	1788332520.014226	1788332520.173702	253570357	253570501
2026-09-02T07:01:28Z	8dc0b5fea25671d6745a556bffb740d3866e189c	352c096f011eb282f12e6d4c12281340fac96b635a2879cc065d7637a6592872	direct-git	control	2.55.0	2264a8042763edf2620cfe32d96b096e1f3d26aa	5.9.2	2.55.0	1000	150	untracked	2	5.822	5.822	0	1	0	na	1788332520.335204	1788332520.495271	253570640	253570778
2026-09-02T07:01:28Z	8dc0b5fea25671d6745a556bffb740d3866e189c	352c096f011eb282f12e6d4c12281340fac96b635a2879cc065d7637a6592872	direct-git	control	2.55.0	2264a8042763edf2620cfe32d96b096e1f3d26aa	5.9.2	2.55.0	1000	150	untracked	3	5.459	5.459	0	1	0	na	1788332520.657335	1788332520.816867	253570940	253571103
2026-09-02T07:01:28Z	8dc0b5fea25671d6745a556bffb740d3866e189c	352c096f011eb282f12e6d4c12281340fac96b635a2879cc065d7637a6592872	direct-git	control	2.55.0	2264a8042763edf2620cfe32d96b096e1f3d26aa	5.9.2	2.55.0	1000	150	untracked	4	6.066	6.066	0	1	0	na	1788332520.978046	1788332521.138090	253571244	253571421
2026-09-02T07:01:28Z	8dc0b5fea25671d6745a556bffb740d3866e189c	352c096f011eb282f12e6d4c12281340fac96b635a2879cc065d7637a6592872	direct-git	control	2.55.0	2264a8042763edf2620cfe32d96b096e1f3d26aa	5.9.2	2.55.0	1000	150	untracked	5	5.345	5.345	0	1	0	na	1788332521.299787	1788332521.459430	253571588	253571722
2026-09-02T07:01:28Z	8dc0b5fea25671d6745a556bffb740d3866e189c	352c096f011eb282f12e6d4c12281340fac96b635a2879cc065d7637a6592872	direct-git	control	2.55.0	2264a8042763edf2620cfe32d96b096e1f3d26aa	5.9.2	2.55.0	1000	150	untracked	6	5.547	5.547	0	1	0	na	1788332521.620666	1788332521.780335	253572014	253572158
2026-09-02T07:01:28Z	8dc0b5fea25671d6745a556bffb740d3866e189c	352c096f011eb282f12e6d4c12281340fac96b635a2879cc065d7637a6592872	direct-git	control	2.55.0	2264a8042763edf2620cfe32d96b096e1f3d26aa	5.9.2	2.55.0	1000	150	untracked	7	5.805	5.805	0	1	0	na	1788332521.942382	1788332522.102497	253572635	253572796
2026-09-02T07:01:28Z	8dc0b5fea25671d6745a556bffb740d3866e189c	352c096f011eb282f12e6d4c12281340fac96b635a2879cc065d7637a6592872	direct-git	control	2.55.0	2264a8042763edf2620cfe32d96b096e1f3d26aa	5.9.2	2.55.0	1000	150	untracked	8	5.227	5.227	0	1	0	na	1788332522.264135	1788332522.423462	253572967	253573064
2026-09-02T07:01:28Z	8dc0b5fea25671d6745a556bffb740d3866e189c	352c096f011eb282f12e6d4c12281340fac96b635a2879cc065d7637a6592872	direct-git	control	2.55.0	2264a8042763edf2620cfe32d96b096e1f3d26aa	5.9.2	2.55.0	1000	150	untracked	9	5.402	5.402	0	1	0	na	1788332522.584711	1788332522.744262	253573194	253573342
2026-09-02T07:01:28Z	8dc0b5fea25671d6745a556bffb740d3866e189c	352c096f011eb282f12e6d4c12281340fac96b635a2879cc065d7637a6592872	direct-git	control	2.55.0	2264a8042763edf2620cfe32d96b096e1f3d26aa	5.9.2	2.55.0	1000	150	untracked	10	5.253	5.253	0	1	0	na	1788332522.905948	1788332523.065501	253573658	253573790
2026-09-02T07:01:28Z	8dc0b5fea25671d6745a556bffb740d3866e189c	352c096f011eb282f12e6d4c12281340fac96b635a2879cc065d7637a6592872	direct-git	control	2.55.0	2264a8042763edf2620cfe32d96b096e1f3d26aa	5.9.2	2.55.0	1000	150	untracked	11	5.406	5.406	0	1	0	na	1788332523.227432	1788332523.387260	253573969	253574213
2026-09-02T07:01:28Z	8dc0b5fea25671d6745a556bffb740d3866e189c	352c096f011eb282f12e6d4c12281340fac96b635a2879cc065d7637a6592872	direct-git	control	2.55.0	2264a8042763edf2620cfe32d96b096e1f3d26aa	5.9.2	2.55.0	1000	150	untracked	12	5.618	5.618	0	1	0	na	1788332523.548611	1788332523.708475	253574361	253574505
2026-09-02T07:01:28Z	8dc0b5fea25671d6745a556bffb740d3866e189c	352c096f011eb282f12e6d4c12281340fac96b635a2879cc065d7637a6592872	direct-git	control	2.55.0	2264a8042763edf2620cfe32d96b096e1f3d26aa	5.9.2	2.55.0	1000	150	untracked	13	5.107	5.107	0	1	0	na	1788332523.870398	1788332524.029885	253574717	253574867
2026-09-02T07:01:28Z	8dc0b5fea25671d6745a556bffb740d3866e189c	352c096f011eb282f12e6d4c12281340fac96b635a2879cc065d7637a6592872	direct-git	control	2.55.0	2264a8042763edf2620cfe32d96b096e1f3d26aa	5.9.2	2.55.0	1000	150	untracked	14	5.402	5.402	0	1	0	na	1788332524.191695	1788332524.351376	253575183	253575452
2026-09-02T07:01:28Z	8dc0b5fea25671d6745a556bffb740d3866e189c	352c096f011eb282f12e6d4c12281340fac96b635a2879cc065d7637a6592872	direct-git	control	2.55.0	2264a8042763edf2620cfe32d96b096e1f3d26aa	5.9.2	2.55.0	1000	150	untracked	15	5.787	5.787	0	1	0	na	1788332524.513672	1788332524.673941	253575648	253575843
2026-09-02T07:01:28Z	8dc0b5fea25671d6745a556bffb740d3866e189c	352c096f011eb282f12e6d4c12281340fac96b635a2879cc065d7637a6592872	direct-git	control	2.55.0	2264a8042763edf2620cfe32d96b096e1f3d26aa	5.9.2	2.55.0	1000	150	untracked	16	6.037	6.037	0	1	0	na	1788332524.835823	1788332524.996457	253576052	253576271
2026-09-02T07:01:28Z	8dc0b5fea25671d6745a556bffb740d3866e189c	352c096f011eb282f12e6d4c12281340fac96b635a2879cc065d7637a6592872	direct-git	control	2.55.0	2264a8042763edf2620cfe32d96b096e1f3d26aa	5.9.2	2.55.0	1000	150	untracked	17	5.742	5.742	0	1	0	na	1788332525.158256	1788332525.318506	253576429	253576622
2026-09-02T07:01:28Z	8dc0b5fea25671d6745a556bffb740d3866e189c	352c096f011eb282f12e6d4c12281340fac96b635a2879cc065d7637a6592872	direct-git	control	2.55.0	2264a8042763edf2620cfe32d96b096e1f3d26aa	5.9.2	2.55.0	1000	150	untracked	18	5.862	5.862	0	1	0	na	1788332525.481356	1788332525.641755	253576807	253577009
2026-09-02T07:01:28Z	8dc0b5fea25671d6745a556bffb740d3866e189c	352c096f011eb282f12e6d4c12281340fac96b635a2879cc065d7637a6592872	direct-git	control	2.55.0	2264a8042763edf2620cfe32d96b096e1f3d26aa	5.9.2	2.55.0	1000	150	untracked	19	5.905	5.905	0	1	0	na	1788332525.803947	1788332525.964425	253577268	253577894
2026-09-02T07:01:28Z	8dc0b5fea25671d6745a556bffb740d3866e189c	352c096f011eb282f12e6d4c12281340fac96b635a2879cc065d7637a6592872	direct-git	control	2.55.0	2264a8042763edf2620cfe32d96b096e1f3d26aa	5.9.2	2.55.0	1000	150	untracked	20	5.766	5.766	0	1	0	na	1788332526.126597	1788332526.286819	253578118	253578312
2026-09-02T07:01:28Z	8dc0b5fea25671d6745a556bffb740d3866e189c	352c096f011eb282f12e6d4c12281340fac96b635a2879cc065d7637a6592872	wsh-idle	control	57bc72c1c92472ccfb05e677071bf95d82fff4df3044f34a92a629596b62cd1b	2264a8042763edf2620cfe32d96b096e1f3d26aa	5.9.2	2.55.0	1000	150	clean	1	0.459	0.459	0	0	0	na	1788332526.646967	1788332526.801699	253578718	253578965
2026-09-02T07:01:28Z	8dc0b5fea25671d6745a556bffb740d3866e189c	352c096f011eb282f12e6d4c12281340fac96b635a2879cc065d7637a6592872	wsh-idle	control	57bc72c1c92472ccfb05e677071bf95d82fff4df3044f34a92a629596b62cd1b	2264a8042763edf2620cfe32d96b096e1f3d26aa	5.9.2	2.55.0	1000	150	clean	2	0.510	0.510	0	0	0	na	1788332526.956901	1788332527.111533	253579135	253579327
2026-09-02T07:01:28Z	8dc0b5fea25671d6745a556bffb740d3866e189c	352c096f011eb282f12e6d4c12281340fac96b635a2879cc065d7637a6592872	wsh-idle	control	57bc72c1c92472ccfb05e677071bf95d82fff4df3044f34a92a629596b62cd1b	2264a8042763edf2620cfe32d96b096e1f3d26aa	5.9.2	2.55.0	1000	150	clean	3	0.475	0.475	0	0	0	na	1788332527.266890	1788332527.421362	253579495	253579671
2026-09-02T07:01:28Z	8dc0b5fea25671d6745a556bffb740d3866e189c	352c096f011eb282f12e6d4c12281340fac96b635a2879cc065d7637a6592872	wsh-idle	control	57bc72c1c92472ccfb05e677071bf95d82fff4df3044f34a92a629596b62cd1b	2264a8042763edf2620cfe32d96b096e1f3d26aa	5.9.2	2.55.0	1000	150	clean	4	0.429	0.429	0	0	0	na	1788332527.576830	1788332527.731197	253579828	253580009
2026-09-02T07:01:28Z	8dc0b5fea25671d6745a556bffb740d3866e189c	352c096f011eb282f12e6d4c12281340fac96b635a2879cc065d7637a6592872	wsh-idle	control	57bc72c1c92472ccfb05e677071bf95d82fff4df3044f34a92a629596b62cd1b	2264a8042763edf2620cfe32d96b096e1f3d26aa	5.9.2	2.55.0	1000	150	clean	5	0.465	0.465	0	0	0	na	1788332527.886449	1788332528.040939	253580622	253580826
2026-09-02T07:01:28Z	8dc0b5fea25671d6745a556bffb740d3866e189c	352c096f011eb282f12e6d4c12281340fac96b635a2879cc065d7637a6592872	wsh-idle	control	57bc72c1c92472ccfb05e677071bf95d82fff4df3044f34a92a629596b62cd1b	2264a8042763edf2620cfe32d96b096e1f3d26aa	5.9.2	2.55.0	1000	150	clean	6	0.478	0.478	0	0	0	na	1788332528.196211	1788332528.350489	253580997	253581134
2026-09-02T07:01:28Z	8dc0b5fea25671d6745a556bffb740d3866e189c	352c096f011eb282f12e6d4c12281340fac96b635a2879cc065d7637a6592872	wsh-idle	control	57bc72c1c92472ccfb05e677071bf95d82fff4df3044f34a92a629596b62cd1b	2264a8042763edf2620cfe32d96b096e1f3d26aa	5.9.2	2.55.0	1000	150	clean	7	0.512	0.512	0	0	0	na	1788332528.505853	1788332528.660313	253581290	253581417
2026-09-02T07:01:28Z	8dc0b5fea25671d6745a556bffb740d3866e189c	352c096f011eb282f12e6d4c12281340fac96b635a2879cc065d7637a6592872	wsh-idle	control	57bc72c1c92472ccfb05e677071bf95d82fff4df3044f34a92a629596b62cd1b	2264a8042763edf2620cfe32d96b096e1f3d26aa	5.9.2	2.55.0	1000	150	clean	8	0.463	0.463	0	0	0	na	1788332528.815665	1788332528.970261	253581649	253581863
2026-09-02T07:01:28Z	8dc0b5fea25671d6745a556bffb740d3866e189c	352c096f011eb282f12e6d4c12281340fac96b635a2879cc065d7637a6592872	wsh-idle	control	57bc72c1c92472ccfb05e677071bf95d82fff4df3044f34a92a629596b62cd1b	2264a8042763edf2620cfe32d96b096e1f3d26aa	5.9.2	2.55.0	1000	150	clean	9	0.460	0.460	0	0	0	na	1788332529.125227	1788332529.279675	253582056	253582249
2026-09-02T07:01:28Z	8dc0b5fea25671d6745a556bffb740d3866e189c	352c096f011eb282f12e6d4c12281340fac96b635a2879cc065d7637a6592872	wsh-idle	control	57bc72c1c92472ccfb05e677071bf95d82fff4df3044f34a92a629596b62cd1b	2264a8042763edf2620cfe32d96b096e1f3d26aa	5.9.2	2.55.0	1000	150	clean	10	0.519	0.519	0	0	0	na	1788332529.434998	1788332529.589621	253582421	253582611
2026-09-02T07:01:28Z	8dc0b5fea25671d6745a556bffb740d3866e189c	352c096f011eb282f12e6d4c12281340fac96b635a2879cc065d7637a6592872	wsh-idle	control	57bc72c1c92472ccfb05e677071bf95d82fff4df3044f34a92a629596b62cd1b	2264a8042763edf2620cfe32d96b096e1f3d26aa	5.9.2	2.55.0	1000	150	clean	11	0.444	0.444	0	0	0	na	1788332529.745089	1788332529.899618	253582780	253582969
2026-09-02T07:01:28Z	8dc0b5fea25671d6745a556bffb740d3866e189c	352c096f011eb282f12e6d4c12281340fac96b635a2879cc065d7637a6592872	wsh-idle	control	57bc72c1c92472ccfb05e677071bf95d82fff4df3044f34a92a629596b62cd1b	2264a8042763edf2620cfe32d96b096e1f3d26aa	5.9.2	2.55.0	1000	150	clean	12	0.494	0.494	0	0	0	na	1788332530.054938	1788332530.209680	253583099	253583255
2026-09-02T07:01:28Z	8dc0b5fea25671d6745a556bffb740d3866e189c	352c096f011eb282f12e6d4c12281340fac96b635a2879cc065d7637a6592872	wsh-idle	control	57bc72c1c92472ccfb05e677071bf95d82fff4df3044f34a92a629596b62cd1b	2264a8042763edf2620cfe32d96b096e1f3d26aa	5.9.2	2.55.0	1000	150	clean	13	0.500	0.500	0	0	0	na	1788332530.365097	1788332530.519657	253583428	253583629
2026-09-02T07:01:28Z	8dc0b5fea25671d6745a556bffb740d3866e189c	352c096f011eb282f12e6d4c12281340fac96b635a2879cc065d7637a6592872	wsh-idle	control	57bc72c1c92472ccfb05e677071bf95d82fff4df3044f34a92a629596b62cd1b	2264a8042763edf2620cfe32d96b096e1f3d26aa	5.9.2	2.55.0	1000	150	clean	14	0.503	0.503	0	0	0	na	1788332530.675044	1788332530.829623	253583818	253583989
2026-09-02T07:01:28Z	8dc0b5fea25671d6745a556bffb740d3866e189c	352c096f011eb282f12e6d4c12281340fac96b635a2879cc065d7637a6592872	wsh-idle	control	57bc72c1c92472ccfb05e677071bf95d82fff4df3044f34a92a629596b62cd1b	2264a8042763edf2620cfe32d96b096e1f3d26aa	5.9.2	2.55.0	1000	150	clean	15	0.569	0.569	0	0	0	na	1788332530.984758	1788332531.139283	253584123	253584310
2026-09-02T07:01:28Z	8dc0b5fea25671d6745a556bffb740d3866e189c	352c096f011eb282f12e6d4c12281340fac96b635a2879cc065d7637a6592872	wsh-idle	control	57bc72c1c92472ccfb05e677071bf95d82fff4df3044f34a92a629596b62cd1b	2264a8042763edf2620cfe32d96b096e1f3d26aa	5.9.2	2.55.0	1000	150	clean	16	0.432	0.432	0	0	0	na	1788332531.294553	1788332531.449189	253584515	253584700
2026-09-02T07:01:28Z	8dc0b5fea25671d6745a556bffb740d3866e189c	352c096f011eb282f12e6d4c12281340fac96b635a2879cc065d7637a6592872	wsh-idle	control	57bc72c1c92472ccfb05e677071bf95d82fff4df3044f34a92a629596b62cd1b	2264a8042763edf2620cfe32d96b096e1f3d26aa	5.9.2	2.55.0	1000	150	clean	17	0.476	0.476	0	0	0	na	1788332531.604419	1788332531.758946	253584887	253585109
2026-09-02T07:01:28Z	8dc0b5fea25671d6745a556bffb740d3866e189c	352c096f011eb282f12e6d4c12281340fac96b635a2879cc065d7637a6592872	wsh-idle	control	57bc72c1c92472ccfb05e677071bf95d82fff4df3044f34a92a629596b62cd1b	2264a8042763edf2620cfe32d96b096e1f3d26aa	5.9.2	2.55.0	1000	150	clean	18	0.447	0.447	0	0	0	na	1788332531.914310	1788332532.068853	253585263	253585436
2026-09-02T07:01:28Z	8dc0b5fea25671d6745a556bffb740d3866e189c	352c096f011eb282f12e6d4c12281340fac96b635a2879cc065d7637a6592872	wsh-idle	control	57bc72c1c92472ccfb05e677071bf95d82fff4df3044f34a92a629596b62cd1b	2264a8042763edf2620cfe32d96b096e1f3d26aa	5.9.2	2.55.0	1000	150	clean	19	0.455	0.455	0	0	0	na	1788332532.224018	1788332532.378446	253585595	253585760
2026-09-02T07:01:28Z	8dc0b5fea25671d6745a556bffb740d3866e189c	352c096f011eb282f12e6d4c12281340fac96b635a2879cc065d7637a6592872	wsh-idle	control	57bc72c1c92472ccfb05e677071bf95d82fff4df3044f34a92a629596b62cd1b	2264a8042763edf2620cfe32d96b096e1f3d26aa	5.9.2	2.55.0	1000	150	clean	20	0.470	0.470	0	0	0	na	1788332532.533717	1788332532.688289	253585967	253586088
2026-09-02T07:01:28Z	8dc0b5fea25671d6745a556bffb740d3866e189c	352c096f011eb282f12e6d4c12281340fac96b635a2879cc065d7637a6592872	wsh-idle	control	57bc72c1c92472ccfb05e677071bf95d82fff4df3044f34a92a629596b62cd1b	2264a8042763edf2620cfe32d96b096e1f3d26aa	5.9.2	2.55.0	1000	150	dirty	1	0.536	0.536	0	0	0	na	1788332532.862523	1788332533.017257	253586316	253586471
2026-09-02T07:01:28Z	8dc0b5fea25671d6745a556bffb740d3866e189c	352c096f011eb282f12e6d4c12281340fac96b635a2879cc065d7637a6592872	wsh-idle	control	57bc72c1c92472ccfb05e677071bf95d82fff4df3044f34a92a629596b62cd1b	2264a8042763edf2620cfe32d96b096e1f3d26aa	5.9.2	2.55.0	1000	150	dirty	2	0.434	0.434	0	0	0	na	1788332533.172582	1788332533.327044	253586733	253586956
2026-09-02T07:01:28Z	8dc0b5fea25671d6745a556bffb740d3866e189c	352c096f011eb282f12e6d4c12281340fac96b635a2879cc065d7637a6592872	wsh-idle	control	57bc72c1c92472ccfb05e677071bf95d82fff4df3044f34a92a629596b62cd1b	2264a8042763edf2620cfe32d96b096e1f3d26aa	5.9.2	2.55.0	1000	150	dirty	3	0.400	0.400	0	0	0	na	1788332533.482388	1788332533.636696	253587193	253587383
2026-09-02T07:01:28Z	8dc0b5fea25671d6745a556bffb740d3866e189c	352c096f011eb282f12e6d4c12281340fac96b635a2879cc065d7637a6592872	wsh-idle	control	57bc72c1c92472ccfb05e677071bf95d82fff4df3044f34a92a629596b62cd1b	2264a8042763edf2620cfe32d96b096e1f3d26aa	5.9.2	2.55.0	1000	150	dirty	4	0.505	0.505	0	0	0	na	1788332533.791907	1788332533.946575	253587590	253587759
2026-09-02T07:01:28Z	8dc0b5fea25671d6745a556bffb740d3866e189c	352c096f011eb282f12e6d4c12281340fac96b635a2879cc065d7637a6592872	wsh-idle	control	57bc72c1c92472ccfb05e677071bf95d82fff4df3044f34a92a629596b62cd1b	2264a8042763edf2620cfe32d96b096e1f3d26aa	5.9.2	2.55.0	1000	150	dirty	5	0.427	0.427	0	0	0	na	1788332534.101723	1788332534.255978	253587920	253588163
2026-09-02T07:01:28Z	8dc0b5fea25671d6745a556bffb740d3866e189c	352c096f011eb282f12e6d4c12281340fac96b635a2879cc065d7637a6592872	wsh-idle	control	57bc72c1c92472ccfb05e677071bf95d82fff4df3044f34a92a629596b62cd1b	2264a8042763edf2620cfe32d96b096e1f3d26aa	5.9.2	2.55.0	1000	150	dirty	6	0.449	0.449	0	0	0	na	1788332534.411315	1788332534.565555	253588354	253588494
2026-09-02T07:01:28Z	8dc0b5fea25671d6745a556bffb740d3866e189c	352c096f011eb282f12e6d4c12281340fac96b635a2879cc065d7637a6592872	wsh-idle	control	57bc72c1c92472ccfb05e677071bf95d82fff4df3044f34a92a629596b62cd1b	2264a8042763edf2620cfe32d96b096e1f3d26aa	5.9.2	2.55.0	1000	150	dirty	7	0.427	0.427	0	0	0	na	1788332534.720857	1788332534.875319	253588651	253589329
2026-09-02T07:01:28Z	8dc0b5fea25671d6745a556bffb740d3866e189c	352c096f011eb282f12e6d4c12281340fac96b635a2879cc065d7637a6592872	wsh-idle	control	57bc72c1c92472ccfb05e677071bf95d82fff4df3044f34a92a629596b62cd1b	2264a8042763edf2620cfe32d96b096e1f3d26aa	5.9.2	2.55.0	1000	150	dirty	8	0.430	0.430	0	0	0	na	1788332535.030658	1788332535.185155	253589721	253589947
2026-09-02T07:01:28Z	8dc0b5fea25671d6745a556bffb740d3866e189c	352c096f011eb282f12e6d4c12281340fac96b635a2879cc065d7637a6592872	wsh-idle	control	57bc72c1c92472ccfb05e677071bf95d82fff4df3044f34a92a629596b62cd1b	2264a8042763edf2620cfe32d96b096e1f3d26aa	5.9.2	2.55.0	1000	150	dirty	9	0.401	0.401	0	0	0	na	1788332535.340481	1788332535.495061	253590197	253590436
2026-09-02T07:01:28Z	8dc0b5fea25671d6745a556bffb740d3866e189c	352c096f011eb282f12e6d4c12281340fac96b635a2879cc065d7637a6592872	wsh-idle	control	57bc72c1c92472ccfb05e677071bf95d82fff4df3044f34a92a629596b62cd1b	2264a8042763edf2620cfe32d96b096e1f3d26aa	5.9.2	2.55.0	1000	150	dirty	10	0.412	0.412	0	0	0	na	1788332535.650230	1788332535.804553	253590629	253590961
2026-09-02T07:01:28Z	8dc0b5fea25671d6745a556bffb740d3866e189c	352c096f011eb282f12e6d4c12281340fac96b635a2879cc065d7637a6592872	wsh-idle	control	57bc72c1c92472ccfb05e677071bf95d82fff4df3044f34a92a629596b62cd1b	2264a8042763edf2620cfe32d96b096e1f3d26aa	5.9.2	2.55.0	1000	150	dirty	11	0.428	0.428	0	0	0	na	1788332535.959859	1788332536.114228	253591065	253591253
2026-09-02T07:01:28Z	8dc0b5fea25671d6745a556bffb740d3866e189c	352c096f011eb282f12e6d4c12281340fac96b635a2879cc065d7637a6592872	wsh-idle	control	57bc72c1c92472ccfb05e677071bf95d82fff4df3044f34a92a629596b62cd1b	2264a8042763edf2620cfe32d96b096e1f3d26aa	5.9.2	2.55.0	1000	150	dirty	12	0.439	0.439	0	0	0	na	1788332536.269627	1788332536.424042	253591406	253591571
2026-09-02T07:01:28Z	8dc0b5fea25671d6745a556bffb740d3866e189c	352c096f011eb282f12e6d4c12281340fac96b635a2879cc065d7637a6592872	wsh-idle	control	57bc72c1c92472ccfb05e677071bf95d82fff4df3044f34a92a629596b62cd1b	2264a8042763edf2620cfe32d96b096e1f3d26aa	5.9.2	2.55.0	1000	150	dirty	13	0.415	0.415	0	0	0	na	1788332536.579283	1788332536.733681	253591764	253591969
2026-09-02T07:01:28Z	8dc0b5fea25671d6745a556bffb740d3866e189c	352c096f011eb282f12e6d4c12281340fac96b635a2879cc065d7637a6592872	wsh-idle	control	57bc72c1c92472ccfb05e677071bf95d82fff4df3044f34a92a629596b62cd1b	2264a8042763edf2620cfe32d96b096e1f3d26aa	5.9.2	2.55.0	1000	150	dirty	14	0.418	0.418	0	0	0	na	1788332536.889255	1788332537.043760	253592363	253592504
2026-09-02T07:01:28Z	8dc0b5fea25671d6745a556bffb740d3866e189c	352c096f011eb282f12e6d4c12281340fac96b635a2879cc065d7637a6592872	wsh-idle	control	57bc72c1c92472ccfb05e677071bf95d82fff4df3044f34a92a629596b62cd1b	2264a8042763edf2620cfe32d96b096e1f3d26aa	5.9.2	2.55.0	1000	150	dirty	15	0.427	0.427	0	0	0	na	1788332537.199044	1788332537.353594	253592662	253592779
2026-09-02T07:01:28Z	8dc0b5fea25671d6745a556bffb740d3866e189c	352c096f011eb282f12e6d4c12281340fac96b635a2879cc065d7637a6592872	wsh-idle	control	57bc72c1c92472ccfb05e677071bf95d82fff4df3044f34a92a629596b62cd1b	2264a8042763edf2620cfe32d96b096e1f3d26aa	5.9.2	2.55.0	1000	150	dirty	16	0.415	0.415	0	0	0	na	1788332537.508834	1788332537.663313	253592906	253593052
2026-09-02T07:01:28Z	8dc0b5fea25671d6745a556bffb740d3866e189c	352c096f011eb282f12e6d4c12281340fac96b635a2879cc065d7637a6592872	wsh-idle	control	57bc72c1c92472ccfb05e677071bf95d82fff4df3044f34a92a629596b62cd1b	2264a8042763edf2620cfe32d96b096e1f3d26aa	5.9.2	2.55.0	1000	150	dirty	17	0.424	0.424	0	0	0	na	1788332537.818743	1788332537.973419	253593221	253593410
2026-09-02T07:01:28Z	8dc0b5fea25671d6745a556bffb740d3866e189c	352c096f011eb282f12e6d4c12281340fac96b635a2879cc065d7637a6592872	wsh-idle	control	57bc72c1c92472ccfb05e677071bf95d82fff4df3044f34a92a629596b62cd1b	2264a8042763edf2620cfe32d96b096e1f3d26aa	5.9.2	2.55.0	1000	150	dirty	18	0.413	0.413	0	0	0	na	1788332538.128812	1788332538.283404	253593582	253593692
2026-09-02T07:01:28Z	8dc0b5fea25671d6745a556bffb740d3866e189c	352c096f011eb282f12e6d4c12281340fac96b635a2879cc065d7637a6592872	wsh-idle	control	57bc72c1c92472ccfb05e677071bf95d82fff4df3044f34a92a629596b62cd1b	2264a8042763edf2620cfe32d96b096e1f3d26aa	5.9.2	2.55.0	1000	150	dirty	19	0.421	0.421	0	0	0	na	1788332538.438790	1788332538.594153	253593853	253595411
2026-09-02T07:01:28Z	8dc0b5fea25671d6745a556bffb740d3866e189c	352c096f011eb282f12e6d4c12281340fac96b635a2879cc065d7637a6592872	wsh-idle	control	57bc72c1c92472ccfb05e677071bf95d82fff4df3044f34a92a629596b62cd1b	2264a8042763edf2620cfe32d96b096e1f3d26aa	5.9.2	2.55.0	1000	150	dirty	20	0.419	0.419	0	0	0	na	1788332538.750909	1788332538.905590	253596210	253596793
2026-09-02T07:01:28Z	8dc0b5fea25671d6745a556bffb740d3866e189c	352c096f011eb282f12e6d4c12281340fac96b635a2879cc065d7637a6592872	wsh-idle	control	57bc72c1c92472ccfb05e677071bf95d82fff4df3044f34a92a629596b62cd1b	2264a8042763edf2620cfe32d96b096e1f3d26aa	5.9.2	2.55.0	1000	150	untracked	1	0.462	0.462	0	0	0	na	1788332539.084545	1788332539.239167	253596964	253597253
2026-09-02T07:01:28Z	8dc0b5fea25671d6745a556bffb740d3866e189c	352c096f011eb282f12e6d4c12281340fac96b635a2879cc065d7637a6592872	wsh-idle	control	57bc72c1c92472ccfb05e677071bf95d82fff4df3044f34a92a629596b62cd1b	2264a8042763edf2620cfe32d96b096e1f3d26aa	5.9.2	2.55.0	1000	150	untracked	2	0.453	0.453	0	0	0	na	1788332539.395998	1788332539.550503	253597405	253597590
2026-09-02T07:01:28Z	8dc0b5fea25671d6745a556bffb740d3866e189c	352c096f011eb282f12e6d4c12281340fac96b635a2879cc065d7637a6592872	wsh-idle	control	57bc72c1c92472ccfb05e677071bf95d82fff4df3044f34a92a629596b62cd1b	2264a8042763edf2620cfe32d96b096e1f3d26aa	5.9.2	2.55.0	1000	150	untracked	3	0.432	0.432	0	0	0	na	1788332539.707250	1788332539.861661	253597764	253597946
2026-09-02T07:01:28Z	8dc0b5fea25671d6745a556bffb740d3866e189c	352c096f011eb282f12e6d4c12281340fac96b635a2879cc065d7637a6592872	wsh-idle	control	57bc72c1c92472ccfb05e677071bf95d82fff4df3044f34a92a629596b62cd1b	2264a8042763edf2620cfe32d96b096e1f3d26aa	5.9.2	2.55.0	1000	150	untracked	4	0.432	0.432	0	0	0	na	1788332540.018401	1788332540.172814	253598130	253598291
2026-09-02T07:01:28Z	8dc0b5fea25671d6745a556bffb740d3866e189c	352c096f011eb282f12e6d4c12281340fac96b635a2879cc065d7637a6592872	wsh-idle	control	57bc72c1c92472ccfb05e677071bf95d82fff4df3044f34a92a629596b62cd1b	2264a8042763edf2620cfe32d96b096e1f3d26aa	5.9.2	2.55.0	1000	150	untracked	5	0.431	0.431	0	0	0	na	1788332540.329571	1788332540.483980	253598459	253598613
2026-09-02T07:01:28Z	8dc0b5fea25671d6745a556bffb740d3866e189c	352c096f011eb282f12e6d4c12281340fac96b635a2879cc065d7637a6592872	wsh-idle	control	57bc72c1c92472ccfb05e677071bf95d82fff4df3044f34a92a629596b62cd1b	2264a8042763edf2620cfe32d96b096e1f3d26aa	5.9.2	2.55.0	1000	150	untracked	6	0.431	0.431	0	0	0	na	1788332540.640692	1788332540.795223	253598854	253599045
2026-09-02T07:01:28Z	8dc0b5fea25671d6745a556bffb740d3866e189c	352c096f011eb282f12e6d4c12281340fac96b635a2879cc065d7637a6592872	wsh-idle	control	57bc72c1c92472ccfb05e677071bf95d82fff4df3044f34a92a629596b62cd1b	2264a8042763edf2620cfe32d96b096e1f3d26aa	5.9.2	2.55.0	1000	150	untracked	7	0.434	0.434	0	0	0	na	1788332540.951772	1788332541.106303	253599225	253599381
2026-09-02T07:01:28Z	8dc0b5fea25671d6745a556bffb740d3866e189c	352c096f011eb282f12e6d4c12281340fac96b635a2879cc065d7637a6592872	wsh-idle	control	57bc72c1c92472ccfb05e677071bf95d82fff4df3044f34a92a629596b62cd1b	2264a8042763edf2620cfe32d96b096e1f3d26aa	5.9.2	2.55.0	1000	150	untracked	8	0.435	0.435	0	0	0	na	1788332541.262925	1788332541.417360	253599538	253599676
2026-09-02T07:01:28Z	8dc0b5fea25671d6745a556bffb740d3866e189c	352c096f011eb282f12e6d4c12281340fac96b635a2879cc065d7637a6592872	wsh-idle	control	57bc72c1c92472ccfb05e677071bf95d82fff4df3044f34a92a629596b62cd1b	2264a8042763edf2620cfe32d96b096e1f3d26aa	5.9.2	2.55.0	1000	150	untracked	9	0.446	0.446	0	0	0	na	1788332541.573951	1788332541.728364	253599808	253599948
2026-09-02T07:01:28Z	8dc0b5fea25671d6745a556bffb740d3866e189c	352c096f011eb282f12e6d4c12281340fac96b635a2879cc065d7637a6592872	wsh-idle	control	57bc72c1c92472ccfb05e677071bf95d82fff4df3044f34a92a629596b62cd1b	2264a8042763edf2620cfe32d96b096e1f3d26aa	5.9.2	2.55.0	1000	150	untracked	10	0.440	0.440	0	0	0	na	1788332541.884680	1788332542.039116	253600213	253600402
2026-09-02T07:01:28Z	8dc0b5fea25671d6745a556bffb740d3866e189c	352c096f011eb282f12e6d4c12281340fac96b635a2879cc065d7637a6592872	wsh-idle	control	57bc72c1c92472ccfb05e677071bf95d82fff4df3044f34a92a629596b62cd1b	2264a8042763edf2620cfe32d96b096e1f3d26aa	5.9.2	2.55.0	1000	150	untracked	11	0.432	0.432	0	0	0	na	1788332542.195900	1788332542.350305	253600572	253600719
2026-09-02T07:01:28Z	8dc0b5fea25671d6745a556bffb740d3866e189c	352c096f011eb282f12e6d4c12281340fac96b635a2879cc065d7637a6592872	wsh-idle	control	57bc72c1c92472ccfb05e677071bf95d82fff4df3044f34a92a629596b62cd1b	2264a8042763edf2620cfe32d96b096e1f3d26aa	5.9.2	2.55.0	1000	150	untracked	12	0.429	0.429	0	0	0	na	1788332542.506860	1788332542.661360	253600875	253601021
2026-09-02T07:01:28Z	8dc0b5fea25671d6745a556bffb740d3866e189c	352c096f011eb282f12e6d4c12281340fac96b635a2879cc065d7637a6592872	wsh-idle	control	57bc72c1c92472ccfb05e677071bf95d82fff4df3044f34a92a629596b62cd1b	2264a8042763edf2620cfe32d96b096e1f3d26aa	5.9.2	2.55.0	1000	150	untracked	13	0.429	0.429	0	0	0	na	1788332542.818099	1788332542.972445	253601180	253601390
2026-09-02T07:01:28Z	8dc0b5fea25671d6745a556bffb740d3866e189c	352c096f011eb282f12e6d4c12281340fac96b635a2879cc065d7637a6592872	wsh-idle	control	57bc72c1c92472ccfb05e677071bf95d82fff4df3044f34a92a629596b62cd1b	2264a8042763edf2620cfe32d96b096e1f3d26aa	5.9.2	2.55.0	1000	150	untracked	14	0.427	0.427	0	0	0	na	1788332543.129078	1788332543.283342	253601547	253601697
2026-09-02T07:01:28Z	8dc0b5fea25671d6745a556bffb740d3866e189c	352c096f011eb282f12e6d4c12281340fac96b635a2879cc065d7637a6592872	wsh-idle	control	57bc72c1c92472ccfb05e677071bf95d82fff4df3044f34a92a629596b62cd1b	2264a8042763edf2620cfe32d96b096e1f3d26aa	5.9.2	2.55.0	1000	150	untracked	15	0.436	0.436	0	0	0	na	1788332543.440053	1788332543.594676	253602325	253602588
2026-09-02T07:01:28Z	8dc0b5fea25671d6745a556bffb740d3866e189c	352c096f011eb282f12e6d4c12281340fac96b635a2879cc065d7637a6592872	wsh-idle	control	57bc72c1c92472ccfb05e677071bf95d82fff4df3044f34a92a629596b62cd1b	2264a8042763edf2620cfe32d96b096e1f3d26aa	5.9.2	2.55.0	1000	150	untracked	16	0.494	0.494	0	0	0	na	1788332543.751791	1788332543.906549	253602787	253603038
2026-09-02T07:01:28Z	8dc0b5fea25671d6745a556bffb740d3866e189c	352c096f011eb282f12e6d4c12281340fac96b635a2879cc065d7637a6592872	wsh-idle	control	57bc72c1c92472ccfb05e677071bf95d82fff4df3044f34a92a629596b62cd1b	2264a8042763edf2620cfe32d96b096e1f3d26aa	5.9.2	2.55.0	1000	150	untracked	17	0.469	0.469	0	0	0	na	1788332544.063610	1788332544.218238	253603272	253603503
2026-09-02T07:01:28Z	8dc0b5fea25671d6745a556bffb740d3866e189c	352c096f011eb282f12e6d4c12281340fac96b635a2879cc065d7637a6592872	wsh-idle	control	57bc72c1c92472ccfb05e677071bf95d82fff4df3044f34a92a629596b62cd1b	2264a8042763edf2620cfe32d96b096e1f3d26aa	5.9.2	2.55.0	1000	150	untracked	18	0.510	0.510	0	0	0	na	1788332544.374981	1788332544.529482	253603771	253603999
2026-09-02T07:01:28Z	8dc0b5fea25671d6745a556bffb740d3866e189c	352c096f011eb282f12e6d4c12281340fac96b635a2879cc065d7637a6592872	wsh-idle	control	57bc72c1c92472ccfb05e677071bf95d82fff4df3044f34a92a629596b62cd1b	2264a8042763edf2620cfe32d96b096e1f3d26aa	5.9.2	2.55.0	1000	150	untracked	19	0.470	0.470	0	0	0	na	1788332544.686099	1788332544.840705	253604149	253604307
2026-09-02T07:01:28Z	8dc0b5fea25671d6745a556bffb740d3866e189c	352c096f011eb282f12e6d4c12281340fac96b635a2879cc065d7637a6592872	wsh-idle	control	57bc72c1c92472ccfb05e677071bf95d82fff4df3044f34a92a629596b62cd1b	2264a8042763edf2620cfe32d96b096e1f3d26aa	5.9.2	2.55.0	1000	150	untracked	20	0.461	0.461	0	0	0	na	1788332544.997563	1788332545.152037	253604448	253604643
2026-09-02T07:01:28Z	8dc0b5fea25671d6745a556bffb740d3866e189c	352c096f011eb282f12e6d4c12281340fac96b635a2879cc065d7637a6592872	wsh	local	57bc72c1c92472ccfb05e677071bf95d82fff4df3044f34a92a629596b62cd1b	2264a8042763edf2620cfe32d96b096e1f3d26aa	5.9.2	2.55.0	1000	150	clean	1	0.969	7.209	1	1	0	1	1788332545.525970	1788332545.687205	253605314	253605593
2026-09-02T07:01:28Z	8dc0b5fea25671d6745a556bffb740d3866e189c	352c096f011eb282f12e6d4c12281340fac96b635a2879cc065d7637a6592872	wsh	local	57bc72c1c92472ccfb05e677071bf95d82fff4df3044f34a92a629596b62cd1b	2264a8042763edf2620cfe32d96b096e1f3d26aa	5.9.2	2.55.0	1000	150	clean	2	0.981	7.483	1	1	0	1	1788332546.015245	1788332546.177342	253605951	253606184
2026-09-02T07:01:28Z	8dc0b5fea25671d6745a556bffb740d3866e189c	352c096f011eb282f12e6d4c12281340fac96b635a2879cc065d7637a6592872	wsh	local	57bc72c1c92472ccfb05e677071bf95d82fff4df3044f34a92a629596b62cd1b	2264a8042763edf2620cfe32d96b096e1f3d26aa	5.9.2	2.55.0	1000	150	clean	3	0.941	7.004	1	1	0	1	1788332546.506005	1788332546.667634	253606540	253606763
2026-09-02T07:01:28Z	8dc0b5fea25671d6745a556bffb740d3866e189c	352c096f011eb282f12e6d4c12281340fac96b635a2879cc065d7637a6592872	wsh	local	57bc72c1c92472ccfb05e677071bf95d82fff4df3044f34a92a629596b62cd1b	2264a8042763edf2620cfe32d96b096e1f3d26aa	5.9.2	2.55.0	1000	150	clean	4	0.851	7.161	1	1	0	1	1788332546.996187	1788332547.158232	253607349	253607676
2026-09-02T07:01:28Z	8dc0b5fea25671d6745a556bffb740d3866e189c	352c096f011eb282f12e6d4c12281340fac96b635a2879cc065d7637a6592872	wsh	local	57bc72c1c92472ccfb05e677071bf95d82fff4df3044f34a92a629596b62cd1b	2264a8042763edf2620cfe32d96b096e1f3d26aa	5.9.2	2.55.0	1000	150	clean	5	0.971	7.427	1	1	0	1	1788332547.487935	1788332547.649871	253608124	253608395
2026-09-02T07:01:28Z	8dc0b5fea25671d6745a556bffb740d3866e189c	352c096f011eb282f12e6d4c12281340fac96b635a2879cc065d7637a6592872	wsh	local	57bc72c1c92472ccfb05e677071bf95d82fff4df3044f34a92a629596b62cd1b	2264a8042763edf2620cfe32d96b096e1f3d26aa	5.9.2	2.55.0	1000	150	clean	6	1.015	7.370	1	1	0	1	1788332547.979553	1788332548.141599	253608970	253609269
2026-09-02T07:01:28Z	8dc0b5fea25671d6745a556bffb740d3866e189c	352c096f011eb282f12e6d4c12281340fac96b635a2879cc065d7637a6592872	wsh	local	57bc72c1c92472ccfb05e677071bf95d82fff4df3044f34a92a629596b62cd1b	2264a8042763edf2620cfe32d96b096e1f3d26aa	5.9.2	2.55.0	1000	150	clean	7	1.256	7.420	1	1	0	1	1788332548.471184	1788332548.633427	253609711	253609911
2026-09-02T07:01:28Z	8dc0b5fea25671d6745a556bffb740d3866e189c	352c096f011eb282f12e6d4c12281340fac96b635a2879cc065d7637a6592872	wsh	local	57bc72c1c92472ccfb05e677071bf95d82fff4df3044f34a92a629596b62cd1b	2264a8042763edf2620cfe32d96b096e1f3d26aa	5.9.2	2.55.0	1000	150	clean	8	0.976	7.307	1	1	0	1	1788332548.962592	1788332549.124715	253610287	253610444
2026-09-02T07:01:28Z	8dc0b5fea25671d6745a556bffb740d3866e189c	352c096f011eb282f12e6d4c12281340fac96b635a2879cc065d7637a6592872	wsh	local	57bc72c1c92472ccfb05e677071bf95d82fff4df3044f34a92a629596b62cd1b	2264a8042763edf2620cfe32d96b096e1f3d26aa	5.9.2	2.55.0	1000	150	clean	9	0.972	7.311	1	1	0	1	1788332549.454323	1788332549.616165	253610828	253611133
2026-09-02T07:01:28Z	8dc0b5fea25671d6745a556bffb740d3866e189c	352c096f011eb282f12e6d4c12281340fac96b635a2879cc065d7637a6592872	wsh	local	57bc72c1c92472ccfb05e677071bf95d82fff4df3044f34a92a629596b62cd1b	2264a8042763edf2620cfe32d96b096e1f3d26aa	5.9.2	2.55.0	1000	150	clean	10	0.961	6.956	1	1	0	1	1788332549.945168	1788332550.106738	253611610	253611777
2026-09-02T07:01:28Z	8dc0b5fea25671d6745a556bffb740d3866e189c	352c096f011eb282f12e6d4c12281340fac96b635a2879cc065d7637a6592872	wsh	local	57bc72c1c92472ccfb05e677071bf95d82fff4df3044f34a92a629596b62cd1b	2264a8042763edf2620cfe32d96b096e1f3d26aa	5.9.2	2.55.0	1000	150	clean	11	0.864	6.853	1	1	0	1	1788332550.436468	1788332550.598237	253612393	253612680
2026-09-02T07:01:28Z	8dc0b5fea25671d6745a556bffb740d3866e189c	352c096f011eb282f12e6d4c12281340fac96b635a2879cc065d7637a6592872	wsh	local	57bc72c1c92472ccfb05e677071bf95d82fff4df3044f34a92a629596b62cd1b	2264a8042763edf2620cfe32d96b096e1f3d26aa	5.9.2	2.55.0	1000	150	clean	12	0.996	7.563	1	1	0	1	1788332550.928187	1788332551.090467	253613053	253613222
2026-09-02T07:01:28Z	8dc0b5fea25671d6745a556bffb740d3866e189c	352c096f011eb282f12e6d4c12281340fac96b635a2879cc065d7637a6592872	wsh	local	57bc72c1c92472ccfb05e677071bf95d82fff4df3044f34a92a629596b62cd1b	2264a8042763edf2620cfe32d96b096e1f3d26aa	5.9.2	2.55.0	1000	150	clean	13	1.029	7.438	1	1	0	1	1788332551.420314	1788332551.582504	253613638	253613812
2026-09-02T07:01:28Z	8dc0b5fea25671d6745a556bffb740d3866e189c	352c096f011eb282f12e6d4c12281340fac96b635a2879cc065d7637a6592872	wsh	local	57bc72c1c92472ccfb05e677071bf95d82fff4df3044f34a92a629596b62cd1b	2264a8042763edf2620cfe32d96b096e1f3d26aa	5.9.2	2.55.0	1000	150	clean	14	0.990	7.081	1	1	0	1	1788332551.912339	1788332552.074105	253614303	253614491
2026-09-02T07:01:28Z	8dc0b5fea25671d6745a556bffb740d3866e189c	352c096f011eb282f12e6d4c12281340fac96b635a2879cc065d7637a6592872	wsh	local	57bc72c1c92472ccfb05e677071bf95d82fff4df3044f34a92a629596b62cd1b	2264a8042763edf2620cfe32d96b096e1f3d26aa	5.9.2	2.55.0	1000	150	clean	15	1.036	7.058	1	1	0	1	1788332552.404209	1788332552.566046	253614914	253615168
2026-09-02T07:01:28Z	8dc0b5fea25671d6745a556bffb740d3866e189c	352c096f011eb282f12e6d4c12281340fac96b635a2879cc065d7637a6592872	wsh	local	57bc72c1c92472ccfb05e677071bf95d82fff4df3044f34a92a629596b62cd1b	2264a8042763edf2620cfe32d96b096e1f3d26aa	5.9.2	2.55.0	1000	150	clean	16	1.019	6.973	1	1	0	1	1788332552.896270	1788332553.058122	253615846	253616273
2026-09-02T07:01:28Z	8dc0b5fea25671d6745a556bffb740d3866e189c	352c096f011eb282f12e6d4c12281340fac96b635a2879cc065d7637a6592872	wsh	local	57bc72c1c92472ccfb05e677071bf95d82fff4df3044f34a92a629596b62cd1b	2264a8042763edf2620cfe32d96b096e1f3d26aa	5.9.2	2.55.0	1000	150	clean	17	1.030	7.298	1	1	0	1	1788332553.388349	1788332553.550475	253616750	253617041
2026-09-02T07:01:28Z	8dc0b5fea25671d6745a556bffb740d3866e189c	352c096f011eb282f12e6d4c12281340fac96b635a2879cc065d7637a6592872	wsh	local	57bc72c1c92472ccfb05e677071bf95d82fff4df3044f34a92a629596b62cd1b	2264a8042763edf2620cfe32d96b096e1f3d26aa	5.9.2	2.55.0	1000	150	clean	18	1.032	6.890	1	1	0	1	1788332553.880573	1788332554.042516	253617450	253617711
2026-09-02T07:01:28Z	8dc0b5fea25671d6745a556bffb740d3866e189c	352c096f011eb282f12e6d4c12281340fac96b635a2879cc065d7637a6592872	wsh	local	57bc72c1c92472ccfb05e677071bf95d82fff4df3044f34a92a629596b62cd1b	2264a8042763edf2620cfe32d96b096e1f3d26aa	5.9.2	2.55.0	1000	150	clean	19	1.024	6.724	1	1	0	1	1788332554.372042	1788332554.533792	253618234	253618449
2026-09-02T07:01:28Z	8dc0b5fea25671d6745a556bffb740d3866e189c	352c096f011eb282f12e6d4c12281340fac96b635a2879cc065d7637a6592872	wsh	local	57bc72c1c92472ccfb05e677071bf95d82fff4df3044f34a92a629596b62cd1b	2264a8042763edf2620cfe32d96b096e1f3d26aa	5.9.2	2.55.0	1000	150	clean	20	1.040	7.228	1	1	0	1	1788332554.864262	1788332555.026831	253618976	253619218
2026-09-02T07:01:28Z	8dc0b5fea25671d6745a556bffb740d3866e189c	352c096f011eb282f12e6d4c12281340fac96b635a2879cc065d7637a6592872	wsh	local	57bc72c1c92472ccfb05e677071bf95d82fff4df3044f34a92a629596b62cd1b	2264a8042763edf2620cfe32d96b096e1f3d26aa	5.9.2	2.55.0	1000	150	dirty	1	1.060	7.138	1	1	0	1	1788332555.379865	1788332555.542022	253619637	253619925
2026-09-02T07:01:28Z	8dc0b5fea25671d6745a556bffb740d3866e189c	352c096f011eb282f12e6d4c12281340fac96b635a2879cc065d7637a6592872	wsh	local	57bc72c1c92472ccfb05e677071bf95d82fff4df3044f34a92a629596b62cd1b	2264a8042763edf2620cfe32d96b096e1f3d26aa	5.9.2	2.55.0	1000	150	dirty	2	1.037	6.829	1	1	0	1	1788332555.872517	1788332556.034429	253620548	253620734
2026-09-02T07:01:28Z	8dc0b5fea25671d6745a556bffb740d3866e189c	352c096f011eb282f12e6d4c12281340fac96b635a2879cc065d7637a6592872	wsh	local	57bc72c1c92472ccfb05e677071bf95d82fff4df3044f34a92a629596b62cd1b	2264a8042763edf2620cfe32d96b096e1f3d26aa	5.9.2	2.55.0	1000	150	dirty	3	1.017	6.615	1	1	0	1	1788332556.365077	1788332556.526982	253621066	253621407
2026-09-02T07:01:28Z	8dc0b5fea25671d6745a556bffb740d3866e189c	352c096f011eb282f12e6d4c12281340fac96b635a2879cc065d7637a6592872	wsh	local	57bc72c1c92472ccfb05e677071bf95d82fff4df3044f34a92a629596b62cd1b	2264a8042763edf2620cfe32d96b096e1f3d26aa	5.9.2	2.55.0	1000	150	dirty	4	0.882	6.619	1	1	0	1	1788332556.856959	1788332557.018640	253621847	253622087
2026-09-02T07:01:28Z	8dc0b5fea25671d6745a556bffb740d3866e189c	352c096f011eb282f12e6d4c12281340fac96b635a2879cc065d7637a6592872	wsh	local	57bc72c1c92472ccfb05e677071bf95d82fff4df3044f34a92a629596b62cd1b	2264a8042763edf2620cfe32d96b096e1f3d26aa	5.9.2	2.55.0	1000	150	dirty	5	0.937	6.839	1	1	0	1	1788332557.350132	1788332557.512422	253623052	253623257
2026-09-02T07:01:28Z	8dc0b5fea25671d6745a556bffb740d3866e189c	352c096f011eb282f12e6d4c12281340fac96b635a2879cc065d7637a6592872	wsh	local	57bc72c1c92472ccfb05e677071bf95d82fff4df3044f34a92a629596b62cd1b	2264a8042763edf2620cfe32d96b096e1f3d26aa	5.9.2	2.55.0	1000	150	dirty	6	0.843	6.945	1	1	0	1	1788332557.843393	1788332558.005898	253623665	253623865
2026-09-02T07:01:28Z	8dc0b5fea25671d6745a556bffb740d3866e189c	352c096f011eb282f12e6d4c12281340fac96b635a2879cc065d7637a6592872	wsh	local	57bc72c1c92472ccfb05e677071bf95d82fff4df3044f34a92a629596b62cd1b	2264a8042763edf2620cfe32d96b096e1f3d26aa	5.9.2	2.55.0	1000	150	dirty	7	0.934	6.872	1	1	0	1	1788332558.336699	1788332558.499284	253624588	253624971
2026-09-02T07:01:28Z	8dc0b5fea25671d6745a556bffb740d3866e189c	352c096f011eb282f12e6d4c12281340fac96b635a2879cc065d7637a6592872	wsh	local	57bc72c1c92472ccfb05e677071bf95d82fff4df3044f34a92a629596b62cd1b	2264a8042763edf2620cfe32d96b096e1f3d26aa	5.9.2	2.55.0	1000	150	dirty	8	1.055	6.901	1	1	0	1	1788332558.830900	1788332558.993590	253625343	253625502
2026-09-02T07:01:28Z	8dc0b5fea25671d6745a556bffb740d3866e189c	352c096f011eb282f12e6d4c12281340fac96b635a2879cc065d7637a6592872	wsh	local	57bc72c1c92472ccfb05e677071bf95d82fff4df3044f34a92a629596b62cd1b	2264a8042763edf2620cfe32d96b096e1f3d26aa	5.9.2	2.55.0	1000	150	dirty	9	1.134	6.810	1	1	0	1	1788332559.324401	1788332559.486555	253625802	253625946
2026-09-02T07:01:28Z	8dc0b5fea25671d6745a556bffb740d3866e189c	352c096f011eb282f12e6d4c12281340fac96b635a2879cc065d7637a6592872	wsh	local	57bc72c1c92472ccfb05e677071bf95d82fff4df3044f34a92a629596b62cd1b	2264a8042763edf2620cfe32d96b096e1f3d26aa	5.9.2	2.55.0	1000	150	dirty	10	1.108	7.444	1	1	0	1	1788332559.817973	1788332559.981085	253626587	253626750
2026-09-02T07:01:28Z	8dc0b5fea25671d6745a556bffb740d3866e189c	352c096f011eb282f12e6d4c12281340fac96b635a2879cc065d7637a6592872	wsh	local	57bc72c1c92472ccfb05e677071bf95d82fff4df3044f34a92a629596b62cd1b	2264a8042763edf2620cfe32d96b096e1f3d26aa	5.9.2	2.55.0	1000	150	dirty	11	1.123	7.048	1	1	0	1	1788332560.312644	1788332560.475083	253627044	253627191
2026-09-02T07:01:28Z	8dc0b5fea25671d6745a556bffb740d3866e189c	352c096f011eb282f12e6d4c12281340fac96b635a2879cc065d7637a6592872	wsh	local	57bc72c1c92472ccfb05e677071bf95d82fff4df3044f34a92a629596b62cd1b	2264a8042763edf2620cfe32d96b096e1f3d26aa	5.9.2	2.55.0	1000	150	dirty	12	0.864	6.585	1	1	0	1	1788332560.806288	1788332560.968554	253627466	253627557
2026-09-02T07:01:28Z	8dc0b5fea25671d6745a556bffb740d3866e189c	352c096f011eb282f12e6d4c12281340fac96b635a2879cc065d7637a6592872	wsh	local	57bc72c1c92472ccfb05e677071bf95d82fff4df3044f34a92a629596b62cd1b	2264a8042763edf2620cfe32d96b096e1f3d26aa	5.9.2	2.55.0	1000	150	dirty	13	1.193	6.799	1	1	0	1	1788332561.300189	1788332561.462411	253627896	253628092
2026-09-02T07:01:28Z	8dc0b5fea25671d6745a556bffb740d3866e189c	352c096f011eb282f12e6d4c12281340fac96b635a2879cc065d7637a6592872	wsh	local	57bc72c1c92472ccfb05e677071bf95d82fff4df3044f34a92a629596b62cd1b	2264a8042763edf2620cfe32d96b096e1f3d26aa	5.9.2	2.55.0	1000	150	dirty	14	1.197	7.216	1	1	0	1	1788332561.795248	1788332561.957892	253630002	253630186
2026-09-02T07:01:28Z	8dc0b5fea25671d6745a556bffb740d3866e189c	352c096f011eb282f12e6d4c12281340fac96b635a2879cc065d7637a6592872	wsh	local	57bc72c1c92472ccfb05e677071bf95d82fff4df3044f34a92a629596b62cd1b	2264a8042763edf2620cfe32d96b096e1f3d26aa	5.9.2	2.55.0	1000	150	dirty	15	1.211	7.029	1	1	0	1	1788332562.290189	1788332562.452850	253630580	253630698
2026-09-02T07:01:28Z	8dc0b5fea25671d6745a556bffb740d3866e189c	352c096f011eb282f12e6d4c12281340fac96b635a2879cc065d7637a6592872	wsh	local	57bc72c1c92472ccfb05e677071bf95d82fff4df3044f34a92a629596b62cd1b	2264a8042763edf2620cfe32d96b096e1f3d26aa	5.9.2	2.55.0	1000	150	dirty	16	0.890	7.534	1	1	0	1	1788332562.784826	1788332562.947913	253630970	253631152
2026-09-02T07:01:28Z	8dc0b5fea25671d6745a556bffb740d3866e189c	352c096f011eb282f12e6d4c12281340fac96b635a2879cc065d7637a6592872	wsh	local	57bc72c1c92472ccfb05e677071bf95d82fff4df3044f34a92a629596b62cd1b	2264a8042763edf2620cfe32d96b096e1f3d26aa	5.9.2	2.55.0	1000	150	dirty	17	0.957	7.917	1	1	0	1	1788332563.279905	1788332563.443461	253631461	253632019
2026-09-02T07:01:28Z	8dc0b5fea25671d6745a556bffb740d3866e189c	352c096f011eb282f12e6d4c12281340fac96b635a2879cc065d7637a6592872	wsh	local	57bc72c1c92472ccfb05e677071bf95d82fff4df3044f34a92a629596b62cd1b	2264a8042763edf2620cfe32d96b096e1f3d26aa	5.9.2	2.55.0	1000	150	dirty	18	0.896	7.293	1	1	0	1	1788332563.774832	1788332563.937497	253632363	253632551
2026-09-02T07:01:28Z	8dc0b5fea25671d6745a556bffb740d3866e189c	352c096f011eb282f12e6d4c12281340fac96b635a2879cc065d7637a6592872	wsh	local	57bc72c1c92472ccfb05e677071bf95d82fff4df3044f34a92a629596b62cd1b	2264a8042763edf2620cfe32d96b096e1f3d26aa	5.9.2	2.55.0	1000	150	dirty	19	0.973	7.001	1	1	0	1	1788332564.269308	1788332564.431933	253632843	253632975
2026-09-02T07:01:28Z	8dc0b5fea25671d6745a556bffb740d3866e189c	352c096f011eb282f12e6d4c12281340fac96b635a2879cc065d7637a6592872	wsh	local	57bc72c1c92472ccfb05e677071bf95d82fff4df3044f34a92a629596b62cd1b	2264a8042763edf2620cfe32d96b096e1f3d26aa	5.9.2	2.55.0	1000	150	dirty	20	1.002	7.053	1	1	0	1	1788332564.764534	1788332564.927214	253633361	253633542
2026-09-02T07:01:28Z	8dc0b5fea25671d6745a556bffb740d3866e189c	352c096f011eb282f12e6d4c12281340fac96b635a2879cc065d7637a6592872	wsh	local	57bc72c1c92472ccfb05e677071bf95d82fff4df3044f34a92a629596b62cd1b	2264a8042763edf2620cfe32d96b096e1f3d26aa	5.9.2	2.55.0	1000	150	untracked	1	1.065	7.410	1	1	0	1	1788332565.283652	1788332565.447513	253633896	253634062
2026-09-02T07:01:28Z	8dc0b5fea25671d6745a556bffb740d3866e189c	352c096f011eb282f12e6d4c12281340fac96b635a2879cc065d7637a6592872	wsh	local	57bc72c1c92472ccfb05e677071bf95d82fff4df3044f34a92a629596b62cd1b	2264a8042763edf2620cfe32d96b096e1f3d26aa	5.9.2	2.55.0	1000	150	untracked	2	0.966	7.178	1	1	0	1	1788332565.781330	1788332565.944387	253634433	253634680
2026-09-02T07:01:28Z	8dc0b5fea25671d6745a556bffb740d3866e189c	352c096f011eb282f12e6d4c12281340fac96b635a2879cc065d7637a6592872	wsh	local	57bc72c1c92472ccfb05e677071bf95d82fff4df3044f34a92a629596b62cd1b	2264a8042763edf2620cfe32d96b096e1f3d26aa	5.9.2	2.55.0	1000	150	untracked	3	1.194	7.072	1	1	0	1	1788332566.278788	1788332566.441685	253634973	253635168
2026-09-02T07:01:28Z	8dc0b5fea25671d6745a556bffb740d3866e189c	352c096f011eb282f12e6d4c12281340fac96b635a2879cc065d7637a6592872	wsh	local	57bc72c1c92472ccfb05e677071bf95d82fff4df3044f34a92a629596b62cd1b	2264a8042763edf2620cfe32d96b096e1f3d26aa	5.9.2	2.55.0	1000	150	untracked	4	0.945	7.355	1	1	0	1	1788332566.775473	1788332566.938727	253635521	253635694
2026-09-02T07:01:28Z	8dc0b5fea25671d6745a556bffb740d3866e189c	352c096f011eb282f12e6d4c12281340fac96b635a2879cc065d7637a6592872	wsh	local	57bc72c1c92472ccfb05e677071bf95d82fff4df3044f34a92a629596b62cd1b	2264a8042763edf2620cfe32d96b096e1f3d26aa	5.9.2	2.55.0	1000	150	untracked	5	1.289	7.740	1	1	0	1	1788332567.274334	1788332567.438136	253636177	253636393
2026-09-02T07:01:28Z	8dc0b5fea25671d6745a556bffb740d3866e189c	352c096f011eb282f12e6d4c12281340fac96b635a2879cc065d7637a6592872	wsh	local	57bc72c1c92472ccfb05e677071bf95d82fff4df3044f34a92a629596b62cd1b	2264a8042763edf2620cfe32d96b096e1f3d26aa	5.9.2	2.55.0	1000	150	untracked	6	0.985	7.505	1	1	0	1	1788332567.772633	1788332567.936225	253636835	253637314
2026-09-02T07:01:28Z	8dc0b5fea25671d6745a556bffb740d3866e189c	352c096f011eb282f12e6d4c12281340fac96b635a2879cc065d7637a6592872	wsh	local	57bc72c1c92472ccfb05e677071bf95d82fff4df3044f34a92a629596b62cd1b	2264a8042763edf2620cfe32d96b096e1f3d26aa	5.9.2	2.55.0	1000	150	untracked	7	0.940	7.110	1	1	0	1	1788332568.270391	1788332568.433678	253637750	253637937
2026-09-02T07:01:28Z	8dc0b5fea25671d6745a556bffb740d3866e189c	352c096f011eb282f12e6d4c12281340fac96b635a2879cc065d7637a6592872	wsh	local	57bc72c1c92472ccfb05e677071bf95d82fff4df3044f34a92a629596b62cd1b	2264a8042763edf2620cfe32d96b096e1f3d26aa	5.9.2	2.55.0	1000	150	untracked	8	0.996	6.713	1	1	0	1	1788332568.768010	1788332568.930762	253638219	253638364
2026-09-02T07:01:28Z	8dc0b5fea25671d6745a556bffb740d3866e189c	352c096f011eb282f12e6d4c12281340fac96b635a2879cc065d7637a6592872	wsh	local	57bc72c1c92472ccfb05e677071bf95d82fff4df3044f34a92a629596b62cd1b	2264a8042763edf2620cfe32d96b096e1f3d26aa	5.9.2	2.55.0	1000	150	untracked	9	1.065	7.159	1	1	0	1	1788332569.264881	1788332569.427751	253638763	253638960
2026-09-02T07:01:28Z	8dc0b5fea25671d6745a556bffb740d3866e189c	352c096f011eb282f12e6d4c12281340fac96b635a2879cc065d7637a6592872	wsh	local	57bc72c1c92472ccfb05e677071bf95d82fff4df3044f34a92a629596b62cd1b	2264a8042763edf2620cfe32d96b096e1f3d26aa	5.9.2	2.55.0	1000	150	untracked	10	1.159	7.164	1	1	0	1	1788332569.761620	1788332569.924946	253639418	253639709
2026-09-02T07:01:28Z	8dc0b5fea25671d6745a556bffb740d3866e189c	352c096f011eb282f12e6d4c12281340fac96b635a2879cc065d7637a6592872	wsh	local	57bc72c1c92472ccfb05e677071bf95d82fff4df3044f34a92a629596b62cd1b	2264a8042763edf2620cfe32d96b096e1f3d26aa	5.9.2	2.55.0	1000	150	untracked	11	1.009	6.926	1	1	0	1	1788332570.260475	1788332570.423560	253640017	253640170
2026-09-02T07:01:28Z	8dc0b5fea25671d6745a556bffb740d3866e189c	352c096f011eb282f12e6d4c12281340fac96b635a2879cc065d7637a6592872	wsh	local	57bc72c1c92472ccfb05e677071bf95d82fff4df3044f34a92a629596b62cd1b	2264a8042763edf2620cfe32d96b096e1f3d26aa	5.9.2	2.55.0	1000	150	untracked	12	1.111	7.320	1	1	0	1	1788332570.758551	1788332570.921877	253640504	253640664
2026-09-02T07:01:28Z	8dc0b5fea25671d6745a556bffb740d3866e189c	352c096f011eb282f12e6d4c12281340fac96b635a2879cc065d7637a6592872	wsh	local	57bc72c1c92472ccfb05e677071bf95d82fff4df3044f34a92a629596b62cd1b	2264a8042763edf2620cfe32d96b096e1f3d26aa	5.9.2	2.55.0	1000	150	untracked	13	1.056	7.474	1	1	0	1	1788332571.257164	1788332571.420985	253640983	253641075
2026-09-02T07:01:28Z	8dc0b5fea25671d6745a556bffb740d3866e189c	352c096f011eb282f12e6d4c12281340fac96b635a2879cc065d7637a6592872	wsh	local	57bc72c1c92472ccfb05e677071bf95d82fff4df3044f34a92a629596b62cd1b	2264a8042763edf2620cfe32d96b096e1f3d26aa	5.9.2	2.55.0	1000	150	untracked	14	0.985	7.201	1	1	0	1	1788332571.755495	1788332571.918794	253641418	253641758
2026-09-02T07:01:28Z	8dc0b5fea25671d6745a556bffb740d3866e189c	352c096f011eb282f12e6d4c12281340fac96b635a2879cc065d7637a6592872	wsh	local	57bc72c1c92472ccfb05e677071bf95d82fff4df3044f34a92a629596b62cd1b	2264a8042763edf2620cfe32d96b096e1f3d26aa	5.9.2	2.55.0	1000	150	untracked	15	1.106	7.237	1	1	0	1	1788332572.253422	1788332572.416850	253642273	253642651
2026-09-02T07:01:28Z	8dc0b5fea25671d6745a556bffb740d3866e189c	352c096f011eb282f12e6d4c12281340fac96b635a2879cc065d7637a6592872	wsh	local	57bc72c1c92472ccfb05e677071bf95d82fff4df3044f34a92a629596b62cd1b	2264a8042763edf2620cfe32d96b096e1f3d26aa	5.9.2	2.55.0	1000	150	untracked	16	1.079	6.944	1	1	0	1	1788332572.751942	1788332572.915001	253644439	253645688
2026-09-02T07:01:28Z	8dc0b5fea25671d6745a556bffb740d3866e189c	352c096f011eb282f12e6d4c12281340fac96b635a2879cc065d7637a6592872	wsh	local	57bc72c1c92472ccfb05e677071bf95d82fff4df3044f34a92a629596b62cd1b	2264a8042763edf2620cfe32d96b096e1f3d26aa	5.9.2	2.55.0	1000	150	untracked	17	1.094	6.942	1	1	0	1	1788332573.250189	1788332573.413399	253648191	253649951
2026-09-02T07:01:28Z	8dc0b5fea25671d6745a556bffb740d3866e189c	352c096f011eb282f12e6d4c12281340fac96b635a2879cc065d7637a6592872	wsh	local	57bc72c1c92472ccfb05e677071bf95d82fff4df3044f34a92a629596b62cd1b	2264a8042763edf2620cfe32d96b096e1f3d26aa	5.9.2	2.55.0	1000	150	untracked	18	1.394	7.158	1	1	0	1	1788332573.748078	1788332573.911600	253651831	253653109
2026-09-02T07:01:28Z	8dc0b5fea25671d6745a556bffb740d3866e189c	352c096f011eb282f12e6d4c12281340fac96b635a2879cc065d7637a6592872	wsh	local	57bc72c1c92472ccfb05e677071bf95d82fff4df3044f34a92a629596b62cd1b	2264a8042763edf2620cfe32d96b096e1f3d26aa	5.9.2	2.55.0	1000	150	untracked	19	0.995	7.033	1	1	0	1	1788332574.247046	1788332574.410538	253656098	253657474
2026-09-02T07:01:28Z	8dc0b5fea25671d6745a556bffb740d3866e189c	352c096f011eb282f12e6d4c12281340fac96b635a2879cc065d7637a6592872	wsh	local	57bc72c1c92472ccfb05e677071bf95d82fff4df3044f34a92a629596b62cd1b	2264a8042763edf2620cfe32d96b096e1f3d26aa	5.9.2	2.55.0	1000	150	untracked	20	1.037	7.277	1	1	0	1	1788332574.745400	1788332574.908926	253659258	253660209
2026-09-02T07:01:28Z	8dc0b5fea25671d6745a556bffb740d3866e189c	352c096f011eb282f12e6d4c12281340fac96b635a2879cc065d7637a6592872	wsh-trace	local	57bc72c1c92472ccfb05e677071bf95d82fff4df3044f34a92a629596b62cd1b	2264a8042763edf2620cfe32d96b096e1f3d26aa	5.9.2	2.55.0	1000	150	clean	1	1.175	6.913	1	1	0	1	1788332576.147606	1788332576.310867	253666128	253667635
2026-09-02T07:01:28Z	8dc0b5fea25671d6745a556bffb740d3866e189c	352c096f011eb282f12e6d4c12281340fac96b635a2879cc065d7637a6592872	wsh-trace	local	57bc72c1c92472ccfb05e677071bf95d82fff4df3044f34a92a629596b62cd1b	2264a8042763edf2620cfe32d96b096e1f3d26aa	5.9.2	2.55.0	1000	150	clean	2	1.005	7.146	1	1	0	1	1788332576.644638	1788332576.807945	253669633	253670588
2026-09-02T07:01:28Z	8dc0b5fea25671d6745a556bffb740d3866e189c	352c096f011eb282f12e6d4c12281340fac96b635a2879cc065d7637a6592872	wsh-trace	local	57bc72c1c92472ccfb05e677071bf95d82fff4df3044f34a92a629596b62cd1b	2264a8042763edf2620cfe32d96b096e1f3d26aa	5.9.2	2.55.0	1000	150	clean	3	1.098	6.965	1	1	0	1	1788332577.142552	1788332577.305844	253672423	253673389
2026-09-02T07:01:28Z	8dc0b5fea25671d6745a556bffb740d3866e189c	352c096f011eb282f12e6d4c12281340fac96b635a2879cc065d7637a6592872	wsh-trace	local	57bc72c1c92472ccfb05e677071bf95d82fff4df3044f34a92a629596b62cd1b	2264a8042763edf2620cfe32d96b096e1f3d26aa	5.9.2	2.55.0	1000	150	clean	4	1.103	7.560	1	1	0	1	1788332577.642291	1788332577.806801	253675121	253675619
2026-09-02T07:01:28Z	8dc0b5fea25671d6745a556bffb740d3866e189c	352c096f011eb282f12e6d4c12281340fac96b635a2879cc065d7637a6592872	wsh-trace	local	57bc72c1c92472ccfb05e677071bf95d82fff4df3044f34a92a629596b62cd1b	2264a8042763edf2620cfe32d96b096e1f3d26aa	5.9.2	2.55.0	1000	150	clean	5	1.133	7.049	1	1	0	1	1788332578.140999	1788332578.305964	253677421	253677681
2026-09-02T07:01:28Z	8dc0b5fea25671d6745a556bffb740d3866e189c	352c096f011eb282f12e6d4c12281340fac96b635a2879cc065d7637a6592872	wsh-trace	local	57bc72c1c92472ccfb05e677071bf95d82fff4df3044f34a92a629596b62cd1b	2264a8042763edf2620cfe32d96b096e1f3d26aa	5.9.2	2.55.0	1000	150	clean	6	1.089	7.706	1	1	0	1	1788332578.644115	1788332578.809467	253678170	253679234
2026-09-02T07:01:28Z	8dc0b5fea25671d6745a556bffb740d3866e189c	352c096f011eb282f12e6d4c12281340fac96b635a2879cc065d7637a6592872	wsh-trace	local	57bc72c1c92472ccfb05e677071bf95d82fff4df3044f34a92a629596b62cd1b	2264a8042763edf2620cfe32d96b096e1f3d26aa	5.9.2	2.55.0	1000	150	clean	7	1.094	6.648	1	1	0	1	1788332579.147322	1788332579.312001	253680453	253680566
2026-09-02T07:01:28Z	8dc0b5fea25671d6745a556bffb740d3866e189c	352c096f011eb282f12e6d4c12281340fac96b635a2879cc065d7637a6592872	wsh-trace	local	57bc72c1c92472ccfb05e677071bf95d82fff4df3044f34a92a629596b62cd1b	2264a8042763edf2620cfe32d96b096e1f3d26aa	5.9.2	2.55.0	1000	150	clean	8	1.397	7.301	1	1	0	1	1788332579.648801	1788332579.812960	253682211	253683207
2026-09-02T07:01:28Z	8dc0b5fea25671d6745a556bffb740d3866e189c	352c096f011eb282f12e6d4c12281340fac96b635a2879cc065d7637a6592872	wsh-trace	local	57bc72c1c92472ccfb05e677071bf95d82fff4df3044f34a92a629596b62cd1b	2264a8042763edf2620cfe32d96b096e1f3d26aa	5.9.2	2.55.0	1000	150	clean	9	1.064	6.920	1	1	0	1	1788332580.147178	1788332580.310431	253684569	253685351
2026-09-02T07:01:28Z	8dc0b5fea25671d6745a556bffb740d3866e189c	352c096f011eb282f12e6d4c12281340fac96b635a2879cc065d7637a6592872	wsh-trace	local	57bc72c1c92472ccfb05e677071bf95d82fff4df3044f34a92a629596b62cd1b	2264a8042763edf2620cfe32d96b096e1f3d26aa	5.9.2	2.55.0	1000	150	clean	10	1.128	7.699	1	1	0	1	1788332580.644971	1788332580.809106	253686767	253688016
2026-09-02T07:01:28Z	8dc0b5fea25671d6745a556bffb740d3866e189c	352c096f011eb282f12e6d4c12281340fac96b635a2879cc065d7637a6592872	wsh-trace	local	57bc72c1c92472ccfb05e677071bf95d82fff4df3044f34a92a629596b62cd1b	2264a8042763edf2620cfe32d96b096e1f3d26aa	5.9.2	2.55.0	1000	150	clean	11	1.082	7.345	1	1	0	1	1788332581.145629	1788332581.309756	253689928	253691046
2026-09-02T07:01:28Z	8dc0b5fea25671d6745a556bffb740d3866e189c	352c096f011eb282f12e6d4c12281340fac96b635a2879cc065d7637a6592872	wsh-trace	local	57bc72c1c92472ccfb05e677071bf95d82fff4df3044f34a92a629596b62cd1b	2264a8042763edf2620cfe32d96b096e1f3d26aa	5.9.2	2.55.0	1000	150	clean	12	1.119	7.306	1	1	0	1	1788332581.644687	1788332581.808742	253693457	253694241
2026-09-02T07:01:28Z	8dc0b5fea25671d6745a556bffb740d3866e189c	352c096f011eb282f12e6d4c12281340fac96b635a2879cc065d7637a6592872	wsh-trace	local	57bc72c1c92472ccfb05e677071bf95d82fff4df3044f34a92a629596b62cd1b	2264a8042763edf2620cfe32d96b096e1f3d26aa	5.9.2	2.55.0	1000	150	clean	13	1.106	7.193	1	1	0	1	1788332582.144953	1788332582.309332	253695235	253696233
2026-09-02T07:01:28Z	8dc0b5fea25671d6745a556bffb740d3866e189c	352c096f011eb282f12e6d4c12281340fac96b635a2879cc065d7637a6592872	wsh-trace	local	57bc72c1c92472ccfb05e677071bf95d82fff4df3044f34a92a629596b62cd1b	2264a8042763edf2620cfe32d96b096e1f3d26aa	5.9.2	2.55.0	1000	150	clean	14	1.062	6.812	1	1	0	1	1788332582.644432	1788332582.808149	253696577	253696705
2026-09-02T07:01:28Z	8dc0b5fea25671d6745a556bffb740d3866e189c	352c096f011eb282f12e6d4c12281340fac96b635a2879cc065d7637a6592872	wsh-trace	local	57bc72c1c92472ccfb05e677071bf95d82fff4df3044f34a92a629596b62cd1b	2264a8042763edf2620cfe32d96b096e1f3d26aa	5.9.2	2.55.0	1000	150	clean	15	1.170	6.987	1	1	0	1	1788332583.143642	1788332583.307430	253697035	253697218
2026-09-02T07:01:28Z	8dc0b5fea25671d6745a556bffb740d3866e189c	352c096f011eb282f12e6d4c12281340fac96b635a2879cc065d7637a6592872	wsh-trace	local	57bc72c1c92472ccfb05e677071bf95d82fff4df3044f34a92a629596b62cd1b	2264a8042763edf2620cfe32d96b096e1f3d26aa	5.9.2	2.55.0	1000	150	clean	16	1.119	6.991	1	1	0	1	1788332583.642563	1788332583.806462	253697604	253697840
2026-09-02T07:01:28Z	8dc0b5fea25671d6745a556bffb740d3866e189c	352c096f011eb282f12e6d4c12281340fac96b635a2879cc065d7637a6592872	wsh-trace	local	57bc72c1c92472ccfb05e677071bf95d82fff4df3044f34a92a629596b62cd1b	2264a8042763edf2620cfe32d96b096e1f3d26aa	5.9.2	2.55.0	1000	150	clean	17	1.121	6.670	1	1	0	1	1788332584.141412	1788332584.304865	253698169	253698649
2026-09-02T07:01:28Z	8dc0b5fea25671d6745a556bffb740d3866e189c	352c096f011eb282f12e6d4c12281340fac96b635a2879cc065d7637a6592872	wsh-trace	local	57bc72c1c92472ccfb05e677071bf95d82fff4df3044f34a92a629596b62cd1b	2264a8042763edf2620cfe32d96b096e1f3d26aa	5.9.2	2.55.0	1000	150	clean	18	1.114	6.592	1	1	0	1	1788332584.640007	1788332584.803264	253698927	253699135
2026-09-02T07:01:28Z	8dc0b5fea25671d6745a556bffb740d3866e189c	352c096f011eb282f12e6d4c12281340fac96b635a2879cc065d7637a6592872	wsh-trace	local	57bc72c1c92472ccfb05e677071bf95d82fff4df3044f34a92a629596b62cd1b	2264a8042763edf2620cfe32d96b096e1f3d26aa	5.9.2	2.55.0	1000	150	clean	19	1.184	7.176	1	1	0	1	1788332585.138616	1788332585.302935	253699556	253699731
2026-09-02T07:01:28Z	8dc0b5fea25671d6745a556bffb740d3866e189c	352c096f011eb282f12e6d4c12281340fac96b635a2879cc065d7637a6592872	wsh-trace	local	57bc72c1c92472ccfb05e677071bf95d82fff4df3044f34a92a629596b62cd1b	2264a8042763edf2620cfe32d96b096e1f3d26aa	5.9.2	2.55.0	1000	150	clean	20	1.446	6.837	1	1	0	1	1788332585.638645	1788332585.802701	253700118	253700464
2026-09-02T07:01:28Z	8dc0b5fea25671d6745a556bffb740d3866e189c	352c096f011eb282f12e6d4c12281340fac96b635a2879cc065d7637a6592872	wsh-trace	local	57bc72c1c92472ccfb05e677071bf95d82fff4df3044f34a92a629596b62cd1b	2264a8042763edf2620cfe32d96b096e1f3d26aa	5.9.2	2.55.0	1000	150	dirty	1	1.099	6.802	1	1	0	1	1788332586.162136	1788332586.326015	253700828	253700974
2026-09-02T07:01:28Z	8dc0b5fea25671d6745a556bffb740d3866e189c	352c096f011eb282f12e6d4c12281340fac96b635a2879cc065d7637a6592872	wsh-trace	local	57bc72c1c92472ccfb05e677071bf95d82fff4df3044f34a92a629596b62cd1b	2264a8042763edf2620cfe32d96b096e1f3d26aa	5.9.2	2.55.0	1000	150	dirty	2	1.127	6.749	1	1	0	1	1788332586.661648	1788332586.825181	253701302	253701506
2026-09-02T07:01:28Z	8dc0b5fea25671d6745a556bffb740d3866e189c	352c096f011eb282f12e6d4c12281340fac96b635a2879cc065d7637a6592872	wsh-trace	local	57bc72c1c92472ccfb05e677071bf95d82fff4df3044f34a92a629596b62cd1b	2264a8042763edf2620cfe32d96b096e1f3d26aa	5.9.2	2.55.0	1000	150	dirty	3	1.131	7.124	1	1	0	1	1788332587.161184	1788332587.325339	253701811	253701969
2026-09-02T07:01:28Z	8dc0b5fea25671d6745a556bffb740d3866e189c	352c096f011eb282f12e6d4c12281340fac96b635a2879cc065d7637a6592872	wsh-trace	local	57bc72c1c92472ccfb05e677071bf95d82fff4df3044f34a92a629596b62cd1b	2264a8042763edf2620cfe32d96b096e1f3d26aa	5.9.2	2.55.0	1000	150	dirty	4	1.135	7.699	1	1	0	1	1788332587.662234	1788332587.827945	253702919	253704004
2026-09-02T07:01:28Z	8dc0b5fea25671d6745a556bffb740d3866e189c	352c096f011eb282f12e6d4c12281340fac96b635a2879cc065d7637a6592872	wsh-trace	local	57bc72c1c92472ccfb05e677071bf95d82fff4df3044f34a92a629596b62cd1b	2264a8042763edf2620cfe32d96b096e1f3d26aa	5.9.2	2.55.0	1000	150	dirty	5	1.135	7.218	1	1	0	1	1788332588.164657	1788332588.330714	253706256	253708472
2026-09-02T07:01:28Z	8dc0b5fea25671d6745a556bffb740d3866e189c	352c096f011eb282f12e6d4c12281340fac96b635a2879cc065d7637a6592872	wsh-trace	local	57bc72c1c92472ccfb05e677071bf95d82fff4df3044f34a92a629596b62cd1b	2264a8042763edf2620cfe32d96b096e1f3d26aa	5.9.2	2.55.0	1000	150	dirty	6	1.144	7.161	1	1	0	1	1788332588.676683	1788332588.841544	253714792	253715815
2026-09-02T07:01:28Z	8dc0b5fea25671d6745a556bffb740d3866e189c	352c096f011eb282f12e6d4c12281340fac96b635a2879cc065d7637a6592872	wsh-trace	local	57bc72c1c92472ccfb05e677071bf95d82fff4df3044f34a92a629596b62cd1b	2264a8042763edf2620cfe32d96b096e1f3d26aa	5.9.2	2.55.0	1000	150	dirty	7	0.919	6.905	1	1	0	1	1788332589.180065	1788332589.345222	253716555	253717486
2026-09-02T07:01:28Z	8dc0b5fea25671d6745a556bffb740d3866e189c	352c096f011eb282f12e6d4c12281340fac96b635a2879cc065d7637a6592872	wsh-trace	local	57bc72c1c92472ccfb05e677071bf95d82fff4df3044f34a92a629596b62cd1b	2264a8042763edf2620cfe32d96b096e1f3d26aa	5.9.2	2.55.0	1000	150	dirty	8	1.179	6.936	1	1	0	1	1788332589.683667	1788332589.848224	253718325	253719192
2026-09-02T07:01:28Z	8dc0b5fea25671d6745a556bffb740d3866e189c	352c096f011eb282f12e6d4c12281340fac96b635a2879cc065d7637a6592872	wsh-trace	local	57bc72c1c92472ccfb05e677071bf95d82fff4df3044f34a92a629596b62cd1b	2264a8042763edf2620cfe32d96b096e1f3d26aa	5.9.2	2.55.0	1000	150	dirty	9	1.116	7.989	1	1	0	1	1788332590.185234	1788332590.352448	253719948	253720896
2026-09-02T07:01:28Z	8dc0b5fea25671d6745a556bffb740d3866e189c	352c096f011eb282f12e6d4c12281340fac96b635a2879cc065d7637a6592872	wsh-trace	local	57bc72c1c92472ccfb05e677071bf95d82fff4df3044f34a92a629596b62cd1b	2264a8042763edf2620cfe32d96b096e1f3d26aa	5.9.2	2.55.0	1000	150	dirty	10	1.160	7.130	1	1	0	1	1788332590.692673	1788332590.857587	253725957	253726236
2026-09-02T07:01:28Z	8dc0b5fea25671d6745a556bffb740d3866e189c	352c096f011eb282f12e6d4c12281340fac96b635a2879cc065d7637a6592872	wsh-trace	local	57bc72c1c92472ccfb05e677071bf95d82fff4df3044f34a92a629596b62cd1b	2264a8042763edf2620cfe32d96b096e1f3d26aa	5.9.2	2.55.0	1000	150	dirty	11	1.168	7.300	1	1	0	1	1788332591.196418	1788332591.361951	253727605	253727809
2026-09-02T07:01:28Z	8dc0b5fea25671d6745a556bffb740d3866e189c	352c096f011eb282f12e6d4c12281340fac96b635a2879cc065d7637a6592872	wsh-trace	local	57bc72c1c92472ccfb05e677071bf95d82fff4df3044f34a92a629596b62cd1b	2264a8042763edf2620cfe32d96b096e1f3d26aa	5.9.2	2.55.0	1000	150	dirty	12	1.396	7.333	1	1	0	1	1788332591.699360	1788332591.864576	253729078	253730043
2026-09-02T07:01:28Z	8dc0b5fea25671d6745a556bffb740d3866e189c	352c096f011eb282f12e6d4c12281340fac96b635a2879cc065d7637a6592872	wsh-trace	local	57bc72c1c92472ccfb05e677071bf95d82fff4df3044f34a92a629596b62cd1b	2264a8042763edf2620cfe32d96b096e1f3d26aa	5.9.2	2.55.0	1000	150	dirty	13	1.156	6.919	1	1	0	1	1788332592.202986	1788332592.367727	253731079	253731194
2026-09-02T07:01:28Z	8dc0b5fea25671d6745a556bffb740d3866e189c	352c096f011eb282f12e6d4c12281340fac96b635a2879cc065d7637a6592872	wsh-trace	local	57bc72c1c92472ccfb05e677071bf95d82fff4df3044f34a92a629596b62cd1b	2264a8042763edf2620cfe32d96b096e1f3d26aa	5.9.2	2.55.0	1000	150	dirty	14	1.226	7.427	1	1	0	1	1788332592.705207	1788332592.871068	253732376	253733607
2026-09-02T07:01:28Z	8dc0b5fea25671d6745a556bffb740d3866e189c	352c096f011eb282f12e6d4c12281340fac96b635a2879cc065d7637a6592872	wsh-trace	local	57bc72c1c92472ccfb05e677071bf95d82fff4df3044f34a92a629596b62cd1b	2264a8042763edf2620cfe32d96b096e1f3d26aa	5.9.2	2.55.0	1000	150	dirty	15	1.184	7.012	1	1	0	1	1788332593.207675	1788332593.372425	253734641	253735305
2026-09-02T07:01:28Z	8dc0b5fea25671d6745a556bffb740d3866e189c	352c096f011eb282f12e6d4c12281340fac96b635a2879cc065d7637a6592872	wsh-trace	local	57bc72c1c92472ccfb05e677071bf95d82fff4df3044f34a92a629596b62cd1b	2264a8042763edf2620cfe32d96b096e1f3d26aa	5.9.2	2.55.0	1000	150	dirty	16	1.242	7.292	1	1	0	1	1788332593.708952	1788332593.873860	253736869	253737241
2026-09-02T07:01:28Z	8dc0b5fea25671d6745a556bffb740d3866e189c	352c096f011eb282f12e6d4c12281340fac96b635a2879cc065d7637a6592872	wsh-trace	local	57bc72c1c92472ccfb05e677071bf95d82fff4df3044f34a92a629596b62cd1b	2264a8042763edf2620cfe32d96b096e1f3d26aa	5.9.2	2.55.0	1000	150	dirty	17	1.366	7.052	1	1	0	1	1788332594.212428	1788332594.377809	253738403	253739121
2026-09-02T07:01:28Z	8dc0b5fea25671d6745a556bffb740d3866e189c	352c096f011eb282f12e6d4c12281340fac96b635a2879cc065d7637a6592872	wsh-trace	local	57bc72c1c92472ccfb05e677071bf95d82fff4df3044f34a92a629596b62cd1b	2264a8042763edf2620cfe32d96b096e1f3d26aa	5.9.2	2.55.0	1000	150	dirty	18	1.168	7.613	1	1	0	1	1788332594.717244	1788332594.883691	253740581	253741147
2026-09-02T07:01:28Z	8dc0b5fea25671d6745a556bffb740d3866e189c	352c096f011eb282f12e6d4c12281340fac96b635a2879cc065d7637a6592872	wsh-trace	local	57bc72c1c92472ccfb05e677071bf95d82fff4df3044f34a92a629596b62cd1b	2264a8042763edf2620cfe32d96b096e1f3d26aa	5.9.2	2.55.0	1000	150	dirty	19	0.959	7.433	1	1	0	1	1788332595.224544	1788332595.391162	253741699	253742072
2026-09-02T07:01:28Z	8dc0b5fea25671d6745a556bffb740d3866e189c	352c096f011eb282f12e6d4c12281340fac96b635a2879cc065d7637a6592872	wsh-trace	local	57bc72c1c92472ccfb05e677071bf95d82fff4df3044f34a92a629596b62cd1b	2264a8042763edf2620cfe32d96b096e1f3d26aa	5.9.2	2.55.0	1000	150	dirty	20	1.616	7.871	1	1	0	1	1788332595.733710	1788332595.902247	253744369	253746084
2026-09-02T07:01:28Z	8dc0b5fea25671d6745a556bffb740d3866e189c	352c096f011eb282f12e6d4c12281340fac96b635a2879cc065d7637a6592872	wsh-trace	local	57bc72c1c92472ccfb05e677071bf95d82fff4df3044f34a92a629596b62cd1b	2264a8042763edf2620cfe32d96b096e1f3d26aa	5.9.2	2.55.0	1000	150	untracked	1	1.244	8.378	1	1	0	1	1788332596.266798	1788332596.432986	253749370	253749912
2026-09-02T07:01:28Z	8dc0b5fea25671d6745a556bffb740d3866e189c	352c096f011eb282f12e6d4c12281340fac96b635a2879cc065d7637a6592872	wsh-trace	local	57bc72c1c92472ccfb05e677071bf95d82fff4df3044f34a92a629596b62cd1b	2264a8042763edf2620cfe32d96b096e1f3d26aa	5.9.2	2.55.0	1000	150	untracked	2	1.125	7.318	1	1	0	1	1788332596.776720	1788332596.943410	253750514	253751429
2026-09-02T07:01:28Z	8dc0b5fea25671d6745a556bffb740d3866e189c	352c096f011eb282f12e6d4c12281340fac96b635a2879cc065d7637a6592872	wsh-trace	local	57bc72c1c92472ccfb05e677071bf95d82fff4df3044f34a92a629596b62cd1b	2264a8042763edf2620cfe32d96b096e1f3d26aa	5.9.2	2.55.0	1000	150	untracked	3	1.438	7.490	1	1	0	1	1788332597.286220	1788332597.453212	253752364	253752830
2026-09-02T07:01:28Z	8dc0b5fea25671d6745a556bffb740d3866e189c	352c096f011eb282f12e6d4c12281340fac96b635a2879cc065d7637a6592872	wsh-trace	local	57bc72c1c92472ccfb05e677071bf95d82fff4df3044f34a92a629596b62cd1b	2264a8042763edf2620cfe32d96b096e1f3d26aa	5.9.2	2.55.0	1000	150	untracked	4	1.104	7.658	1	1	0	1	1788332597.796299	1788332597.963662	253754038	253754608
2026-09-02T07:01:28Z	8dc0b5fea25671d6745a556bffb740d3866e189c	352c096f011eb282f12e6d4c12281340fac96b635a2879cc065d7637a6592872	wsh-trace	local	57bc72c1c92472ccfb05e677071bf95d82fff4df3044f34a92a629596b62cd1b	2264a8042763edf2620cfe32d96b096e1f3d26aa	5.9.2	2.55.0	1000	150	untracked	5	1.247	6.970	1	1	0	1	1788332598.305012	1788332598.469908	253754845	253754944
2026-09-02T07:01:28Z	8dc0b5fea25671d6745a556bffb740d3866e189c	352c096f011eb282f12e6d4c12281340fac96b635a2879cc065d7637a6592872	wsh-trace	local	57bc72c1c92472ccfb05e677071bf95d82fff4df3044f34a92a629596b62cd1b	2264a8042763edf2620cfe32d96b096e1f3d26aa	5.9.2	2.55.0	1000	150	untracked	6	1.221	7.307	1	1	0	1	1788332598.809324	1788332598.976072	253755712	253755884
2026-09-02T07:01:28Z	8dc0b5fea25671d6745a556bffb740d3866e189c	352c096f011eb282f12e6d4c12281340fac96b635a2879cc065d7637a6592872	wsh-trace	local	57bc72c1c92472ccfb05e677071bf95d82fff4df3044f34a92a629596b62cd1b	2264a8042763edf2620cfe32d96b096e1f3d26aa	5.9.2	2.55.0	1000	150	untracked	7	1.254	7.900	1	1	0	1	1788332599.317559	1788332599.483027	253756763	253756860
2026-09-02T07:01:28Z	8dc0b5fea25671d6745a556bffb740d3866e189c	352c096f011eb282f12e6d4c12281340fac96b635a2879cc065d7637a6592872	wsh-trace	local	57bc72c1c92472ccfb05e677071bf95d82fff4df3044f34a92a629596b62cd1b	2264a8042763edf2620cfe32d96b096e1f3d26aa	5.9.2	2.55.0	1000	150	untracked	8	0.927	7.161	1	1	0	1	1788332599.823347	1788332599.988633	253757022	253757145
2026-09-02T07:01:28Z	8dc0b5fea25671d6745a556bffb740d3866e189c	352c096f011eb282f12e6d4c12281340fac96b635a2879cc065d7637a6592872	wsh-trace	local	57bc72c1c92472ccfb05e677071bf95d82fff4df3044f34a92a629596b62cd1b	2264a8042763edf2620cfe32d96b096e1f3d26aa	5.9.2	2.55.0	1000	150	untracked	9	1.017	6.629	1	1	0	1	1788332600.330977	1788332600.495822	253757313	253757363
2026-09-02T07:01:28Z	8dc0b5fea25671d6745a556bffb740d3866e189c	352c096f011eb282f12e6d4c12281340fac96b635a2879cc065d7637a6592872	wsh-trace	local	57bc72c1c92472ccfb05e677071bf95d82fff4df3044f34a92a629596b62cd1b	2264a8042763edf2620cfe32d96b096e1f3d26aa	5.9.2	2.55.0	1000	150	untracked	10	1.040	6.917	1	1	0	1	1788332600.838818	1788332601.005220	253758178	253758302
2026-09-02T07:01:28Z	8dc0b5fea25671d6745a556bffb740d3866e189c	352c096f011eb282f12e6d4c12281340fac96b635a2879cc065d7637a6592872	wsh-trace	local	57bc72c1c92472ccfb05e677071bf95d82fff4df3044f34a92a629596b62cd1b	2264a8042763edf2620cfe32d96b096e1f3d26aa	5.9.2	2.55.0	1000	150	untracked	11	1.019	7.209	1	1	0	1	1788332601.346940	1788332601.513539	253759234	253759371
2026-09-02T07:01:28Z	8dc0b5fea25671d6745a556bffb740d3866e189c	352c096f011eb282f12e6d4c12281340fac96b635a2879cc065d7637a6592872	wsh-trace	local	57bc72c1c92472ccfb05e677071bf95d82fff4df3044f34a92a629596b62cd1b	2264a8042763edf2620cfe32d96b096e1f3d26aa	5.9.2	2.55.0	1000	150	untracked	12	1.276	7.788	1	1	0	1	1788332601.857285	1788332602.022835	253760083	253760214
2026-09-02T07:01:28Z	8dc0b5fea25671d6745a556bffb740d3866e189c	352c096f011eb282f12e6d4c12281340fac96b635a2879cc065d7637a6592872	wsh-trace	local	57bc72c1c92472ccfb05e677071bf95d82fff4df3044f34a92a629596b62cd1b	2264a8042763edf2620cfe32d96b096e1f3d26aa	5.9.2	2.55.0	1000	150	untracked	13	1.057	6.873	1	1	0	1	1788332602.363986	1788332602.529760	253760391	253760529
2026-09-02T07:01:28Z	8dc0b5fea25671d6745a556bffb740d3866e189c	352c096f011eb282f12e6d4c12281340fac96b635a2879cc065d7637a6592872	wsh-trace	local	57bc72c1c92472ccfb05e677071bf95d82fff4df3044f34a92a629596b62cd1b	2264a8042763edf2620cfe32d96b096e1f3d26aa	5.9.2	2.55.0	1000	150	untracked	14	1.136	6.894	1	1	0	1	1788332602.872158	1788332603.037620	253760761	253760847
2026-09-02T07:01:28Z	8dc0b5fea25671d6745a556bffb740d3866e189c	352c096f011eb282f12e6d4c12281340fac96b635a2879cc065d7637a6592872	wsh-trace	local	57bc72c1c92472ccfb05e677071bf95d82fff4df3044f34a92a629596b62cd1b	2264a8042763edf2620cfe32d96b096e1f3d26aa	5.9.2	2.55.0	1000	150	untracked	15	1.043	6.778	1	1	0	1	1788332603.378109	1788332603.545086	253761063	253761147
2026-09-02T07:01:28Z	8dc0b5fea25671d6745a556bffb740d3866e189c	352c096f011eb282f12e6d4c12281340fac96b635a2879cc065d7637a6592872	wsh-trace	local	57bc72c1c92472ccfb05e677071bf95d82fff4df3044f34a92a629596b62cd1b	2264a8042763edf2620cfe32d96b096e1f3d26aa	5.9.2	2.55.0	1000	150	untracked	16	1.104	7.534	1	1	0	1	1788332603.888205	1788332604.053614	253761606	253761737
2026-09-02T07:01:28Z	8dc0b5fea25671d6745a556bffb740d3866e189c	352c096f011eb282f12e6d4c12281340fac96b635a2879cc065d7637a6592872	wsh-trace	local	57bc72c1c92472ccfb05e677071bf95d82fff4df3044f34a92a629596b62cd1b	2264a8042763edf2620cfe32d96b096e1f3d26aa	5.9.2	2.55.0	1000	150	untracked	17	1.317	7.164	1	1	0	1	1788332604.394222	1788332604.559376	253762143	253762280
2026-09-02T07:01:28Z	8dc0b5fea25671d6745a556bffb740d3866e189c	352c096f011eb282f12e6d4c12281340fac96b635a2879cc065d7637a6592872	wsh-trace	local	57bc72c1c92472ccfb05e677071bf95d82fff4df3044f34a92a629596b62cd1b	2264a8042763edf2620cfe32d96b096e1f3d26aa	5.9.2	2.55.0	1000	150	untracked	18	0.944	6.985	1	1	0	1	1788332604.901644	1788332605.067512	253763894	253765607
2026-09-02T07:01:28Z	8dc0b5fea25671d6745a556bffb740d3866e189c	352c096f011eb282f12e6d4c12281340fac96b635a2879cc065d7637a6592872	wsh-trace	local	57bc72c1c92472ccfb05e677071bf95d82fff4df3044f34a92a629596b62cd1b	2264a8042763edf2620cfe32d96b096e1f3d26aa	5.9.2	2.55.0	1000	150	untracked	19	1.343	8.222	1	1	0	1	1788332605.403334	1788332605.571490	253768210	253769128
2026-09-02T07:01:28Z	8dc0b5fea25671d6745a556bffb740d3866e189c	352c096f011eb282f12e6d4c12281340fac96b635a2879cc065d7637a6592872	wsh-trace	local	57bc72c1c92472ccfb05e677071bf95d82fff4df3044f34a92a629596b62cd1b	2264a8042763edf2620cfe32d96b096e1f3d26aa	5.9.2	2.55.0	1000	150	untracked	20	1.681	7.517	1	1	0	1	1788332605.918362	1788332606.085700	253770058	253770130
