snapshot_at_utc	benchmark_commit	runner_sha256	target	target_kind	target_commit	omz_commit	zsh_version	git_version	fixture_files	settle_ms	state	iteration	first_ms	settled_ms	repaints	git_calls	unlocked_calls	semantic_pass	measurement_started_epoch_seconds	measurement_finished_epoch_seconds	cpu_psi_some_total_before	cpu_psi_some_total_after
2026-09-02T13:47:18Z	8dc0b5fea25671d6745a556bffb740d3866e189c	352c096f011eb282f12e6d4c12281340fac96b635a2879cc065d7637a6592872	raw	control	5.9.2	2264a8042763edf2620cfe32d96b096e1f3d26aa	5.9.2	2.55.0	1000	150	clean	1	0.441	0.441	0	0	0	na	1788356838.999955	1788356839.153069	285847080	285847147
2026-09-02T13:47:18Z	8dc0b5fea25671d6745a556bffb740d3866e189c	352c096f011eb282f12e6d4c12281340fac96b635a2879cc065d7637a6592872	raw	control	5.9.2	2264a8042763edf2620cfe32d96b096e1f3d26aa	5.9.2	2.55.0	1000	150	clean	2	0.448	0.448	0	0	0	na	1788356839.306632	1788356839.460278	285847256	285847331
2026-09-02T13:47:18Z	8dc0b5fea25671d6745a556bffb740d3866e189c	352c096f011eb282f12e6d4c12281340fac96b635a2879cc065d7637a6592872	raw	control	5.9.2	2264a8042763edf2620cfe32d96b096e1f3d26aa	5.9.2	2.55.0	1000	150	clean	3	0.518	0.518	0	0	0	na	1788356839.613827	1788356839.767407	285847438	285847997
2026-09-02T13:47:18Z	8dc0b5fea25671d6745a556bffb740d3866e189c	352c096f011eb282f12e6d4c12281340fac96b635a2879cc065d7637a6592872	raw	control	5.9.2	2264a8042763edf2620cfe32d96b096e1f3d26aa	5.9.2	2.55.0	1000	150	clean	4	0.478	0.478	0	0	0	na	1788356839.921017	1788356840.074670	285848135	285848188
2026-09-02T13:47:18Z	8dc0b5fea25671d6745a556bffb740d3866e189c	352c096f011eb282f12e6d4c12281340fac96b635a2879cc065d7637a6592872	raw	control	5.9.2	2264a8042763edf2620cfe32d96b096e1f3d26aa	5.9.2	2.55.0	1000	150	clean	5	0.519	0.519	0	0	0	na	1788356840.228384	1788356840.382174	285848958	285849113
2026-09-02T13:47:18Z	8dc0b5fea25671d6745a556bffb740d3866e189c	352c096f011eb282f12e6d4c12281340fac96b635a2879cc065d7637a6592872	raw	control	5.9.2	2264a8042763edf2620cfe32d96b096e1f3d26aa	5.9.2	2.55.0	1000	150	clean	6	0.488	0.488	0	0	0	na	1788356840.535706	1788356840.689351	285849175	285849288
2026-09-02T13:47:18Z	8dc0b5fea25671d6745a556bffb740d3866e189c	352c096f011eb282f12e6d4c12281340fac96b635a2879cc065d7637a6592872	raw	control	5.9.2	2264a8042763edf2620cfe32d96b096e1f3d26aa	5.9.2	2.55.0	1000	150	clean	7	0.484	0.484	0	0	0	na	1788356840.842913	1788356840.996580	285849440	285849520
2026-09-02T13:47:18Z	8dc0b5fea25671d6745a556bffb740d3866e189c	352c096f011eb282f12e6d4c12281340fac96b635a2879cc065d7637a6592872	raw	control	5.9.2	2264a8042763edf2620cfe32d96b096e1f3d26aa	5.9.2	2.55.0	1000	150	clean	8	0.434	0.434	0	0	0	na	1788356841.149987	1788356841.303505	285850337	285850457
2026-09-02T13:47:18Z	8dc0b5fea25671d6745a556bffb740d3866e189c	352c096f011eb282f12e6d4c12281340fac96b635a2879cc065d7637a6592872	raw	control	5.9.2	2264a8042763edf2620cfe32d96b096e1f3d26aa	5.9.2	2.55.0	1000	150	clean	9	0.543	0.543	0	0	0	na	1788356841.457033	1788356841.610886	285850535	285850711
2026-09-02T13:47:18Z	8dc0b5fea25671d6745a556bffb740d3866e189c	352c096f011eb282f12e6d4c12281340fac96b635a2879cc065d7637a6592872	raw	control	5.9.2	2264a8042763edf2620cfe32d96b096e1f3d26aa	5.9.2	2.55.0	1000	150	clean	10	0.432	0.432	0	0	0	na	1788356841.764497	1788356841.918041	285850830	285851049
2026-09-02T13:47:18Z	8dc0b5fea25671d6745a556bffb740d3866e189c	352c096f011eb282f12e6d4c12281340fac96b635a2879cc065d7637a6592872	raw	control	5.9.2	2264a8042763edf2620cfe32d96b096e1f3d26aa	5.9.2	2.55.0	1000	150	clean	11	0.454	0.454	0	0	0	na	1788356842.071658	1788356842.225127	285851175	285851274
2026-09-02T13:47:18Z	8dc0b5fea25671d6745a556bffb740d3866e189c	352c096f011eb282f12e6d4c12281340fac96b635a2879cc065d7637a6592872	raw	control	5.9.2	2264a8042763edf2620cfe32d96b096e1f3d26aa	5.9.2	2.55.0	1000	150	clean	12	0.462	0.462	0	0	0	na	1788356842.378525	1788356842.532333	285851402	285851481
2026-09-02T13:47:18Z	8dc0b5fea25671d6745a556bffb740d3866e189c	352c096f011eb282f12e6d4c12281340fac96b635a2879cc065d7637a6592872	raw	control	5.9.2	2264a8042763edf2620cfe32d96b096e1f3d26aa	5.9.2	2.55.0	1000	150	clean	13	0.497	0.497	0	0	0	na	1788356842.685955	1788356842.839740	285851566	285851800
2026-09-02T13:47:18Z	8dc0b5fea25671d6745a556bffb740d3866e189c	352c096f011eb282f12e6d4c12281340fac96b635a2879cc065d7637a6592872	raw	control	5.9.2	2264a8042763edf2620cfe32d96b096e1f3d26aa	5.9.2	2.55.0	1000	150	clean	14	0.435	0.435	0	0	0	na	1788356842.992894	1788356843.146295	285851921	285852726
2026-09-02T13:47:18Z	8dc0b5fea25671d6745a556bffb740d3866e189c	352c096f011eb282f12e6d4c12281340fac96b635a2879cc065d7637a6592872	raw	control	5.9.2	2264a8042763edf2620cfe32d96b096e1f3d26aa	5.9.2	2.55.0	1000	150	clean	15	0.511	0.511	0	0	0	na	1788356843.299803	1788356843.453572	285853226	285853420
2026-09-02T13:47:18Z	8dc0b5fea25671d6745a556bffb740d3866e189c	352c096f011eb282f12e6d4c12281340fac96b635a2879cc065d7637a6592872	raw	control	5.9.2	2264a8042763edf2620cfe32d96b096e1f3d26aa	5.9.2	2.55.0	1000	150	clean	16	0.473	0.473	0	0	0	na	1788356843.607191	1788356843.760820	285854253	285854402
2026-09-02T13:47:18Z	8dc0b5fea25671d6745a556bffb740d3866e189c	352c096f011eb282f12e6d4c12281340fac96b635a2879cc065d7637a6592872	raw	control	5.9.2	2264a8042763edf2620cfe32d96b096e1f3d26aa	5.9.2	2.55.0	1000	150	clean	17	0.478	0.478	0	0	0	na	1788356843.914207	1788356844.067663	285854567	285854695
2026-09-02T13:47:18Z	8dc0b5fea25671d6745a556bffb740d3866e189c	352c096f011eb282f12e6d4c12281340fac96b635a2879cc065d7637a6592872	raw	control	5.9.2	2264a8042763edf2620cfe32d96b096e1f3d26aa	5.9.2	2.55.0	1000	150	clean	18	0.407	0.407	0	0	0	na	1788356844.220764	1788356844.374084	285854880	285855604
2026-09-02T13:47:18Z	8dc0b5fea25671d6745a556bffb740d3866e189c	352c096f011eb282f12e6d4c12281340fac96b635a2879cc065d7637a6592872	raw	control	5.9.2	2264a8042763edf2620cfe32d96b096e1f3d26aa	5.9.2	2.55.0	1000	150	clean	19	0.450	0.450	0	0	0	na	1788356844.527318	1788356844.680799	285855679	285855774
2026-09-02T13:47:18Z	8dc0b5fea25671d6745a556bffb740d3866e189c	352c096f011eb282f12e6d4c12281340fac96b635a2879cc065d7637a6592872	raw	control	5.9.2	2264a8042763edf2620cfe32d96b096e1f3d26aa	5.9.2	2.55.0	1000	150	clean	20	0.455	0.455	0	0	0	na	1788356844.834387	1788356844.987505	285856140	285856231
2026-09-02T13:47:18Z	8dc0b5fea25671d6745a556bffb740d3866e189c	352c096f011eb282f12e6d4c12281340fac96b635a2879cc065d7637a6592872	raw	control	5.9.2	2264a8042763edf2620cfe32d96b096e1f3d26aa	5.9.2	2.55.0	1000	150	dirty	1	0.345	0.345	0	0	0	na	1788356845.167637	1788356845.320865	285856992	285857189
2026-09-02T13:47:18Z	8dc0b5fea25671d6745a556bffb740d3866e189c	352c096f011eb282f12e6d4c12281340fac96b635a2879cc065d7637a6592872	raw	control	5.9.2	2264a8042763edf2620cfe32d96b096e1f3d26aa	5.9.2	2.55.0	1000	150	dirty	2	0.375	0.375	0	0	0	na	1788356845.474366	1788356845.627744	285857256	285857310
2026-09-02T13:47:18Z	8dc0b5fea25671d6745a556bffb740d3866e189c	352c096f011eb282f12e6d4c12281340fac96b635a2879cc065d7637a6592872	raw	control	5.9.2	2264a8042763edf2620cfe32d96b096e1f3d26aa	5.9.2	2.55.0	1000	150	dirty	3	0.393	0.393	0	0	0	na	1788356845.781155	1788356845.934469	285857456	285857537
2026-09-02T13:47:18Z	8dc0b5fea25671d6745a556bffb740d3866e189c	352c096f011eb282f12e6d4c12281340fac96b635a2879cc065d7637a6592872	raw	control	5.9.2	2264a8042763edf2620cfe32d96b096e1f3d26aa	5.9.2	2.55.0	1000	150	dirty	4	0.351	0.351	0	0	0	na	1788356846.087922	1788356846.241128	285857593	285857703
2026-09-02T13:47:18Z	8dc0b5fea25671d6745a556bffb740d3866e189c	352c096f011eb282f12e6d4c12281340fac96b635a2879cc065d7637a6592872	raw	control	5.9.2	2264a8042763edf2620cfe32d96b096e1f3d26aa	5.9.2	2.55.0	1000	150	dirty	5	0.368	0.368	0	0	0	na	1788356846.394476	1788356846.547722	285857794	285858003
2026-09-02T13:47:18Z	8dc0b5fea25671d6745a556bffb740d3866e189c	352c096f011eb282f12e6d4c12281340fac96b635a2879cc065d7637a6592872	raw	control	5.9.2	2264a8042763edf2620cfe32d96b096e1f3d26aa	5.9.2	2.55.0	1000	150	dirty	6	0.354	0.354	0	0	0	na	1788356846.700927	1788356846.854439	285858048	285858170
2026-09-02T13:47:18Z	8dc0b5fea25671d6745a556bffb740d3866e189c	352c096f011eb282f12e6d4c12281340fac96b635a2879cc065d7637a6592872	raw	control	5.9.2	2264a8042763edf2620cfe32d96b096e1f3d26aa	5.9.2	2.55.0	1000	150	dirty	7	0.376	0.376	0	0	0	na	1788356847.007776	1788356847.161101	285858210	285858241
2026-09-02T13:47:18Z	8dc0b5fea25671d6745a556bffb740d3866e189c	352c096f011eb282f12e6d4c12281340fac96b635a2879cc065d7637a6592872	raw	control	5.9.2	2264a8042763edf2620cfe32d96b096e1f3d26aa	5.9.2	2.55.0	1000	150	dirty	8	0.386	0.386	0	0	0	na	1788356847.314449	1788356847.467808	285858757	285858837
2026-09-02T13:47:18Z	8dc0b5fea25671d6745a556bffb740d3866e189c	352c096f011eb282f12e6d4c12281340fac96b635a2879cc065d7637a6592872	raw	control	5.9.2	2264a8042763edf2620cfe32d96b096e1f3d26aa	5.9.2	2.55.0	1000	150	dirty	9	0.337	0.337	0	0	0	na	1788356847.621119	1788356847.774416	285858906	285859470
2026-09-02T13:47:18Z	8dc0b5fea25671d6745a556bffb740d3866e189c	352c096f011eb282f12e6d4c12281340fac96b635a2879cc065d7637a6592872	raw	control	5.9.2	2264a8042763edf2620cfe32d96b096e1f3d26aa	5.9.2	2.55.0	1000	150	dirty	10	0.410	0.410	0	0	0	na	1788356847.927932	1788356848.081424	285859880	285859948
2026-09-02T13:47:18Z	8dc0b5fea25671d6745a556bffb740d3866e189c	352c096f011eb282f12e6d4c12281340fac96b635a2879cc065d7637a6592872	raw	control	5.9.2	2264a8042763edf2620cfe32d96b096e1f3d26aa	5.9.2	2.55.0	1000	150	dirty	11	0.413	0.413	0	0	0	na	1788356848.234707	1788356848.388000	285860012	285860045
2026-09-02T13:47:18Z	8dc0b5fea25671d6745a556bffb740d3866e189c	352c096f011eb282f12e6d4c12281340fac96b635a2879cc065d7637a6592872	raw	control	5.9.2	2264a8042763edf2620cfe32d96b096e1f3d26aa	5.9.2	2.55.0	1000	150	dirty	12	0.407	0.407	0	0	0	na	1788356848.541386	1788356848.694899	285860084	285860129
2026-09-02T13:47:18Z	8dc0b5fea25671d6745a556bffb740d3866e189c	352c096f011eb282f12e6d4c12281340fac96b635a2879cc065d7637a6592872	raw	control	5.9.2	2264a8042763edf2620cfe32d96b096e1f3d26aa	5.9.2	2.55.0	1000	150	dirty	13	0.374	0.374	0	0	0	na	1788356848.848284	1788356849.001703	285860924	285861003
2026-09-02T13:47:18Z	8dc0b5fea25671d6745a556bffb740d3866e189c	352c096f011eb282f12e6d4c12281340fac96b635a2879cc065d7637a6592872	raw	control	5.9.2	2264a8042763edf2620cfe32d96b096e1f3d26aa	5.9.2	2.55.0	1000	150	dirty	14	0.394	0.394	0	0	0	na	1788356849.155001	1788356849.308398	285861063	285861181
2026-09-02T13:47:18Z	8dc0b5fea25671d6745a556bffb740d3866e189c	352c096f011eb282f12e6d4c12281340fac96b635a2879cc065d7637a6592872	raw	control	5.9.2	2264a8042763edf2620cfe32d96b096e1f3d26aa	5.9.2	2.55.0	1000	150	dirty	15	0.447	0.447	0	0	0	na	1788356849.462051	1788356849.615374	285861272	285861354
2026-09-02T13:47:18Z	8dc0b5fea25671d6745a556bffb740d3866e189c	352c096f011eb282f12e6d4c12281340fac96b635a2879cc065d7637a6592872	raw	control	5.9.2	2264a8042763edf2620cfe32d96b096e1f3d26aa	5.9.2	2.55.0	1000	150	dirty	16	0.359	0.359	0	0	0	na	1788356849.768641	1788356849.921780	285861606	285861732
2026-09-02T13:47:18Z	8dc0b5fea25671d6745a556bffb740d3866e189c	352c096f011eb282f12e6d4c12281340fac96b635a2879cc065d7637a6592872	raw	control	5.9.2	2264a8042763edf2620cfe32d96b096e1f3d26aa	5.9.2	2.55.0	1000	150	dirty	17	0.407	0.407	0	0	0	na	1788356850.074865	1788356850.228262	285861846	285862592
2026-09-02T13:47:18Z	8dc0b5fea25671d6745a556bffb740d3866e189c	352c096f011eb282f12e6d4c12281340fac96b635a2879cc065d7637a6592872	raw	control	5.9.2	2264a8042763edf2620cfe32d96b096e1f3d26aa	5.9.2	2.55.0	1000	150	dirty	18	0.339	0.339	0	0	0	na	1788356850.381579	1788356850.534933	285862753	285862956
2026-09-02T13:47:18Z	8dc0b5fea25671d6745a556bffb740d3866e189c	352c096f011eb282f12e6d4c12281340fac96b635a2879cc065d7637a6592872	raw	control	5.9.2	2264a8042763edf2620cfe32d96b096e1f3d26aa	5.9.2	2.55.0	1000	150	dirty	19	0.341	0.341	0	0	0	na	1788356850.688260	1788356850.841609	285863019	285863265
2026-09-02T13:47:18Z	8dc0b5fea25671d6745a556bffb740d3866e189c	352c096f011eb282f12e6d4c12281340fac96b635a2879cc065d7637a6592872	raw	control	5.9.2	2264a8042763edf2620cfe32d96b096e1f3d26aa	5.9.2	2.55.0	1000	150	dirty	20	0.344	0.344	0	0	0	na	1788356850.995079	1788356851.148574	285863405	285863647
2026-09-02T13:47:18Z	8dc0b5fea25671d6745a556bffb740d3866e189c	352c096f011eb282f12e6d4c12281340fac96b635a2879cc065d7637a6592872	raw	control	5.9.2	2264a8042763edf2620cfe32d96b096e1f3d26aa	5.9.2	2.55.0	1000	150	untracked	1	0.457	0.457	0	0	0	na	1788356851.323083	1788356851.476284	285864001	285864286
2026-09-02T13:47:18Z	8dc0b5fea25671d6745a556bffb740d3866e189c	352c096f011eb282f12e6d4c12281340fac96b635a2879cc065d7637a6592872	raw	control	5.9.2	2264a8042763edf2620cfe32d96b096e1f3d26aa	5.9.2	2.55.0	1000	150	untracked	2	0.385	0.385	0	0	0	na	1788356851.630590	1788356851.783895	285864516	285864798
2026-09-02T13:47:18Z	8dc0b5fea25671d6745a556bffb740d3866e189c	352c096f011eb282f12e6d4c12281340fac96b635a2879cc065d7637a6592872	raw	control	5.9.2	2264a8042763edf2620cfe32d96b096e1f3d26aa	5.9.2	2.55.0	1000	150	untracked	3	0.466	0.466	0	0	0	na	1788356851.938793	1788356852.092272	285865103	285865311
2026-09-02T13:47:18Z	8dc0b5fea25671d6745a556bffb740d3866e189c	352c096f011eb282f12e6d4c12281340fac96b635a2879cc065d7637a6592872	raw	control	5.9.2	2264a8042763edf2620cfe32d96b096e1f3d26aa	5.9.2	2.55.0	1000	150	untracked	4	0.406	0.406	0	0	0	na	1788356852.247028	1788356852.400339	285865491	285865756
2026-09-02T13:47:18Z	8dc0b5fea25671d6745a556bffb740d3866e189c	352c096f011eb282f12e6d4c12281340fac96b635a2879cc065d7637a6592872	raw	control	5.9.2	2264a8042763edf2620cfe32d96b096e1f3d26aa	5.9.2	2.55.0	1000	150	untracked	5	0.374	0.374	0	0	0	na	1788356852.555057	1788356852.708314	285865910	285866174
2026-09-02T13:47:18Z	8dc0b5fea25671d6745a556bffb740d3866e189c	352c096f011eb282f12e6d4c12281340fac96b635a2879cc065d7637a6592872	raw	control	5.9.2	2264a8042763edf2620cfe32d96b096e1f3d26aa	5.9.2	2.55.0	1000	150	untracked	6	0.423	0.423	0	0	0	na	1788356852.863177	1788356853.016632	285866664	285866879
2026-09-02T13:47:18Z	8dc0b5fea25671d6745a556bffb740d3866e189c	352c096f011eb282f12e6d4c12281340fac96b635a2879cc065d7637a6592872	raw	control	5.9.2	2264a8042763edf2620cfe32d96b096e1f3d26aa	5.9.2	2.55.0	1000	150	untracked	7	0.432	0.432	0	0	0	na	1788356853.171361	1788356853.324682	285867044	285867211
2026-09-02T13:47:18Z	8dc0b5fea25671d6745a556bffb740d3866e189c	352c096f011eb282f12e6d4c12281340fac96b635a2879cc065d7637a6592872	raw	control	5.9.2	2264a8042763edf2620cfe32d96b096e1f3d26aa	5.9.2	2.55.0	1000	150	untracked	8	0.373	0.373	0	0	0	na	1788356853.479498	1788356853.632699	285867408	285867571
2026-09-02T13:47:18Z	8dc0b5fea25671d6745a556bffb740d3866e189c	352c096f011eb282f12e6d4c12281340fac96b635a2879cc065d7637a6592872	raw	control	5.9.2	2264a8042763edf2620cfe32d96b096e1f3d26aa	5.9.2	2.55.0	1000	150	untracked	9	0.365	0.365	0	0	0	na	1788356853.787397	1788356853.940688	285867823	285868024
2026-09-02T13:47:18Z	8dc0b5fea25671d6745a556bffb740d3866e189c	352c096f011eb282f12e6d4c12281340fac96b635a2879cc065d7637a6592872	raw	control	5.9.2	2264a8042763edf2620cfe32d96b096e1f3d26aa	5.9.2	2.55.0	1000	150	untracked	10	0.461	0.461	0	0	0	na	1788356854.095419	1788356854.248849	285868249	285868498
2026-09-02T13:47:18Z	8dc0b5fea25671d6745a556bffb740d3866e189c	352c096f011eb282f12e6d4c12281340fac96b635a2879cc065d7637a6592872	raw	control	5.9.2	2264a8042763edf2620cfe32d96b096e1f3d26aa	5.9.2	2.55.0	1000	150	untracked	11	0.410	0.410	0	0	0	na	1788356854.403537	1788356854.556868	285868687	285868909
2026-09-02T13:47:18Z	8dc0b5fea25671d6745a556bffb740d3866e189c	352c096f011eb282f12e6d4c12281340fac96b635a2879cc065d7637a6592872	raw	control	5.9.2	2264a8042763edf2620cfe32d96b096e1f3d26aa	5.9.2	2.55.0	1000	150	untracked	12	0.391	0.391	0	0	0	na	1788356854.711692	1788356854.865106	285869090	285869340
2026-09-02T13:47:18Z	8dc0b5fea25671d6745a556bffb740d3866e189c	352c096f011eb282f12e6d4c12281340fac96b635a2879cc065d7637a6592872	raw	control	5.9.2	2264a8042763edf2620cfe32d96b096e1f3d26aa	5.9.2	2.55.0	1000	150	untracked	13	0.390	0.390	0	0	0	na	1788356855.019715	1788356855.172977	285869560	285869793
2026-09-02T13:47:18Z	8dc0b5fea25671d6745a556bffb740d3866e189c	352c096f011eb282f12e6d4c12281340fac96b635a2879cc065d7637a6592872	raw	control	5.9.2	2264a8042763edf2620cfe32d96b096e1f3d26aa	5.9.2	2.55.0	1000	150	untracked	14	0.424	0.424	0	0	0	na	1788356855.327662	1788356855.480999	285870003	285870203
2026-09-02T13:47:18Z	8dc0b5fea25671d6745a556bffb740d3866e189c	352c096f011eb282f12e6d4c12281340fac96b635a2879cc065d7637a6592872	raw	control	5.9.2	2264a8042763edf2620cfe32d96b096e1f3d26aa	5.9.2	2.55.0	1000	150	untracked	15	0.370	0.370	0	0	0	na	1788356855.635617	1788356855.788937	285870393	285870917
2026-09-02T13:47:18Z	8dc0b5fea25671d6745a556bffb740d3866e189c	352c096f011eb282f12e6d4c12281340fac96b635a2879cc065d7637a6592872	raw	control	5.9.2	2264a8042763edf2620cfe32d96b096e1f3d26aa	5.9.2	2.55.0	1000	150	untracked	16	0.388	0.388	0	0	0	na	1788356855.943587	1788356856.097114	285871090	285871313
2026-09-02T13:47:18Z	8dc0b5fea25671d6745a556bffb740d3866e189c	352c096f011eb282f12e6d4c12281340fac96b635a2879cc065d7637a6592872	raw	control	5.9.2	2264a8042763edf2620cfe32d96b096e1f3d26aa	5.9.2	2.55.0	1000	150	untracked	17	0.409	0.409	0	0	0	na	1788356856.251937	1788356856.405329	285871559	285871790
2026-09-02T13:47:18Z	8dc0b5fea25671d6745a556bffb740d3866e189c	352c096f011eb282f12e6d4c12281340fac96b635a2879cc065d7637a6592872	raw	control	5.9.2	2264a8042763edf2620cfe32d96b096e1f3d26aa	5.9.2	2.55.0	1000	150	untracked	18	0.390	0.390	0	0	0	na	1788356856.559927	1788356856.713269	285871949	285872149
2026-09-02T13:47:18Z	8dc0b5fea25671d6745a556bffb740d3866e189c	352c096f011eb282f12e6d4c12281340fac96b635a2879cc065d7637a6592872	raw	control	5.9.2	2264a8042763edf2620cfe32d96b096e1f3d26aa	5.9.2	2.55.0	1000	150	untracked	19	0.448	0.448	0	0	0	na	1788356856.867895	1788356857.021223	285872387	285872625
2026-09-02T13:47:18Z	8dc0b5fea25671d6745a556bffb740d3866e189c	352c096f011eb282f12e6d4c12281340fac96b635a2879cc065d7637a6592872	raw	control	5.9.2	2264a8042763edf2620cfe32d96b096e1f3d26aa	5.9.2	2.55.0	1000	150	untracked	20	0.461	0.461	0	0	0	na	1788356857.175923	1788356857.329351	285872853	285873075
2026-09-02T13:47:18Z	8dc0b5fea25671d6745a556bffb740d3866e189c	352c096f011eb282f12e6d4c12281340fac96b635a2879cc065d7637a6592872	direct-git	control	2.55.0	2264a8042763edf2620cfe32d96b096e1f3d26aa	5.9.2	2.55.0	1000	150	clean	1	5.488	5.488	0	1	0	na	1788356857.688052	1788356857.846357	285873565	285873750
2026-09-02T13:47:18Z	8dc0b5fea25671d6745a556bffb740d3866e189c	352c096f011eb282f12e6d4c12281340fac96b635a2879cc065d7637a6592872	direct-git	control	2.55.0	2264a8042763edf2620cfe32d96b096e1f3d26aa	5.9.2	2.55.0	1000	150	clean	2	5.555	5.555	0	1	0	na	1788356858.004671	1788356858.163611	285873919	285874065
2026-09-02T13:47:18Z	8dc0b5fea25671d6745a556bffb740d3866e189c	352c096f011eb282f12e6d4c12281340fac96b635a2879cc065d7637a6592872	direct-git	control	2.55.0	2264a8042763edf2620cfe32d96b096e1f3d26aa	5.9.2	2.55.0	1000	150	clean	3	5.383	5.383	0	1	0	na	1788356858.322483	1788356858.481089	285874222	285874460
2026-09-02T13:47:18Z	8dc0b5fea25671d6745a556bffb740d3866e189c	352c096f011eb282f12e6d4c12281340fac96b635a2879cc065d7637a6592872	direct-git	control	2.55.0	2264a8042763edf2620cfe32d96b096e1f3d26aa	5.9.2	2.55.0	1000	150	clean	4	5.296	5.296	0	1	0	na	1788356858.640483	1788356858.799666	285874663	285874948
2026-09-02T13:47:18Z	8dc0b5fea25671d6745a556bffb740d3866e189c	352c096f011eb282f12e6d4c12281340fac96b635a2879cc065d7637a6592872	direct-git	control	2.55.0	2264a8042763edf2620cfe32d96b096e1f3d26aa	5.9.2	2.55.0	1000	150	clean	5	5.013	5.013	0	1	0	na	1788356858.958652	1788356859.117044	285875132	285875332
2026-09-02T13:47:18Z	8dc0b5fea25671d6745a556bffb740d3866e189c	352c096f011eb282f12e6d4c12281340fac96b635a2879cc065d7637a6592872	direct-git	control	2.55.0	2264a8042763edf2620cfe32d96b096e1f3d26aa	5.9.2	2.55.0	1000	150	clean	6	5.073	5.073	0	1	0	na	1788356859.275990	1788356859.434462	285875512	285875725
2026-09-02T13:47:18Z	8dc0b5fea25671d6745a556bffb740d3866e189c	352c096f011eb282f12e6d4c12281340fac96b635a2879cc065d7637a6592872	direct-git	control	2.55.0	2264a8042763edf2620cfe32d96b096e1f3d26aa	5.9.2	2.55.0	1000	150	clean	7	5.746	5.746	0	1	0	na	1788356859.593530	1788356859.752691	285875894	285876175
2026-09-02T13:47:18Z	8dc0b5fea25671d6745a556bffb740d3866e189c	352c096f011eb282f12e6d4c12281340fac96b635a2879cc065d7637a6592872	direct-git	control	2.55.0	2264a8042763edf2620cfe32d96b096e1f3d26aa	5.9.2	2.55.0	1000	150	clean	8	5.486	5.486	0	1	0	na	1788356859.911617	1788356860.070596	285876635	285876994
2026-09-02T13:47:18Z	8dc0b5fea25671d6745a556bffb740d3866e189c	352c096f011eb282f12e6d4c12281340fac96b635a2879cc065d7637a6592872	direct-git	control	2.55.0	2264a8042763edf2620cfe32d96b096e1f3d26aa	5.9.2	2.55.0	1000	150	clean	9	5.175	5.175	0	1	0	na	1788356860.229821	1788356860.388380	285877208	285877402
2026-09-02T13:47:18Z	8dc0b5fea25671d6745a556bffb740d3866e189c	352c096f011eb282f12e6d4c12281340fac96b635a2879cc065d7637a6592872	direct-git	control	2.55.0	2264a8042763edf2620cfe32d96b096e1f3d26aa	5.9.2	2.55.0	1000	150	clean	10	5.648	5.648	0	1	0	na	1788356860.547393	1788356860.706510	285877587	285877916
2026-09-02T13:47:18Z	8dc0b5fea25671d6745a556bffb740d3866e189c	352c096f011eb282f12e6d4c12281340fac96b635a2879cc065d7637a6592872	direct-git	control	2.55.0	2264a8042763edf2620cfe32d96b096e1f3d26aa	5.9.2	2.55.0	1000	150	clean	11	5.505	5.505	0	1	0	na	1788356860.865139	1788356861.024230	285878093	285878292
2026-09-02T13:47:18Z	8dc0b5fea25671d6745a556bffb740d3866e189c	352c096f011eb282f12e6d4c12281340fac96b635a2879cc065d7637a6592872	direct-git	control	2.55.0	2264a8042763edf2620cfe32d96b096e1f3d26aa	5.9.2	2.55.0	1000	150	clean	12	5.145	5.145	0	1	0	na	1788356861.183361	1788356861.341903	285878552	285878820
2026-09-02T13:47:18Z	8dc0b5fea25671d6745a556bffb740d3866e189c	352c096f011eb282f12e6d4c12281340fac96b635a2879cc065d7637a6592872	direct-git	control	2.55.0	2264a8042763edf2620cfe32d96b096e1f3d26aa	5.9.2	2.55.0	1000	150	clean	13	5.504	5.504	0	1	0	na	1788356861.501261	1788356861.660203	285879502	285879673
2026-09-02T13:47:18Z	8dc0b5fea25671d6745a556bffb740d3866e189c	352c096f011eb282f12e6d4c12281340fac96b635a2879cc065d7637a6592872	direct-git	control	2.55.0	2264a8042763edf2620cfe32d96b096e1f3d26aa	5.9.2	2.55.0	1000	150	clean	14	5.419	5.419	0	1	0	na	1788356861.819135	1788356861.978009	285880007	285880250
2026-09-02T13:47:18Z	8dc0b5fea25671d6745a556bffb740d3866e189c	352c096f011eb282f12e6d4c12281340fac96b635a2879cc065d7637a6592872	direct-git	control	2.55.0	2264a8042763edf2620cfe32d96b096e1f3d26aa	5.9.2	2.55.0	1000	150	clean	15	5.066	5.066	0	1	0	na	1788356862.136929	1788356862.295625	285880505	285880727
2026-09-02T13:47:18Z	8dc0b5fea25671d6745a556bffb740d3866e189c	352c096f011eb282f12e6d4c12281340fac96b635a2879cc065d7637a6592872	direct-git	control	2.55.0	2264a8042763edf2620cfe32d96b096e1f3d26aa	5.9.2	2.55.0	1000	150	clean	16	5.196	5.196	0	1	0	na	1788356862.454596	1788356862.613405	285880902	285881066
2026-09-02T13:47:18Z	8dc0b5fea25671d6745a556bffb740d3866e189c	352c096f011eb282f12e6d4c12281340fac96b635a2879cc065d7637a6592872	direct-git	control	2.55.0	2264a8042763edf2620cfe32d96b096e1f3d26aa	5.9.2	2.55.0	1000	150	clean	17	5.410	5.410	0	1	0	na	1788356862.772878	1788356862.932181	285881226	285881590
2026-09-02T13:47:18Z	8dc0b5fea25671d6745a556bffb740d3866e189c	352c096f011eb282f12e6d4c12281340fac96b635a2879cc065d7637a6592872	direct-git	control	2.55.0	2264a8042763edf2620cfe32d96b096e1f3d26aa	5.9.2	2.55.0	1000	150	clean	18	5.403	5.403	0	1	0	na	1788356863.091563	1788356863.250884	285881872	285882131
2026-09-02T13:47:18Z	8dc0b5fea25671d6745a556bffb740d3866e189c	352c096f011eb282f12e6d4c12281340fac96b635a2879cc065d7637a6592872	direct-git	control	2.55.0	2264a8042763edf2620cfe32d96b096e1f3d26aa	5.9.2	2.55.0	1000	150	clean	19	5.364	5.364	0	1	0	na	1788356863.410366	1788356863.569568	285882383	285882724
2026-09-02T13:47:18Z	8dc0b5fea25671d6745a556bffb740d3866e189c	352c096f011eb282f12e6d4c12281340fac96b635a2879cc065d7637a6592872	direct-git	control	2.55.0	2264a8042763edf2620cfe32d96b096e1f3d26aa	5.9.2	2.55.0	1000	150	clean	20	5.208	5.208	0	1	0	na	1788356863.729021	1788356863.888037	285883017	285883228
2026-09-02T13:47:18Z	8dc0b5fea25671d6745a556bffb740d3866e189c	352c096f011eb282f12e6d4c12281340fac96b635a2879cc065d7637a6592872	direct-git	control	2.55.0	2264a8042763edf2620cfe32d96b096e1f3d26aa	5.9.2	2.55.0	1000	150	dirty	1	5.296	5.296	0	1	0	na	1788356864.064651	1788356864.223852	285883546	285883923
2026-09-02T13:47:18Z	8dc0b5fea25671d6745a556bffb740d3866e189c	352c096f011eb282f12e6d4c12281340fac96b635a2879cc065d7637a6592872	direct-git	control	2.55.0	2264a8042763edf2620cfe32d96b096e1f3d26aa	5.9.2	2.55.0	1000	150	dirty	2	5.111	5.111	0	1	0	na	1788356864.383469	1788356864.542210	285884160	285884353
2026-09-02T13:47:18Z	8dc0b5fea25671d6745a556bffb740d3866e189c	352c096f011eb282f12e6d4c12281340fac96b635a2879cc065d7637a6592872	direct-git	control	2.55.0	2264a8042763edf2620cfe32d96b096e1f3d26aa	5.9.2	2.55.0	1000	150	dirty	3	5.305	5.305	0	1	0	na	1788356864.701659	1788356864.860569	285884568	285885021
2026-09-02T13:47:18Z	8dc0b5fea25671d6745a556bffb740d3866e189c	352c096f011eb282f12e6d4c12281340fac96b635a2879cc065d7637a6592872	direct-git	control	2.55.0	2264a8042763edf2620cfe32d96b096e1f3d26aa	5.9.2	2.55.0	1000	150	dirty	4	5.198	5.198	0	1	0	na	1788356865.019986	1788356865.178880	285885197	285885370
2026-09-02T13:47:18Z	8dc0b5fea25671d6745a556bffb740d3866e189c	352c096f011eb282f12e6d4c12281340fac96b635a2879cc065d7637a6592872	direct-git	control	2.55.0	2264a8042763edf2620cfe32d96b096e1f3d26aa	5.9.2	2.55.0	1000	150	dirty	5	5.031	5.031	0	1	0	na	1788356865.338121	1788356865.496926	285885540	285885719
2026-09-02T13:47:18Z	8dc0b5fea25671d6745a556bffb740d3866e189c	352c096f011eb282f12e6d4c12281340fac96b635a2879cc065d7637a6592872	direct-git	control	2.55.0	2264a8042763edf2620cfe32d96b096e1f3d26aa	5.9.2	2.55.0	1000	150	dirty	6	5.153	5.153	0	1	0	na	1788356865.656366	1788356865.814976	285885943	285886262
2026-09-02T13:47:18Z	8dc0b5fea25671d6745a556bffb740d3866e189c	352c096f011eb282f12e6d4c12281340fac96b635a2879cc065d7637a6592872	direct-git	control	2.55.0	2264a8042763edf2620cfe32d96b096e1f3d26aa	5.9.2	2.55.0	1000	150	dirty	7	5.255	5.255	0	1	0	na	1788356865.974962	1788356866.134055	285886465	285886655
2026-09-02T13:47:18Z	8dc0b5fea25671d6745a556bffb740d3866e189c	352c096f011eb282f12e6d4c12281340fac96b635a2879cc065d7637a6592872	direct-git	control	2.55.0	2264a8042763edf2620cfe32d96b096e1f3d26aa	5.9.2	2.55.0	1000	150	dirty	8	5.517	5.517	0	1	0	na	1788356866.293747	1788356866.453118	285886971	285887249
2026-09-02T13:47:18Z	8dc0b5fea25671d6745a556bffb740d3866e189c	352c096f011eb282f12e6d4c12281340fac96b635a2879cc065d7637a6592872	direct-git	control	2.55.0	2264a8042763edf2620cfe32d96b096e1f3d26aa	5.9.2	2.55.0	1000	150	dirty	9	5.337	5.337	0	1	0	na	1788356866.612561	1788356866.771632	285887468	285887739
2026-09-02T13:47:18Z	8dc0b5fea25671d6745a556bffb740d3866e189c	352c096f011eb282f12e6d4c12281340fac96b635a2879cc065d7637a6592872	direct-git	control	2.55.0	2264a8042763edf2620cfe32d96b096e1f3d26aa	5.9.2	2.55.0	1000	150	dirty	10	5.510	5.510	0	1	0	na	1788356866.931805	1788356867.091228	285887978	285888202
2026-09-02T13:47:18Z	8dc0b5fea25671d6745a556bffb740d3866e189c	352c096f011eb282f12e6d4c12281340fac96b635a2879cc065d7637a6592872	direct-git	control	2.55.0	2264a8042763edf2620cfe32d96b096e1f3d26aa	5.9.2	2.55.0	1000	150	dirty	11	5.305	5.305	0	1	0	na	1788356867.251619	1788356867.410828	285888479	285888692
2026-09-02T13:47:18Z	8dc0b5fea25671d6745a556bffb740d3866e189c	352c096f011eb282f12e6d4c12281340fac96b635a2879cc065d7637a6592872	direct-git	control	2.55.0	2264a8042763edf2620cfe32d96b096e1f3d26aa	5.9.2	2.55.0	1000	150	dirty	12	5.049	5.049	0	1	0	na	1788356867.570582	1788356867.729590	285888923	285889206
2026-09-02T13:47:18Z	8dc0b5fea25671d6745a556bffb740d3866e189c	352c096f011eb282f12e6d4c12281340fac96b635a2879cc065d7637a6592872	direct-git	control	2.55.0	2264a8042763edf2620cfe32d96b096e1f3d26aa	5.9.2	2.55.0	1000	150	dirty	13	5.689	5.689	0	1	0	na	1788356867.889528	1788356868.049072	285889792	285890068
2026-09-02T13:47:18Z	8dc0b5fea25671d6745a556bffb740d3866e189c	352c096f011eb282f12e6d4c12281340fac96b635a2879cc065d7637a6592872	direct-git	control	2.55.0	2264a8042763edf2620cfe32d96b096e1f3d26aa	5.9.2	2.55.0	1000	150	dirty	14	5.068	5.068	0	1	0	na	1788356868.208629	1788356868.367520	285890321	285890566
2026-09-02T13:47:18Z	8dc0b5fea25671d6745a556bffb740d3866e189c	352c096f011eb282f12e6d4c12281340fac96b635a2879cc065d7637a6592872	direct-git	control	2.55.0	2264a8042763edf2620cfe32d96b096e1f3d26aa	5.9.2	2.55.0	1000	150	dirty	15	5.145	5.145	0	1	0	na	1788356868.526907	1788356868.685980	285890751	285890935
2026-09-02T13:47:18Z	8dc0b5fea25671d6745a556bffb740d3866e189c	352c096f011eb282f12e6d4c12281340fac96b635a2879cc065d7637a6592872	direct-git	control	2.55.0	2264a8042763edf2620cfe32d96b096e1f3d26aa	5.9.2	2.55.0	1000	150	dirty	16	5.663	5.663	0	1	0	na	1788356868.845718	1788356869.005381	285891570	285891797
2026-09-02T13:47:18Z	8dc0b5fea25671d6745a556bffb740d3866e189c	352c096f011eb282f12e6d4c12281340fac96b635a2879cc065d7637a6592872	direct-git	control	2.55.0	2264a8042763edf2620cfe32d96b096e1f3d26aa	5.9.2	2.55.0	1000	150	dirty	17	5.636	5.636	0	1	0	na	1788356869.164909	1788356869.324433	285892034	285892344
2026-09-02T13:47:18Z	8dc0b5fea25671d6745a556bffb740d3866e189c	352c096f011eb282f12e6d4c12281340fac96b635a2879cc065d7637a6592872	direct-git	control	2.55.0	2264a8042763edf2620cfe32d96b096e1f3d26aa	5.9.2	2.55.0	1000	150	dirty	18	5.707	5.707	0	1	0	na	1788356869.484291	1788356869.643920	285892581	285892791
2026-09-02T13:47:18Z	8dc0b5fea25671d6745a556bffb740d3866e189c	352c096f011eb282f12e6d4c12281340fac96b635a2879cc065d7637a6592872	direct-git	control	2.55.0	2264a8042763edf2620cfe32d96b096e1f3d26aa	5.9.2	2.55.0	1000	150	dirty	19	5.398	5.398	0	1	0	na	1788356869.803984	1788356869.963368	285893012	285893225
2026-09-02T13:47:18Z	8dc0b5fea25671d6745a556bffb740d3866e189c	352c096f011eb282f12e6d4c12281340fac96b635a2879cc065d7637a6592872	direct-git	control	2.55.0	2264a8042763edf2620cfe32d96b096e1f3d26aa	5.9.2	2.55.0	1000	150	dirty	20	5.365	5.365	0	1	0	na	1788356870.123084	1788356870.282606	285893430	285893656
2026-09-02T13:47:18Z	8dc0b5fea25671d6745a556bffb740d3866e189c	352c096f011eb282f12e6d4c12281340fac96b635a2879cc065d7637a6592872	direct-git	control	2.55.0	2264a8042763edf2620cfe32d96b096e1f3d26aa	5.9.2	2.55.0	1000	150	untracked	1	5.122	5.122	0	1	0	na	1788356870.463660	1788356870.622696	285893900	285894096
2026-09-02T13:47:18Z	8dc0b5fea25671d6745a556bffb740d3866e189c	352c096f011eb282f12e6d4c12281340fac96b635a2879cc065d7637a6592872	direct-git	control	2.55.0	2264a8042763edf2620cfe32d96b096e1f3d26aa	5.9.2	2.55.0	1000	150	untracked	2	5.676	5.676	0	1	0	na	1788356870.783738	1788356870.943547	285894297	285894527
2026-09-02T13:47:18Z	8dc0b5fea25671d6745a556bffb740d3866e189c	352c096f011eb282f12e6d4c12281340fac96b635a2879cc065d7637a6592872	direct-git	control	2.55.0	2264a8042763edf2620cfe32d96b096e1f3d26aa	5.9.2	2.55.0	1000	150	untracked	3	5.211	5.211	0	1	0	na	1788356871.104787	1788356871.263856	285894744	285894956
2026-09-02T13:47:18Z	8dc0b5fea25671d6745a556bffb740d3866e189c	352c096f011eb282f12e6d4c12281340fac96b635a2879cc065d7637a6592872	direct-git	control	2.55.0	2264a8042763edf2620cfe32d96b096e1f3d26aa	5.9.2	2.55.0	1000	150	untracked	4	5.398	5.398	0	1	0	na	1788356871.424936	1788356871.584387	285895147	285895344
2026-09-02T13:47:18Z	8dc0b5fea25671d6745a556bffb740d3866e189c	352c096f011eb282f12e6d4c12281340fac96b635a2879cc065d7637a6592872	direct-git	control	2.55.0	2264a8042763edf2620cfe32d96b096e1f3d26aa	5.9.2	2.55.0	1000	150	untracked	5	5.674	5.674	0	1	0	na	1788356871.746189	1788356871.905909	285895568	285896111
2026-09-02T13:47:18Z	8dc0b5fea25671d6745a556bffb740d3866e189c	352c096f011eb282f12e6d4c12281340fac96b635a2879cc065d7637a6592872	direct-git	control	2.55.0	2264a8042763edf2620cfe32d96b096e1f3d26aa	5.9.2	2.55.0	1000	150	untracked	6	5.434	5.434	0	1	0	na	1788356872.067542	1788356872.227217	285896327	285896524
2026-09-02T13:47:18Z	8dc0b5fea25671d6745a556bffb740d3866e189c	352c096f011eb282f12e6d4c12281340fac96b635a2879cc065d7637a6592872	direct-git	control	2.55.0	2264a8042763edf2620cfe32d96b096e1f3d26aa	5.9.2	2.55.0	1000	150	untracked	7	5.075	5.075	0	1	0	na	1788356872.388413	1788356872.547782	285896701	285896885
2026-09-02T13:47:18Z	8dc0b5fea25671d6745a556bffb740d3866e189c	352c096f011eb282f12e6d4c12281340fac96b635a2879cc065d7637a6592872	direct-git	control	2.55.0	2264a8042763edf2620cfe32d96b096e1f3d26aa	5.9.2	2.55.0	1000	150	untracked	8	5.000	5.000	0	1	0	na	1788356872.709577	1788356872.869132	285897118	285897353
2026-09-02T13:47:18Z	8dc0b5fea25671d6745a556bffb740d3866e189c	352c096f011eb282f12e6d4c12281340fac96b635a2879cc065d7637a6592872	direct-git	control	2.55.0	2264a8042763edf2620cfe32d96b096e1f3d26aa	5.9.2	2.55.0	1000	150	untracked	9	5.760	5.760	0	1	0	na	1788356873.030360	1788356873.190505	285897589	285897826
2026-09-02T13:47:18Z	8dc0b5fea25671d6745a556bffb740d3866e189c	352c096f011eb282f12e6d4c12281340fac96b635a2879cc065d7637a6592872	direct-git	control	2.55.0	2264a8042763edf2620cfe32d96b096e1f3d26aa	5.9.2	2.55.0	1000	150	untracked	10	5.195	5.195	0	1	0	na	1788356873.352420	1788356873.511906	285898074	285898263
2026-09-02T13:47:18Z	8dc0b5fea25671d6745a556bffb740d3866e189c	352c096f011eb282f12e6d4c12281340fac96b635a2879cc065d7637a6592872	direct-git	control	2.55.0	2264a8042763edf2620cfe32d96b096e1f3d26aa	5.9.2	2.55.0	1000	150	untracked	11	5.623	5.623	0	1	0	na	1788356873.673863	1788356873.833784	285898493	285898811
2026-09-02T13:47:18Z	8dc0b5fea25671d6745a556bffb740d3866e189c	352c096f011eb282f12e6d4c12281340fac96b635a2879cc065d7637a6592872	direct-git	control	2.55.0	2264a8042763edf2620cfe32d96b096e1f3d26aa	5.9.2	2.55.0	1000	150	untracked	12	5.345	5.345	0	1	0	na	1788356873.996380	1788356874.156177	285899088	285899242
2026-09-02T13:47:18Z	8dc0b5fea25671d6745a556bffb740d3866e189c	352c096f011eb282f12e6d4c12281340fac96b635a2879cc065d7637a6592872	direct-git	control	2.55.0	2264a8042763edf2620cfe32d96b096e1f3d26aa	5.9.2	2.55.0	1000	150	untracked	13	5.285	5.285	0	1	0	na	1788356874.317907	1788356874.477543	285899386	285899555
2026-09-02T13:47:18Z	8dc0b5fea25671d6745a556bffb740d3866e189c	352c096f011eb282f12e6d4c12281340fac96b635a2879cc065d7637a6592872	direct-git	control	2.55.0	2264a8042763edf2620cfe32d96b096e1f3d26aa	5.9.2	2.55.0	1000	150	untracked	14	5.728	5.728	0	1	0	na	1788356874.638947	1788356874.799294	285899808	285900061
2026-09-02T13:47:18Z	8dc0b5fea25671d6745a556bffb740d3866e189c	352c096f011eb282f12e6d4c12281340fac96b635a2879cc065d7637a6592872	direct-git	control	2.55.0	2264a8042763edf2620cfe32d96b096e1f3d26aa	5.9.2	2.55.0	1000	150	untracked	15	5.300	5.300	0	1	0	na	1788356874.960854	1788356875.120408	285900267	285900443
2026-09-02T13:47:18Z	8dc0b5fea25671d6745a556bffb740d3866e189c	352c096f011eb282f12e6d4c12281340fac96b635a2879cc065d7637a6592872	direct-git	control	2.55.0	2264a8042763edf2620cfe32d96b096e1f3d26aa	5.9.2	2.55.0	1000	150	untracked	16	5.510	5.510	0	1	0	na	1788356875.281735	1788356875.441558	285900627	285900834
2026-09-02T13:47:18Z	8dc0b5fea25671d6745a556bffb740d3866e189c	352c096f011eb282f12e6d4c12281340fac96b635a2879cc065d7637a6592872	direct-git	control	2.55.0	2264a8042763edf2620cfe32d96b096e1f3d26aa	5.9.2	2.55.0	1000	150	untracked	17	5.756	5.756	0	1	0	na	1788356875.603369	1788356875.763563	285901110	285901322
2026-09-02T13:47:18Z	8dc0b5fea25671d6745a556bffb740d3866e189c	352c096f011eb282f12e6d4c12281340fac96b635a2879cc065d7637a6592872	direct-git	control	2.55.0	2264a8042763edf2620cfe32d96b096e1f3d26aa	5.9.2	2.55.0	1000	150	untracked	18	5.322	5.322	0	1	0	na	1788356875.925568	1788356876.085387	285901551	285901741
2026-09-02T13:47:18Z	8dc0b5fea25671d6745a556bffb740d3866e189c	352c096f011eb282f12e6d4c12281340fac96b635a2879cc065d7637a6592872	direct-git	control	2.55.0	2264a8042763edf2620cfe32d96b096e1f3d26aa	5.9.2	2.55.0	1000	150	untracked	19	5.294	5.294	0	1	0	na	1788356876.246651	1788356876.406426	285901841	285902060
2026-09-02T13:47:18Z	8dc0b5fea25671d6745a556bffb740d3866e189c	352c096f011eb282f12e6d4c12281340fac96b635a2879cc065d7637a6592872	direct-git	control	2.55.0	2264a8042763edf2620cfe32d96b096e1f3d26aa	5.9.2	2.55.0	1000	150	untracked	20	5.151	5.151	0	1	0	na	1788356876.568447	1788356876.727965	285902239	285902401
2026-09-02T13:47:18Z	8dc0b5fea25671d6745a556bffb740d3866e189c	352c096f011eb282f12e6d4c12281340fac96b635a2879cc065d7637a6592872	wsh-idle	control	4fa59ffc191c59db064dad44f47534cf47ac08da6f35e1710935fd0f39477918	2264a8042763edf2620cfe32d96b096e1f3d26aa	5.9.2	2.55.0	1000	150	clean	1	0.463	0.463	0	0	0	na	1788356877.085956	1788356877.240496	285902904	285903148
2026-09-02T13:47:18Z	8dc0b5fea25671d6745a556bffb740d3866e189c	352c096f011eb282f12e6d4c12281340fac96b635a2879cc065d7637a6592872	wsh-idle	control	4fa59ffc191c59db064dad44f47534cf47ac08da6f35e1710935fd0f39477918	2264a8042763edf2620cfe32d96b096e1f3d26aa	5.9.2	2.55.0	1000	150	clean	2	0.458	0.458	0	0	0	na	1788356877.395662	1788356877.550179	285903369	285903635
2026-09-02T13:47:18Z	8dc0b5fea25671d6745a556bffb740d3866e189c	352c096f011eb282f12e6d4c12281340fac96b635a2879cc065d7637a6592872	wsh-idle	control	4fa59ffc191c59db064dad44f47534cf47ac08da6f35e1710935fd0f39477918	2264a8042763edf2620cfe32d96b096e1f3d26aa	5.9.2	2.55.0	1000	150	clean	3	0.429	0.429	0	0	0	na	1788356877.705568	1788356877.860080	285903866	285904137
2026-09-02T13:47:18Z	8dc0b5fea25671d6745a556bffb740d3866e189c	352c096f011eb282f12e6d4c12281340fac96b635a2879cc065d7637a6592872	wsh-idle	control	4fa59ffc191c59db064dad44f47534cf47ac08da6f35e1710935fd0f39477918	2264a8042763edf2620cfe32d96b096e1f3d26aa	5.9.2	2.55.0	1000	150	clean	4	0.457	0.457	0	0	0	na	1788356878.015247	1788356878.169587	285904292	285904465
2026-09-02T13:47:18Z	8dc0b5fea25671d6745a556bffb740d3866e189c	352c096f011eb282f12e6d4c12281340fac96b635a2879cc065d7637a6592872	wsh-idle	control	4fa59ffc191c59db064dad44f47534cf47ac08da6f35e1710935fd0f39477918	2264a8042763edf2620cfe32d96b096e1f3d26aa	5.9.2	2.55.0	1000	150	clean	5	0.424	0.424	0	0	0	na	1788356878.324770	1788356878.479347	285904672	285904904
2026-09-02T13:47:18Z	8dc0b5fea25671d6745a556bffb740d3866e189c	352c096f011eb282f12e6d4c12281340fac96b635a2879cc065d7637a6592872	wsh-idle	control	4fa59ffc191c59db064dad44f47534cf47ac08da6f35e1710935fd0f39477918	2264a8042763edf2620cfe32d96b096e1f3d26aa	5.9.2	2.55.0	1000	150	clean	6	0.450	0.450	0	0	0	na	1788356878.634712	1788356878.789155	285905038	285905254
2026-09-02T13:47:18Z	8dc0b5fea25671d6745a556bffb740d3866e189c	352c096f011eb282f12e6d4c12281340fac96b635a2879cc065d7637a6592872	wsh-idle	control	4fa59ffc191c59db064dad44f47534cf47ac08da6f35e1710935fd0f39477918	2264a8042763edf2620cfe32d96b096e1f3d26aa	5.9.2	2.55.0	1000	150	clean	7	0.407	0.407	0	0	0	na	1788356878.944520	1788356879.099027	285905405	285905569
2026-09-02T13:47:18Z	8dc0b5fea25671d6745a556bffb740d3866e189c	352c096f011eb282f12e6d4c12281340fac96b635a2879cc065d7637a6592872	wsh-idle	control	4fa59ffc191c59db064dad44f47534cf47ac08da6f35e1710935fd0f39477918	2264a8042763edf2620cfe32d96b096e1f3d26aa	5.9.2	2.55.0	1000	150	clean	8	0.425	0.425	0	0	0	na	1788356879.254205	1788356879.408633	285905757	285905935
2026-09-02T13:47:18Z	8dc0b5fea25671d6745a556bffb740d3866e189c	352c096f011eb282f12e6d4c12281340fac96b635a2879cc065d7637a6592872	wsh-idle	control	4fa59ffc191c59db064dad44f47534cf47ac08da6f35e1710935fd0f39477918	2264a8042763edf2620cfe32d96b096e1f3d26aa	5.9.2	2.55.0	1000	150	clean	9	0.455	0.455	0	0	0	na	1788356879.563906	1788356879.718355	285906111	285906272
2026-09-02T13:47:18Z	8dc0b5fea25671d6745a556bffb740d3866e189c	352c096f011eb282f12e6d4c12281340fac96b635a2879cc065d7637a6592872	wsh-idle	control	4fa59ffc191c59db064dad44f47534cf47ac08da6f35e1710935fd0f39477918	2264a8042763edf2620cfe32d96b096e1f3d26aa	5.9.2	2.55.0	1000	150	clean	10	0.416	0.416	0	0	0	na	1788356879.873441	1788356880.027788	285906440	285906641
2026-09-02T13:47:18Z	8dc0b5fea25671d6745a556bffb740d3866e189c	352c096f011eb282f12e6d4c12281340fac96b635a2879cc065d7637a6592872	wsh-idle	control	4fa59ffc191c59db064dad44f47534cf47ac08da6f35e1710935fd0f39477918	2264a8042763edf2620cfe32d96b096e1f3d26aa	5.9.2	2.55.0	1000	150	clean	11	0.426	0.426	0	0	0	na	1788356880.182744	1788356880.337082	285906881	285907096
2026-09-02T13:47:18Z	8dc0b5fea25671d6745a556bffb740d3866e189c	352c096f011eb282f12e6d4c12281340fac96b635a2879cc065d7637a6592872	wsh-idle	control	4fa59ffc191c59db064dad44f47534cf47ac08da6f35e1710935fd0f39477918	2264a8042763edf2620cfe32d96b096e1f3d26aa	5.9.2	2.55.0	1000	150	clean	12	0.443	0.443	0	0	0	na	1788356880.492542	1788356880.647061	285907270	285907466
2026-09-02T13:47:18Z	8dc0b5fea25671d6745a556bffb740d3866e189c	352c096f011eb282f12e6d4c12281340fac96b635a2879cc065d7637a6592872	wsh-idle	control	4fa59ffc191c59db064dad44f47534cf47ac08da6f35e1710935fd0f39477918	2264a8042763edf2620cfe32d96b096e1f3d26aa	5.9.2	2.55.0	1000	150	clean	13	0.444	0.444	0	0	0	na	1788356880.802301	1788356880.956707	285907687	285907898
2026-09-02T13:47:18Z	8dc0b5fea25671d6745a556bffb740d3866e189c	352c096f011eb282f12e6d4c12281340fac96b635a2879cc065d7637a6592872	wsh-idle	control	4fa59ffc191c59db064dad44f47534cf47ac08da6f35e1710935fd0f39477918	2264a8042763edf2620cfe32d96b096e1f3d26aa	5.9.2	2.55.0	1000	150	clean	14	0.428	0.428	0	0	0	na	1788356881.112001	1788356881.266481	285908096	285908331
2026-09-02T13:47:18Z	8dc0b5fea25671d6745a556bffb740d3866e189c	352c096f011eb282f12e6d4c12281340fac96b635a2879cc065d7637a6592872	wsh-idle	control	4fa59ffc191c59db064dad44f47534cf47ac08da6f35e1710935fd0f39477918	2264a8042763edf2620cfe32d96b096e1f3d26aa	5.9.2	2.55.0	1000	150	clean	15	0.417	0.417	0	0	0	na	1788356881.421561	1788356881.576180	285908484	285908694
2026-09-02T13:47:18Z	8dc0b5fea25671d6745a556bffb740d3866e189c	352c096f011eb282f12e6d4c12281340fac96b635a2879cc065d7637a6592872	wsh-idle	control	4fa59ffc191c59db064dad44f47534cf47ac08da6f35e1710935fd0f39477918	2264a8042763edf2620cfe32d96b096e1f3d26aa	5.9.2	2.55.0	1000	150	clean	16	0.424	0.424	0	0	0	na	1788356881.731631	1788356881.886122	285908829	285909184
2026-09-02T13:47:18Z	8dc0b5fea25671d6745a556bffb740d3866e189c	352c096f011eb282f12e6d4c12281340fac96b635a2879cc065d7637a6592872	wsh-idle	control	4fa59ffc191c59db064dad44f47534cf47ac08da6f35e1710935fd0f39477918	2264a8042763edf2620cfe32d96b096e1f3d26aa	5.9.2	2.55.0	1000	150	clean	17	0.517	0.517	0	0	0	na	1788356882.041367	1788356882.195859	285909405	285909676
2026-09-02T13:47:18Z	8dc0b5fea25671d6745a556bffb740d3866e189c	352c096f011eb282f12e6d4c12281340fac96b635a2879cc065d7637a6592872	wsh-idle	control	4fa59ffc191c59db064dad44f47534cf47ac08da6f35e1710935fd0f39477918	2264a8042763edf2620cfe32d96b096e1f3d26aa	5.9.2	2.55.0	1000	150	clean	18	0.401	0.401	0	0	0	na	1788356882.351056	1788356882.505465	285909940	285910266
2026-09-02T13:47:18Z	8dc0b5fea25671d6745a556bffb740d3866e189c	352c096f011eb282f12e6d4c12281340fac96b635a2879cc065d7637a6592872	wsh-idle	control	4fa59ffc191c59db064dad44f47534cf47ac08da6f35e1710935fd0f39477918	2264a8042763edf2620cfe32d96b096e1f3d26aa	5.9.2	2.55.0	1000	150	clean	19	0.425	0.425	0	0	0	na	1788356882.660625	1788356882.815013	285910465	285910686
2026-09-02T13:47:18Z	8dc0b5fea25671d6745a556bffb740d3866e189c	352c096f011eb282f12e6d4c12281340fac96b635a2879cc065d7637a6592872	wsh-idle	control	4fa59ffc191c59db064dad44f47534cf47ac08da6f35e1710935fd0f39477918	2264a8042763edf2620cfe32d96b096e1f3d26aa	5.9.2	2.55.0	1000	150	clean	20	0.413	0.413	0	0	0	na	1788356882.970496	1788356883.125093	285910934	285911194
2026-09-02T13:47:18Z	8dc0b5fea25671d6745a556bffb740d3866e189c	352c096f011eb282f12e6d4c12281340fac96b635a2879cc065d7637a6592872	wsh-idle	control	4fa59ffc191c59db064dad44f47534cf47ac08da6f35e1710935fd0f39477918	2264a8042763edf2620cfe32d96b096e1f3d26aa	5.9.2	2.55.0	1000	150	dirty	1	0.424	0.424	0	0	0	na	1788356883.298876	1788356883.453083	285911415	285911703
2026-09-02T13:47:18Z	8dc0b5fea25671d6745a556bffb740d3866e189c	352c096f011eb282f12e6d4c12281340fac96b635a2879cc065d7637a6592872	wsh-idle	control	4fa59ffc191c59db064dad44f47534cf47ac08da6f35e1710935fd0f39477918	2264a8042763edf2620cfe32d96b096e1f3d26aa	5.9.2	2.55.0	1000	150	dirty	2	0.414	0.414	0	0	0	na	1788356883.608522	1788356883.763000	285911990	285912240
2026-09-02T13:47:18Z	8dc0b5fea25671d6745a556bffb740d3866e189c	352c096f011eb282f12e6d4c12281340fac96b635a2879cc065d7637a6592872	wsh-idle	control	4fa59ffc191c59db064dad44f47534cf47ac08da6f35e1710935fd0f39477918	2264a8042763edf2620cfe32d96b096e1f3d26aa	5.9.2	2.55.0	1000	150	dirty	3	0.491	0.491	0	0	0	na	1788356883.918423	1788356884.072996	285912440	285912608
2026-09-02T13:47:18Z	8dc0b5fea25671d6745a556bffb740d3866e189c	352c096f011eb282f12e6d4c12281340fac96b635a2879cc065d7637a6592872	wsh-idle	control	4fa59ffc191c59db064dad44f47534cf47ac08da6f35e1710935fd0f39477918	2264a8042763edf2620cfe32d96b096e1f3d26aa	5.9.2	2.55.0	1000	150	dirty	4	0.407	0.407	0	0	0	na	1788356884.228313	1788356884.382625	285912776	285912990
2026-09-02T13:47:18Z	8dc0b5fea25671d6745a556bffb740d3866e189c	352c096f011eb282f12e6d4c12281340fac96b635a2879cc065d7637a6592872	wsh-idle	control	4fa59ffc191c59db064dad44f47534cf47ac08da6f35e1710935fd0f39477918	2264a8042763edf2620cfe32d96b096e1f3d26aa	5.9.2	2.55.0	1000	150	dirty	5	0.420	0.420	0	0	0	na	1788356884.537974	1788356884.692333	285913176	285913452
2026-09-02T13:47:18Z	8dc0b5fea25671d6745a556bffb740d3866e189c	352c096f011eb282f12e6d4c12281340fac96b635a2879cc065d7637a6592872	wsh-idle	control	4fa59ffc191c59db064dad44f47534cf47ac08da6f35e1710935fd0f39477918	2264a8042763edf2620cfe32d96b096e1f3d26aa	5.9.2	2.55.0	1000	150	dirty	6	0.458	0.458	0	0	0	na	1788356884.847692	1788356885.002184	285913748	285913960
2026-09-02T13:47:18Z	8dc0b5fea25671d6745a556bffb740d3866e189c	352c096f011eb282f12e6d4c12281340fac96b635a2879cc065d7637a6592872	wsh-idle	control	4fa59ffc191c59db064dad44f47534cf47ac08da6f35e1710935fd0f39477918	2264a8042763edf2620cfe32d96b096e1f3d26aa	5.9.2	2.55.0	1000	150	dirty	7	0.433	0.433	0	0	0	na	1788356885.157853	1788356885.312596	285914442	285914667
2026-09-02T13:47:18Z	8dc0b5fea25671d6745a556bffb740d3866e189c	352c096f011eb282f12e6d4c12281340fac96b635a2879cc065d7637a6592872	wsh-idle	control	4fa59ffc191c59db064dad44f47534cf47ac08da6f35e1710935fd0f39477918	2264a8042763edf2620cfe32d96b096e1f3d26aa	5.9.2	2.55.0	1000	150	dirty	8	0.402	0.402	0	0	0	na	1788356885.468031	1788356885.622500	285914904	285915150
2026-09-02T13:47:18Z	8dc0b5fea25671d6745a556bffb740d3866e189c	352c096f011eb282f12e6d4c12281340fac96b635a2879cc065d7637a6592872	wsh-idle	control	4fa59ffc191c59db064dad44f47534cf47ac08da6f35e1710935fd0f39477918	2264a8042763edf2620cfe32d96b096e1f3d26aa	5.9.2	2.55.0	1000	150	dirty	9	0.421	0.421	0	0	0	na	1788356885.777632	1788356885.931986	285915335	285915613
2026-09-02T13:47:18Z	8dc0b5fea25671d6745a556bffb740d3866e189c	352c096f011eb282f12e6d4c12281340fac96b635a2879cc065d7637a6592872	wsh-idle	control	4fa59ffc191c59db064dad44f47534cf47ac08da6f35e1710935fd0f39477918	2264a8042763edf2620cfe32d96b096e1f3d26aa	5.9.2	2.55.0	1000	150	dirty	10	0.507	0.507	0	0	0	na	1788356886.087445	1788356886.242046	285915772	285915954
2026-09-02T13:47:18Z	8dc0b5fea25671d6745a556bffb740d3866e189c	352c096f011eb282f12e6d4c12281340fac96b635a2879cc065d7637a6592872	wsh-idle	control	4fa59ffc191c59db064dad44f47534cf47ac08da6f35e1710935fd0f39477918	2264a8042763edf2620cfe32d96b096e1f3d26aa	5.9.2	2.55.0	1000	150	dirty	11	0.441	0.441	0	0	0	na	1788356886.397505	1788356886.552093	285916207	285916432
2026-09-02T13:47:18Z	8dc0b5fea25671d6745a556bffb740d3866e189c	352c096f011eb282f12e6d4c12281340fac96b635a2879cc065d7637a6592872	wsh-idle	control	4fa59ffc191c59db064dad44f47534cf47ac08da6f35e1710935fd0f39477918	2264a8042763edf2620cfe32d96b096e1f3d26aa	5.9.2	2.55.0	1000	150	dirty	12	0.456	0.456	0	0	0	na	1788356886.707660	1788356886.862275	285916832	285917078
2026-09-02T13:47:18Z	8dc0b5fea25671d6745a556bffb740d3866e189c	352c096f011eb282f12e6d4c12281340fac96b635a2879cc065d7637a6592872	wsh-idle	control	4fa59ffc191c59db064dad44f47534cf47ac08da6f35e1710935fd0f39477918	2264a8042763edf2620cfe32d96b096e1f3d26aa	5.9.2	2.55.0	1000	150	dirty	13	0.453	0.453	0	0	0	na	1788356887.017920	1788356887.172440	285917612	285917856
2026-09-02T13:47:18Z	8dc0b5fea25671d6745a556bffb740d3866e189c	352c096f011eb282f12e6d4c12281340fac96b635a2879cc065d7637a6592872	wsh-idle	control	4fa59ffc191c59db064dad44f47534cf47ac08da6f35e1710935fd0f39477918	2264a8042763edf2620cfe32d96b096e1f3d26aa	5.9.2	2.55.0	1000	150	dirty	14	0.458	0.458	0	0	0	na	1788356887.327837	1788356887.482352	285918287	285918439
2026-09-02T13:47:18Z	8dc0b5fea25671d6745a556bffb740d3866e189c	352c096f011eb282f12e6d4c12281340fac96b635a2879cc065d7637a6592872	wsh-idle	control	4fa59ffc191c59db064dad44f47534cf47ac08da6f35e1710935fd0f39477918	2264a8042763edf2620cfe32d96b096e1f3d26aa	5.9.2	2.55.0	1000	150	dirty	15	0.453	0.453	0	0	0	na	1788356887.637872	1788356887.792457	285918593	285918858
2026-09-02T13:47:18Z	8dc0b5fea25671d6745a556bffb740d3866e189c	352c096f011eb282f12e6d4c12281340fac96b635a2879cc065d7637a6592872	wsh-idle	control	4fa59ffc191c59db064dad44f47534cf47ac08da6f35e1710935fd0f39477918	2264a8042763edf2620cfe32d96b096e1f3d26aa	5.9.2	2.55.0	1000	150	dirty	16	0.423	0.423	0	0	0	na	1788356887.948056	1788356888.102613	285919182	285919343
2026-09-02T13:47:18Z	8dc0b5fea25671d6745a556bffb740d3866e189c	352c096f011eb282f12e6d4c12281340fac96b635a2879cc065d7637a6592872	wsh-idle	control	4fa59ffc191c59db064dad44f47534cf47ac08da6f35e1710935fd0f39477918	2264a8042763edf2620cfe32d96b096e1f3d26aa	5.9.2	2.55.0	1000	150	dirty	17	0.409	0.409	0	0	0	na	1788356888.258102	1788356888.412605	285919496	285919685
2026-09-02T13:47:18Z	8dc0b5fea25671d6745a556bffb740d3866e189c	352c096f011eb282f12e6d4c12281340fac96b635a2879cc065d7637a6592872	wsh-idle	control	4fa59ffc191c59db064dad44f47534cf47ac08da6f35e1710935fd0f39477918	2264a8042763edf2620cfe32d96b096e1f3d26aa	5.9.2	2.55.0	1000	150	dirty	18	0.436	0.436	0	0	0	na	1788356888.567905	1788356888.722353	285919879	285920101
2026-09-02T13:47:18Z	8dc0b5fea25671d6745a556bffb740d3866e189c	352c096f011eb282f12e6d4c12281340fac96b635a2879cc065d7637a6592872	wsh-idle	control	4fa59ffc191c59db064dad44f47534cf47ac08da6f35e1710935fd0f39477918	2264a8042763edf2620cfe32d96b096e1f3d26aa	5.9.2	2.55.0	1000	150	dirty	19	0.432	0.432	0	0	0	na	1788356888.877793	1788356889.032090	285920461	285920666
2026-09-02T13:47:18Z	8dc0b5fea25671d6745a556bffb740d3866e189c	352c096f011eb282f12e6d4c12281340fac96b635a2879cc065d7637a6592872	wsh-idle	control	4fa59ffc191c59db064dad44f47534cf47ac08da6f35e1710935fd0f39477918	2264a8042763edf2620cfe32d96b096e1f3d26aa	5.9.2	2.55.0	1000	150	dirty	20	0.409	0.409	0	0	0	na	1788356889.187234	1788356889.341553	285920920	285921120
2026-09-02T13:47:18Z	8dc0b5fea25671d6745a556bffb740d3866e189c	352c096f011eb282f12e6d4c12281340fac96b635a2879cc065d7637a6592872	wsh-idle	control	4fa59ffc191c59db064dad44f47534cf47ac08da6f35e1710935fd0f39477918	2264a8042763edf2620cfe32d96b096e1f3d26aa	5.9.2	2.55.0	1000	150	untracked	1	0.461	0.461	0	0	0	na	1788356889.518122	1788356889.672553	285921362	285921560
2026-09-02T13:47:18Z	8dc0b5fea25671d6745a556bffb740d3866e189c	352c096f011eb282f12e6d4c12281340fac96b635a2879cc065d7637a6592872	wsh-idle	control	4fa59ffc191c59db064dad44f47534cf47ac08da6f35e1710935fd0f39477918	2264a8042763edf2620cfe32d96b096e1f3d26aa	5.9.2	2.55.0	1000	150	untracked	2	0.446	0.446	0	0	0	na	1788356889.829041	1788356889.983587	285921833	285921982
2026-09-02T13:47:18Z	8dc0b5fea25671d6745a556bffb740d3866e189c	352c096f011eb282f12e6d4c12281340fac96b635a2879cc065d7637a6592872	wsh-idle	control	4fa59ffc191c59db064dad44f47534cf47ac08da6f35e1710935fd0f39477918	2264a8042763edf2620cfe32d96b096e1f3d26aa	5.9.2	2.55.0	1000	150	untracked	3	0.406	0.406	0	0	0	na	1788356890.140196	1788356890.294606	285922217	285922447
2026-09-02T13:47:18Z	8dc0b5fea25671d6745a556bffb740d3866e189c	352c096f011eb282f12e6d4c12281340fac96b635a2879cc065d7637a6592872	wsh-idle	control	4fa59ffc191c59db064dad44f47534cf47ac08da6f35e1710935fd0f39477918	2264a8042763edf2620cfe32d96b096e1f3d26aa	5.9.2	2.55.0	1000	150	untracked	4	0.430	0.430	0	0	0	na	1788356890.451297	1788356890.605790	285922762	285922951
2026-09-02T13:47:18Z	8dc0b5fea25671d6745a556bffb740d3866e189c	352c096f011eb282f12e6d4c12281340fac96b635a2879cc065d7637a6592872	wsh-idle	control	4fa59ffc191c59db064dad44f47534cf47ac08da6f35e1710935fd0f39477918	2264a8042763edf2620cfe32d96b096e1f3d26aa	5.9.2	2.55.0	1000	150	untracked	5	0.528	0.528	0	0	0	na	1788356890.762555	1788356890.917083	285923154	285923322
2026-09-02T13:47:18Z	8dc0b5fea25671d6745a556bffb740d3866e189c	352c096f011eb282f12e6d4c12281340fac96b635a2879cc065d7637a6592872	wsh-idle	control	4fa59ffc191c59db064dad44f47534cf47ac08da6f35e1710935fd0f39477918	2264a8042763edf2620cfe32d96b096e1f3d26aa	5.9.2	2.55.0	1000	150	untracked	6	0.499	0.499	0	0	0	na	1788356891.073847	1788356891.228302	285923488	285923698
2026-09-02T13:47:18Z	8dc0b5fea25671d6745a556bffb740d3866e189c	352c096f011eb282f12e6d4c12281340fac96b635a2879cc065d7637a6592872	wsh-idle	control	4fa59ffc191c59db064dad44f47534cf47ac08da6f35e1710935fd0f39477918	2264a8042763edf2620cfe32d96b096e1f3d26aa	5.9.2	2.55.0	1000	150	untracked	7	0.437	0.437	0	0	0	na	1788356891.385025	1788356891.539438	285923880	285924060
2026-09-02T13:47:18Z	8dc0b5fea25671d6745a556bffb740d3866e189c	352c096f011eb282f12e6d4c12281340fac96b635a2879cc065d7637a6592872	wsh-idle	control	4fa59ffc191c59db064dad44f47534cf47ac08da6f35e1710935fd0f39477918	2264a8042763edf2620cfe32d96b096e1f3d26aa	5.9.2	2.55.0	1000	150	untracked	8	0.413	0.413	0	0	0	na	1788356891.695993	1788356891.850550	285924268	285924578
2026-09-02T13:47:18Z	8dc0b5fea25671d6745a556bffb740d3866e189c	352c096f011eb282f12e6d4c12281340fac96b635a2879cc065d7637a6592872	wsh-idle	control	4fa59ffc191c59db064dad44f47534cf47ac08da6f35e1710935fd0f39477918	2264a8042763edf2620cfe32d96b096e1f3d26aa	5.9.2	2.55.0	1000	150	untracked	9	0.433	0.433	0	0	0	na	1788356892.007349	1788356892.161810	285924795	285925056
2026-09-02T13:47:18Z	8dc0b5fea25671d6745a556bffb740d3866e189c	352c096f011eb282f12e6d4c12281340fac96b635a2879cc065d7637a6592872	wsh-idle	control	4fa59ffc191c59db064dad44f47534cf47ac08da6f35e1710935fd0f39477918	2264a8042763edf2620cfe32d96b096e1f3d26aa	5.9.2	2.55.0	1000	150	untracked	10	0.411	0.411	0	0	0	na	1788356892.318423	1788356892.472908	285925291	285925496
2026-09-02T13:47:18Z	8dc0b5fea25671d6745a556bffb740d3866e189c	352c096f011eb282f12e6d4c12281340fac96b635a2879cc065d7637a6592872	wsh-idle	control	4fa59ffc191c59db064dad44f47534cf47ac08da6f35e1710935fd0f39477918	2264a8042763edf2620cfe32d96b096e1f3d26aa	5.9.2	2.55.0	1000	150	untracked	11	0.443	0.443	0	0	0	na	1788356892.629629	1788356892.784097	285925697	285925889
2026-09-02T13:47:18Z	8dc0b5fea25671d6745a556bffb740d3866e189c	352c096f011eb282f12e6d4c12281340fac96b635a2879cc065d7637a6592872	wsh-idle	control	4fa59ffc191c59db064dad44f47534cf47ac08da6f35e1710935fd0f39477918	2264a8042763edf2620cfe32d96b096e1f3d26aa	5.9.2	2.55.0	1000	150	untracked	12	0.475	0.475	0	0	0	na	1788356892.941081	1788356893.095640	285926070	285926274
2026-09-02T13:47:18Z	8dc0b5fea25671d6745a556bffb740d3866e189c	352c096f011eb282f12e6d4c12281340fac96b635a2879cc065d7637a6592872	wsh-idle	control	4fa59ffc191c59db064dad44f47534cf47ac08da6f35e1710935fd0f39477918	2264a8042763edf2620cfe32d96b096e1f3d26aa	5.9.2	2.55.0	1000	150	untracked	13	0.407	0.407	0	0	0	na	1788356893.252301	1788356893.406905	285926473	285926695
2026-09-02T13:47:18Z	8dc0b5fea25671d6745a556bffb740d3866e189c	352c096f011eb282f12e6d4c12281340fac96b635a2879cc065d7637a6592872	wsh-idle	control	4fa59ffc191c59db064dad44f47534cf47ac08da6f35e1710935fd0f39477918	2264a8042763edf2620cfe32d96b096e1f3d26aa	5.9.2	2.55.0	1000	150	untracked	14	0.403	0.403	0	0	0	na	1788356893.563572	1788356893.717958	285926860	285927036
2026-09-02T13:47:18Z	8dc0b5fea25671d6745a556bffb740d3866e189c	352c096f011eb282f12e6d4c12281340fac96b635a2879cc065d7637a6592872	wsh-idle	control	4fa59ffc191c59db064dad44f47534cf47ac08da6f35e1710935fd0f39477918	2264a8042763edf2620cfe32d96b096e1f3d26aa	5.9.2	2.55.0	1000	150	untracked	15	0.402	0.402	0	0	0	na	1788356893.874442	1788356894.028924	285927186	285927397
2026-09-02T13:47:18Z	8dc0b5fea25671d6745a556bffb740d3866e189c	352c096f011eb282f12e6d4c12281340fac96b635a2879cc065d7637a6592872	wsh-idle	control	4fa59ffc191c59db064dad44f47534cf47ac08da6f35e1710935fd0f39477918	2264a8042763edf2620cfe32d96b096e1f3d26aa	5.9.2	2.55.0	1000	150	untracked	16	0.415	0.415	0	0	0	na	1788356894.185546	1788356894.339877	285927600	285927795
2026-09-02T13:47:18Z	8dc0b5fea25671d6745a556bffb740d3866e189c	352c096f011eb282f12e6d4c12281340fac96b635a2879cc065d7637a6592872	wsh-idle	control	4fa59ffc191c59db064dad44f47534cf47ac08da6f35e1710935fd0f39477918	2264a8042763edf2620cfe32d96b096e1f3d26aa	5.9.2	2.55.0	1000	150	untracked	17	0.409	0.409	0	0	0	na	1788356894.496378	1788356894.650915	285927982	285928151
2026-09-02T13:47:18Z	8dc0b5fea25671d6745a556bffb740d3866e189c	352c096f011eb282f12e6d4c12281340fac96b635a2879cc065d7637a6592872	wsh-idle	control	4fa59ffc191c59db064dad44f47534cf47ac08da6f35e1710935fd0f39477918	2264a8042763edf2620cfe32d96b096e1f3d26aa	5.9.2	2.55.0	1000	150	untracked	18	0.454	0.454	0	0	0	na	1788356894.807648	1788356894.962394	285928323	285928471
2026-09-02T13:47:18Z	8dc0b5fea25671d6745a556bffb740d3866e189c	352c096f011eb282f12e6d4c12281340fac96b635a2879cc065d7637a6592872	wsh-idle	control	4fa59ffc191c59db064dad44f47534cf47ac08da6f35e1710935fd0f39477918	2264a8042763edf2620cfe32d96b096e1f3d26aa	5.9.2	2.55.0	1000	150	untracked	19	0.453	0.453	0	0	0	na	1788356895.119061	1788356895.273636	285928609	285928802
2026-09-02T13:47:18Z	8dc0b5fea25671d6745a556bffb740d3866e189c	352c096f011eb282f12e6d4c12281340fac96b635a2879cc065d7637a6592872	wsh-idle	control	4fa59ffc191c59db064dad44f47534cf47ac08da6f35e1710935fd0f39477918	2264a8042763edf2620cfe32d96b096e1f3d26aa	5.9.2	2.55.0	1000	150	untracked	20	0.482	0.482	0	0	0	na	1788356895.430479	1788356895.584970	285928977	285929150
2026-09-02T13:47:18Z	8dc0b5fea25671d6745a556bffb740d3866e189c	352c096f011eb282f12e6d4c12281340fac96b635a2879cc065d7637a6592872	wsh	local	4fa59ffc191c59db064dad44f47534cf47ac08da6f35e1710935fd0f39477918	2264a8042763edf2620cfe32d96b096e1f3d26aa	5.9.2	2.55.0	1000	150	clean	1	1.121	7.162	1	1	0	1	1788356895.958158	1788356896.120529	285929853	285930069
2026-09-02T13:47:18Z	8dc0b5fea25671d6745a556bffb740d3866e189c	352c096f011eb282f12e6d4c12281340fac96b635a2879cc065d7637a6592872	wsh	local	4fa59ffc191c59db064dad44f47534cf47ac08da6f35e1710935fd0f39477918	2264a8042763edf2620cfe32d96b096e1f3d26aa	5.9.2	2.55.0	1000	150	clean	2	0.953	6.780	1	1	0	1	1788356896.450341	1788356896.612023	285930637	285930810
2026-09-02T13:47:18Z	8dc0b5fea25671d6745a556bffb740d3866e189c	352c096f011eb282f12e6d4c12281340fac96b635a2879cc065d7637a6592872	wsh	local	4fa59ffc191c59db064dad44f47534cf47ac08da6f35e1710935fd0f39477918	2264a8042763edf2620cfe32d96b096e1f3d26aa	5.9.2	2.55.0	1000	150	clean	3	0.932	7.018	1	1	0	1	1788356896.940995	1788356897.102556	285931685	285931861
2026-09-02T13:47:18Z	8dc0b5fea25671d6745a556bffb740d3866e189c	352c096f011eb282f12e6d4c12281340fac96b635a2879cc065d7637a6592872	wsh	local	4fa59ffc191c59db064dad44f47534cf47ac08da6f35e1710935fd0f39477918	2264a8042763edf2620cfe32d96b096e1f3d26aa	5.9.2	2.55.0	1000	150	clean	4	0.926	6.766	1	1	0	1	1788356897.431364	1788356897.592695	285932304	285932488
2026-09-02T13:47:18Z	8dc0b5fea25671d6745a556bffb740d3866e189c	352c096f011eb282f12e6d4c12281340fac96b635a2879cc065d7637a6592872	wsh	local	4fa59ffc191c59db064dad44f47534cf47ac08da6f35e1710935fd0f39477918	2264a8042763edf2620cfe32d96b096e1f3d26aa	5.9.2	2.55.0	1000	150	clean	5	1.356	7.185	1	1	0	1	1788356897.921025	1788356898.082994	285932856	285933009
2026-09-02T13:47:18Z	8dc0b5fea25671d6745a556bffb740d3866e189c	352c096f011eb282f12e6d4c12281340fac96b635a2879cc065d7637a6592872	wsh	local	4fa59ffc191c59db064dad44f47534cf47ac08da6f35e1710935fd0f39477918	2264a8042763edf2620cfe32d96b096e1f3d26aa	5.9.2	2.55.0	1000	150	clean	6	0.939	6.675	1	1	0	1	1788356898.411511	1788356898.572719	285933410	285933638
2026-09-02T13:47:18Z	8dc0b5fea25671d6745a556bffb740d3866e189c	352c096f011eb282f12e6d4c12281340fac96b635a2879cc065d7637a6592872	wsh	local	4fa59ffc191c59db064dad44f47534cf47ac08da6f35e1710935fd0f39477918	2264a8042763edf2620cfe32d96b096e1f3d26aa	5.9.2	2.55.0	1000	150	clean	7	1.306	7.051	1	1	0	1	1788356898.902075	1788356899.063733	285934100	285934302
2026-09-02T13:47:18Z	8dc0b5fea25671d6745a556bffb740d3866e189c	352c096f011eb282f12e6d4c12281340fac96b635a2879cc065d7637a6592872	wsh	local	4fa59ffc191c59db064dad44f47534cf47ac08da6f35e1710935fd0f39477918	2264a8042763edf2620cfe32d96b096e1f3d26aa	5.9.2	2.55.0	1000	150	clean	8	0.946	6.397	1	1	0	1	1788356899.392703	1788356899.553872	285934793	285935052
2026-09-02T13:47:18Z	8dc0b5fea25671d6745a556bffb740d3866e189c	352c096f011eb282f12e6d4c12281340fac96b635a2879cc065d7637a6592872	wsh	local	4fa59ffc191c59db064dad44f47534cf47ac08da6f35e1710935fd0f39477918	2264a8042763edf2620cfe32d96b096e1f3d26aa	5.9.2	2.55.0	1000	150	clean	9	1.001	6.853	1	1	0	1	1788356899.882840	1788356900.044293	285935480	285935664
2026-09-02T13:47:18Z	8dc0b5fea25671d6745a556bffb740d3866e189c	352c096f011eb282f12e6d4c12281340fac96b635a2879cc065d7637a6592872	wsh	local	4fa59ffc191c59db064dad44f47534cf47ac08da6f35e1710935fd0f39477918	2264a8042763edf2620cfe32d96b096e1f3d26aa	5.9.2	2.55.0	1000	150	clean	10	0.972	6.750	1	1	0	1	1788356900.373745	1788356900.535012	285936027	285936244
2026-09-02T13:47:18Z	8dc0b5fea25671d6745a556bffb740d3866e189c	352c096f011eb282f12e6d4c12281340fac96b635a2879cc065d7637a6592872	wsh	local	4fa59ffc191c59db064dad44f47534cf47ac08da6f35e1710935fd0f39477918	2264a8042763edf2620cfe32d96b096e1f3d26aa	5.9.2	2.55.0	1000	150	clean	11	1.020	7.005	1	1	0	1	1788356900.864291	1788356901.025980	285936649	285936868
2026-09-02T13:47:18Z	8dc0b5fea25671d6745a556bffb740d3866e189c	352c096f011eb282f12e6d4c12281340fac96b635a2879cc065d7637a6592872	wsh	local	4fa59ffc191c59db064dad44f47534cf47ac08da6f35e1710935fd0f39477918	2264a8042763edf2620cfe32d96b096e1f3d26aa	5.9.2	2.55.0	1000	150	clean	12	0.975	6.529	1	1	0	1	1788356901.355431	1788356901.516970	285937325	285937524
2026-09-02T13:47:18Z	8dc0b5fea25671d6745a556bffb740d3866e189c	352c096f011eb282f12e6d4c12281340fac96b635a2879cc065d7637a6592872	wsh	local	4fa59ffc191c59db064dad44f47534cf47ac08da6f35e1710935fd0f39477918	2264a8042763edf2620cfe32d96b096e1f3d26aa	5.9.2	2.55.0	1000	150	clean	13	0.987	6.993	1	1	0	1	1788356901.845953	1788356902.007564	285938568	285938819
2026-09-02T13:47:18Z	8dc0b5fea25671d6745a556bffb740d3866e189c	352c096f011eb282f12e6d4c12281340fac96b635a2879cc065d7637a6592872	wsh	local	4fa59ffc191c59db064dad44f47534cf47ac08da6f35e1710935fd0f39477918	2264a8042763edf2620cfe32d96b096e1f3d26aa	5.9.2	2.55.0	1000	150	clean	14	0.986	7.167	1	1	0	1	1788356902.336040	1788356902.498116	285939188	285939431
2026-09-02T13:47:18Z	8dc0b5fea25671d6745a556bffb740d3866e189c	352c096f011eb282f12e6d4c12281340fac96b635a2879cc065d7637a6592872	wsh	local	4fa59ffc191c59db064dad44f47534cf47ac08da6f35e1710935fd0f39477918	2264a8042763edf2620cfe32d96b096e1f3d26aa	5.9.2	2.55.0	1000	150	clean	15	1.102	7.044	1	1	0	1	1788356902.826954	1788356902.988884	285939846	285940085
2026-09-02T13:47:18Z	8dc0b5fea25671d6745a556bffb740d3866e189c	352c096f011eb282f12e6d4c12281340fac96b635a2879cc065d7637a6592872	wsh	local	4fa59ffc191c59db064dad44f47534cf47ac08da6f35e1710935fd0f39477918	2264a8042763edf2620cfe32d96b096e1f3d26aa	5.9.2	2.55.0	1000	150	clean	16	0.909	6.602	1	1	0	1	1788356903.318771	1788356903.480341	285940643	285940844
2026-09-02T13:47:18Z	8dc0b5fea25671d6745a556bffb740d3866e189c	352c096f011eb282f12e6d4c12281340fac96b635a2879cc065d7637a6592872	wsh	local	4fa59ffc191c59db064dad44f47534cf47ac08da6f35e1710935fd0f39477918	2264a8042763edf2620cfe32d96b096e1f3d26aa	5.9.2	2.55.0	1000	150	clean	17	1.055	6.960	1	1	0	1	1788356903.809392	1788356903.971234	285941436	285941714
2026-09-02T13:47:18Z	8dc0b5fea25671d6745a556bffb740d3866e189c	352c096f011eb282f12e6d4c12281340fac96b635a2879cc065d7637a6592872	wsh	local	4fa59ffc191c59db064dad44f47534cf47ac08da6f35e1710935fd0f39477918	2264a8042763edf2620cfe32d96b096e1f3d26aa	5.9.2	2.55.0	1000	150	clean	18	1.180	7.431	1	1	0	1	1788356904.301074	1788356904.463444	285942130	285942431
2026-09-02T13:47:18Z	8dc0b5fea25671d6745a556bffb740d3866e189c	352c096f011eb282f12e6d4c12281340fac96b635a2879cc065d7637a6592872	wsh	local	4fa59ffc191c59db064dad44f47534cf47ac08da6f35e1710935fd0f39477918	2264a8042763edf2620cfe32d96b096e1f3d26aa	5.9.2	2.55.0	1000	150	clean	19	1.011	6.976	1	1	0	1	1788356904.793345	1788356904.955816	285942924	285943600
2026-09-02T13:47:18Z	8dc0b5fea25671d6745a556bffb740d3866e189c	352c096f011eb282f12e6d4c12281340fac96b635a2879cc065d7637a6592872	wsh	local	4fa59ffc191c59db064dad44f47534cf47ac08da6f35e1710935fd0f39477918	2264a8042763edf2620cfe32d96b096e1f3d26aa	5.9.2	2.55.0	1000	150	clean	20	1.017	6.822	1	1	0	1	1788356905.286974	1788356905.449089	285944070	285944353
2026-09-02T13:47:18Z	8dc0b5fea25671d6745a556bffb740d3866e189c	352c096f011eb282f12e6d4c12281340fac96b635a2879cc065d7637a6592872	wsh	local	4fa59ffc191c59db064dad44f47534cf47ac08da6f35e1710935fd0f39477918	2264a8042763edf2620cfe32d96b096e1f3d26aa	5.9.2	2.55.0	1000	150	dirty	1	1.040	7.109	1	1	0	1	1788356905.803429	1788356905.966288	285944827	285945072
2026-09-02T13:47:18Z	8dc0b5fea25671d6745a556bffb740d3866e189c	352c096f011eb282f12e6d4c12281340fac96b635a2879cc065d7637a6592872	wsh	local	4fa59ffc191c59db064dad44f47534cf47ac08da6f35e1710935fd0f39477918	2264a8042763edf2620cfe32d96b096e1f3d26aa	5.9.2	2.55.0	1000	150	dirty	2	0.838	6.727	1	1	0	1	1788356906.297817	1788356906.460020	285945527	285945903
2026-09-02T13:47:18Z	8dc0b5fea25671d6745a556bffb740d3866e189c	352c096f011eb282f12e6d4c12281340fac96b635a2879cc065d7637a6592872	wsh	local	4fa59ffc191c59db064dad44f47534cf47ac08da6f35e1710935fd0f39477918	2264a8042763edf2620cfe32d96b096e1f3d26aa	5.9.2	2.55.0	1000	150	dirty	3	0.932	6.895	1	1	0	1	1788356906.790200	1788356906.952477	285946305	285946749
2026-09-02T13:47:18Z	8dc0b5fea25671d6745a556bffb740d3866e189c	352c096f011eb282f12e6d4c12281340fac96b635a2879cc065d7637a6592872	wsh	local	4fa59ffc191c59db064dad44f47534cf47ac08da6f35e1710935fd0f39477918	2264a8042763edf2620cfe32d96b096e1f3d26aa	5.9.2	2.55.0	1000	150	dirty	4	1.218	7.121	1	1	0	1	1788356907.282826	1788356907.444937	285947139	285947292
2026-09-02T13:47:18Z	8dc0b5fea25671d6745a556bffb740d3866e189c	352c096f011eb282f12e6d4c12281340fac96b635a2879cc065d7637a6592872	wsh	local	4fa59ffc191c59db064dad44f47534cf47ac08da6f35e1710935fd0f39477918	2264a8042763edf2620cfe32d96b096e1f3d26aa	5.9.2	2.55.0	1000	150	dirty	5	1.074	6.749	1	1	0	1	1788356907.775843	1788356907.937407	285947680	285947944
2026-09-02T13:47:18Z	8dc0b5fea25671d6745a556bffb740d3866e189c	352c096f011eb282f12e6d4c12281340fac96b635a2879cc065d7637a6592872	wsh	local	4fa59ffc191c59db064dad44f47534cf47ac08da6f35e1710935fd0f39477918	2264a8042763edf2620cfe32d96b096e1f3d26aa	5.9.2	2.55.0	1000	150	dirty	6	0.925	6.985	1	1	0	1	1788356908.267920	1788356908.430679	285948390	285948612
2026-09-02T13:47:18Z	8dc0b5fea25671d6745a556bffb740d3866e189c	352c096f011eb282f12e6d4c12281340fac96b635a2879cc065d7637a6592872	wsh	local	4fa59ffc191c59db064dad44f47534cf47ac08da6f35e1710935fd0f39477918	2264a8042763edf2620cfe32d96b096e1f3d26aa	5.9.2	2.55.0	1000	150	dirty	7	0.876	6.519	1	1	0	1	1788356908.761579	1788356908.923892	285948966	285949252
2026-09-02T13:47:18Z	8dc0b5fea25671d6745a556bffb740d3866e189c	352c096f011eb282f12e6d4c12281340fac96b635a2879cc065d7637a6592872	wsh	local	4fa59ffc191c59db064dad44f47534cf47ac08da6f35e1710935fd0f39477918	2264a8042763edf2620cfe32d96b096e1f3d26aa	5.9.2	2.55.0	1000	150	dirty	8	0.893	7.187	1	1	0	1	1788356909.254972	1788356909.417645	285949593	285949828
2026-09-02T13:47:18Z	8dc0b5fea25671d6745a556bffb740d3866e189c	352c096f011eb282f12e6d4c12281340fac96b635a2879cc065d7637a6592872	wsh	local	4fa59ffc191c59db064dad44f47534cf47ac08da6f35e1710935fd0f39477918	2264a8042763edf2620cfe32d96b096e1f3d26aa	5.9.2	2.55.0	1000	150	dirty	9	1.201	7.264	1	1	0	1	1788356909.748890	1788356909.911828	285950271	285950575
2026-09-02T13:47:18Z	8dc0b5fea25671d6745a556bffb740d3866e189c	352c096f011eb282f12e6d4c12281340fac96b635a2879cc065d7637a6592872	wsh	local	4fa59ffc191c59db064dad44f47534cf47ac08da6f35e1710935fd0f39477918	2264a8042763edf2620cfe32d96b096e1f3d26aa	5.9.2	2.55.0	1000	150	dirty	10	0.878	6.716	1	1	0	1	1788356910.243162	1788356910.405390	285951092	285951302
2026-09-02T13:47:18Z	8dc0b5fea25671d6745a556bffb740d3866e189c	352c096f011eb282f12e6d4c12281340fac96b635a2879cc065d7637a6592872	wsh	local	4fa59ffc191c59db064dad44f47534cf47ac08da6f35e1710935fd0f39477918	2264a8042763edf2620cfe32d96b096e1f3d26aa	5.9.2	2.55.0	1000	150	dirty	11	0.935	6.692	1	1	0	1	1788356910.736663	1788356910.898934	285951772	285952027
2026-09-02T13:47:18Z	8dc0b5fea25671d6745a556bffb740d3866e189c	352c096f011eb282f12e6d4c12281340fac96b635a2879cc065d7637a6592872	wsh	local	4fa59ffc191c59db064dad44f47534cf47ac08da6f35e1710935fd0f39477918	2264a8042763edf2620cfe32d96b096e1f3d26aa	5.9.2	2.55.0	1000	150	dirty	12	0.891	6.520	1	1	0	1	1788356911.229872	1788356911.391607	285952394	285952600
2026-09-02T13:47:18Z	8dc0b5fea25671d6745a556bffb740d3866e189c	352c096f011eb282f12e6d4c12281340fac96b635a2879cc065d7637a6592872	wsh	local	4fa59ffc191c59db064dad44f47534cf47ac08da6f35e1710935fd0f39477918	2264a8042763edf2620cfe32d96b096e1f3d26aa	5.9.2	2.55.0	1000	150	dirty	13	1.001	6.610	1	1	0	1	1788356911.723114	1788356911.884965	285952959	285953139
2026-09-02T13:47:18Z	8dc0b5fea25671d6745a556bffb740d3866e189c	352c096f011eb282f12e6d4c12281340fac96b635a2879cc065d7637a6592872	wsh	local	4fa59ffc191c59db064dad44f47534cf47ac08da6f35e1710935fd0f39477918	2264a8042763edf2620cfe32d96b096e1f3d26aa	5.9.2	2.55.0	1000	150	dirty	14	1.134	6.590	1	1	0	1	1788356912.216285	1788356912.378386	285953629	285953843
2026-09-02T13:47:18Z	8dc0b5fea25671d6745a556bffb740d3866e189c	352c096f011eb282f12e6d4c12281340fac96b635a2879cc065d7637a6592872	wsh	local	4fa59ffc191c59db064dad44f47534cf47ac08da6f35e1710935fd0f39477918	2264a8042763edf2620cfe32d96b096e1f3d26aa	5.9.2	2.55.0	1000	150	dirty	15	0.992	6.564	1	1	0	1	1788356912.709964	1788356912.872043	285954283	285954563
2026-09-02T13:47:18Z	8dc0b5fea25671d6745a556bffb740d3866e189c	352c096f011eb282f12e6d4c12281340fac96b635a2879cc065d7637a6592872	wsh	local	4fa59ffc191c59db064dad44f47534cf47ac08da6f35e1710935fd0f39477918	2264a8042763edf2620cfe32d96b096e1f3d26aa	5.9.2	2.55.0	1000	150	dirty	16	0.879	6.505	1	1	0	1	1788356913.203560	1788356913.365657	285955038	285955273
2026-09-02T13:47:18Z	8dc0b5fea25671d6745a556bffb740d3866e189c	352c096f011eb282f12e6d4c12281340fac96b635a2879cc065d7637a6592872	wsh	local	4fa59ffc191c59db064dad44f47534cf47ac08da6f35e1710935fd0f39477918	2264a8042763edf2620cfe32d96b096e1f3d26aa	5.9.2	2.55.0	1000	150	dirty	17	0.916	6.717	1	1	0	1	1788356913.697464	1788356913.860117	285955726	285957065
2026-09-02T13:47:18Z	8dc0b5fea25671d6745a556bffb740d3866e189c	352c096f011eb282f12e6d4c12281340fac96b635a2879cc065d7637a6592872	wsh	local	4fa59ffc191c59db064dad44f47534cf47ac08da6f35e1710935fd0f39477918	2264a8042763edf2620cfe32d96b096e1f3d26aa	5.9.2	2.55.0	1000	150	dirty	18	0.935	6.390	1	1	0	1	1788356914.191424	1788356914.353371	285957486	285957775
2026-09-02T13:47:18Z	8dc0b5fea25671d6745a556bffb740d3866e189c	352c096f011eb282f12e6d4c12281340fac96b635a2879cc065d7637a6592872	wsh	local	4fa59ffc191c59db064dad44f47534cf47ac08da6f35e1710935fd0f39477918	2264a8042763edf2620cfe32d96b096e1f3d26aa	5.9.2	2.55.0	1000	150	dirty	19	1.004	6.357	1	1	0	1	1788356914.684915	1788356914.846808	285958184	285958834
2026-09-02T13:47:18Z	8dc0b5fea25671d6745a556bffb740d3866e189c	352c096f011eb282f12e6d4c12281340fac96b635a2879cc065d7637a6592872	wsh	local	4fa59ffc191c59db064dad44f47534cf47ac08da6f35e1710935fd0f39477918	2264a8042763edf2620cfe32d96b096e1f3d26aa	5.9.2	2.55.0	1000	150	dirty	20	0.980	6.646	1	1	0	1	1788356915.178744	1788356915.340918	285959195	285959420
2026-09-02T13:47:18Z	8dc0b5fea25671d6745a556bffb740d3866e189c	352c096f011eb282f12e6d4c12281340fac96b635a2879cc065d7637a6592872	wsh	local	4fa59ffc191c59db064dad44f47534cf47ac08da6f35e1710935fd0f39477918	2264a8042763edf2620cfe32d96b096e1f3d26aa	5.9.2	2.55.0	1000	150	untracked	1	1.186	6.882	1	1	0	1	1788356915.694326	1788356915.856599	285959822	285960032
2026-09-02T13:47:18Z	8dc0b5fea25671d6745a556bffb740d3866e189c	352c096f011eb282f12e6d4c12281340fac96b635a2879cc065d7637a6592872	wsh	local	4fa59ffc191c59db064dad44f47534cf47ac08da6f35e1710935fd0f39477918	2264a8042763edf2620cfe32d96b096e1f3d26aa	5.9.2	2.55.0	1000	150	untracked	2	1.207	7.377	1	1	0	1	1788356916.189979	1788356916.353122	285960463	285960664
2026-09-02T13:47:18Z	8dc0b5fea25671d6745a556bffb740d3866e189c	352c096f011eb282f12e6d4c12281340fac96b635a2879cc065d7637a6592872	wsh	local	4fa59ffc191c59db064dad44f47534cf47ac08da6f35e1710935fd0f39477918	2264a8042763edf2620cfe32d96b096e1f3d26aa	5.9.2	2.55.0	1000	150	untracked	3	0.972	6.947	1	1	0	1	1788356916.686737	1788356916.849416	285961143	285961359
2026-09-02T13:47:18Z	8dc0b5fea25671d6745a556bffb740d3866e189c	352c096f011eb282f12e6d4c12281340fac96b635a2879cc065d7637a6592872	wsh	local	4fa59ffc191c59db064dad44f47534cf47ac08da6f35e1710935fd0f39477918	2264a8042763edf2620cfe32d96b096e1f3d26aa	5.9.2	2.55.0	1000	150	untracked	4	1.236	7.062	1	1	0	1	1788356917.182643	1788356917.345323	285961850	285962148
2026-09-02T13:47:18Z	8dc0b5fea25671d6745a556bffb740d3866e189c	352c096f011eb282f12e6d4c12281340fac96b635a2879cc065d7637a6592872	wsh	local	4fa59ffc191c59db064dad44f47534cf47ac08da6f35e1710935fd0f39477918	2264a8042763edf2620cfe32d96b096e1f3d26aa	5.9.2	2.55.0	1000	150	untracked	5	1.193	6.997	1	1	0	1	1788356917.679232	1788356917.841694	285962673	285962900
2026-09-02T13:47:18Z	8dc0b5fea25671d6745a556bffb740d3866e189c	352c096f011eb282f12e6d4c12281340fac96b635a2879cc065d7637a6592872	wsh	local	4fa59ffc191c59db064dad44f47534cf47ac08da6f35e1710935fd0f39477918	2264a8042763edf2620cfe32d96b096e1f3d26aa	5.9.2	2.55.0	1000	150	untracked	6	0.975	6.967	1	1	0	1	1788356918.175845	1788356918.338585	285963397	285963618
2026-09-02T13:47:18Z	8dc0b5fea25671d6745a556bffb740d3866e189c	352c096f011eb282f12e6d4c12281340fac96b635a2879cc065d7637a6592872	wsh	local	4fa59ffc191c59db064dad44f47534cf47ac08da6f35e1710935fd0f39477918	2264a8042763edf2620cfe32d96b096e1f3d26aa	5.9.2	2.55.0	1000	150	untracked	7	1.357	7.122	1	1	0	1	1788356918.672495	1788356918.835694	285964080	285964270
2026-09-02T13:47:18Z	8dc0b5fea25671d6745a556bffb740d3866e189c	352c096f011eb282f12e6d4c12281340fac96b635a2879cc065d7637a6592872	wsh	local	4fa59ffc191c59db064dad44f47534cf47ac08da6f35e1710935fd0f39477918	2264a8042763edf2620cfe32d96b096e1f3d26aa	5.9.2	2.55.0	1000	150	untracked	8	0.961	6.993	1	1	0	1	1788356919.171363	1788356919.334308	285965178	285965369
2026-09-02T13:47:18Z	8dc0b5fea25671d6745a556bffb740d3866e189c	352c096f011eb282f12e6d4c12281340fac96b635a2879cc065d7637a6592872	wsh	local	4fa59ffc191c59db064dad44f47534cf47ac08da6f35e1710935fd0f39477918	2264a8042763edf2620cfe32d96b096e1f3d26aa	5.9.2	2.55.0	1000	150	untracked	9	1.021	6.932	1	1	0	1	1788356919.669414	1788356919.832467	285966157	285966368
2026-09-02T13:47:18Z	8dc0b5fea25671d6745a556bffb740d3866e189c	352c096f011eb282f12e6d4c12281340fac96b635a2879cc065d7637a6592872	wsh	local	4fa59ffc191c59db064dad44f47534cf47ac08da6f35e1710935fd0f39477918	2264a8042763edf2620cfe32d96b096e1f3d26aa	5.9.2	2.55.0	1000	150	untracked	10	1.259	6.845	1	1	0	1	1788356920.166447	1788356920.329481	285966798	285966991
2026-09-02T13:47:18Z	8dc0b5fea25671d6745a556bffb740d3866e189c	352c096f011eb282f12e6d4c12281340fac96b635a2879cc065d7637a6592872	wsh	local	4fa59ffc191c59db064dad44f47534cf47ac08da6f35e1710935fd0f39477918	2264a8042763edf2620cfe32d96b096e1f3d26aa	5.9.2	2.55.0	1000	150	untracked	11	1.010	6.975	1	1	0	1	1788356920.663401	1788356920.826509	285967486	285967722
2026-09-02T13:47:18Z	8dc0b5fea25671d6745a556bffb740d3866e189c	352c096f011eb282f12e6d4c12281340fac96b635a2879cc065d7637a6592872	wsh	local	4fa59ffc191c59db064dad44f47534cf47ac08da6f35e1710935fd0f39477918	2264a8042763edf2620cfe32d96b096e1f3d26aa	5.9.2	2.55.0	1000	150	untracked	12	0.980	7.199	1	1	0	1	1788356921.161198	1788356921.324577	285968177	285968399
2026-09-02T13:47:18Z	8dc0b5fea25671d6745a556bffb740d3866e189c	352c096f011eb282f12e6d4c12281340fac96b635a2879cc065d7637a6592872	wsh	local	4fa59ffc191c59db064dad44f47534cf47ac08da6f35e1710935fd0f39477918	2264a8042763edf2620cfe32d96b096e1f3d26aa	5.9.2	2.55.0	1000	150	untracked	13	1.281	6.862	1	1	0	1	1788356921.659100	1788356921.822091	285968958	285969233
2026-09-02T13:47:18Z	8dc0b5fea25671d6745a556bffb740d3866e189c	352c096f011eb282f12e6d4c12281340fac96b635a2879cc065d7637a6592872	wsh	local	4fa59ffc191c59db064dad44f47534cf47ac08da6f35e1710935fd0f39477918	2264a8042763edf2620cfe32d96b096e1f3d26aa	5.9.2	2.55.0	1000	150	untracked	14	0.963	6.560	1	1	0	1	1788356922.157037	1788356922.320067	285969690	285969907
2026-09-02T13:47:18Z	8dc0b5fea25671d6745a556bffb740d3866e189c	352c096f011eb282f12e6d4c12281340fac96b635a2879cc065d7637a6592872	wsh	local	4fa59ffc191c59db064dad44f47534cf47ac08da6f35e1710935fd0f39477918	2264a8042763edf2620cfe32d96b096e1f3d26aa	5.9.2	2.55.0	1000	150	untracked	15	1.040	6.871	1	1	0	1	1788356922.654886	1788356922.817865	285970289	285970530
2026-09-02T13:47:18Z	8dc0b5fea25671d6745a556bffb740d3866e189c	352c096f011eb282f12e6d4c12281340fac96b635a2879cc065d7637a6592872	wsh	local	4fa59ffc191c59db064dad44f47534cf47ac08da6f35e1710935fd0f39477918	2264a8042763edf2620cfe32d96b096e1f3d26aa	5.9.2	2.55.0	1000	150	untracked	16	0.982	7.066	1	1	0	1	1788356923.152697	1788356923.315964	285971049	285971286
2026-09-02T13:47:18Z	8dc0b5fea25671d6745a556bffb740d3866e189c	352c096f011eb282f12e6d4c12281340fac96b635a2879cc065d7637a6592872	wsh	local	4fa59ffc191c59db064dad44f47534cf47ac08da6f35e1710935fd0f39477918	2264a8042763edf2620cfe32d96b096e1f3d26aa	5.9.2	2.55.0	1000	150	untracked	17	0.975	7.002	1	1	0	1	1788356923.651614	1788356923.814564	285971724	285972056
2026-09-02T13:47:18Z	8dc0b5fea25671d6745a556bffb740d3866e189c	352c096f011eb282f12e6d4c12281340fac96b635a2879cc065d7637a6592872	wsh	local	4fa59ffc191c59db064dad44f47534cf47ac08da6f35e1710935fd0f39477918	2264a8042763edf2620cfe32d96b096e1f3d26aa	5.9.2	2.55.0	1000	150	untracked	18	0.986	6.938	1	1	0	1	1788356924.150280	1788356924.314355	285972438	285972625
2026-09-02T13:47:18Z	8dc0b5fea25671d6745a556bffb740d3866e189c	352c096f011eb282f12e6d4c12281340fac96b635a2879cc065d7637a6592872	wsh	local	4fa59ffc191c59db064dad44f47534cf47ac08da6f35e1710935fd0f39477918	2264a8042763edf2620cfe32d96b096e1f3d26aa	5.9.2	2.55.0	1000	150	untracked	19	0.989	6.757	1	1	0	1	1788356924.649479	1788356924.812263	285972987	285973231
2026-09-02T13:47:18Z	8dc0b5fea25671d6745a556bffb740d3866e189c	352c096f011eb282f12e6d4c12281340fac96b635a2879cc065d7637a6592872	wsh	local	4fa59ffc191c59db064dad44f47534cf47ac08da6f35e1710935fd0f39477918	2264a8042763edf2620cfe32d96b096e1f3d26aa	5.9.2	2.55.0	1000	150	untracked	20	1.330	6.953	1	1	0	1	1788356925.147840	1788356925.311571	285973746	285973978
2026-09-02T13:47:18Z	8dc0b5fea25671d6745a556bffb740d3866e189c	352c096f011eb282f12e6d4c12281340fac96b635a2879cc065d7637a6592872	wsh-trace	local	4fa59ffc191c59db064dad44f47534cf47ac08da6f35e1710935fd0f39477918	2264a8042763edf2620cfe32d96b096e1f3d26aa	5.9.2	2.55.0	1000	150	clean	1	1.079	6.545	1	1	0	1	1788356926.548306	1788356926.711328	285975811	285976026
2026-09-02T13:47:18Z	8dc0b5fea25671d6745a556bffb740d3866e189c	352c096f011eb282f12e6d4c12281340fac96b635a2879cc065d7637a6592872	wsh-trace	local	4fa59ffc191c59db064dad44f47534cf47ac08da6f35e1710935fd0f39477918	2264a8042763edf2620cfe32d96b096e1f3d26aa	5.9.2	2.55.0	1000	150	clean	2	1.070	7.006	1	1	0	1	1788356927.044691	1788356927.208064	285976501	285976805
2026-09-02T13:47:18Z	8dc0b5fea25671d6745a556bffb740d3866e189c	352c096f011eb282f12e6d4c12281340fac96b635a2879cc065d7637a6592872	wsh-trace	local	4fa59ffc191c59db064dad44f47534cf47ac08da6f35e1710935fd0f39477918	2264a8042763edf2620cfe32d96b096e1f3d26aa	5.9.2	2.55.0	1000	150	clean	3	1.040	6.558	1	1	0	1	1788356927.542091	1788356927.704983	285977326	285977541
2026-09-02T13:47:18Z	8dc0b5fea25671d6745a556bffb740d3866e189c	352c096f011eb282f12e6d4c12281340fac96b635a2879cc065d7637a6592872	wsh-trace	local	4fa59ffc191c59db064dad44f47534cf47ac08da6f35e1710935fd0f39477918	2264a8042763edf2620cfe32d96b096e1f3d26aa	5.9.2	2.55.0	1000	150	clean	4	1.095	6.803	1	1	0	1	1788356928.038841	1788356928.201881	285978345	285978535
2026-09-02T13:47:18Z	8dc0b5fea25671d6745a556bffb740d3866e189c	352c096f011eb282f12e6d4c12281340fac96b635a2879cc065d7637a6592872	wsh-trace	local	4fa59ffc191c59db064dad44f47534cf47ac08da6f35e1710935fd0f39477918	2264a8042763edf2620cfe32d96b096e1f3d26aa	5.9.2	2.55.0	1000	150	clean	5	1.032	7.185	1	1	0	1	1788356928.535671	1788356928.699603	285978991	285979156
2026-09-02T13:47:18Z	8dc0b5fea25671d6745a556bffb740d3866e189c	352c096f011eb282f12e6d4c12281340fac96b635a2879cc065d7637a6592872	wsh-trace	local	4fa59ffc191c59db064dad44f47534cf47ac08da6f35e1710935fd0f39477918	2264a8042763edf2620cfe32d96b096e1f3d26aa	5.9.2	2.55.0	1000	150	clean	6	1.074	7.102	1	1	0	1	1788356929.034541	1788356929.198074	285979522	285979731
2026-09-02T13:47:18Z	8dc0b5fea25671d6745a556bffb740d3866e189c	352c096f011eb282f12e6d4c12281340fac96b635a2879cc065d7637a6592872	wsh-trace	local	4fa59ffc191c59db064dad44f47534cf47ac08da6f35e1710935fd0f39477918	2264a8042763edf2620cfe32d96b096e1f3d26aa	5.9.2	2.55.0	1000	150	clean	7	1.065	6.885	1	1	0	1	1788356929.531946	1788356929.695554	285980140	285980346
2026-09-02T13:47:18Z	8dc0b5fea25671d6745a556bffb740d3866e189c	352c096f011eb282f12e6d4c12281340fac96b635a2879cc065d7637a6592872	wsh-trace	local	4fa59ffc191c59db064dad44f47534cf47ac08da6f35e1710935fd0f39477918	2264a8042763edf2620cfe32d96b096e1f3d26aa	5.9.2	2.55.0	1000	150	clean	8	1.059	6.758	1	1	0	1	1788356930.029388	1788356930.192470	285980881	285981129
2026-09-02T13:47:18Z	8dc0b5fea25671d6745a556bffb740d3866e189c	352c096f011eb282f12e6d4c12281340fac96b635a2879cc065d7637a6592872	wsh-trace	local	4fa59ffc191c59db064dad44f47534cf47ac08da6f35e1710935fd0f39477918	2264a8042763edf2620cfe32d96b096e1f3d26aa	5.9.2	2.55.0	1000	150	clean	9	1.066	6.986	1	1	0	1	1788356930.526563	1788356930.689952	285981639	285981953
2026-09-02T13:47:18Z	8dc0b5fea25671d6745a556bffb740d3866e189c	352c096f011eb282f12e6d4c12281340fac96b635a2879cc065d7637a6592872	wsh-trace	local	4fa59ffc191c59db064dad44f47534cf47ac08da6f35e1710935fd0f39477918	2264a8042763edf2620cfe32d96b096e1f3d26aa	5.9.2	2.55.0	1000	150	clean	10	0.858	6.384	1	1	0	1	1788356931.024433	1788356931.187970	285982342	285982522
2026-09-02T13:47:18Z	8dc0b5fea25671d6745a556bffb740d3866e189c	352c096f011eb282f12e6d4c12281340fac96b635a2879cc065d7637a6592872	wsh-trace	local	4fa59ffc191c59db064dad44f47534cf47ac08da6f35e1710935fd0f39477918	2264a8042763edf2620cfe32d96b096e1f3d26aa	5.9.2	2.55.0	1000	150	clean	11	1.088	6.575	1	1	0	1	1788356931.523538	1788356931.686403	285982956	285983587
2026-09-02T13:47:18Z	8dc0b5fea25671d6745a556bffb740d3866e189c	352c096f011eb282f12e6d4c12281340fac96b635a2879cc065d7637a6592872	wsh-trace	local	4fa59ffc191c59db064dad44f47534cf47ac08da6f35e1710935fd0f39477918	2264a8042763edf2620cfe32d96b096e1f3d26aa	5.9.2	2.55.0	1000	150	clean	12	1.097	6.718	1	1	0	1	1788356932.021045	1788356932.184848	285984755	285984954
2026-09-02T13:47:18Z	8dc0b5fea25671d6745a556bffb740d3866e189c	352c096f011eb282f12e6d4c12281340fac96b635a2879cc065d7637a6592872	wsh-trace	local	4fa59ffc191c59db064dad44f47534cf47ac08da6f35e1710935fd0f39477918	2264a8042763edf2620cfe32d96b096e1f3d26aa	5.9.2	2.55.0	1000	150	clean	13	1.119	7.367	1	1	0	1	1788356932.520062	1788356932.684423	285985681	285986087
2026-09-02T13:47:18Z	8dc0b5fea25671d6745a556bffb740d3866e189c	352c096f011eb282f12e6d4c12281340fac96b635a2879cc065d7637a6592872	wsh-trace	local	4fa59ffc191c59db064dad44f47534cf47ac08da6f35e1710935fd0f39477918	2264a8042763edf2620cfe32d96b096e1f3d26aa	5.9.2	2.55.0	1000	150	clean	14	1.104	6.735	1	1	0	1	1788356933.019513	1788356933.183168	285986753	285987043
2026-09-02T13:47:18Z	8dc0b5fea25671d6745a556bffb740d3866e189c	352c096f011eb282f12e6d4c12281340fac96b635a2879cc065d7637a6592872	wsh-trace	local	4fa59ffc191c59db064dad44f47534cf47ac08da6f35e1710935fd0f39477918	2264a8042763edf2620cfe32d96b096e1f3d26aa	5.9.2	2.55.0	1000	150	clean	15	1.049	7.029	1	1	0	1	1788356933.517713	1788356933.681565	285987399	285987724
2026-09-02T13:47:18Z	8dc0b5fea25671d6745a556bffb740d3866e189c	352c096f011eb282f12e6d4c12281340fac96b635a2879cc065d7637a6592872	wsh-trace	local	4fa59ffc191c59db064dad44f47534cf47ac08da6f35e1710935fd0f39477918	2264a8042763edf2620cfe32d96b096e1f3d26aa	5.9.2	2.55.0	1000	150	clean	16	1.063	6.635	1	1	0	1	1788356934.016736	1788356934.180432	285988241	285988565
2026-09-02T13:47:18Z	8dc0b5fea25671d6745a556bffb740d3866e189c	352c096f011eb282f12e6d4c12281340fac96b635a2879cc065d7637a6592872	wsh-trace	local	4fa59ffc191c59db064dad44f47534cf47ac08da6f35e1710935fd0f39477918	2264a8042763edf2620cfe32d96b096e1f3d26aa	5.9.2	2.55.0	1000	150	clean	17	1.350	6.668	1	1	0	1	1788356934.515313	1788356934.679112	285989041	285989253
2026-09-02T13:47:18Z	8dc0b5fea25671d6745a556bffb740d3866e189c	352c096f011eb282f12e6d4c12281340fac96b635a2879cc065d7637a6592872	wsh-trace	local	4fa59ffc191c59db064dad44f47534cf47ac08da6f35e1710935fd0f39477918	2264a8042763edf2620cfe32d96b096e1f3d26aa	5.9.2	2.55.0	1000	150	clean	18	1.145	6.734	1	1	0	1	1788356935.013130	1788356935.176857	285989700	285989901
2026-09-02T13:47:18Z	8dc0b5fea25671d6745a556bffb740d3866e189c	352c096f011eb282f12e6d4c12281340fac96b635a2879cc065d7637a6592872	wsh-trace	local	4fa59ffc191c59db064dad44f47534cf47ac08da6f35e1710935fd0f39477918	2264a8042763edf2620cfe32d96b096e1f3d26aa	5.9.2	2.55.0	1000	150	clean	19	1.095	6.577	1	1	0	1	1788356935.512760	1788356935.676336	285990436	285990631
2026-09-02T13:47:18Z	8dc0b5fea25671d6745a556bffb740d3866e189c	352c096f011eb282f12e6d4c12281340fac96b635a2879cc065d7637a6592872	wsh-trace	local	4fa59ffc191c59db064dad44f47534cf47ac08da6f35e1710935fd0f39477918	2264a8042763edf2620cfe32d96b096e1f3d26aa	5.9.2	2.55.0	1000	150	clean	20	1.111	6.588	1	1	0	1	1788356936.011098	1788356936.174844	285991124	285991297
2026-09-02T13:47:18Z	8dc0b5fea25671d6745a556bffb740d3866e189c	352c096f011eb282f12e6d4c12281340fac96b635a2879cc065d7637a6592872	wsh-trace	local	4fa59ffc191c59db064dad44f47534cf47ac08da6f35e1710935fd0f39477918	2264a8042763edf2620cfe32d96b096e1f3d26aa	5.9.2	2.55.0	1000	150	dirty	1	1.085	6.832	1	1	0	1	1788356936.533506	1788356936.697454	285991699	285991927
2026-09-02T13:47:18Z	8dc0b5fea25671d6745a556bffb740d3866e189c	352c096f011eb282f12e6d4c12281340fac96b635a2879cc065d7637a6592872	wsh-trace	local	4fa59ffc191c59db064dad44f47534cf47ac08da6f35e1710935fd0f39477918	2264a8042763edf2620cfe32d96b096e1f3d26aa	5.9.2	2.55.0	1000	150	dirty	2	1.106	7.027	1	1	0	1	1788356937.033450	1788356937.197137	285992645	285992948
2026-09-02T13:47:18Z	8dc0b5fea25671d6745a556bffb740d3866e189c	352c096f011eb282f12e6d4c12281340fac96b635a2879cc065d7637a6592872	wsh-trace	local	4fa59ffc191c59db064dad44f47534cf47ac08da6f35e1710935fd0f39477918	2264a8042763edf2620cfe32d96b096e1f3d26aa	5.9.2	2.55.0	1000	150	dirty	3	1.137	7.042	1	1	0	1	1788356937.531787	1788356937.696187	285993412	285993765
2026-09-02T13:47:18Z	8dc0b5fea25671d6745a556bffb740d3866e189c	352c096f011eb282f12e6d4c12281340fac96b635a2879cc065d7637a6592872	wsh-trace	local	4fa59ffc191c59db064dad44f47534cf47ac08da6f35e1710935fd0f39477918	2264a8042763edf2620cfe32d96b096e1f3d26aa	5.9.2	2.55.0	1000	150	dirty	4	1.148	6.991	1	1	0	1	1788356938.032361	1788356938.196617	285994245	285994518
2026-09-02T13:47:18Z	8dc0b5fea25671d6745a556bffb740d3866e189c	352c096f011eb282f12e6d4c12281340fac96b635a2879cc065d7637a6592872	wsh-trace	local	4fa59ffc191c59db064dad44f47534cf47ac08da6f35e1710935fd0f39477918	2264a8042763edf2620cfe32d96b096e1f3d26aa	5.9.2	2.55.0	1000	150	dirty	5	1.139	7.104	1	1	0	1	1788356938.531506	1788356938.695920	285995020	285995362
2026-09-02T13:47:18Z	8dc0b5fea25671d6745a556bffb740d3866e189c	352c096f011eb282f12e6d4c12281340fac96b635a2879cc065d7637a6592872	wsh-trace	local	4fa59ffc191c59db064dad44f47534cf47ac08da6f35e1710935fd0f39477918	2264a8042763edf2620cfe32d96b096e1f3d26aa	5.9.2	2.55.0	1000	150	dirty	6	1.138	7.281	1	1	0	1	1788356939.031630	1788356939.195679	285995880	285996100
2026-09-02T13:47:18Z	8dc0b5fea25671d6745a556bffb740d3866e189c	352c096f011eb282f12e6d4c12281340fac96b635a2879cc065d7637a6592872	wsh-trace	local	4fa59ffc191c59db064dad44f47534cf47ac08da6f35e1710935fd0f39477918	2264a8042763edf2620cfe32d96b096e1f3d26aa	5.9.2	2.55.0	1000	150	dirty	7	1.176	6.907	1	1	0	1	1788356939.531379	1788356939.695341	285996637	285996853
2026-09-02T13:47:18Z	8dc0b5fea25671d6745a556bffb740d3866e189c	352c096f011eb282f12e6d4c12281340fac96b635a2879cc065d7637a6592872	wsh-trace	local	4fa59ffc191c59db064dad44f47534cf47ac08da6f35e1710935fd0f39477918	2264a8042763edf2620cfe32d96b096e1f3d26aa	5.9.2	2.55.0	1000	150	dirty	8	0.941	7.166	1	1	0	1	1788356940.031487	1788356940.195946	285997323	285997565
2026-09-02T13:47:18Z	8dc0b5fea25671d6745a556bffb740d3866e189c	352c096f011eb282f12e6d4c12281340fac96b635a2879cc065d7637a6592872	wsh-trace	local	4fa59ffc191c59db064dad44f47534cf47ac08da6f35e1710935fd0f39477918	2264a8042763edf2620cfe32d96b096e1f3d26aa	5.9.2	2.55.0	1000	150	dirty	9	1.261	6.592	1	1	0	1	1788356940.532823	1788356940.696947	285998029	285998251
2026-09-02T13:47:18Z	8dc0b5fea25671d6745a556bffb740d3866e189c	352c096f011eb282f12e6d4c12281340fac96b635a2879cc065d7637a6592872	wsh-trace	local	4fa59ffc191c59db064dad44f47534cf47ac08da6f35e1710935fd0f39477918	2264a8042763edf2620cfe32d96b096e1f3d26aa	5.9.2	2.55.0	1000	150	dirty	10	1.184	6.773	1	1	0	1	1788356941.033288	1788356941.197579	285998741	285998969
2026-09-02T13:47:18Z	8dc0b5fea25671d6745a556bffb740d3866e189c	352c096f011eb282f12e6d4c12281340fac96b635a2879cc065d7637a6592872	wsh-trace	local	4fa59ffc191c59db064dad44f47534cf47ac08da6f35e1710935fd0f39477918	2264a8042763edf2620cfe32d96b096e1f3d26aa	5.9.2	2.55.0	1000	150	dirty	11	1.162	6.585	1	1	0	1	1788356941.533633	1788356941.697451	285999446	285999637
2026-09-02T13:47:18Z	8dc0b5fea25671d6745a556bffb740d3866e189c	352c096f011eb282f12e6d4c12281340fac96b635a2879cc065d7637a6592872	wsh-trace	local	4fa59ffc191c59db064dad44f47534cf47ac08da6f35e1710935fd0f39477918	2264a8042763edf2620cfe32d96b096e1f3d26aa	5.9.2	2.55.0	1000	150	dirty	12	0.887	6.970	1	1	0	1	1788356942.033925	1788356942.198013	286000166	286000356
2026-09-02T13:47:18Z	8dc0b5fea25671d6745a556bffb740d3866e189c	352c096f011eb282f12e6d4c12281340fac96b635a2879cc065d7637a6592872	wsh-trace	local	4fa59ffc191c59db064dad44f47534cf47ac08da6f35e1710935fd0f39477918	2264a8042763edf2620cfe32d96b096e1f3d26aa	5.9.2	2.55.0	1000	150	dirty	13	1.161	6.986	1	1	0	1	1788356942.534905	1788356942.699306	286000736	286000926
2026-09-02T13:47:18Z	8dc0b5fea25671d6745a556bffb740d3866e189c	352c096f011eb282f12e6d4c12281340fac96b635a2879cc065d7637a6592872	wsh-trace	local	4fa59ffc191c59db064dad44f47534cf47ac08da6f35e1710935fd0f39477918	2264a8042763edf2620cfe32d96b096e1f3d26aa	5.9.2	2.55.0	1000	150	dirty	14	0.907	7.025	1	1	0	1	1788356943.035555	1788356943.199798	286001348	286001553
2026-09-02T13:47:18Z	8dc0b5fea25671d6745a556bffb740d3866e189c	352c096f011eb282f12e6d4c12281340fac96b635a2879cc065d7637a6592872	wsh-trace	local	4fa59ffc191c59db064dad44f47534cf47ac08da6f35e1710935fd0f39477918	2264a8042763edf2620cfe32d96b096e1f3d26aa	5.9.2	2.55.0	1000	150	dirty	15	1.286	6.875	1	1	0	1	1788356943.536329	1788356943.700544	286002042	286002228
2026-09-02T13:47:18Z	8dc0b5fea25671d6745a556bffb740d3866e189c	352c096f011eb282f12e6d4c12281340fac96b635a2879cc065d7637a6592872	wsh-trace	local	4fa59ffc191c59db064dad44f47534cf47ac08da6f35e1710935fd0f39477918	2264a8042763edf2620cfe32d96b096e1f3d26aa	5.9.2	2.55.0	1000	150	dirty	16	1.047	6.937	1	1	0	1	1788356944.037481	1788356944.201602	286002644	286002823
2026-09-02T13:47:18Z	8dc0b5fea25671d6745a556bffb740d3866e189c	352c096f011eb282f12e6d4c12281340fac96b635a2879cc065d7637a6592872	wsh-trace	local	4fa59ffc191c59db064dad44f47534cf47ac08da6f35e1710935fd0f39477918	2264a8042763edf2620cfe32d96b096e1f3d26aa	5.9.2	2.55.0	1000	150	dirty	17	1.048	6.942	1	1	0	1	1788356944.539261	1788356944.703515	286003254	286003433
2026-09-02T13:47:18Z	8dc0b5fea25671d6745a556bffb740d3866e189c	352c096f011eb282f12e6d4c12281340fac96b635a2879cc065d7637a6592872	wsh-trace	local	4fa59ffc191c59db064dad44f47534cf47ac08da6f35e1710935fd0f39477918	2264a8042763edf2620cfe32d96b096e1f3d26aa	5.9.2	2.55.0	1000	150	dirty	18	0.889	6.839	1	1	0	1	1788356945.040980	1788356945.205084	286003821	286004045
2026-09-02T13:47:18Z	8dc0b5fea25671d6745a556bffb740d3866e189c	352c096f011eb282f12e6d4c12281340fac96b635a2879cc065d7637a6592872	wsh-trace	local	4fa59ffc191c59db064dad44f47534cf47ac08da6f35e1710935fd0f39477918	2264a8042763edf2620cfe32d96b096e1f3d26aa	5.9.2	2.55.0	1000	150	dirty	19	1.207	6.920	1	1	0	1	1788356945.542322	1788356945.707015	286004483	286004708
2026-09-02T13:47:18Z	8dc0b5fea25671d6745a556bffb740d3866e189c	352c096f011eb282f12e6d4c12281340fac96b635a2879cc065d7637a6592872	wsh-trace	local	4fa59ffc191c59db064dad44f47534cf47ac08da6f35e1710935fd0f39477918	2264a8042763edf2620cfe32d96b096e1f3d26aa	5.9.2	2.55.0	1000	150	dirty	20	0.946	6.798	1	1	0	1	1788356946.045080	1788356946.209845	286005386	286005567
2026-09-02T13:47:18Z	8dc0b5fea25671d6745a556bffb740d3866e189c	352c096f011eb282f12e6d4c12281340fac96b635a2879cc065d7637a6592872	wsh-trace	local	4fa59ffc191c59db064dad44f47534cf47ac08da6f35e1710935fd0f39477918	2264a8042763edf2620cfe32d96b096e1f3d26aa	5.9.2	2.55.0	1000	150	untracked	1	1.175	6.935	1	1	0	1	1788356946.569427	1788356946.733630	286005956	286006149
2026-09-02T13:47:18Z	8dc0b5fea25671d6745a556bffb740d3866e189c	352c096f011eb282f12e6d4c12281340fac96b635a2879cc065d7637a6592872	wsh-trace	local	4fa59ffc191c59db064dad44f47534cf47ac08da6f35e1710935fd0f39477918	2264a8042763edf2620cfe32d96b096e1f3d26aa	5.9.2	2.55.0	1000	150	untracked	2	1.260	6.996	1	1	0	1	1788356947.073400	1788356947.237754	286006773	286006997
2026-09-02T13:47:18Z	8dc0b5fea25671d6745a556bffb740d3866e189c	352c096f011eb282f12e6d4c12281340fac96b635a2879cc065d7637a6592872	wsh-trace	local	4fa59ffc191c59db064dad44f47534cf47ac08da6f35e1710935fd0f39477918	2264a8042763edf2620cfe32d96b096e1f3d26aa	5.9.2	2.55.0	1000	150	untracked	3	1.547	7.828	1	1	0	1	1788356947.577435	1788356947.743172	286007362	286007547
2026-09-02T13:47:18Z	8dc0b5fea25671d6745a556bffb740d3866e189c	352c096f011eb282f12e6d4c12281340fac96b635a2879cc065d7637a6592872	wsh-trace	local	4fa59ffc191c59db064dad44f47534cf47ac08da6f35e1710935fd0f39477918	2264a8042763edf2620cfe32d96b096e1f3d26aa	5.9.2	2.55.0	1000	150	untracked	4	1.255	6.895	1	1	0	1	1788356948.082777	1788356948.247256	286008337	286008547
2026-09-02T13:47:18Z	8dc0b5fea25671d6745a556bffb740d3866e189c	352c096f011eb282f12e6d4c12281340fac96b635a2879cc065d7637a6592872	wsh-trace	local	4fa59ffc191c59db064dad44f47534cf47ac08da6f35e1710935fd0f39477918	2264a8042763edf2620cfe32d96b096e1f3d26aa	5.9.2	2.55.0	1000	150	untracked	5	1.448	7.426	1	1	0	1	1788356948.586800	1788356948.751869	286009105	286009334
2026-09-02T13:47:18Z	8dc0b5fea25671d6745a556bffb740d3866e189c	352c096f011eb282f12e6d4c12281340fac96b635a2879cc065d7637a6592872	wsh-trace	local	4fa59ffc191c59db064dad44f47534cf47ac08da6f35e1710935fd0f39477918	2264a8042763edf2620cfe32d96b096e1f3d26aa	5.9.2	2.55.0	1000	150	untracked	6	1.249	7.324	1	1	0	1	1788356949.091040	1788356949.256317	286009896	286010119
2026-09-02T13:47:18Z	8dc0b5fea25671d6745a556bffb740d3866e189c	352c096f011eb282f12e6d4c12281340fac96b635a2879cc065d7637a6592872	wsh-trace	local	4fa59ffc191c59db064dad44f47534cf47ac08da6f35e1710935fd0f39477918	2264a8042763edf2620cfe32d96b096e1f3d26aa	5.9.2	2.55.0	1000	150	untracked	7	1.271	6.826	1	1	0	1	1788356949.595941	1788356949.760716	286010521	286010670
2026-09-02T13:47:18Z	8dc0b5fea25671d6745a556bffb740d3866e189c	352c096f011eb282f12e6d4c12281340fac96b635a2879cc065d7637a6592872	wsh-trace	local	4fa59ffc191c59db064dad44f47534cf47ac08da6f35e1710935fd0f39477918	2264a8042763edf2620cfe32d96b096e1f3d26aa	5.9.2	2.55.0	1000	150	untracked	8	1.351	6.813	1	1	0	1	1788356950.101502	1788356950.265890	286011137	286011343
2026-09-02T13:47:18Z	8dc0b5fea25671d6745a556bffb740d3866e189c	352c096f011eb282f12e6d4c12281340fac96b635a2879cc065d7637a6592872	wsh-trace	local	4fa59ffc191c59db064dad44f47534cf47ac08da6f35e1710935fd0f39477918	2264a8042763edf2620cfe32d96b096e1f3d26aa	5.9.2	2.55.0	1000	150	untracked	9	1.296	7.218	1	1	0	1	1788356950.605886	1788356950.771073	286011637	286011824
2026-09-02T13:47:18Z	8dc0b5fea25671d6745a556bffb740d3866e189c	352c096f011eb282f12e6d4c12281340fac96b635a2879cc065d7637a6592872	wsh-trace	local	4fa59ffc191c59db064dad44f47534cf47ac08da6f35e1710935fd0f39477918	2264a8042763edf2620cfe32d96b096e1f3d26aa	5.9.2	2.55.0	1000	150	untracked	10	1.162	6.940	1	1	0	1	1788356951.110954	1788356951.275564	286012305	286012479
2026-09-02T13:47:18Z	8dc0b5fea25671d6745a556bffb740d3866e189c	352c096f011eb282f12e6d4c12281340fac96b635a2879cc065d7637a6592872	wsh-trace	local	4fa59ffc191c59db064dad44f47534cf47ac08da6f35e1710935fd0f39477918	2264a8042763edf2620cfe32d96b096e1f3d26aa	5.9.2	2.55.0	1000	150	untracked	11	1.323	7.467	1	1	0	1	1788356951.615771	1788356951.781221	286012937	286013184
2026-09-02T13:47:18Z	8dc0b5fea25671d6745a556bffb740d3866e189c	352c096f011eb282f12e6d4c12281340fac96b635a2879cc065d7637a6592872	wsh-trace	local	4fa59ffc191c59db064dad44f47534cf47ac08da6f35e1710935fd0f39477918	2264a8042763edf2620cfe32d96b096e1f3d26aa	5.9.2	2.55.0	1000	150	untracked	12	1.304	7.475	1	1	0	1	1788356952.121173	1788356952.286421	286013646	286013854
2026-09-02T13:47:18Z	8dc0b5fea25671d6745a556bffb740d3866e189c	352c096f011eb282f12e6d4c12281340fac96b635a2879cc065d7637a6592872	wsh-trace	local	4fa59ffc191c59db064dad44f47534cf47ac08da6f35e1710935fd0f39477918	2264a8042763edf2620cfe32d96b096e1f3d26aa	5.9.2	2.55.0	1000	150	untracked	13	1.268	6.652	1	1	0	1	1788356952.626190	1788356952.790755	286014340	286014532
2026-09-02T13:47:18Z	8dc0b5fea25671d6745a556bffb740d3866e189c	352c096f011eb282f12e6d4c12281340fac96b635a2879cc065d7637a6592872	wsh-trace	local	4fa59ffc191c59db064dad44f47534cf47ac08da6f35e1710935fd0f39477918	2264a8042763edf2620cfe32d96b096e1f3d26aa	5.9.2	2.55.0	1000	150	untracked	14	1.013	7.406	1	1	0	1	1788356953.130646	1788356953.295845	286014911	286015100
2026-09-02T13:47:18Z	8dc0b5fea25671d6745a556bffb740d3866e189c	352c096f011eb282f12e6d4c12281340fac96b635a2879cc065d7637a6592872	wsh-trace	local	4fa59ffc191c59db064dad44f47534cf47ac08da6f35e1710935fd0f39477918	2264a8042763edf2620cfe32d96b096e1f3d26aa	5.9.2	2.55.0	1000	150	untracked	15	1.303	7.421	1	1	0	1	1788356953.635873	1788356953.801245	286015556	286015862
2026-09-02T13:47:18Z	8dc0b5fea25671d6745a556bffb740d3866e189c	352c096f011eb282f12e6d4c12281340fac96b635a2879cc065d7637a6592872	wsh-trace	local	4fa59ffc191c59db064dad44f47534cf47ac08da6f35e1710935fd0f39477918	2264a8042763edf2620cfe32d96b096e1f3d26aa	5.9.2	2.55.0	1000	150	untracked	16	1.408	6.997	1	1	0	1	1788356954.141568	1788356954.307591	286016527	286016705
2026-09-02T13:47:18Z	8dc0b5fea25671d6745a556bffb740d3866e189c	352c096f011eb282f12e6d4c12281340fac96b635a2879cc065d7637a6592872	wsh-trace	local	4fa59ffc191c59db064dad44f47534cf47ac08da6f35e1710935fd0f39477918	2264a8042763edf2620cfe32d96b096e1f3d26aa	5.9.2	2.55.0	1000	150	untracked	17	1.287	6.627	1	1	0	1	1788356954.647524	1788356954.812607	286017008	286017175
2026-09-02T13:47:18Z	8dc0b5fea25671d6745a556bffb740d3866e189c	352c096f011eb282f12e6d4c12281340fac96b635a2879cc065d7637a6592872	wsh-trace	local	4fa59ffc191c59db064dad44f47534cf47ac08da6f35e1710935fd0f39477918	2264a8042763edf2620cfe32d96b096e1f3d26aa	5.9.2	2.55.0	1000	150	untracked	18	1.286	7.111	1	1	0	1	1788356955.154193	1788356955.319556	286017583	286017808
2026-09-02T13:47:18Z	8dc0b5fea25671d6745a556bffb740d3866e189c	352c096f011eb282f12e6d4c12281340fac96b635a2879cc065d7637a6592872	wsh-trace	local	4fa59ffc191c59db064dad44f47534cf47ac08da6f35e1710935fd0f39477918	2264a8042763edf2620cfe32d96b096e1f3d26aa	5.9.2	2.55.0	1000	150	untracked	19	1.288	7.273	1	1	0	1	1788356955.661116	1788356955.826679	286018171	286018706
2026-09-02T13:47:18Z	8dc0b5fea25671d6745a556bffb740d3866e189c	352c096f011eb282f12e6d4c12281340fac96b635a2879cc065d7637a6592872	wsh-trace	local	4fa59ffc191c59db064dad44f47534cf47ac08da6f35e1710935fd0f39477918	2264a8042763edf2620cfe32d96b096e1f3d26aa	5.9.2	2.55.0	1000	150	untracked	20	1.168	7.068	1	1	0	1	1788356956.167106	1788356956.332397	286019140	286019363
