snapshot_at_utc	benchmark_commit	runner_sha256	target	target_kind	target_commit	omz_commit	zsh_version	git_version	fixture_files	settle_ms	state	iteration	first_ms	settled_ms	repaints	git_calls	unlocked_calls	semantic_pass	measurement_started_epoch_seconds	measurement_finished_epoch_seconds	cpu_psi_some_total_before	cpu_psi_some_total_after
2026-09-02T07:11:08Z	8dc0b5fea25671d6745a556bffb740d3866e189c	352c096f011eb282f12e6d4c12281340fac96b635a2879cc065d7637a6592872	raw	control	5.9.2	2264a8042763edf2620cfe32d96b096e1f3d26aa	5.9.2	2.55.0	1000	150	clean	1	0.428	0.428	0	0	0	na	1788333068.450895	1788333068.604207	254676171	254676338
2026-09-02T07:11:08Z	8dc0b5fea25671d6745a556bffb740d3866e189c	352c096f011eb282f12e6d4c12281340fac96b635a2879cc065d7637a6592872	raw	control	5.9.2	2264a8042763edf2620cfe32d96b096e1f3d26aa	5.9.2	2.55.0	1000	150	clean	2	0.429	0.429	0	0	0	na	1788333068.757719	1788333068.911108	254676503	254676810
2026-09-02T07:11:08Z	8dc0b5fea25671d6745a556bffb740d3866e189c	352c096f011eb282f12e6d4c12281340fac96b635a2879cc065d7637a6592872	raw	control	5.9.2	2264a8042763edf2620cfe32d96b096e1f3d26aa	5.9.2	2.55.0	1000	150	clean	3	0.387	0.387	0	0	0	na	1788333069.064459	1788333069.217927	254676966	254677162
2026-09-02T07:11:08Z	8dc0b5fea25671d6745a556bffb740d3866e189c	352c096f011eb282f12e6d4c12281340fac96b635a2879cc065d7637a6592872	raw	control	5.9.2	2264a8042763edf2620cfe32d96b096e1f3d26aa	5.9.2	2.55.0	1000	150	clean	4	0.364	0.364	0	0	0	na	1788333069.371228	1788333069.524584	254677342	254677577
2026-09-02T07:11:08Z	8dc0b5fea25671d6745a556bffb740d3866e189c	352c096f011eb282f12e6d4c12281340fac96b635a2879cc065d7637a6592872	raw	control	5.9.2	2264a8042763edf2620cfe32d96b096e1f3d26aa	5.9.2	2.55.0	1000	150	clean	5	0.392	0.392	0	0	0	na	1788333069.677865	1788333069.831438	254677757	254677941
2026-09-02T07:11:08Z	8dc0b5fea25671d6745a556bffb740d3866e189c	352c096f011eb282f12e6d4c12281340fac96b635a2879cc065d7637a6592872	raw	control	5.9.2	2264a8042763edf2620cfe32d96b096e1f3d26aa	5.9.2	2.55.0	1000	150	clean	6	0.427	0.427	0	0	0	na	1788333069.984771	1788333070.138221	254678282	254678425
2026-09-02T07:11:08Z	8dc0b5fea25671d6745a556bffb740d3866e189c	352c096f011eb282f12e6d4c12281340fac96b635a2879cc065d7637a6592872	raw	control	5.9.2	2264a8042763edf2620cfe32d96b096e1f3d26aa	5.9.2	2.55.0	1000	150	clean	7	0.403	0.403	0	0	0	na	1788333070.291608	1788333070.445029	254678560	254678719
2026-09-02T07:11:08Z	8dc0b5fea25671d6745a556bffb740d3866e189c	352c096f011eb282f12e6d4c12281340fac96b635a2879cc065d7637a6592872	raw	control	5.9.2	2264a8042763edf2620cfe32d96b096e1f3d26aa	5.9.2	2.55.0	1000	150	clean	8	0.427	0.427	0	0	0	na	1788333070.598319	1788333070.751742	254678869	254679155
2026-09-02T07:11:08Z	8dc0b5fea25671d6745a556bffb740d3866e189c	352c096f011eb282f12e6d4c12281340fac96b635a2879cc065d7637a6592872	raw	control	5.9.2	2264a8042763edf2620cfe32d96b096e1f3d26aa	5.9.2	2.55.0	1000	150	clean	9	0.445	0.445	0	0	0	na	1788333070.905013	1788333071.058412	254679370	254679523
2026-09-02T07:11:08Z	8dc0b5fea25671d6745a556bffb740d3866e189c	352c096f011eb282f12e6d4c12281340fac96b635a2879cc065d7637a6592872	raw	control	5.9.2	2264a8042763edf2620cfe32d96b096e1f3d26aa	5.9.2	2.55.0	1000	150	clean	10	0.393	0.393	0	0	0	na	1788333071.211580	1788333071.364736	254679679	254679837
2026-09-02T07:11:08Z	8dc0b5fea25671d6745a556bffb740d3866e189c	352c096f011eb282f12e6d4c12281340fac96b635a2879cc065d7637a6592872	raw	control	5.9.2	2264a8042763edf2620cfe32d96b096e1f3d26aa	5.9.2	2.55.0	1000	150	clean	11	0.433	0.433	0	0	0	na	1788333071.517858	1788333071.671131	254680020	254680238
2026-09-02T07:11:08Z	8dc0b5fea25671d6745a556bffb740d3866e189c	352c096f011eb282f12e6d4c12281340fac96b635a2879cc065d7637a6592872	raw	control	5.9.2	2264a8042763edf2620cfe32d96b096e1f3d26aa	5.9.2	2.55.0	1000	150	clean	12	0.403	0.403	0	0	0	na	1788333071.824191	1788333071.977923	254680537	254680708
2026-09-02T07:11:08Z	8dc0b5fea25671d6745a556bffb740d3866e189c	352c096f011eb282f12e6d4c12281340fac96b635a2879cc065d7637a6592872	raw	control	5.9.2	2264a8042763edf2620cfe32d96b096e1f3d26aa	5.9.2	2.55.0	1000	150	clean	13	0.409	0.409	0	0	0	na	1788333072.131505	1788333072.284823	254680904	254681073
2026-09-02T07:11:08Z	8dc0b5fea25671d6745a556bffb740d3866e189c	352c096f011eb282f12e6d4c12281340fac96b635a2879cc065d7637a6592872	raw	control	5.9.2	2264a8042763edf2620cfe32d96b096e1f3d26aa	5.9.2	2.55.0	1000	150	clean	14	0.442	0.442	0	0	0	na	1788333072.438263	1788333072.591812	254681267	254681442
2026-09-02T07:11:08Z	8dc0b5fea25671d6745a556bffb740d3866e189c	352c096f011eb282f12e6d4c12281340fac96b635a2879cc065d7637a6592872	raw	control	5.9.2	2264a8042763edf2620cfe32d96b096e1f3d26aa	5.9.2	2.55.0	1000	150	clean	15	0.425	0.425	0	0	0	na	1788333072.745209	1788333072.898762	254681645	254681859
2026-09-02T07:11:08Z	8dc0b5fea25671d6745a556bffb740d3866e189c	352c096f011eb282f12e6d4c12281340fac96b635a2879cc065d7637a6592872	raw	control	5.9.2	2264a8042763edf2620cfe32d96b096e1f3d26aa	5.9.2	2.55.0	1000	150	clean	16	0.397	0.397	0	0	0	na	1788333073.052310	1788333073.205955	254681994	254682177
2026-09-02T07:11:08Z	8dc0b5fea25671d6745a556bffb740d3866e189c	352c096f011eb282f12e6d4c12281340fac96b635a2879cc065d7637a6592872	raw	control	5.9.2	2264a8042763edf2620cfe32d96b096e1f3d26aa	5.9.2	2.55.0	1000	150	clean	17	0.432	0.432	0	0	0	na	1788333073.359504	1788333073.513005	254682468	254682649
2026-09-02T07:11:08Z	8dc0b5fea25671d6745a556bffb740d3866e189c	352c096f011eb282f12e6d4c12281340fac96b635a2879cc065d7637a6592872	raw	control	5.9.2	2264a8042763edf2620cfe32d96b096e1f3d26aa	5.9.2	2.55.0	1000	150	clean	18	0.385	0.385	0	0	0	na	1788333073.666480	1788333073.820069	254682798	254683046
2026-09-02T07:11:08Z	8dc0b5fea25671d6745a556bffb740d3866e189c	352c096f011eb282f12e6d4c12281340fac96b635a2879cc065d7637a6592872	raw	control	5.9.2	2264a8042763edf2620cfe32d96b096e1f3d26aa	5.9.2	2.55.0	1000	150	clean	19	0.497	0.497	0	0	0	na	1788333073.973638	1788333074.127283	254683237	254683408
2026-09-02T07:11:08Z	8dc0b5fea25671d6745a556bffb740d3866e189c	352c096f011eb282f12e6d4c12281340fac96b635a2879cc065d7637a6592872	raw	control	5.9.2	2264a8042763edf2620cfe32d96b096e1f3d26aa	5.9.2	2.55.0	1000	150	clean	20	0.410	0.410	0	0	0	na	1788333074.280751	1788333074.434229	254683613	254683794
2026-09-02T07:11:08Z	8dc0b5fea25671d6745a556bffb740d3866e189c	352c096f011eb282f12e6d4c12281340fac96b635a2879cc065d7637a6592872	raw	control	5.9.2	2264a8042763edf2620cfe32d96b096e1f3d26aa	5.9.2	2.55.0	1000	150	dirty	1	0.354	0.354	0	0	0	na	1788333074.615376	1788333074.769206	254683980	254684156
2026-09-02T07:11:08Z	8dc0b5fea25671d6745a556bffb740d3866e189c	352c096f011eb282f12e6d4c12281340fac96b635a2879cc065d7637a6592872	raw	control	5.9.2	2264a8042763edf2620cfe32d96b096e1f3d26aa	5.9.2	2.55.0	1000	150	dirty	2	0.369	0.369	0	0	0	na	1788333074.923482	1788333075.076859	254684561	254684826
2026-09-02T07:11:08Z	8dc0b5fea25671d6745a556bffb740d3866e189c	352c096f011eb282f12e6d4c12281340fac96b635a2879cc065d7637a6592872	raw	control	5.9.2	2264a8042763edf2620cfe32d96b096e1f3d26aa	5.9.2	2.55.0	1000	150	dirty	3	0.375	0.375	0	0	0	na	1788333075.230084	1788333075.383466	254685012	254685196
2026-09-02T07:11:08Z	8dc0b5fea25671d6745a556bffb740d3866e189c	352c096f011eb282f12e6d4c12281340fac96b635a2879cc065d7637a6592872	raw	control	5.9.2	2264a8042763edf2620cfe32d96b096e1f3d26aa	5.9.2	2.55.0	1000	150	dirty	4	0.374	0.374	0	0	0	na	1788333075.536777	1788333075.690132	254685325	254685495
2026-09-02T07:11:08Z	8dc0b5fea25671d6745a556bffb740d3866e189c	352c096f011eb282f12e6d4c12281340fac96b635a2879cc065d7637a6592872	raw	control	5.9.2	2264a8042763edf2620cfe32d96b096e1f3d26aa	5.9.2	2.55.0	1000	150	dirty	5	0.367	0.367	0	0	0	na	1788333075.843766	1788333075.997277	254685708	254685891
2026-09-02T07:11:08Z	8dc0b5fea25671d6745a556bffb740d3866e189c	352c096f011eb282f12e6d4c12281340fac96b635a2879cc065d7637a6592872	raw	control	5.9.2	2264a8042763edf2620cfe32d96b096e1f3d26aa	5.9.2	2.55.0	1000	150	dirty	6	0.419	0.419	0	0	0	na	1788333076.150842	1788333076.304384	254686076	254686261
2026-09-02T07:11:08Z	8dc0b5fea25671d6745a556bffb740d3866e189c	352c096f011eb282f12e6d4c12281340fac96b635a2879cc065d7637a6592872	raw	control	5.9.2	2264a8042763edf2620cfe32d96b096e1f3d26aa	5.9.2	2.55.0	1000	150	dirty	7	0.367	0.367	0	0	0	na	1788333076.457881	1788333076.611342	254686514	254686733
2026-09-02T07:11:08Z	8dc0b5fea25671d6745a556bffb740d3866e189c	352c096f011eb282f12e6d4c12281340fac96b635a2879cc065d7637a6592872	raw	control	5.9.2	2264a8042763edf2620cfe32d96b096e1f3d26aa	5.9.2	2.55.0	1000	150	dirty	8	0.391	0.391	0	0	0	na	1788333076.764946	1788333076.918301	254686937	254687151
2026-09-02T07:11:08Z	8dc0b5fea25671d6745a556bffb740d3866e189c	352c096f011eb282f12e6d4c12281340fac96b635a2879cc065d7637a6592872	raw	control	5.9.2	2264a8042763edf2620cfe32d96b096e1f3d26aa	5.9.2	2.55.0	1000	150	dirty	9	0.443	0.443	0	0	0	na	1788333077.071844	1788333077.225441	254687386	254687640
2026-09-02T07:11:08Z	8dc0b5fea25671d6745a556bffb740d3866e189c	352c096f011eb282f12e6d4c12281340fac96b635a2879cc065d7637a6592872	raw	control	5.9.2	2264a8042763edf2620cfe32d96b096e1f3d26aa	5.9.2	2.55.0	1000	150	dirty	10	0.405	0.405	0	0	0	na	1788333077.378833	1788333077.532342	254687869	254688066
2026-09-02T07:11:08Z	8dc0b5fea25671d6745a556bffb740d3866e189c	352c096f011eb282f12e6d4c12281340fac96b635a2879cc065d7637a6592872	raw	control	5.9.2	2264a8042763edf2620cfe32d96b096e1f3d26aa	5.9.2	2.55.0	1000	150	dirty	11	0.339	0.339	0	0	0	na	1788333077.685985	1788333077.839594	254688246	254688451
2026-09-02T07:11:08Z	8dc0b5fea25671d6745a556bffb740d3866e189c	352c096f011eb282f12e6d4c12281340fac96b635a2879cc065d7637a6592872	raw	control	5.9.2	2264a8042763edf2620cfe32d96b096e1f3d26aa	5.9.2	2.55.0	1000	150	dirty	12	0.355	0.355	0	0	0	na	1788333077.993004	1788333078.146521	254688646	254688842
2026-09-02T07:11:08Z	8dc0b5fea25671d6745a556bffb740d3866e189c	352c096f011eb282f12e6d4c12281340fac96b635a2879cc065d7637a6592872	raw	control	5.9.2	2264a8042763edf2620cfe32d96b096e1f3d26aa	5.9.2	2.55.0	1000	150	dirty	13	0.395	0.395	0	0	0	na	1788333078.299975	1788333078.453437	254689009	254689172
2026-09-02T07:11:08Z	8dc0b5fea25671d6745a556bffb740d3866e189c	352c096f011eb282f12e6d4c12281340fac96b635a2879cc065d7637a6592872	raw	control	5.9.2	2264a8042763edf2620cfe32d96b096e1f3d26aa	5.9.2	2.55.0	1000	150	dirty	14	0.333	0.333	0	0	0	na	1788333078.606999	1788333078.760464	254689414	254689733
2026-09-02T07:11:08Z	8dc0b5fea25671d6745a556bffb740d3866e189c	352c096f011eb282f12e6d4c12281340fac96b635a2879cc065d7637a6592872	raw	control	5.9.2	2264a8042763edf2620cfe32d96b096e1f3d26aa	5.9.2	2.55.0	1000	150	dirty	15	0.379	0.379	0	0	0	na	1788333078.913874	1788333079.067377	254689931	254690157
2026-09-02T07:11:08Z	8dc0b5fea25671d6745a556bffb740d3866e189c	352c096f011eb282f12e6d4c12281340fac96b635a2879cc065d7637a6592872	raw	control	5.9.2	2264a8042763edf2620cfe32d96b096e1f3d26aa	5.9.2	2.55.0	1000	150	dirty	16	0.328	0.328	0	0	0	na	1788333079.220774	1788333079.374131	254690291	254690509
2026-09-02T07:11:08Z	8dc0b5fea25671d6745a556bffb740d3866e189c	352c096f011eb282f12e6d4c12281340fac96b635a2879cc065d7637a6592872	raw	control	5.9.2	2264a8042763edf2620cfe32d96b096e1f3d26aa	5.9.2	2.55.0	1000	150	dirty	17	0.310	0.310	0	0	0	na	1788333079.527701	1788333079.681274	254690647	254690915
2026-09-02T07:11:08Z	8dc0b5fea25671d6745a556bffb740d3866e189c	352c096f011eb282f12e6d4c12281340fac96b635a2879cc065d7637a6592872	raw	control	5.9.2	2264a8042763edf2620cfe32d96b096e1f3d26aa	5.9.2	2.55.0	1000	150	dirty	18	0.356	0.356	0	0	0	na	1788333079.834826	1788333079.988249	254691291	254691587
2026-09-02T07:11:08Z	8dc0b5fea25671d6745a556bffb740d3866e189c	352c096f011eb282f12e6d4c12281340fac96b635a2879cc065d7637a6592872	raw	control	5.9.2	2264a8042763edf2620cfe32d96b096e1f3d26aa	5.9.2	2.55.0	1000	150	dirty	19	0.401	0.401	0	0	0	na	1788333080.141669	1788333080.295210	254691892	254691997
2026-09-02T07:11:08Z	8dc0b5fea25671d6745a556bffb740d3866e189c	352c096f011eb282f12e6d4c12281340fac96b635a2879cc065d7637a6592872	raw	control	5.9.2	2264a8042763edf2620cfe32d96b096e1f3d26aa	5.9.2	2.55.0	1000	150	dirty	20	0.356	0.356	0	0	0	na	1788333080.448819	1788333080.602290	254692287	254692545
2026-09-02T07:11:08Z	8dc0b5fea25671d6745a556bffb740d3866e189c	352c096f011eb282f12e6d4c12281340fac96b635a2879cc065d7637a6592872	raw	control	5.9.2	2264a8042763edf2620cfe32d96b096e1f3d26aa	5.9.2	2.55.0	1000	150	untracked	1	0.400	0.400	0	0	0	na	1788333080.776796	1788333080.930239	254692825	254692980
2026-09-02T07:11:08Z	8dc0b5fea25671d6745a556bffb740d3866e189c	352c096f011eb282f12e6d4c12281340fac96b635a2879cc065d7637a6592872	raw	control	5.9.2	2264a8042763edf2620cfe32d96b096e1f3d26aa	5.9.2	2.55.0	1000	150	untracked	2	0.446	0.446	0	0	0	na	1788333081.085179	1788333081.238997	254693571	254693720
2026-09-02T07:11:08Z	8dc0b5fea25671d6745a556bffb740d3866e189c	352c096f011eb282f12e6d4c12281340fac96b635a2879cc065d7637a6592872	raw	control	5.9.2	2264a8042763edf2620cfe32d96b096e1f3d26aa	5.9.2	2.55.0	1000	150	untracked	3	0.406	0.406	0	0	0	na	1788333081.393860	1788333081.547536	254693838	254693972
2026-09-02T07:11:08Z	8dc0b5fea25671d6745a556bffb740d3866e189c	352c096f011eb282f12e6d4c12281340fac96b635a2879cc065d7637a6592872	raw	control	5.9.2	2264a8042763edf2620cfe32d96b096e1f3d26aa	5.9.2	2.55.0	1000	150	untracked	4	0.443	0.443	0	0	0	na	1788333081.702732	1788333081.856467	254694134	254694298
2026-09-02T07:11:08Z	8dc0b5fea25671d6745a556bffb740d3866e189c	352c096f011eb282f12e6d4c12281340fac96b635a2879cc065d7637a6592872	raw	control	5.9.2	2264a8042763edf2620cfe32d96b096e1f3d26aa	5.9.2	2.55.0	1000	150	untracked	5	0.370	0.370	0	0	0	na	1788333082.011387	1788333082.164731	254694808	254694938
2026-09-02T07:11:08Z	8dc0b5fea25671d6745a556bffb740d3866e189c	352c096f011eb282f12e6d4c12281340fac96b635a2879cc065d7637a6592872	raw	control	5.9.2	2264a8042763edf2620cfe32d96b096e1f3d26aa	5.9.2	2.55.0	1000	150	untracked	6	0.465	0.465	0	0	0	na	1788333082.319433	1788333082.473500	254695425	254695673
2026-09-02T07:11:08Z	8dc0b5fea25671d6745a556bffb740d3866e189c	352c096f011eb282f12e6d4c12281340fac96b635a2879cc065d7637a6592872	raw	control	5.9.2	2264a8042763edf2620cfe32d96b096e1f3d26aa	5.9.2	2.55.0	1000	150	untracked	7	0.414	0.414	0	0	0	na	1788333082.628242	1788333082.781813	254696028	254696206
2026-09-02T07:11:08Z	8dc0b5fea25671d6745a556bffb740d3866e189c	352c096f011eb282f12e6d4c12281340fac96b635a2879cc065d7637a6592872	raw	control	5.9.2	2264a8042763edf2620cfe32d96b096e1f3d26aa	5.9.2	2.55.0	1000	150	untracked	8	0.416	0.416	0	0	0	na	1788333082.936847	1788333083.090253	254696893	254697066
2026-09-02T07:11:08Z	8dc0b5fea25671d6745a556bffb740d3866e189c	352c096f011eb282f12e6d4c12281340fac96b635a2879cc065d7637a6592872	raw	control	5.9.2	2264a8042763edf2620cfe32d96b096e1f3d26aa	5.9.2	2.55.0	1000	150	untracked	9	0.391	0.391	0	0	0	na	1788333083.244585	1788333083.397646	254697253	254697399
2026-09-02T07:11:08Z	8dc0b5fea25671d6745a556bffb740d3866e189c	352c096f011eb282f12e6d4c12281340fac96b635a2879cc065d7637a6592872	raw	control	5.9.2	2264a8042763edf2620cfe32d96b096e1f3d26aa	5.9.2	2.55.0	1000	150	untracked	10	0.437	0.437	0	0	0	na	1788333083.552091	1788333083.705599	254697548	254697736
2026-09-02T07:11:08Z	8dc0b5fea25671d6745a556bffb740d3866e189c	352c096f011eb282f12e6d4c12281340fac96b635a2879cc065d7637a6592872	raw	control	5.9.2	2264a8042763edf2620cfe32d96b096e1f3d26aa	5.9.2	2.55.0	1000	150	untracked	11	0.343	0.343	0	0	0	na	1788333083.860309	1788333084.013607	254697964	254698132
2026-09-02T07:11:08Z	8dc0b5fea25671d6745a556bffb740d3866e189c	352c096f011eb282f12e6d4c12281340fac96b635a2879cc065d7637a6592872	raw	control	5.9.2	2264a8042763edf2620cfe32d96b096e1f3d26aa	5.9.2	2.55.0	1000	150	untracked	12	0.443	0.443	0	0	0	na	1788333084.168239	1788333084.321558	254698305	254698571
2026-09-02T07:11:08Z	8dc0b5fea25671d6745a556bffb740d3866e189c	352c096f011eb282f12e6d4c12281340fac96b635a2879cc065d7637a6592872	raw	control	5.9.2	2264a8042763edf2620cfe32d96b096e1f3d26aa	5.9.2	2.55.0	1000	150	untracked	13	0.345	0.345	0	0	0	na	1788333084.476045	1788333084.629509	254698776	254698986
2026-09-02T07:11:08Z	8dc0b5fea25671d6745a556bffb740d3866e189c	352c096f011eb282f12e6d4c12281340fac96b635a2879cc065d7637a6592872	raw	control	5.9.2	2264a8042763edf2620cfe32d96b096e1f3d26aa	5.9.2	2.55.0	1000	150	untracked	14	0.437	0.437	0	0	0	na	1788333084.784260	1788333084.937705	254699164	254699315
2026-09-02T07:11:08Z	8dc0b5fea25671d6745a556bffb740d3866e189c	352c096f011eb282f12e6d4c12281340fac96b635a2879cc065d7637a6592872	raw	control	5.9.2	2264a8042763edf2620cfe32d96b096e1f3d26aa	5.9.2	2.55.0	1000	150	untracked	15	0.366	0.366	0	0	0	na	1788333085.092477	1788333085.245948	254699493	254699673
2026-09-02T07:11:08Z	8dc0b5fea25671d6745a556bffb740d3866e189c	352c096f011eb282f12e6d4c12281340fac96b635a2879cc065d7637a6592872	raw	control	5.9.2	2264a8042763edf2620cfe32d96b096e1f3d26aa	5.9.2	2.55.0	1000	150	untracked	16	0.398	0.398	0	0	0	na	1788333085.400831	1788333085.554265	254699870	254700065
2026-09-02T07:11:08Z	8dc0b5fea25671d6745a556bffb740d3866e189c	352c096f011eb282f12e6d4c12281340fac96b635a2879cc065d7637a6592872	raw	control	5.9.2	2264a8042763edf2620cfe32d96b096e1f3d26aa	5.9.2	2.55.0	1000	150	untracked	17	0.496	0.496	0	0	0	na	1788333085.708865	1788333085.862208	254700303	254700580
2026-09-02T07:11:08Z	8dc0b5fea25671d6745a556bffb740d3866e189c	352c096f011eb282f12e6d4c12281340fac96b635a2879cc065d7637a6592872	raw	control	5.9.2	2264a8042763edf2620cfe32d96b096e1f3d26aa	5.9.2	2.55.0	1000	150	untracked	18	0.401	0.401	0	0	0	na	1788333086.016867	1788333086.170260	254700765	254700928
2026-09-02T07:11:08Z	8dc0b5fea25671d6745a556bffb740d3866e189c	352c096f011eb282f12e6d4c12281340fac96b635a2879cc065d7637a6592872	raw	control	5.9.2	2264a8042763edf2620cfe32d96b096e1f3d26aa	5.9.2	2.55.0	1000	150	untracked	19	0.395	0.395	0	0	0	na	1788333086.324998	1788333086.478360	254701083	254701229
2026-09-02T07:11:08Z	8dc0b5fea25671d6745a556bffb740d3866e189c	352c096f011eb282f12e6d4c12281340fac96b635a2879cc065d7637a6592872	raw	control	5.9.2	2264a8042763edf2620cfe32d96b096e1f3d26aa	5.9.2	2.55.0	1000	150	untracked	20	0.383	0.383	0	0	0	na	1788333086.632819	1788333086.786138	254701388	254701535
2026-09-02T07:11:08Z	8dc0b5fea25671d6745a556bffb740d3866e189c	352c096f011eb282f12e6d4c12281340fac96b635a2879cc065d7637a6592872	direct-git	control	2.55.0	2264a8042763edf2620cfe32d96b096e1f3d26aa	5.9.2	2.55.0	1000	150	clean	1	5.853	5.853	0	1	0	na	1788333087.146417	1788333087.305650	254701988	254702151
2026-09-02T07:11:08Z	8dc0b5fea25671d6745a556bffb740d3866e189c	352c096f011eb282f12e6d4c12281340fac96b635a2879cc065d7637a6592872	direct-git	control	2.55.0	2264a8042763edf2620cfe32d96b096e1f3d26aa	5.9.2	2.55.0	1000	150	clean	2	5.313	5.313	0	1	0	na	1788333087.464876	1788333087.623567	254702305	254702440
2026-09-02T07:11:08Z	8dc0b5fea25671d6745a556bffb740d3866e189c	352c096f011eb282f12e6d4c12281340fac96b635a2879cc065d7637a6592872	direct-git	control	2.55.0	2264a8042763edf2620cfe32d96b096e1f3d26aa	5.9.2	2.55.0	1000	150	clean	3	5.681	5.681	0	1	0	na	1788333087.782547	1788333087.941607	254702640	254702861
2026-09-02T07:11:08Z	8dc0b5fea25671d6745a556bffb740d3866e189c	352c096f011eb282f12e6d4c12281340fac96b635a2879cc065d7637a6592872	direct-git	control	2.55.0	2264a8042763edf2620cfe32d96b096e1f3d26aa	5.9.2	2.55.0	1000	150	clean	4	5.416	5.416	0	1	0	na	1788333088.100714	1788333088.259593	254703027	254703192
2026-09-02T07:11:08Z	8dc0b5fea25671d6745a556bffb740d3866e189c	352c096f011eb282f12e6d4c12281340fac96b635a2879cc065d7637a6592872	direct-git	control	2.55.0	2264a8042763edf2620cfe32d96b096e1f3d26aa	5.9.2	2.55.0	1000	150	clean	5	5.474	5.474	0	1	0	na	1788333088.418580	1788333088.577397	254703376	254703666
2026-09-02T07:11:08Z	8dc0b5fea25671d6745a556bffb740d3866e189c	352c096f011eb282f12e6d4c12281340fac96b635a2879cc065d7637a6592872	direct-git	control	2.55.0	2264a8042763edf2620cfe32d96b096e1f3d26aa	5.9.2	2.55.0	1000	150	clean	6	5.577	5.577	0	1	0	na	1788333088.735935	1788333088.894832	254703998	254704218
2026-09-02T07:11:08Z	8dc0b5fea25671d6745a556bffb740d3866e189c	352c096f011eb282f12e6d4c12281340fac96b635a2879cc065d7637a6592872	direct-git	control	2.55.0	2264a8042763edf2620cfe32d96b096e1f3d26aa	5.9.2	2.55.0	1000	150	clean	7	5.540	5.540	0	1	0	na	1788333089.053217	1788333089.212286	254704350	254704491
2026-09-02T07:11:08Z	8dc0b5fea25671d6745a556bffb740d3866e189c	352c096f011eb282f12e6d4c12281340fac96b635a2879cc065d7637a6592872	direct-git	control	2.55.0	2264a8042763edf2620cfe32d96b096e1f3d26aa	5.9.2	2.55.0	1000	150	clean	8	5.725	5.725	0	1	0	na	1788333089.370929	1788333089.530136	254704667	254704848
2026-09-02T07:11:08Z	8dc0b5fea25671d6745a556bffb740d3866e189c	352c096f011eb282f12e6d4c12281340fac96b635a2879cc065d7637a6592872	direct-git	control	2.55.0	2264a8042763edf2620cfe32d96b096e1f3d26aa	5.9.2	2.55.0	1000	150	clean	9	5.644	5.644	0	1	0	na	1788333089.689131	1788333089.848228	254705057	254705726
2026-09-02T07:11:08Z	8dc0b5fea25671d6745a556bffb740d3866e189c	352c096f011eb282f12e6d4c12281340fac96b635a2879cc065d7637a6592872	direct-git	control	2.55.0	2264a8042763edf2620cfe32d96b096e1f3d26aa	5.9.2	2.55.0	1000	150	clean	10	5.822	5.822	0	1	0	na	1788333090.007587	1788333090.167137	254705958	254706240
2026-09-02T07:11:08Z	8dc0b5fea25671d6745a556bffb740d3866e189c	352c096f011eb282f12e6d4c12281340fac96b635a2879cc065d7637a6592872	direct-git	control	2.55.0	2264a8042763edf2620cfe32d96b096e1f3d26aa	5.9.2	2.55.0	1000	150	clean	11	5.349	5.349	0	1	0	na	1788333090.326553	1788333090.485456	254706469	254706668
2026-09-02T07:11:08Z	8dc0b5fea25671d6745a556bffb740d3866e189c	352c096f011eb282f12e6d4c12281340fac96b635a2879cc065d7637a6592872	direct-git	control	2.55.0	2264a8042763edf2620cfe32d96b096e1f3d26aa	5.9.2	2.55.0	1000	150	clean	12	6.056	6.056	0	1	0	na	1788333090.644951	1788333090.804583	254706974	254707294
2026-09-02T07:11:08Z	8dc0b5fea25671d6745a556bffb740d3866e189c	352c096f011eb282f12e6d4c12281340fac96b635a2879cc065d7637a6592872	direct-git	control	2.55.0	2264a8042763edf2620cfe32d96b096e1f3d26aa	5.9.2	2.55.0	1000	150	clean	13	5.749	5.749	0	1	0	na	1788333090.963945	1788333091.123229	254707471	254707685
2026-09-02T07:11:08Z	8dc0b5fea25671d6745a556bffb740d3866e189c	352c096f011eb282f12e6d4c12281340fac96b635a2879cc065d7637a6592872	direct-git	control	2.55.0	2264a8042763edf2620cfe32d96b096e1f3d26aa	5.9.2	2.55.0	1000	150	clean	14	5.683	5.683	0	1	0	na	1788333091.282621	1788333091.442047	254707964	254708474
2026-09-02T07:11:08Z	8dc0b5fea25671d6745a556bffb740d3866e189c	352c096f011eb282f12e6d4c12281340fac96b635a2879cc065d7637a6592872	direct-git	control	2.55.0	2264a8042763edf2620cfe32d96b096e1f3d26aa	5.9.2	2.55.0	1000	150	clean	15	5.632	5.632	0	1	0	na	1788333091.601912	1788333091.761128	254708871	254709108
2026-09-02T07:11:08Z	8dc0b5fea25671d6745a556bffb740d3866e189c	352c096f011eb282f12e6d4c12281340fac96b635a2879cc065d7637a6592872	direct-git	control	2.55.0	2264a8042763edf2620cfe32d96b096e1f3d26aa	5.9.2	2.55.0	1000	150	clean	16	5.215	5.215	0	1	0	na	1788333091.920388	1788333092.079889	254709363	254709788
2026-09-02T07:11:08Z	8dc0b5fea25671d6745a556bffb740d3866e189c	352c096f011eb282f12e6d4c12281340fac96b635a2879cc065d7637a6592872	direct-git	control	2.55.0	2264a8042763edf2620cfe32d96b096e1f3d26aa	5.9.2	2.55.0	1000	150	clean	17	5.441	5.441	0	1	0	na	1788333092.239457	1788333092.398889	254710165	254710397
2026-09-02T07:11:08Z	8dc0b5fea25671d6745a556bffb740d3866e189c	352c096f011eb282f12e6d4c12281340fac96b635a2879cc065d7637a6592872	direct-git	control	2.55.0	2264a8042763edf2620cfe32d96b096e1f3d26aa	5.9.2	2.55.0	1000	150	clean	18	5.643	5.643	0	1	0	na	1788333092.558728	1788333092.718373	254710541	254710873
2026-09-02T07:11:08Z	8dc0b5fea25671d6745a556bffb740d3866e189c	352c096f011eb282f12e6d4c12281340fac96b635a2879cc065d7637a6592872	direct-git	control	2.55.0	2264a8042763edf2620cfe32d96b096e1f3d26aa	5.9.2	2.55.0	1000	150	clean	19	5.674	5.674	0	1	0	na	1788333092.877862	1788333093.037382	254711091	254711274
2026-09-02T07:11:08Z	8dc0b5fea25671d6745a556bffb740d3866e189c	352c096f011eb282f12e6d4c12281340fac96b635a2879cc065d7637a6592872	direct-git	control	2.55.0	2264a8042763edf2620cfe32d96b096e1f3d26aa	5.9.2	2.55.0	1000	150	clean	20	5.068	5.068	0	1	0	na	1788333093.196988	1788333093.355814	254711449	254711582
2026-09-02T07:11:08Z	8dc0b5fea25671d6745a556bffb740d3866e189c	352c096f011eb282f12e6d4c12281340fac96b635a2879cc065d7637a6592872	direct-git	control	2.55.0	2264a8042763edf2620cfe32d96b096e1f3d26aa	5.9.2	2.55.0	1000	150	dirty	1	4.990	4.990	0	1	0	na	1788333093.533233	1788333093.691897	254711752	254712057
2026-09-02T07:11:08Z	8dc0b5fea25671d6745a556bffb740d3866e189c	352c096f011eb282f12e6d4c12281340fac96b635a2879cc065d7637a6592872	direct-git	control	2.55.0	2264a8042763edf2620cfe32d96b096e1f3d26aa	5.9.2	2.55.0	1000	150	dirty	2	5.519	5.519	0	1	0	na	1788333093.851649	1788333094.011133	254712441	254712710
2026-09-02T07:11:08Z	8dc0b5fea25671d6745a556bffb740d3866e189c	352c096f011eb282f12e6d4c12281340fac96b635a2879cc065d7637a6592872	direct-git	control	2.55.0	2264a8042763edf2620cfe32d96b096e1f3d26aa	5.9.2	2.55.0	1000	150	dirty	3	5.312	5.312	0	1	0	na	1788333094.170441	1788333094.329708	254712905	254713083
2026-09-02T07:11:08Z	8dc0b5fea25671d6745a556bffb740d3866e189c	352c096f011eb282f12e6d4c12281340fac96b635a2879cc065d7637a6592872	direct-git	control	2.55.0	2264a8042763edf2620cfe32d96b096e1f3d26aa	5.9.2	2.55.0	1000	150	dirty	4	5.599	5.599	0	1	0	na	1788333094.489117	1788333094.648740	254713283	254713466
2026-09-02T07:11:08Z	8dc0b5fea25671d6745a556bffb740d3866e189c	352c096f011eb282f12e6d4c12281340fac96b635a2879cc065d7637a6592872	direct-git	control	2.55.0	2264a8042763edf2620cfe32d96b096e1f3d26aa	5.9.2	2.55.0	1000	150	dirty	5	5.955	5.955	0	1	0	na	1788333094.808598	1788333094.968587	254713670	254713945
2026-09-02T07:11:08Z	8dc0b5fea25671d6745a556bffb740d3866e189c	352c096f011eb282f12e6d4c12281340fac96b635a2879cc065d7637a6592872	direct-git	control	2.55.0	2264a8042763edf2620cfe32d96b096e1f3d26aa	5.9.2	2.55.0	1000	150	dirty	6	5.338	5.338	0	1	0	na	1788333095.128518	1788333095.287827	254714194	254714398
2026-09-02T07:11:08Z	8dc0b5fea25671d6745a556bffb740d3866e189c	352c096f011eb282f12e6d4c12281340fac96b635a2879cc065d7637a6592872	direct-git	control	2.55.0	2264a8042763edf2620cfe32d96b096e1f3d26aa	5.9.2	2.55.0	1000	150	dirty	7	5.610	5.610	0	1	0	na	1788333095.448093	1788333095.608033	254714727	254715138
2026-09-02T07:11:08Z	8dc0b5fea25671d6745a556bffb740d3866e189c	352c096f011eb282f12e6d4c12281340fac96b635a2879cc065d7637a6592872	direct-git	control	2.55.0	2264a8042763edf2620cfe32d96b096e1f3d26aa	5.9.2	2.55.0	1000	150	dirty	8	5.300	5.300	0	1	0	na	1788333095.768669	1788333095.928166	254715526	254715949
2026-09-02T07:11:08Z	8dc0b5fea25671d6745a556bffb740d3866e189c	352c096f011eb282f12e6d4c12281340fac96b635a2879cc065d7637a6592872	direct-git	control	2.55.0	2264a8042763edf2620cfe32d96b096e1f3d26aa	5.9.2	2.55.0	1000	150	dirty	9	5.645	5.645	0	1	0	na	1788333096.087958	1788333096.247776	254716064	254716386
2026-09-02T07:11:08Z	8dc0b5fea25671d6745a556bffb740d3866e189c	352c096f011eb282f12e6d4c12281340fac96b635a2879cc065d7637a6592872	direct-git	control	2.55.0	2264a8042763edf2620cfe32d96b096e1f3d26aa	5.9.2	2.55.0	1000	150	dirty	10	5.215	5.215	0	1	0	na	1788333096.407858	1788333096.566952	254716733	254716870
2026-09-02T07:11:08Z	8dc0b5fea25671d6745a556bffb740d3866e189c	352c096f011eb282f12e6d4c12281340fac96b635a2879cc065d7637a6592872	direct-git	control	2.55.0	2264a8042763edf2620cfe32d96b096e1f3d26aa	5.9.2	2.55.0	1000	150	dirty	11	5.605	5.605	0	1	0	na	1788333096.727182	1788333096.886582	254717549	254717911
2026-09-02T07:11:08Z	8dc0b5fea25671d6745a556bffb740d3866e189c	352c096f011eb282f12e6d4c12281340fac96b635a2879cc065d7637a6592872	direct-git	control	2.55.0	2264a8042763edf2620cfe32d96b096e1f3d26aa	5.9.2	2.55.0	1000	150	dirty	12	5.588	5.588	0	1	0	na	1788333097.045983	1788333097.205481	254718281	254718527
2026-09-02T07:11:08Z	8dc0b5fea25671d6745a556bffb740d3866e189c	352c096f011eb282f12e6d4c12281340fac96b635a2879cc065d7637a6592872	direct-git	control	2.55.0	2264a8042763edf2620cfe32d96b096e1f3d26aa	5.9.2	2.55.0	1000	150	dirty	13	5.437	5.437	0	1	0	na	1788333097.365031	1788333097.524380	254718750	254718959
2026-09-02T07:11:08Z	8dc0b5fea25671d6745a556bffb740d3866e189c	352c096f011eb282f12e6d4c12281340fac96b635a2879cc065d7637a6592872	direct-git	control	2.55.0	2264a8042763edf2620cfe32d96b096e1f3d26aa	5.9.2	2.55.0	1000	150	dirty	14	5.040	5.040	0	1	0	na	1788333097.684476	1788333097.843725	254719176	254719652
2026-09-02T07:11:08Z	8dc0b5fea25671d6745a556bffb740d3866e189c	352c096f011eb282f12e6d4c12281340fac96b635a2879cc065d7637a6592872	direct-git	control	2.55.0	2264a8042763edf2620cfe32d96b096e1f3d26aa	5.9.2	2.55.0	1000	150	dirty	15	5.376	5.376	0	1	0	na	1788333098.002938	1788333098.161933	254719823	254720539
2026-09-02T07:11:08Z	8dc0b5fea25671d6745a556bffb740d3866e189c	352c096f011eb282f12e6d4c12281340fac96b635a2879cc065d7637a6592872	direct-git	control	2.55.0	2264a8042763edf2620cfe32d96b096e1f3d26aa	5.9.2	2.55.0	1000	150	dirty	16	5.112	5.112	0	1	0	na	1788333098.321831	1788333098.480685	254720646	254720780
2026-09-02T07:11:08Z	8dc0b5fea25671d6745a556bffb740d3866e189c	352c096f011eb282f12e6d4c12281340fac96b635a2879cc065d7637a6592872	direct-git	control	2.55.0	2264a8042763edf2620cfe32d96b096e1f3d26aa	5.9.2	2.55.0	1000	150	dirty	17	5.052	5.052	0	1	0	na	1788333098.640588	1788333098.799500	254720939	254721150
2026-09-02T07:11:08Z	8dc0b5fea25671d6745a556bffb740d3866e189c	352c096f011eb282f12e6d4c12281340fac96b635a2879cc065d7637a6592872	direct-git	control	2.55.0	2264a8042763edf2620cfe32d96b096e1f3d26aa	5.9.2	2.55.0	1000	150	dirty	18	5.142	5.142	0	1	0	na	1788333098.959463	1788333099.118614	254721340	254721698
2026-09-02T07:11:08Z	8dc0b5fea25671d6745a556bffb740d3866e189c	352c096f011eb282f12e6d4c12281340fac96b635a2879cc065d7637a6592872	direct-git	control	2.55.0	2264a8042763edf2620cfe32d96b096e1f3d26aa	5.9.2	2.55.0	1000	150	dirty	19	5.493	5.493	0	1	0	na	1788333099.278343	1788333099.437879	254721873	254722052
2026-09-02T07:11:08Z	8dc0b5fea25671d6745a556bffb740d3866e189c	352c096f011eb282f12e6d4c12281340fac96b635a2879cc065d7637a6592872	direct-git	control	2.55.0	2264a8042763edf2620cfe32d96b096e1f3d26aa	5.9.2	2.55.0	1000	150	dirty	20	5.232	5.232	0	1	0	na	1788333099.597360	1788333099.756398	254722223	254722387
2026-09-02T07:11:08Z	8dc0b5fea25671d6745a556bffb740d3866e189c	352c096f011eb282f12e6d4c12281340fac96b635a2879cc065d7637a6592872	direct-git	control	2.55.0	2264a8042763edf2620cfe32d96b096e1f3d26aa	5.9.2	2.55.0	1000	150	untracked	1	5.663	5.663	0	1	0	na	1788333099.938485	1788333100.098478	254722954	254723179
2026-09-02T07:11:08Z	8dc0b5fea25671d6745a556bffb740d3866e189c	352c096f011eb282f12e6d4c12281340fac96b635a2879cc065d7637a6592872	direct-git	control	2.55.0	2264a8042763edf2620cfe32d96b096e1f3d26aa	5.9.2	2.55.0	1000	150	untracked	2	5.735	5.735	0	1	0	na	1788333100.260443	1788333100.420402	254723351	254723555
2026-09-02T07:11:08Z	8dc0b5fea25671d6745a556bffb740d3866e189c	352c096f011eb282f12e6d4c12281340fac96b635a2879cc065d7637a6592872	direct-git	control	2.55.0	2264a8042763edf2620cfe32d96b096e1f3d26aa	5.9.2	2.55.0	1000	150	untracked	3	5.165	5.165	0	1	0	na	1788333100.581838	1788333100.741338	254723783	254723916
2026-09-02T07:11:08Z	8dc0b5fea25671d6745a556bffb740d3866e189c	352c096f011eb282f12e6d4c12281340fac96b635a2879cc065d7637a6592872	direct-git	control	2.55.0	2264a8042763edf2620cfe32d96b096e1f3d26aa	5.9.2	2.55.0	1000	150	untracked	4	5.754	5.754	0	1	0	na	1788333100.902788	1788333101.062950	254724764	254724943
2026-09-02T07:11:08Z	8dc0b5fea25671d6745a556bffb740d3866e189c	352c096f011eb282f12e6d4c12281340fac96b635a2879cc065d7637a6592872	direct-git	control	2.55.0	2264a8042763edf2620cfe32d96b096e1f3d26aa	5.9.2	2.55.0	1000	150	untracked	5	5.218	5.218	0	1	0	na	1788333101.224544	1788333101.383597	254725117	254725289
2026-09-02T07:11:08Z	8dc0b5fea25671d6745a556bffb740d3866e189c	352c096f011eb282f12e6d4c12281340fac96b635a2879cc065d7637a6592872	direct-git	control	2.55.0	2264a8042763edf2620cfe32d96b096e1f3d26aa	5.9.2	2.55.0	1000	150	untracked	6	5.180	5.180	0	1	0	na	1788333101.544907	1788333101.704467	254725584	254725741
2026-09-02T07:11:08Z	8dc0b5fea25671d6745a556bffb740d3866e189c	352c096f011eb282f12e6d4c12281340fac96b635a2879cc065d7637a6592872	direct-git	control	2.55.0	2264a8042763edf2620cfe32d96b096e1f3d26aa	5.9.2	2.55.0	1000	150	untracked	7	5.371	5.371	0	1	0	na	1788333101.865655	1788333102.025112	254725981	254726128
2026-09-02T07:11:08Z	8dc0b5fea25671d6745a556bffb740d3866e189c	352c096f011eb282f12e6d4c12281340fac96b635a2879cc065d7637a6592872	direct-git	control	2.55.0	2264a8042763edf2620cfe32d96b096e1f3d26aa	5.9.2	2.55.0	1000	150	untracked	8	5.623	5.623	0	1	0	na	1788333102.186435	1788333102.346548	254726334	254726507
2026-09-02T07:11:08Z	8dc0b5fea25671d6745a556bffb740d3866e189c	352c096f011eb282f12e6d4c12281340fac96b635a2879cc065d7637a6592872	direct-git	control	2.55.0	2264a8042763edf2620cfe32d96b096e1f3d26aa	5.9.2	2.55.0	1000	150	untracked	9	5.695	5.695	0	1	0	na	1788333102.508433	1788333102.668191	254726722	254726929
2026-09-02T07:11:08Z	8dc0b5fea25671d6745a556bffb740d3866e189c	352c096f011eb282f12e6d4c12281340fac96b635a2879cc065d7637a6592872	direct-git	control	2.55.0	2264a8042763edf2620cfe32d96b096e1f3d26aa	5.9.2	2.55.0	1000	150	untracked	10	5.569	5.569	0	1	0	na	1788333102.829662	1788333102.989727	254727229	254727499
2026-09-02T07:11:08Z	8dc0b5fea25671d6745a556bffb740d3866e189c	352c096f011eb282f12e6d4c12281340fac96b635a2879cc065d7637a6592872	direct-git	control	2.55.0	2264a8042763edf2620cfe32d96b096e1f3d26aa	5.9.2	2.55.0	1000	150	untracked	11	5.718	5.718	0	1	0	na	1788333103.151723	1788333103.311723	254727735	254728118
2026-09-02T07:11:08Z	8dc0b5fea25671d6745a556bffb740d3866e189c	352c096f011eb282f12e6d4c12281340fac96b635a2879cc065d7637a6592872	direct-git	control	2.55.0	2264a8042763edf2620cfe32d96b096e1f3d26aa	5.9.2	2.55.0	1000	150	untracked	12	5.155	5.155	0	1	0	na	1788333103.472785	1788333103.632300	254728299	254728489
2026-09-02T07:11:08Z	8dc0b5fea25671d6745a556bffb740d3866e189c	352c096f011eb282f12e6d4c12281340fac96b635a2879cc065d7637a6592872	direct-git	control	2.55.0	2264a8042763edf2620cfe32d96b096e1f3d26aa	5.9.2	2.55.0	1000	150	untracked	13	5.581	5.581	0	1	0	na	1788333103.794760	1788333103.954943	254728792	254729117
2026-09-02T07:11:08Z	8dc0b5fea25671d6745a556bffb740d3866e189c	352c096f011eb282f12e6d4c12281340fac96b635a2879cc065d7637a6592872	direct-git	control	2.55.0	2264a8042763edf2620cfe32d96b096e1f3d26aa	5.9.2	2.55.0	1000	150	untracked	14	5.692	5.692	0	1	0	na	1788333104.116755	1788333104.276977	254729270	254729457
2026-09-02T07:11:08Z	8dc0b5fea25671d6745a556bffb740d3866e189c	352c096f011eb282f12e6d4c12281340fac96b635a2879cc065d7637a6592872	direct-git	control	2.55.0	2264a8042763edf2620cfe32d96b096e1f3d26aa	5.9.2	2.55.0	1000	150	untracked	15	5.675	5.675	0	1	0	na	1788333104.439013	1788333104.599313	254729648	254729842
2026-09-02T07:11:08Z	8dc0b5fea25671d6745a556bffb740d3866e189c	352c096f011eb282f12e6d4c12281340fac96b635a2879cc065d7637a6592872	direct-git	control	2.55.0	2264a8042763edf2620cfe32d96b096e1f3d26aa	5.9.2	2.55.0	1000	150	untracked	16	6.035	6.035	0	1	0	na	1788333104.761096	1788333104.921753	254730068	254730232
2026-09-02T07:11:08Z	8dc0b5fea25671d6745a556bffb740d3866e189c	352c096f011eb282f12e6d4c12281340fac96b635a2879cc065d7637a6592872	direct-git	control	2.55.0	2264a8042763edf2620cfe32d96b096e1f3d26aa	5.9.2	2.55.0	1000	150	untracked	17	5.233	5.233	0	1	0	na	1788333105.083572	1788333105.243112	254730431	254730610
2026-09-02T07:11:08Z	8dc0b5fea25671d6745a556bffb740d3866e189c	352c096f011eb282f12e6d4c12281340fac96b635a2879cc065d7637a6592872	direct-git	control	2.55.0	2264a8042763edf2620cfe32d96b096e1f3d26aa	5.9.2	2.55.0	1000	150	untracked	18	5.188	5.188	0	1	0	na	1788333105.404718	1788333105.564249	254730802	254730983
2026-09-02T07:11:08Z	8dc0b5fea25671d6745a556bffb740d3866e189c	352c096f011eb282f12e6d4c12281340fac96b635a2879cc065d7637a6592872	direct-git	control	2.55.0	2264a8042763edf2620cfe32d96b096e1f3d26aa	5.9.2	2.55.0	1000	150	untracked	19	5.754	5.754	0	1	0	na	1788333105.726511	1788333105.886718	254731174	254731403
2026-09-02T07:11:08Z	8dc0b5fea25671d6745a556bffb740d3866e189c	352c096f011eb282f12e6d4c12281340fac96b635a2879cc065d7637a6592872	direct-git	control	2.55.0	2264a8042763edf2620cfe32d96b096e1f3d26aa	5.9.2	2.55.0	1000	150	untracked	20	5.637	5.637	0	1	0	na	1788333106.048839	1788333106.209292	254731600	254731776
2026-09-02T07:11:08Z	8dc0b5fea25671d6745a556bffb740d3866e189c	352c096f011eb282f12e6d4c12281340fac96b635a2879cc065d7637a6592872	wsh-idle	control	57bc72c1c92472ccfb05e677071bf95d82fff4df3044f34a92a629596b62cd1b	2264a8042763edf2620cfe32d96b096e1f3d26aa	5.9.2	2.55.0	1000	150	clean	1	0.439	0.439	0	0	0	na	1788333106.566095	1788333106.720521	254732157	254732311
2026-09-02T07:11:08Z	8dc0b5fea25671d6745a556bffb740d3866e189c	352c096f011eb282f12e6d4c12281340fac96b635a2879cc065d7637a6592872	wsh-idle	control	57bc72c1c92472ccfb05e677071bf95d82fff4df3044f34a92a629596b62cd1b	2264a8042763edf2620cfe32d96b096e1f3d26aa	5.9.2	2.55.0	1000	150	clean	2	0.523	0.523	0	0	0	na	1788333106.875656	1788333107.030416	254732469	254732630
2026-09-02T07:11:08Z	8dc0b5fea25671d6745a556bffb740d3866e189c	352c096f011eb282f12e6d4c12281340fac96b635a2879cc065d7637a6592872	wsh-idle	control	57bc72c1c92472ccfb05e677071bf95d82fff4df3044f34a92a629596b62cd1b	2264a8042763edf2620cfe32d96b096e1f3d26aa	5.9.2	2.55.0	1000	150	clean	3	0.429	0.429	0	0	0	na	1788333107.185861	1788333107.340494	254732921	254733094
2026-09-02T07:11:08Z	8dc0b5fea25671d6745a556bffb740d3866e189c	352c096f011eb282f12e6d4c12281340fac96b635a2879cc065d7637a6592872	wsh-idle	control	57bc72c1c92472ccfb05e677071bf95d82fff4df3044f34a92a629596b62cd1b	2264a8042763edf2620cfe32d96b096e1f3d26aa	5.9.2	2.55.0	1000	150	clean	4	0.439	0.439	0	0	0	na	1788333107.495738	1788333107.650137	254733292	254733491
2026-09-02T07:11:08Z	8dc0b5fea25671d6745a556bffb740d3866e189c	352c096f011eb282f12e6d4c12281340fac96b635a2879cc065d7637a6592872	wsh-idle	control	57bc72c1c92472ccfb05e677071bf95d82fff4df3044f34a92a629596b62cd1b	2264a8042763edf2620cfe32d96b096e1f3d26aa	5.9.2	2.55.0	1000	150	clean	5	0.426	0.426	0	0	0	na	1788333107.805645	1788333107.960233	254733740	254733919
2026-09-02T07:11:08Z	8dc0b5fea25671d6745a556bffb740d3866e189c	352c096f011eb282f12e6d4c12281340fac96b635a2879cc065d7637a6592872	wsh-idle	control	57bc72c1c92472ccfb05e677071bf95d82fff4df3044f34a92a629596b62cd1b	2264a8042763edf2620cfe32d96b096e1f3d26aa	5.9.2	2.55.0	1000	150	clean	6	0.472	0.472	0	0	0	na	1788333108.115604	1788333108.270061	254734149	254734283
2026-09-02T07:11:08Z	8dc0b5fea25671d6745a556bffb740d3866e189c	352c096f011eb282f12e6d4c12281340fac96b635a2879cc065d7637a6592872	wsh-idle	control	57bc72c1c92472ccfb05e677071bf95d82fff4df3044f34a92a629596b62cd1b	2264a8042763edf2620cfe32d96b096e1f3d26aa	5.9.2	2.55.0	1000	150	clean	7	0.430	0.430	0	0	0	na	1788333108.425339	1788333108.579688	254734424	254734581
2026-09-02T07:11:08Z	8dc0b5fea25671d6745a556bffb740d3866e189c	352c096f011eb282f12e6d4c12281340fac96b635a2879cc065d7637a6592872	wsh-idle	control	57bc72c1c92472ccfb05e677071bf95d82fff4df3044f34a92a629596b62cd1b	2264a8042763edf2620cfe32d96b096e1f3d26aa	5.9.2	2.55.0	1000	150	clean	8	0.418	0.418	0	0	0	na	1788333108.735252	1788333108.890106	254734805	254734998
2026-09-02T07:11:08Z	8dc0b5fea25671d6745a556bffb740d3866e189c	352c096f011eb282f12e6d4c12281340fac96b635a2879cc065d7637a6592872	wsh-idle	control	57bc72c1c92472ccfb05e677071bf95d82fff4df3044f34a92a629596b62cd1b	2264a8042763edf2620cfe32d96b096e1f3d26aa	5.9.2	2.55.0	1000	150	clean	9	0.434	0.434	0	0	0	na	1788333109.045614	1788333109.200501	254735185	254735639
2026-09-02T07:11:08Z	8dc0b5fea25671d6745a556bffb740d3866e189c	352c096f011eb282f12e6d4c12281340fac96b635a2879cc065d7637a6592872	wsh-idle	control	57bc72c1c92472ccfb05e677071bf95d82fff4df3044f34a92a629596b62cd1b	2264a8042763edf2620cfe32d96b096e1f3d26aa	5.9.2	2.55.0	1000	150	clean	10	0.426	0.426	0	0	0	na	1788333109.355917	1788333109.510514	254735851	254736060
2026-09-02T07:11:08Z	8dc0b5fea25671d6745a556bffb740d3866e189c	352c096f011eb282f12e6d4c12281340fac96b635a2879cc065d7637a6592872	wsh-idle	control	57bc72c1c92472ccfb05e677071bf95d82fff4df3044f34a92a629596b62cd1b	2264a8042763edf2620cfe32d96b096e1f3d26aa	5.9.2	2.55.0	1000	150	clean	11	0.470	0.470	0	0	0	na	1788333109.665861	1788333109.820543	254736303	254736538
2026-09-02T07:11:08Z	8dc0b5fea25671d6745a556bffb740d3866e189c	352c096f011eb282f12e6d4c12281340fac96b635a2879cc065d7637a6592872	wsh-idle	control	57bc72c1c92472ccfb05e677071bf95d82fff4df3044f34a92a629596b62cd1b	2264a8042763edf2620cfe32d96b096e1f3d26aa	5.9.2	2.55.0	1000	150	clean	12	0.427	0.427	0	0	0	na	1788333109.976042	1788333110.130642	254736722	254736910
2026-09-02T07:11:08Z	8dc0b5fea25671d6745a556bffb740d3866e189c	352c096f011eb282f12e6d4c12281340fac96b635a2879cc065d7637a6592872	wsh-idle	control	57bc72c1c92472ccfb05e677071bf95d82fff4df3044f34a92a629596b62cd1b	2264a8042763edf2620cfe32d96b096e1f3d26aa	5.9.2	2.55.0	1000	150	clean	13	0.468	0.468	0	0	0	na	1788333110.285844	1788333110.440316	254737154	254737306
2026-09-02T07:11:08Z	8dc0b5fea25671d6745a556bffb740d3866e189c	352c096f011eb282f12e6d4c12281340fac96b635a2879cc065d7637a6592872	wsh-idle	control	57bc72c1c92472ccfb05e677071bf95d82fff4df3044f34a92a629596b62cd1b	2264a8042763edf2620cfe32d96b096e1f3d26aa	5.9.2	2.55.0	1000	150	clean	14	0.501	0.501	0	0	0	na	1788333110.595724	1788333110.750496	254737435	254737594
2026-09-02T07:11:08Z	8dc0b5fea25671d6745a556bffb740d3866e189c	352c096f011eb282f12e6d4c12281340fac96b635a2879cc065d7637a6592872	wsh-idle	control	57bc72c1c92472ccfb05e677071bf95d82fff4df3044f34a92a629596b62cd1b	2264a8042763edf2620cfe32d96b096e1f3d26aa	5.9.2	2.55.0	1000	150	clean	15	0.522	0.522	0	0	0	na	1788333110.905954	1788333111.060720	254737969	254738108
2026-09-02T07:11:08Z	8dc0b5fea25671d6745a556bffb740d3866e189c	352c096f011eb282f12e6d4c12281340fac96b635a2879cc065d7637a6592872	wsh-idle	control	57bc72c1c92472ccfb05e677071bf95d82fff4df3044f34a92a629596b62cd1b	2264a8042763edf2620cfe32d96b096e1f3d26aa	5.9.2	2.55.0	1000	150	clean	16	0.461	0.461	0	0	0	na	1788333111.216069	1788333111.370755	254738242	254738390
2026-09-02T07:11:08Z	8dc0b5fea25671d6745a556bffb740d3866e189c	352c096f011eb282f12e6d4c12281340fac96b635a2879cc065d7637a6592872	wsh-idle	control	57bc72c1c92472ccfb05e677071bf95d82fff4df3044f34a92a629596b62cd1b	2264a8042763edf2620cfe32d96b096e1f3d26aa	5.9.2	2.55.0	1000	150	clean	17	0.441	0.441	0	0	0	na	1788333111.526239	1788333111.680861	254738538	254738726
2026-09-02T07:11:08Z	8dc0b5fea25671d6745a556bffb740d3866e189c	352c096f011eb282f12e6d4c12281340fac96b635a2879cc065d7637a6592872	wsh-idle	control	57bc72c1c92472ccfb05e677071bf95d82fff4df3044f34a92a629596b62cd1b	2264a8042763edf2620cfe32d96b096e1f3d26aa	5.9.2	2.55.0	1000	150	clean	18	0.493	0.493	0	0	0	na	1788333111.836064	1788333111.990573	254739177	254739360
2026-09-02T07:11:08Z	8dc0b5fea25671d6745a556bffb740d3866e189c	352c096f011eb282f12e6d4c12281340fac96b635a2879cc065d7637a6592872	wsh-idle	control	57bc72c1c92472ccfb05e677071bf95d82fff4df3044f34a92a629596b62cd1b	2264a8042763edf2620cfe32d96b096e1f3d26aa	5.9.2	2.55.0	1000	150	clean	19	0.477	0.477	0	0	0	na	1788333112.145848	1788333112.300746	254739512	254739689
2026-09-02T07:11:08Z	8dc0b5fea25671d6745a556bffb740d3866e189c	352c096f011eb282f12e6d4c12281340fac96b635a2879cc065d7637a6592872	wsh-idle	control	57bc72c1c92472ccfb05e677071bf95d82fff4df3044f34a92a629596b62cd1b	2264a8042763edf2620cfe32d96b096e1f3d26aa	5.9.2	2.55.0	1000	150	clean	20	0.455	0.455	0	0	0	na	1788333112.456177	1788333112.610885	254739848	254740052
2026-09-02T07:11:08Z	8dc0b5fea25671d6745a556bffb740d3866e189c	352c096f011eb282f12e6d4c12281340fac96b635a2879cc065d7637a6592872	wsh-idle	control	57bc72c1c92472ccfb05e677071bf95d82fff4df3044f34a92a629596b62cd1b	2264a8042763edf2620cfe32d96b096e1f3d26aa	5.9.2	2.55.0	1000	150	dirty	1	0.417	0.417	0	0	0	na	1788333112.786074	1788333112.940735	254740310	254740516
2026-09-02T07:11:08Z	8dc0b5fea25671d6745a556bffb740d3866e189c	352c096f011eb282f12e6d4c12281340fac96b635a2879cc065d7637a6592872	wsh-idle	control	57bc72c1c92472ccfb05e677071bf95d82fff4df3044f34a92a629596b62cd1b	2264a8042763edf2620cfe32d96b096e1f3d26aa	5.9.2	2.55.0	1000	150	dirty	2	0.415	0.415	0	0	0	na	1788333113.096044	1788333113.250666	254740658	254741066
2026-09-02T07:11:08Z	8dc0b5fea25671d6745a556bffb740d3866e189c	352c096f011eb282f12e6d4c12281340fac96b635a2879cc065d7637a6592872	wsh-idle	control	57bc72c1c92472ccfb05e677071bf95d82fff4df3044f34a92a629596b62cd1b	2264a8042763edf2620cfe32d96b096e1f3d26aa	5.9.2	2.55.0	1000	150	dirty	3	0.406	0.406	0	0	0	na	1788333113.405783	1788333113.560215	254741254	254741405
2026-09-02T07:11:08Z	8dc0b5fea25671d6745a556bffb740d3866e189c	352c096f011eb282f12e6d4c12281340fac96b635a2879cc065d7637a6592872	wsh-idle	control	57bc72c1c92472ccfb05e677071bf95d82fff4df3044f34a92a629596b62cd1b	2264a8042763edf2620cfe32d96b096e1f3d26aa	5.9.2	2.55.0	1000	150	dirty	4	0.423	0.423	0	0	0	na	1788333113.715231	1788333113.869618	254741540	254741724
2026-09-02T07:11:08Z	8dc0b5fea25671d6745a556bffb740d3866e189c	352c096f011eb282f12e6d4c12281340fac96b635a2879cc065d7637a6592872	wsh-idle	control	57bc72c1c92472ccfb05e677071bf95d82fff4df3044f34a92a629596b62cd1b	2264a8042763edf2620cfe32d96b096e1f3d26aa	5.9.2	2.55.0	1000	150	dirty	5	0.457	0.457	0	0	0	na	1788333114.024926	1788333114.179614	254741866	254742005
2026-09-02T07:11:08Z	8dc0b5fea25671d6745a556bffb740d3866e189c	352c096f011eb282f12e6d4c12281340fac96b635a2879cc065d7637a6592872	wsh-idle	control	57bc72c1c92472ccfb05e677071bf95d82fff4df3044f34a92a629596b62cd1b	2264a8042763edf2620cfe32d96b096e1f3d26aa	5.9.2	2.55.0	1000	150	dirty	6	0.421	0.421	0	0	0	na	1788333114.334637	1788333114.489238	254742220	254742399
2026-09-02T07:11:08Z	8dc0b5fea25671d6745a556bffb740d3866e189c	352c096f011eb282f12e6d4c12281340fac96b635a2879cc065d7637a6592872	wsh-idle	control	57bc72c1c92472ccfb05e677071bf95d82fff4df3044f34a92a629596b62cd1b	2264a8042763edf2620cfe32d96b096e1f3d26aa	5.9.2	2.55.0	1000	150	dirty	7	0.526	0.526	0	0	0	na	1788333114.644538	1788333114.799332	254742589	254742729
2026-09-02T07:11:08Z	8dc0b5fea25671d6745a556bffb740d3866e189c	352c096f011eb282f12e6d4c12281340fac96b635a2879cc065d7637a6592872	wsh-idle	control	57bc72c1c92472ccfb05e677071bf95d82fff4df3044f34a92a629596b62cd1b	2264a8042763edf2620cfe32d96b096e1f3d26aa	5.9.2	2.55.0	1000	150	dirty	8	0.496	0.496	0	0	0	na	1788333114.954717	1788333115.109376	254742941	254743095
2026-09-02T07:11:08Z	8dc0b5fea25671d6745a556bffb740d3866e189c	352c096f011eb282f12e6d4c12281340fac96b635a2879cc065d7637a6592872	wsh-idle	control	57bc72c1c92472ccfb05e677071bf95d82fff4df3044f34a92a629596b62cd1b	2264a8042763edf2620cfe32d96b096e1f3d26aa	5.9.2	2.55.0	1000	150	dirty	9	0.480	0.480	0	0	0	na	1788333115.265001	1788333115.419787	254743272	254743409
2026-09-02T07:11:08Z	8dc0b5fea25671d6745a556bffb740d3866e189c	352c096f011eb282f12e6d4c12281340fac96b635a2879cc065d7637a6592872	wsh-idle	control	57bc72c1c92472ccfb05e677071bf95d82fff4df3044f34a92a629596b62cd1b	2264a8042763edf2620cfe32d96b096e1f3d26aa	5.9.2	2.55.0	1000	150	dirty	10	0.406	0.406	0	0	0	na	1788333115.575071	1788333115.729766	254743586	254743802
2026-09-02T07:11:08Z	8dc0b5fea25671d6745a556bffb740d3866e189c	352c096f011eb282f12e6d4c12281340fac96b635a2879cc065d7637a6592872	wsh-idle	control	57bc72c1c92472ccfb05e677071bf95d82fff4df3044f34a92a629596b62cd1b	2264a8042763edf2620cfe32d96b096e1f3d26aa	5.9.2	2.55.0	1000	150	dirty	11	0.486	0.486	0	0	0	na	1788333115.885671	1788333116.040770	254743992	254744129
2026-09-02T07:11:08Z	8dc0b5fea25671d6745a556bffb740d3866e189c	352c096f011eb282f12e6d4c12281340fac96b635a2879cc065d7637a6592872	wsh-idle	control	57bc72c1c92472ccfb05e677071bf95d82fff4df3044f34a92a629596b62cd1b	2264a8042763edf2620cfe32d96b096e1f3d26aa	5.9.2	2.55.0	1000	150	dirty	12	0.532	0.532	0	0	0	na	1788333116.196756	1788333116.351649	254744288	254744460
2026-09-02T07:11:08Z	8dc0b5fea25671d6745a556bffb740d3866e189c	352c096f011eb282f12e6d4c12281340fac96b635a2879cc065d7637a6592872	wsh-idle	control	57bc72c1c92472ccfb05e677071bf95d82fff4df3044f34a92a629596b62cd1b	2264a8042763edf2620cfe32d96b096e1f3d26aa	5.9.2	2.55.0	1000	150	dirty	13	0.442	0.442	0	0	0	na	1788333116.507234	1788333116.661736	254744648	254744807
2026-09-02T07:11:08Z	8dc0b5fea25671d6745a556bffb740d3866e189c	352c096f011eb282f12e6d4c12281340fac96b635a2879cc065d7637a6592872	wsh-idle	control	57bc72c1c92472ccfb05e677071bf95d82fff4df3044f34a92a629596b62cd1b	2264a8042763edf2620cfe32d96b096e1f3d26aa	5.9.2	2.55.0	1000	150	dirty	14	0.448	0.448	0	0	0	na	1788333116.817273	1788333116.972114	254745007	254745160
2026-09-02T07:11:08Z	8dc0b5fea25671d6745a556bffb740d3866e189c	352c096f011eb282f12e6d4c12281340fac96b635a2879cc065d7637a6592872	wsh-idle	control	57bc72c1c92472ccfb05e677071bf95d82fff4df3044f34a92a629596b62cd1b	2264a8042763edf2620cfe32d96b096e1f3d26aa	5.9.2	2.55.0	1000	150	dirty	15	0.441	0.441	0	0	0	na	1788333117.127342	1788333117.282160	254745342	254745519
2026-09-02T07:11:08Z	8dc0b5fea25671d6745a556bffb740d3866e189c	352c096f011eb282f12e6d4c12281340fac96b635a2879cc065d7637a6592872	wsh-idle	control	57bc72c1c92472ccfb05e677071bf95d82fff4df3044f34a92a629596b62cd1b	2264a8042763edf2620cfe32d96b096e1f3d26aa	5.9.2	2.55.0	1000	150	dirty	16	0.424	0.424	0	0	0	na	1788333117.438149	1788333117.592978	254745688	254745869
2026-09-02T07:11:08Z	8dc0b5fea25671d6745a556bffb740d3866e189c	352c096f011eb282f12e6d4c12281340fac96b635a2879cc065d7637a6592872	wsh-idle	control	57bc72c1c92472ccfb05e677071bf95d82fff4df3044f34a92a629596b62cd1b	2264a8042763edf2620cfe32d96b096e1f3d26aa	5.9.2	2.55.0	1000	150	dirty	17	0.407	0.407	0	0	0	na	1788333117.748434	1788333117.903238	254746043	254746448
2026-09-02T07:11:08Z	8dc0b5fea25671d6745a556bffb740d3866e189c	352c096f011eb282f12e6d4c12281340fac96b635a2879cc065d7637a6592872	wsh-idle	control	57bc72c1c92472ccfb05e677071bf95d82fff4df3044f34a92a629596b62cd1b	2264a8042763edf2620cfe32d96b096e1f3d26aa	5.9.2	2.55.0	1000	150	dirty	18	0.412	0.412	0	0	0	na	1788333118.058606	1788333118.213357	254746626	254746807
2026-09-02T07:11:08Z	8dc0b5fea25671d6745a556bffb740d3866e189c	352c096f011eb282f12e6d4c12281340fac96b635a2879cc065d7637a6592872	wsh-idle	control	57bc72c1c92472ccfb05e677071bf95d82fff4df3044f34a92a629596b62cd1b	2264a8042763edf2620cfe32d96b096e1f3d26aa	5.9.2	2.55.0	1000	150	dirty	19	0.444	0.444	0	0	0	na	1788333118.369510	1788333118.524134	254748370	254748542
2026-09-02T07:11:08Z	8dc0b5fea25671d6745a556bffb740d3866e189c	352c096f011eb282f12e6d4c12281340fac96b635a2879cc065d7637a6592872	wsh-idle	control	57bc72c1c92472ccfb05e677071bf95d82fff4df3044f34a92a629596b62cd1b	2264a8042763edf2620cfe32d96b096e1f3d26aa	5.9.2	2.55.0	1000	150	dirty	20	0.468	0.468	0	0	0	na	1788333118.679657	1788333118.834170	254748701	254748884
2026-09-02T07:11:08Z	8dc0b5fea25671d6745a556bffb740d3866e189c	352c096f011eb282f12e6d4c12281340fac96b635a2879cc065d7637a6592872	wsh-idle	control	57bc72c1c92472ccfb05e677071bf95d82fff4df3044f34a92a629596b62cd1b	2264a8042763edf2620cfe32d96b096e1f3d26aa	5.9.2	2.55.0	1000	150	untracked	1	0.481	0.481	0	0	0	na	1788333119.012303	1788333119.166907	254749045	254749206
2026-09-02T07:11:08Z	8dc0b5fea25671d6745a556bffb740d3866e189c	352c096f011eb282f12e6d4c12281340fac96b635a2879cc065d7637a6592872	wsh-idle	control	57bc72c1c92472ccfb05e677071bf95d82fff4df3044f34a92a629596b62cd1b	2264a8042763edf2620cfe32d96b096e1f3d26aa	5.9.2	2.55.0	1000	150	untracked	2	0.416	0.416	0	0	0	na	1788333119.323327	1788333119.477914	254749361	254749609
2026-09-02T07:11:08Z	8dc0b5fea25671d6745a556bffb740d3866e189c	352c096f011eb282f12e6d4c12281340fac96b635a2879cc065d7637a6592872	wsh-idle	control	57bc72c1c92472ccfb05e677071bf95d82fff4df3044f34a92a629596b62cd1b	2264a8042763edf2620cfe32d96b096e1f3d26aa	5.9.2	2.55.0	1000	150	untracked	3	0.476	0.476	0	0	0	na	1788333119.634682	1788333119.789497	254749760	254749949
2026-09-02T07:11:08Z	8dc0b5fea25671d6745a556bffb740d3866e189c	352c096f011eb282f12e6d4c12281340fac96b635a2879cc065d7637a6592872	wsh-idle	control	57bc72c1c92472ccfb05e677071bf95d82fff4df3044f34a92a629596b62cd1b	2264a8042763edf2620cfe32d96b096e1f3d26aa	5.9.2	2.55.0	1000	150	untracked	4	0.436	0.436	0	0	0	na	1788333119.946407	1788333120.101007	254750158	254750346
2026-09-02T07:11:08Z	8dc0b5fea25671d6745a556bffb740d3866e189c	352c096f011eb282f12e6d4c12281340fac96b635a2879cc065d7637a6592872	wsh-idle	control	57bc72c1c92472ccfb05e677071bf95d82fff4df3044f34a92a629596b62cd1b	2264a8042763edf2620cfe32d96b096e1f3d26aa	5.9.2	2.55.0	1000	150	untracked	5	0.499	0.499	0	0	0	na	1788333120.257847	1788333120.412583	254750589	254750809
2026-09-02T07:11:08Z	8dc0b5fea25671d6745a556bffb740d3866e189c	352c096f011eb282f12e6d4c12281340fac96b635a2879cc065d7637a6592872	wsh-idle	control	57bc72c1c92472ccfb05e677071bf95d82fff4df3044f34a92a629596b62cd1b	2264a8042763edf2620cfe32d96b096e1f3d26aa	5.9.2	2.55.0	1000	150	untracked	6	0.418	0.418	0	0	0	na	1788333120.569062	1788333120.723689	254751054	254751425
2026-09-02T07:11:08Z	8dc0b5fea25671d6745a556bffb740d3866e189c	352c096f011eb282f12e6d4c12281340fac96b635a2879cc065d7637a6592872	wsh-idle	control	57bc72c1c92472ccfb05e677071bf95d82fff4df3044f34a92a629596b62cd1b	2264a8042763edf2620cfe32d96b096e1f3d26aa	5.9.2	2.55.0	1000	150	untracked	7	0.426	0.426	0	0	0	na	1788333120.880527	1788333121.035199	254751644	254751800
2026-09-02T07:11:08Z	8dc0b5fea25671d6745a556bffb740d3866e189c	352c096f011eb282f12e6d4c12281340fac96b635a2879cc065d7637a6592872	wsh-idle	control	57bc72c1c92472ccfb05e677071bf95d82fff4df3044f34a92a629596b62cd1b	2264a8042763edf2620cfe32d96b096e1f3d26aa	5.9.2	2.55.0	1000	150	untracked	8	0.429	0.429	0	0	0	na	1788333121.192415	1788333121.347046	254751989	254752163
2026-09-02T07:11:08Z	8dc0b5fea25671d6745a556bffb740d3866e189c	352c096f011eb282f12e6d4c12281340fac96b635a2879cc065d7637a6592872	wsh-idle	control	57bc72c1c92472ccfb05e677071bf95d82fff4df3044f34a92a629596b62cd1b	2264a8042763edf2620cfe32d96b096e1f3d26aa	5.9.2	2.55.0	1000	150	untracked	9	0.432	0.432	0	0	0	na	1788333121.503653	1788333121.657954	254752293	254752429
2026-09-02T07:11:08Z	8dc0b5fea25671d6745a556bffb740d3866e189c	352c096f011eb282f12e6d4c12281340fac96b635a2879cc065d7637a6592872	wsh-idle	control	57bc72c1c92472ccfb05e677071bf95d82fff4df3044f34a92a629596b62cd1b	2264a8042763edf2620cfe32d96b096e1f3d26aa	5.9.2	2.55.0	1000	150	untracked	10	0.477	0.477	0	0	0	na	1788333121.814695	1788333121.969455	254752671	254752938
2026-09-02T07:11:08Z	8dc0b5fea25671d6745a556bffb740d3866e189c	352c096f011eb282f12e6d4c12281340fac96b635a2879cc065d7637a6592872	wsh-idle	control	57bc72c1c92472ccfb05e677071bf95d82fff4df3044f34a92a629596b62cd1b	2264a8042763edf2620cfe32d96b096e1f3d26aa	5.9.2	2.55.0	1000	150	untracked	11	0.430	0.430	0	0	0	na	1788333122.126337	1788333122.280856	254753124	254753288
2026-09-02T07:11:08Z	8dc0b5fea25671d6745a556bffb740d3866e189c	352c096f011eb282f12e6d4c12281340fac96b635a2879cc065d7637a6592872	wsh-idle	control	57bc72c1c92472ccfb05e677071bf95d82fff4df3044f34a92a629596b62cd1b	2264a8042763edf2620cfe32d96b096e1f3d26aa	5.9.2	2.55.0	1000	150	untracked	12	0.428	0.428	0	0	0	na	1788333122.437723	1788333122.592296	254753418	254753556
2026-09-02T07:11:08Z	8dc0b5fea25671d6745a556bffb740d3866e189c	352c096f011eb282f12e6d4c12281340fac96b635a2879cc065d7637a6592872	wsh-idle	control	57bc72c1c92472ccfb05e677071bf95d82fff4df3044f34a92a629596b62cd1b	2264a8042763edf2620cfe32d96b096e1f3d26aa	5.9.2	2.55.0	1000	150	untracked	13	0.466	0.466	0	0	0	na	1788333122.749275	1788333122.903933	254753694	254754058
2026-09-02T07:11:08Z	8dc0b5fea25671d6745a556bffb740d3866e189c	352c096f011eb282f12e6d4c12281340fac96b635a2879cc065d7637a6592872	wsh-idle	control	57bc72c1c92472ccfb05e677071bf95d82fff4df3044f34a92a629596b62cd1b	2264a8042763edf2620cfe32d96b096e1f3d26aa	5.9.2	2.55.0	1000	150	untracked	14	0.468	0.468	0	0	0	na	1788333123.060858	1788333123.215600	254754224	254754516
2026-09-02T07:11:08Z	8dc0b5fea25671d6745a556bffb740d3866e189c	352c096f011eb282f12e6d4c12281340fac96b635a2879cc065d7637a6592872	wsh-idle	control	57bc72c1c92472ccfb05e677071bf95d82fff4df3044f34a92a629596b62cd1b	2264a8042763edf2620cfe32d96b096e1f3d26aa	5.9.2	2.55.0	1000	150	untracked	15	0.422	0.422	0	0	0	na	1788333123.372464	1788333123.526863	254754708	254754868
2026-09-02T07:11:08Z	8dc0b5fea25671d6745a556bffb740d3866e189c	352c096f011eb282f12e6d4c12281340fac96b635a2879cc065d7637a6592872	wsh-idle	control	57bc72c1c92472ccfb05e677071bf95d82fff4df3044f34a92a629596b62cd1b	2264a8042763edf2620cfe32d96b096e1f3d26aa	5.9.2	2.55.0	1000	150	untracked	16	0.418	0.418	0	0	0	na	1788333123.683383	1788333123.837871	254755030	254755245
2026-09-02T07:11:08Z	8dc0b5fea25671d6745a556bffb740d3866e189c	352c096f011eb282f12e6d4c12281340fac96b635a2879cc065d7637a6592872	wsh-idle	control	57bc72c1c92472ccfb05e677071bf95d82fff4df3044f34a92a629596b62cd1b	2264a8042763edf2620cfe32d96b096e1f3d26aa	5.9.2	2.55.0	1000	150	untracked	17	0.508	0.508	0	0	0	na	1788333123.994733	1788333124.149470	254755710	254755926
2026-09-02T07:11:08Z	8dc0b5fea25671d6745a556bffb740d3866e189c	352c096f011eb282f12e6d4c12281340fac96b635a2879cc065d7637a6592872	wsh-idle	control	57bc72c1c92472ccfb05e677071bf95d82fff4df3044f34a92a629596b62cd1b	2264a8042763edf2620cfe32d96b096e1f3d26aa	5.9.2	2.55.0	1000	150	untracked	18	0.454	0.454	0	0	0	na	1788333124.306616	1788333124.461138	254756109	254756295
2026-09-02T07:11:08Z	8dc0b5fea25671d6745a556bffb740d3866e189c	352c096f011eb282f12e6d4c12281340fac96b635a2879cc065d7637a6592872	wsh-idle	control	57bc72c1c92472ccfb05e677071bf95d82fff4df3044f34a92a629596b62cd1b	2264a8042763edf2620cfe32d96b096e1f3d26aa	5.9.2	2.55.0	1000	150	untracked	19	0.470	0.470	0	0	0	na	1788333124.618008	1788333124.772861	254756544	254756936
2026-09-02T07:11:08Z	8dc0b5fea25671d6745a556bffb740d3866e189c	352c096f011eb282f12e6d4c12281340fac96b635a2879cc065d7637a6592872	wsh-idle	control	57bc72c1c92472ccfb05e677071bf95d82fff4df3044f34a92a629596b62cd1b	2264a8042763edf2620cfe32d96b096e1f3d26aa	5.9.2	2.55.0	1000	150	untracked	20	0.444	0.444	0	0	0	na	1788333124.929751	1788333125.084095	254757166	254757313
2026-09-02T07:11:08Z	8dc0b5fea25671d6745a556bffb740d3866e189c	352c096f011eb282f12e6d4c12281340fac96b635a2879cc065d7637a6592872	wsh	local	57bc72c1c92472ccfb05e677071bf95d82fff4df3044f34a92a629596b62cd1b	2264a8042763edf2620cfe32d96b096e1f3d26aa	5.9.2	2.55.0	1000	150	clean	1	0.962	7.317	1	1	0	1	1788333125.457748	1788333125.619905	254757835	254758113
2026-09-02T07:11:08Z	8dc0b5fea25671d6745a556bffb740d3866e189c	352c096f011eb282f12e6d4c12281340fac96b635a2879cc065d7637a6592872	wsh	local	57bc72c1c92472ccfb05e677071bf95d82fff4df3044f34a92a629596b62cd1b	2264a8042763edf2620cfe32d96b096e1f3d26aa	5.9.2	2.55.0	1000	150	clean	2	1.206	7.147	1	1	0	1	1788333125.948864	1788333126.110336	254758648	254758848
2026-09-02T07:11:08Z	8dc0b5fea25671d6745a556bffb740d3866e189c	352c096f011eb282f12e6d4c12281340fac96b635a2879cc065d7637a6592872	wsh	local	57bc72c1c92472ccfb05e677071bf95d82fff4df3044f34a92a629596b62cd1b	2264a8042763edf2620cfe32d96b096e1f3d26aa	5.9.2	2.55.0	1000	150	clean	3	0.932	6.677	1	1	0	1	1788333126.438199	1788333126.599319	254759166	254759312
2026-09-02T07:11:08Z	8dc0b5fea25671d6745a556bffb740d3866e189c	352c096f011eb282f12e6d4c12281340fac96b635a2879cc065d7637a6592872	wsh	local	57bc72c1c92472ccfb05e677071bf95d82fff4df3044f34a92a629596b62cd1b	2264a8042763edf2620cfe32d96b096e1f3d26aa	5.9.2	2.55.0	1000	150	clean	4	0.937	6.645	1	1	0	1	1788333126.928849	1788333127.090394	254759708	254759892
2026-09-02T07:11:08Z	8dc0b5fea25671d6745a556bffb740d3866e189c	352c096f011eb282f12e6d4c12281340fac96b635a2879cc065d7637a6592872	wsh	local	57bc72c1c92472ccfb05e677071bf95d82fff4df3044f34a92a629596b62cd1b	2264a8042763edf2620cfe32d96b096e1f3d26aa	5.9.2	2.55.0	1000	150	clean	5	0.957	6.941	1	1	0	1	1788333127.419462	1788333127.581233	254760216	254760355
2026-09-02T07:11:08Z	8dc0b5fea25671d6745a556bffb740d3866e189c	352c096f011eb282f12e6d4c12281340fac96b635a2879cc065d7637a6592872	wsh	local	57bc72c1c92472ccfb05e677071bf95d82fff4df3044f34a92a629596b62cd1b	2264a8042763edf2620cfe32d96b096e1f3d26aa	5.9.2	2.55.0	1000	150	clean	6	0.974	7.169	1	1	0	1	1788333127.910693	1788333128.072268	254760846	254761112
2026-09-02T07:11:08Z	8dc0b5fea25671d6745a556bffb740d3866e189c	352c096f011eb282f12e6d4c12281340fac96b635a2879cc065d7637a6592872	wsh	local	57bc72c1c92472ccfb05e677071bf95d82fff4df3044f34a92a629596b62cd1b	2264a8042763edf2620cfe32d96b096e1f3d26aa	5.9.2	2.55.0	1000	150	clean	7	0.964	7.281	1	1	0	1	1788333128.402086	1788333128.563913	254761871	254762068
2026-09-02T07:11:08Z	8dc0b5fea25671d6745a556bffb740d3866e189c	352c096f011eb282f12e6d4c12281340fac96b635a2879cc065d7637a6592872	wsh	local	57bc72c1c92472ccfb05e677071bf95d82fff4df3044f34a92a629596b62cd1b	2264a8042763edf2620cfe32d96b096e1f3d26aa	5.9.2	2.55.0	1000	150	clean	8	1.035	6.938	1	1	0	1	1788333128.894085	1788333129.055937	254762647	254763008
2026-09-02T07:11:08Z	8dc0b5fea25671d6745a556bffb740d3866e189c	352c096f011eb282f12e6d4c12281340fac96b635a2879cc065d7637a6592872	wsh	local	57bc72c1c92472ccfb05e677071bf95d82fff4df3044f34a92a629596b62cd1b	2264a8042763edf2620cfe32d96b096e1f3d26aa	5.9.2	2.55.0	1000	150	clean	9	1.055	7.173	1	1	0	1	1788333129.386190	1788333129.548160	254763538	254763952
2026-09-02T07:11:08Z	8dc0b5fea25671d6745a556bffb740d3866e189c	352c096f011eb282f12e6d4c12281340fac96b635a2879cc065d7637a6592872	wsh	local	57bc72c1c92472ccfb05e677071bf95d82fff4df3044f34a92a629596b62cd1b	2264a8042763edf2620cfe32d96b096e1f3d26aa	5.9.2	2.55.0	1000	150	clean	10	1.208	7.169	1	1	0	1	1788333129.879491	1788333130.042231	254764818	254765087
2026-09-02T07:11:08Z	8dc0b5fea25671d6745a556bffb740d3866e189c	352c096f011eb282f12e6d4c12281340fac96b635a2879cc065d7637a6592872	wsh	local	57bc72c1c92472ccfb05e677071bf95d82fff4df3044f34a92a629596b62cd1b	2264a8042763edf2620cfe32d96b096e1f3d26aa	5.9.2	2.55.0	1000	150	clean	11	1.007	6.942	1	1	0	1	1788333130.375904	1788333130.537896	254765478	254765607
2026-09-02T07:11:08Z	8dc0b5fea25671d6745a556bffb740d3866e189c	352c096f011eb282f12e6d4c12281340fac96b635a2879cc065d7637a6592872	wsh	local	57bc72c1c92472ccfb05e677071bf95d82fff4df3044f34a92a629596b62cd1b	2264a8042763edf2620cfe32d96b096e1f3d26aa	5.9.2	2.55.0	1000	150	clean	12	0.988	7.170	1	1	0	1	1788333130.867631	1788333131.029960	254765764	254765829
2026-09-02T07:11:08Z	8dc0b5fea25671d6745a556bffb740d3866e189c	352c096f011eb282f12e6d4c12281340fac96b635a2879cc065d7637a6592872	wsh	local	57bc72c1c92472ccfb05e677071bf95d82fff4df3044f34a92a629596b62cd1b	2264a8042763edf2620cfe32d96b096e1f3d26aa	5.9.2	2.55.0	1000	150	clean	13	1.294	7.926	1	1	0	1	1788333131.364004	1788333131.528546	254766104	254766394
2026-09-02T07:11:08Z	8dc0b5fea25671d6745a556bffb740d3866e189c	352c096f011eb282f12e6d4c12281340fac96b635a2879cc065d7637a6592872	wsh	local	57bc72c1c92472ccfb05e677071bf95d82fff4df3044f34a92a629596b62cd1b	2264a8042763edf2620cfe32d96b096e1f3d26aa	5.9.2	2.55.0	1000	150	clean	14	1.093	7.035	1	1	0	1	1788333131.860736	1788333132.022725	254766706	254766860
2026-09-02T07:11:08Z	8dc0b5fea25671d6745a556bffb740d3866e189c	352c096f011eb282f12e6d4c12281340fac96b635a2879cc065d7637a6592872	wsh	local	57bc72c1c92472ccfb05e677071bf95d82fff4df3044f34a92a629596b62cd1b	2264a8042763edf2620cfe32d96b096e1f3d26aa	5.9.2	2.55.0	1000	150	clean	15	1.213	7.156	1	1	0	1	1788333132.354672	1788333132.519479	254767194	254767348
2026-09-02T07:11:08Z	8dc0b5fea25671d6745a556bffb740d3866e189c	352c096f011eb282f12e6d4c12281340fac96b635a2879cc065d7637a6592872	wsh	local	57bc72c1c92472ccfb05e677071bf95d82fff4df3044f34a92a629596b62cd1b	2264a8042763edf2620cfe32d96b096e1f3d26aa	5.9.2	2.55.0	1000	150	clean	16	0.966	7.464	1	1	0	1	1788333132.855317	1788333133.019341	254767982	254768107
2026-09-02T07:11:08Z	8dc0b5fea25671d6745a556bffb740d3866e189c	352c096f011eb282f12e6d4c12281340fac96b635a2879cc065d7637a6592872	wsh	local	57bc72c1c92472ccfb05e677071bf95d82fff4df3044f34a92a629596b62cd1b	2264a8042763edf2620cfe32d96b096e1f3d26aa	5.9.2	2.55.0	1000	150	clean	17	1.053	7.342	1	1	0	1	1788333133.352208	1788333133.514329	254768612	254768717
2026-09-02T07:11:08Z	8dc0b5fea25671d6745a556bffb740d3866e189c	352c096f011eb282f12e6d4c12281340fac96b635a2879cc065d7637a6592872	wsh	local	57bc72c1c92472ccfb05e677071bf95d82fff4df3044f34a92a629596b62cd1b	2264a8042763edf2620cfe32d96b096e1f3d26aa	5.9.2	2.55.0	1000	150	clean	18	0.924	7.174	1	1	0	1	1788333133.844723	1788333134.007241	254769262	254769667
2026-09-02T07:11:08Z	8dc0b5fea25671d6745a556bffb740d3866e189c	352c096f011eb282f12e6d4c12281340fac96b635a2879cc065d7637a6592872	wsh	local	57bc72c1c92472ccfb05e677071bf95d82fff4df3044f34a92a629596b62cd1b	2264a8042763edf2620cfe32d96b096e1f3d26aa	5.9.2	2.55.0	1000	150	clean	19	1.052	6.632	1	1	0	1	1788333134.339366	1788333134.501191	254770514	254770673
2026-09-02T07:11:08Z	8dc0b5fea25671d6745a556bffb740d3866e189c	352c096f011eb282f12e6d4c12281340fac96b635a2879cc065d7637a6592872	wsh	local	57bc72c1c92472ccfb05e677071bf95d82fff4df3044f34a92a629596b62cd1b	2264a8042763edf2620cfe32d96b096e1f3d26aa	5.9.2	2.55.0	1000	150	clean	20	1.029	6.654	1	1	0	1	1788333134.832501	1788333134.995984	254771309	254772329
2026-09-02T07:11:08Z	8dc0b5fea25671d6745a556bffb740d3866e189c	352c096f011eb282f12e6d4c12281340fac96b635a2879cc065d7637a6592872	wsh	local	57bc72c1c92472ccfb05e677071bf95d82fff4df3044f34a92a629596b62cd1b	2264a8042763edf2620cfe32d96b096e1f3d26aa	5.9.2	2.55.0	1000	150	dirty	1	1.147	7.597	1	1	0	1	1788333135.352336	1788333135.516237	254774047	254775268
2026-09-02T07:11:08Z	8dc0b5fea25671d6745a556bffb740d3866e189c	352c096f011eb282f12e6d4c12281340fac96b635a2879cc065d7637a6592872	wsh	local	57bc72c1c92472ccfb05e677071bf95d82fff4df3044f34a92a629596b62cd1b	2264a8042763edf2620cfe32d96b096e1f3d26aa	5.9.2	2.55.0	1000	150	dirty	2	1.031	7.390	1	1	0	1	1788333135.848019	1788333136.010547	254777207	254777658
2026-09-02T07:11:08Z	8dc0b5fea25671d6745a556bffb740d3866e189c	352c096f011eb282f12e6d4c12281340fac96b635a2879cc065d7637a6592872	wsh	local	57bc72c1c92472ccfb05e677071bf95d82fff4df3044f34a92a629596b62cd1b	2264a8042763edf2620cfe32d96b096e1f3d26aa	5.9.2	2.55.0	1000	150	dirty	3	0.897	6.848	1	1	0	1	1788333136.342270	1788333136.504045	254778215	254778426
2026-09-02T07:11:08Z	8dc0b5fea25671d6745a556bffb740d3866e189c	352c096f011eb282f12e6d4c12281340fac96b635a2879cc065d7637a6592872	wsh	local	57bc72c1c92472ccfb05e677071bf95d82fff4df3044f34a92a629596b62cd1b	2264a8042763edf2620cfe32d96b096e1f3d26aa	5.9.2	2.55.0	1000	150	dirty	4	0.869	7.182	1	1	0	1	1788333136.835498	1788333136.998324	254778803	254778980
2026-09-02T07:11:08Z	8dc0b5fea25671d6745a556bffb740d3866e189c	352c096f011eb282f12e6d4c12281340fac96b635a2879cc065d7637a6592872	wsh	local	57bc72c1c92472ccfb05e677071bf95d82fff4df3044f34a92a629596b62cd1b	2264a8042763edf2620cfe32d96b096e1f3d26aa	5.9.2	2.55.0	1000	150	dirty	5	0.848	7.011	1	1	0	1	1788333137.329102	1788333137.490942	254780141	254780281
2026-09-02T07:11:08Z	8dc0b5fea25671d6745a556bffb740d3866e189c	352c096f011eb282f12e6d4c12281340fac96b635a2879cc065d7637a6592872	wsh	local	57bc72c1c92472ccfb05e677071bf95d82fff4df3044f34a92a629596b62cd1b	2264a8042763edf2620cfe32d96b096e1f3d26aa	5.9.2	2.55.0	1000	150	dirty	6	0.947	7.580	1	1	0	1	1788333137.821295	1788333137.985430	254780681	254780793
2026-09-02T07:11:08Z	8dc0b5fea25671d6745a556bffb740d3866e189c	352c096f011eb282f12e6d4c12281340fac96b635a2879cc065d7637a6592872	wsh	local	57bc72c1c92472ccfb05e677071bf95d82fff4df3044f34a92a629596b62cd1b	2264a8042763edf2620cfe32d96b096e1f3d26aa	5.9.2	2.55.0	1000	150	dirty	7	0.833	6.814	1	1	0	1	1788333138.321272	1788333138.485508	254781247	254781369
2026-09-02T07:11:08Z	8dc0b5fea25671d6745a556bffb740d3866e189c	352c096f011eb282f12e6d4c12281340fac96b635a2879cc065d7637a6592872	wsh	local	57bc72c1c92472ccfb05e677071bf95d82fff4df3044f34a92a629596b62cd1b	2264a8042763edf2620cfe32d96b096e1f3d26aa	5.9.2	2.55.0	1000	150	dirty	8	1.020	6.897	1	1	0	1	1788333138.820672	1788333138.984843	254781607	254781773
2026-09-02T07:11:08Z	8dc0b5fea25671d6745a556bffb740d3866e189c	352c096f011eb282f12e6d4c12281340fac96b635a2879cc065d7637a6592872	wsh	local	57bc72c1c92472ccfb05e677071bf95d82fff4df3044f34a92a629596b62cd1b	2264a8042763edf2620cfe32d96b096e1f3d26aa	5.9.2	2.55.0	1000	150	dirty	9	1.049	6.992	1	1	0	1	1788333139.320067	1788333139.484561	254782043	254782182
2026-09-02T07:11:08Z	8dc0b5fea25671d6745a556bffb740d3866e189c	352c096f011eb282f12e6d4c12281340fac96b635a2879cc065d7637a6592872	wsh	local	57bc72c1c92472ccfb05e677071bf95d82fff4df3044f34a92a629596b62cd1b	2264a8042763edf2620cfe32d96b096e1f3d26aa	5.9.2	2.55.0	1000	150	dirty	10	1.039	6.936	1	1	0	1	1788333139.820298	1788333139.984706	254783966	254784257
2026-09-02T07:11:08Z	8dc0b5fea25671d6745a556bffb740d3866e189c	352c096f011eb282f12e6d4c12281340fac96b635a2879cc065d7637a6592872	wsh	local	57bc72c1c92472ccfb05e677071bf95d82fff4df3044f34a92a629596b62cd1b	2264a8042763edf2620cfe32d96b096e1f3d26aa	5.9.2	2.55.0	1000	150	dirty	11	1.408	7.672	1	1	0	1	1788333140.321635	1788333140.486775	254786270	254787365
2026-09-02T07:11:08Z	8dc0b5fea25671d6745a556bffb740d3866e189c	352c096f011eb282f12e6d4c12281340fac96b635a2879cc065d7637a6592872	wsh	local	57bc72c1c92472ccfb05e677071bf95d82fff4df3044f34a92a629596b62cd1b	2264a8042763edf2620cfe32d96b096e1f3d26aa	5.9.2	2.55.0	1000	150	dirty	12	1.449	7.679	1	1	0	1	1788333140.824693	1788333140.989565	254788845	254789196
2026-09-02T07:11:08Z	8dc0b5fea25671d6745a556bffb740d3866e189c	352c096f011eb282f12e6d4c12281340fac96b635a2879cc065d7637a6592872	wsh	local	57bc72c1c92472ccfb05e677071bf95d82fff4df3044f34a92a629596b62cd1b	2264a8042763edf2620cfe32d96b096e1f3d26aa	5.9.2	2.55.0	1000	150	dirty	13	1.122	7.350	1	1	0	1	1788333141.325294	1788333141.488419	254790327	254791436
2026-09-02T07:11:08Z	8dc0b5fea25671d6745a556bffb740d3866e189c	352c096f011eb282f12e6d4c12281340fac96b635a2879cc065d7637a6592872	wsh	local	57bc72c1c92472ccfb05e677071bf95d82fff4df3044f34a92a629596b62cd1b	2264a8042763edf2620cfe32d96b096e1f3d26aa	5.9.2	2.55.0	1000	150	dirty	14	0.981	7.082	1	1	0	1	1788333141.819789	1788333141.982279	254791758	254791817
2026-09-02T07:11:08Z	8dc0b5fea25671d6745a556bffb740d3866e189c	352c096f011eb282f12e6d4c12281340fac96b635a2879cc065d7637a6592872	wsh	local	57bc72c1c92472ccfb05e677071bf95d82fff4df3044f34a92a629596b62cd1b	2264a8042763edf2620cfe32d96b096e1f3d26aa	5.9.2	2.55.0	1000	150	dirty	15	1.059	6.889	1	1	0	1	1788333142.315327	1788333142.479024	254792693	254792748
2026-09-02T07:11:08Z	8dc0b5fea25671d6745a556bffb740d3866e189c	352c096f011eb282f12e6d4c12281340fac96b635a2879cc065d7637a6592872	wsh	local	57bc72c1c92472ccfb05e677071bf95d82fff4df3044f34a92a629596b62cd1b	2264a8042763edf2620cfe32d96b096e1f3d26aa	5.9.2	2.55.0	1000	150	dirty	16	0.921	7.506	1	1	0	1	1788333142.813572	1788333142.976709	254793498	254793582
2026-09-02T07:11:08Z	8dc0b5fea25671d6745a556bffb740d3866e189c	352c096f011eb282f12e6d4c12281340fac96b635a2879cc065d7637a6592872	wsh	local	57bc72c1c92472ccfb05e677071bf95d82fff4df3044f34a92a629596b62cd1b	2264a8042763edf2620cfe32d96b096e1f3d26aa	5.9.2	2.55.0	1000	150	dirty	17	1.182	7.342	1	1	0	1	1788333143.307615	1788333143.470813	254793770	254793833
2026-09-02T07:11:08Z	8dc0b5fea25671d6745a556bffb740d3866e189c	352c096f011eb282f12e6d4c12281340fac96b635a2879cc065d7637a6592872	wsh	local	57bc72c1c92472ccfb05e677071bf95d82fff4df3044f34a92a629596b62cd1b	2264a8042763edf2620cfe32d96b096e1f3d26aa	5.9.2	2.55.0	1000	150	dirty	18	1.104	7.603	1	1	0	1	1788333143.806448	1788333143.970494	254794182	254794841
2026-09-02T07:11:08Z	8dc0b5fea25671d6745a556bffb740d3866e189c	352c096f011eb282f12e6d4c12281340fac96b635a2879cc065d7637a6592872	wsh	local	57bc72c1c92472ccfb05e677071bf95d82fff4df3044f34a92a629596b62cd1b	2264a8042763edf2620cfe32d96b096e1f3d26aa	5.9.2	2.55.0	1000	150	dirty	19	1.041	6.689	1	1	0	1	1788333144.306428	1788333144.470430	254795189	254795272
2026-09-02T07:11:08Z	8dc0b5fea25671d6745a556bffb740d3866e189c	352c096f011eb282f12e6d4c12281340fac96b635a2879cc065d7637a6592872	wsh	local	57bc72c1c92472ccfb05e677071bf95d82fff4df3044f34a92a629596b62cd1b	2264a8042763edf2620cfe32d96b096e1f3d26aa	5.9.2	2.55.0	1000	150	dirty	20	0.896	7.229	1	1	0	1	1788333144.806133	1788333144.971004	254795415	254795596
2026-09-02T07:11:08Z	8dc0b5fea25671d6745a556bffb740d3866e189c	352c096f011eb282f12e6d4c12281340fac96b635a2879cc065d7637a6592872	wsh	local	57bc72c1c92472ccfb05e677071bf95d82fff4df3044f34a92a629596b62cd1b	2264a8042763edf2620cfe32d96b096e1f3d26aa	5.9.2	2.55.0	1000	150	untracked	1	0.986	7.429	1	1	0	1	1788333145.328636	1788333145.491186	254795910	254796063
2026-09-02T07:11:08Z	8dc0b5fea25671d6745a556bffb740d3866e189c	352c096f011eb282f12e6d4c12281340fac96b635a2879cc065d7637a6592872	wsh	local	57bc72c1c92472ccfb05e677071bf95d82fff4df3044f34a92a629596b62cd1b	2264a8042763edf2620cfe32d96b096e1f3d26aa	5.9.2	2.55.0	1000	150	untracked	2	1.261	10.807	1	1	0	1	1788333145.828502	1788333145.994704	254796429	254797347
2026-09-02T07:11:08Z	8dc0b5fea25671d6745a556bffb740d3866e189c	352c096f011eb282f12e6d4c12281340fac96b635a2879cc065d7637a6592872	wsh	local	57bc72c1c92472ccfb05e677071bf95d82fff4df3044f34a92a629596b62cd1b	2264a8042763edf2620cfe32d96b096e1f3d26aa	5.9.2	2.55.0	1000	150	untracked	3	1.026	7.550	1	1	0	1	1788333146.329550	1788333146.494581	254797967	254798073
2026-09-02T07:11:08Z	8dc0b5fea25671d6745a556bffb740d3866e189c	352c096f011eb282f12e6d4c12281340fac96b635a2879cc065d7637a6592872	wsh	local	57bc72c1c92472ccfb05e677071bf95d82fff4df3044f34a92a629596b62cd1b	2264a8042763edf2620cfe32d96b096e1f3d26aa	5.9.2	2.55.0	1000	150	untracked	4	1.089	7.930	1	1	0	1	1788333146.832375	1788333146.995941	254798430	254798556
2026-09-02T07:11:08Z	8dc0b5fea25671d6745a556bffb740d3866e189c	352c096f011eb282f12e6d4c12281340fac96b635a2879cc065d7637a6592872	wsh	local	57bc72c1c92472ccfb05e677071bf95d82fff4df3044f34a92a629596b62cd1b	2264a8042763edf2620cfe32d96b096e1f3d26aa	5.9.2	2.55.0	1000	150	untracked	5	1.133	7.848	1	1	0	1	1788333147.334330	1788333147.498402	254798920	254799600
2026-09-02T07:11:08Z	8dc0b5fea25671d6745a556bffb740d3866e189c	352c096f011eb282f12e6d4c12281340fac96b635a2879cc065d7637a6592872	wsh	local	57bc72c1c92472ccfb05e677071bf95d82fff4df3044f34a92a629596b62cd1b	2264a8042763edf2620cfe32d96b096e1f3d26aa	5.9.2	2.55.0	1000	150	untracked	6	1.068	8.030	1	1	0	1	1788333147.835124	1788333148.001253	254799971	254800049
2026-09-02T07:11:08Z	8dc0b5fea25671d6745a556bffb740d3866e189c	352c096f011eb282f12e6d4c12281340fac96b635a2879cc065d7637a6592872	wsh	local	57bc72c1c92472ccfb05e677071bf95d82fff4df3044f34a92a629596b62cd1b	2264a8042763edf2620cfe32d96b096e1f3d26aa	5.9.2	2.55.0	1000	150	untracked	7	1.133	8.213	1	1	0	1	1788333148.338557	1788333148.504550	254800152	254800244
2026-09-02T07:11:08Z	8dc0b5fea25671d6745a556bffb740d3866e189c	352c096f011eb282f12e6d4c12281340fac96b635a2879cc065d7637a6592872	wsh	local	57bc72c1c92472ccfb05e677071bf95d82fff4df3044f34a92a629596b62cd1b	2264a8042763edf2620cfe32d96b096e1f3d26aa	5.9.2	2.55.0	1000	150	untracked	8	1.089	6.895	1	1	0	1	1788333148.842779	1788333149.007624	254800485	254800634
2026-09-02T07:11:08Z	8dc0b5fea25671d6745a556bffb740d3866e189c	352c096f011eb282f12e6d4c12281340fac96b635a2879cc065d7637a6592872	wsh	local	57bc72c1c92472ccfb05e677071bf95d82fff4df3044f34a92a629596b62cd1b	2264a8042763edf2620cfe32d96b096e1f3d26aa	5.9.2	2.55.0	1000	150	untracked	9	0.953	7.035	1	1	0	1	1788333149.344860	1788333149.509427	254800958	254801695
2026-09-02T07:11:08Z	8dc0b5fea25671d6745a556bffb740d3866e189c	352c096f011eb282f12e6d4c12281340fac96b635a2879cc065d7637a6592872	wsh	local	57bc72c1c92472ccfb05e677071bf95d82fff4df3044f34a92a629596b62cd1b	2264a8042763edf2620cfe32d96b096e1f3d26aa	5.9.2	2.55.0	1000	150	untracked	10	1.236	7.222	1	1	0	1	1788333149.847436	1788333150.011891	254802052	254802527
2026-09-02T07:11:08Z	8dc0b5fea25671d6745a556bffb740d3866e189c	352c096f011eb282f12e6d4c12281340fac96b635a2879cc065d7637a6592872	wsh	local	57bc72c1c92472ccfb05e677071bf95d82fff4df3044f34a92a629596b62cd1b	2264a8042763edf2620cfe32d96b096e1f3d26aa	5.9.2	2.55.0	1000	150	untracked	11	1.260	6.896	1	1	0	1	1788333150.349391	1788333150.513458	254802697	254802759
2026-09-02T07:11:08Z	8dc0b5fea25671d6745a556bffb740d3866e189c	352c096f011eb282f12e6d4c12281340fac96b635a2879cc065d7637a6592872	wsh	local	57bc72c1c92472ccfb05e677071bf95d82fff4df3044f34a92a629596b62cd1b	2264a8042763edf2620cfe32d96b096e1f3d26aa	5.9.2	2.55.0	1000	150	untracked	12	1.257	6.816	1	1	0	1	1788333150.850886	1788333151.015264	254803620	254803735
2026-09-02T07:11:08Z	8dc0b5fea25671d6745a556bffb740d3866e189c	352c096f011eb282f12e6d4c12281340fac96b635a2879cc065d7637a6592872	wsh	local	57bc72c1c92472ccfb05e677071bf95d82fff4df3044f34a92a629596b62cd1b	2264a8042763edf2620cfe32d96b096e1f3d26aa	5.9.2	2.55.0	1000	150	untracked	13	1.080	7.091	1	1	0	1	1788333151.352982	1788333151.517220	254804297	254804471
2026-09-02T07:11:08Z	8dc0b5fea25671d6745a556bffb740d3866e189c	352c096f011eb282f12e6d4c12281340fac96b635a2879cc065d7637a6592872	wsh	local	57bc72c1c92472ccfb05e677071bf95d82fff4df3044f34a92a629596b62cd1b	2264a8042763edf2620cfe32d96b096e1f3d26aa	5.9.2	2.55.0	1000	150	untracked	14	1.009	6.635	1	1	0	1	1788333151.854152	1788333152.018345	254805803	254805941
2026-09-02T07:11:08Z	8dc0b5fea25671d6745a556bffb740d3866e189c	352c096f011eb282f12e6d4c12281340fac96b635a2879cc065d7637a6592872	wsh	local	57bc72c1c92472ccfb05e677071bf95d82fff4df3044f34a92a629596b62cd1b	2264a8042763edf2620cfe32d96b096e1f3d26aa	5.9.2	2.55.0	1000	150	untracked	15	0.974	7.196	1	1	0	1	1788333152.355960	1788333152.520707	254806788	254806857
2026-09-02T07:11:08Z	8dc0b5fea25671d6745a556bffb740d3866e189c	352c096f011eb282f12e6d4c12281340fac96b635a2879cc065d7637a6592872	wsh	local	57bc72c1c92472ccfb05e677071bf95d82fff4df3044f34a92a629596b62cd1b	2264a8042763edf2620cfe32d96b096e1f3d26aa	5.9.2	2.55.0	1000	150	untracked	16	1.026	7.245	1	1	0	1	1788333152.858516	1788333153.023358	254807482	254807627
2026-09-02T07:11:08Z	8dc0b5fea25671d6745a556bffb740d3866e189c	352c096f011eb282f12e6d4c12281340fac96b635a2879cc065d7637a6592872	wsh	local	57bc72c1c92472ccfb05e677071bf95d82fff4df3044f34a92a629596b62cd1b	2264a8042763edf2620cfe32d96b096e1f3d26aa	5.9.2	2.55.0	1000	150	untracked	17	0.957	6.973	1	1	0	1	1788333153.363103	1788333153.527422	254807957	254808687
2026-09-02T07:11:08Z	8dc0b5fea25671d6745a556bffb740d3866e189c	352c096f011eb282f12e6d4c12281340fac96b635a2879cc065d7637a6592872	wsh	local	57bc72c1c92472ccfb05e677071bf95d82fff4df3044f34a92a629596b62cd1b	2264a8042763edf2620cfe32d96b096e1f3d26aa	5.9.2	2.55.0	1000	150	untracked	18	1.026	6.646	1	1	0	1	1788333153.865119	1788333154.029460	254809325	254809531
2026-09-02T07:11:08Z	8dc0b5fea25671d6745a556bffb740d3866e189c	352c096f011eb282f12e6d4c12281340fac96b635a2879cc065d7637a6592872	wsh	local	57bc72c1c92472ccfb05e677071bf95d82fff4df3044f34a92a629596b62cd1b	2264a8042763edf2620cfe32d96b096e1f3d26aa	5.9.2	2.55.0	1000	150	untracked	19	1.043	6.584	1	1	0	1	1788333154.366904	1788333154.531601	254809776	254810456
2026-09-02T07:11:08Z	8dc0b5fea25671d6745a556bffb740d3866e189c	352c096f011eb282f12e6d4c12281340fac96b635a2879cc065d7637a6592872	wsh	local	57bc72c1c92472ccfb05e677071bf95d82fff4df3044f34a92a629596b62cd1b	2264a8042763edf2620cfe32d96b096e1f3d26aa	5.9.2	2.55.0	1000	150	untracked	20	1.037	6.709	1	1	0	1	1788333154.868208	1788333155.032984	254810739	254810899
2026-09-02T07:11:08Z	8dc0b5fea25671d6745a556bffb740d3866e189c	352c096f011eb282f12e6d4c12281340fac96b635a2879cc065d7637a6592872	wsh-trace	local	57bc72c1c92472ccfb05e677071bf95d82fff4df3044f34a92a629596b62cd1b	2264a8042763edf2620cfe32d96b096e1f3d26aa	5.9.2	2.55.0	1000	150	clean	1	1.038	6.804	1	1	0	1	1788333156.278914	1788333156.441878	254812765	254812876
2026-09-02T07:11:08Z	8dc0b5fea25671d6745a556bffb740d3866e189c	352c096f011eb282f12e6d4c12281340fac96b635a2879cc065d7637a6592872	wsh-trace	local	57bc72c1c92472ccfb05e677071bf95d82fff4df3044f34a92a629596b62cd1b	2264a8042763edf2620cfe32d96b096e1f3d26aa	5.9.2	2.55.0	1000	150	clean	2	1.382	7.309	1	1	0	1	1788333156.775762	1788333156.941525	254813231	254813418
2026-09-02T07:11:08Z	8dc0b5fea25671d6745a556bffb740d3866e189c	352c096f011eb282f12e6d4c12281340fac96b635a2879cc065d7637a6592872	wsh-trace	local	57bc72c1c92472ccfb05e677071bf95d82fff4df3044f34a92a629596b62cd1b	2264a8042763edf2620cfe32d96b096e1f3d26aa	5.9.2	2.55.0	1000	150	clean	3	1.260	7.103	1	1	0	1	1788333157.279297	1788333157.444539	254814088	254814204
2026-09-02T07:11:08Z	8dc0b5fea25671d6745a556bffb740d3866e189c	352c096f011eb282f12e6d4c12281340fac96b635a2879cc065d7637a6592872	wsh-trace	local	57bc72c1c92472ccfb05e677071bf95d82fff4df3044f34a92a629596b62cd1b	2264a8042763edf2620cfe32d96b096e1f3d26aa	5.9.2	2.55.0	1000	150	clean	4	1.199	6.669	1	1	0	1	1788333157.782131	1788333157.945203	254814933	254815014
2026-09-02T07:11:08Z	8dc0b5fea25671d6745a556bffb740d3866e189c	352c096f011eb282f12e6d4c12281340fac96b635a2879cc065d7637a6592872	wsh-trace	local	57bc72c1c92472ccfb05e677071bf95d82fff4df3044f34a92a629596b62cd1b	2264a8042763edf2620cfe32d96b096e1f3d26aa	5.9.2	2.55.0	1000	150	clean	5	1.173	7.020	1	1	0	1	1788333158.280011	1788333158.445133	254815301	254815434
2026-09-02T07:11:08Z	8dc0b5fea25671d6745a556bffb740d3866e189c	352c096f011eb282f12e6d4c12281340fac96b635a2879cc065d7637a6592872	wsh-trace	local	57bc72c1c92472ccfb05e677071bf95d82fff4df3044f34a92a629596b62cd1b	2264a8042763edf2620cfe32d96b096e1f3d26aa	5.9.2	2.55.0	1000	150	clean	6	0.996	6.865	1	1	0	1	1788333158.784040	1788333158.950043	254815950	254816060
2026-09-02T07:11:08Z	8dc0b5fea25671d6745a556bffb740d3866e189c	352c096f011eb282f12e6d4c12281340fac96b635a2879cc065d7637a6592872	wsh-trace	local	57bc72c1c92472ccfb05e677071bf95d82fff4df3044f34a92a629596b62cd1b	2264a8042763edf2620cfe32d96b096e1f3d26aa	5.9.2	2.55.0	1000	150	clean	7	1.091	6.655	1	1	0	1	1788333159.288177	1788333159.451138	254816260	254816377
2026-09-02T07:11:08Z	8dc0b5fea25671d6745a556bffb740d3866e189c	352c096f011eb282f12e6d4c12281340fac96b635a2879cc065d7637a6592872	wsh-trace	local	57bc72c1c92472ccfb05e677071bf95d82fff4df3044f34a92a629596b62cd1b	2264a8042763edf2620cfe32d96b096e1f3d26aa	5.9.2	2.55.0	1000	150	clean	8	1.242	7.643	1	1	0	1	1788333159.788570	1788333159.954751	254816705	254817386
2026-09-02T07:11:08Z	8dc0b5fea25671d6745a556bffb740d3866e189c	352c096f011eb282f12e6d4c12281340fac96b635a2879cc065d7637a6592872	wsh-trace	local	57bc72c1c92472ccfb05e677071bf95d82fff4df3044f34a92a629596b62cd1b	2264a8042763edf2620cfe32d96b096e1f3d26aa	5.9.2	2.55.0	1000	150	clean	9	1.180	6.723	1	1	0	1	1788333160.292200	1788333160.455310	254817874	254818014
2026-09-02T07:11:08Z	8dc0b5fea25671d6745a556bffb740d3866e189c	352c096f011eb282f12e6d4c12281340fac96b635a2879cc065d7637a6592872	wsh-trace	local	57bc72c1c92472ccfb05e677071bf95d82fff4df3044f34a92a629596b62cd1b	2264a8042763edf2620cfe32d96b096e1f3d26aa	5.9.2	2.55.0	1000	150	clean	10	1.048	7.926	1	1	0	1	1788333160.790876	1788333160.957167	254818353	254818593
2026-09-02T07:11:08Z	8dc0b5fea25671d6745a556bffb740d3866e189c	352c096f011eb282f12e6d4c12281340fac96b635a2879cc065d7637a6592872	wsh-trace	local	57bc72c1c92472ccfb05e677071bf95d82fff4df3044f34a92a629596b62cd1b	2264a8042763edf2620cfe32d96b096e1f3d26aa	5.9.2	2.55.0	1000	150	clean	11	1.061	6.928	1	1	0	1	1788333161.294895	1788333161.459382	254819203	254819299
2026-09-02T07:11:08Z	8dc0b5fea25671d6745a556bffb740d3866e189c	352c096f011eb282f12e6d4c12281340fac96b635a2879cc065d7637a6592872	wsh-trace	local	57bc72c1c92472ccfb05e677071bf95d82fff4df3044f34a92a629596b62cd1b	2264a8042763edf2620cfe32d96b096e1f3d26aa	5.9.2	2.55.0	1000	150	clean	12	1.403	7.305	1	1	0	1	1788333161.796249	1788333161.961753	254820063	254820224
2026-09-02T07:11:08Z	8dc0b5fea25671d6745a556bffb740d3866e189c	352c096f011eb282f12e6d4c12281340fac96b635a2879cc065d7637a6592872	wsh-trace	local	57bc72c1c92472ccfb05e677071bf95d82fff4df3044f34a92a629596b62cd1b	2264a8042763edf2620cfe32d96b096e1f3d26aa	5.9.2	2.55.0	1000	150	clean	13	1.157	6.792	1	1	0	1	1788333162.299798	1788333162.464575	254820827	254820932
2026-09-02T07:11:08Z	8dc0b5fea25671d6745a556bffb740d3866e189c	352c096f011eb282f12e6d4c12281340fac96b635a2879cc065d7637a6592872	wsh-trace	local	57bc72c1c92472ccfb05e677071bf95d82fff4df3044f34a92a629596b62cd1b	2264a8042763edf2620cfe32d96b096e1f3d26aa	5.9.2	2.55.0	1000	150	clean	14	1.063	7.092	1	1	0	1	1788333162.801206	1788333162.964685	254821544	254821767
2026-09-02T07:11:08Z	8dc0b5fea25671d6745a556bffb740d3866e189c	352c096f011eb282f12e6d4c12281340fac96b635a2879cc065d7637a6592872	wsh-trace	local	57bc72c1c92472ccfb05e677071bf95d82fff4df3044f34a92a629596b62cd1b	2264a8042763edf2620cfe32d96b096e1f3d26aa	5.9.2	2.55.0	1000	150	clean	15	1.266	7.162	1	1	0	1	1788333163.301494	1788333163.466767	254822117	254822271
2026-09-02T07:11:08Z	8dc0b5fea25671d6745a556bffb740d3866e189c	352c096f011eb282f12e6d4c12281340fac96b635a2879cc065d7637a6592872	wsh-trace	local	57bc72c1c92472ccfb05e677071bf95d82fff4df3044f34a92a629596b62cd1b	2264a8042763edf2620cfe32d96b096e1f3d26aa	5.9.2	2.55.0	1000	150	clean	16	1.171	6.979	1	1	0	1	1788333163.806242	1788333163.969956	254822594	254822821
2026-09-02T07:11:08Z	8dc0b5fea25671d6745a556bffb740d3866e189c	352c096f011eb282f12e6d4c12281340fac96b635a2879cc065d7637a6592872	wsh-trace	local	57bc72c1c92472ccfb05e677071bf95d82fff4df3044f34a92a629596b62cd1b	2264a8042763edf2620cfe32d96b096e1f3d26aa	5.9.2	2.55.0	1000	150	clean	17	1.120	6.699	1	1	0	1	1788333164.307118	1788333164.472874	254823067	254823686
2026-09-02T07:11:08Z	8dc0b5fea25671d6745a556bffb740d3866e189c	352c096f011eb282f12e6d4c12281340fac96b635a2879cc065d7637a6592872	wsh-trace	local	57bc72c1c92472ccfb05e677071bf95d82fff4df3044f34a92a629596b62cd1b	2264a8042763edf2620cfe32d96b096e1f3d26aa	5.9.2	2.55.0	1000	150	clean	18	1.333	7.923	1	1	0	1	1788333164.813833	1788333164.981159	254823925	254824027
2026-09-02T07:11:08Z	8dc0b5fea25671d6745a556bffb740d3866e189c	352c096f011eb282f12e6d4c12281340fac96b635a2879cc065d7637a6592872	wsh-trace	local	57bc72c1c92472ccfb05e677071bf95d82fff4df3044f34a92a629596b62cd1b	2264a8042763edf2620cfe32d96b096e1f3d26aa	5.9.2	2.55.0	1000	150	clean	19	1.420	6.999	1	1	0	1	1788333165.322186	1788333165.487759	254824817	254825138
2026-09-02T07:11:08Z	8dc0b5fea25671d6745a556bffb740d3866e189c	352c096f011eb282f12e6d4c12281340fac96b635a2879cc065d7637a6592872	wsh-trace	local	57bc72c1c92472ccfb05e677071bf95d82fff4df3044f34a92a629596b62cd1b	2264a8042763edf2620cfe32d96b096e1f3d26aa	5.9.2	2.55.0	1000	150	clean	20	1.285	8.330	1	1	0	1	1788333165.828549	1788333165.995952	254825480	254826185
2026-09-02T07:11:08Z	8dc0b5fea25671d6745a556bffb740d3866e189c	352c096f011eb282f12e6d4c12281340fac96b635a2879cc065d7637a6592872	wsh-trace	local	57bc72c1c92472ccfb05e677071bf95d82fff4df3044f34a92a629596b62cd1b	2264a8042763edf2620cfe32d96b096e1f3d26aa	5.9.2	2.55.0	1000	150	dirty	1	1.145	7.232	1	1	0	1	1788333166.356429	1788333166.522834	254826660	254827228
2026-09-02T07:11:08Z	8dc0b5fea25671d6745a556bffb740d3866e189c	352c096f011eb282f12e6d4c12281340fac96b635a2879cc065d7637a6592872	wsh-trace	local	57bc72c1c92472ccfb05e677071bf95d82fff4df3044f34a92a629596b62cd1b	2264a8042763edf2620cfe32d96b096e1f3d26aa	5.9.2	2.55.0	1000	150	dirty	2	0.955	6.838	1	1	0	1	1788333166.862493	1788333167.028827	254827692	254827753
2026-09-02T07:11:08Z	8dc0b5fea25671d6745a556bffb740d3866e189c	352c096f011eb282f12e6d4c12281340fac96b635a2879cc065d7637a6592872	wsh-trace	local	57bc72c1c92472ccfb05e677071bf95d82fff4df3044f34a92a629596b62cd1b	2264a8042763edf2620cfe32d96b096e1f3d26aa	5.9.2	2.55.0	1000	150	dirty	3	0.961	6.931	1	1	0	1	1788333167.369537	1788333167.535908	254828050	254828264
2026-09-02T07:11:08Z	8dc0b5fea25671d6745a556bffb740d3866e189c	352c096f011eb282f12e6d4c12281340fac96b635a2879cc065d7637a6592872	wsh-trace	local	57bc72c1c92472ccfb05e677071bf95d82fff4df3044f34a92a629596b62cd1b	2264a8042763edf2620cfe32d96b096e1f3d26aa	5.9.2	2.55.0	1000	150	dirty	4	1.344	7.253	1	1	0	1	1788333167.875824	1788333168.041787	254828765	254828920
2026-09-02T07:11:08Z	8dc0b5fea25671d6745a556bffb740d3866e189c	352c096f011eb282f12e6d4c12281340fac96b635a2879cc065d7637a6592872	wsh-trace	local	57bc72c1c92472ccfb05e677071bf95d82fff4df3044f34a92a629596b62cd1b	2264a8042763edf2620cfe32d96b096e1f3d26aa	5.9.2	2.55.0	1000	150	dirty	5	1.005	7.119	1	1	0	1	1788333168.383055	1788333168.549907	254829680	254829742
2026-09-02T07:11:08Z	8dc0b5fea25671d6745a556bffb740d3866e189c	352c096f011eb282f12e6d4c12281340fac96b635a2879cc065d7637a6592872	wsh-trace	local	57bc72c1c92472ccfb05e677071bf95d82fff4df3044f34a92a629596b62cd1b	2264a8042763edf2620cfe32d96b096e1f3d26aa	5.9.2	2.55.0	1000	150	dirty	6	1.313	7.343	1	1	0	1	1788333168.891395	1788333169.058191	254830088	254830209
2026-09-02T07:11:08Z	8dc0b5fea25671d6745a556bffb740d3866e189c	352c096f011eb282f12e6d4c12281340fac96b635a2879cc065d7637a6592872	wsh-trace	local	57bc72c1c92472ccfb05e677071bf95d82fff4df3044f34a92a629596b62cd1b	2264a8042763edf2620cfe32d96b096e1f3d26aa	5.9.2	2.55.0	1000	150	dirty	7	1.307	6.880	1	1	0	1	1788333169.399189	1788333169.565744	254830514	254830613
2026-09-02T07:11:08Z	8dc0b5fea25671d6745a556bffb740d3866e189c	352c096f011eb282f12e6d4c12281340fac96b635a2879cc065d7637a6592872	wsh-trace	local	57bc72c1c92472ccfb05e677071bf95d82fff4df3044f34a92a629596b62cd1b	2264a8042763edf2620cfe32d96b096e1f3d26aa	5.9.2	2.55.0	1000	150	dirty	8	1.155	7.439	1	1	0	1	1788333169.906953	1788333170.073076	254830982	254831152
2026-09-02T07:11:08Z	8dc0b5fea25671d6745a556bffb740d3866e189c	352c096f011eb282f12e6d4c12281340fac96b635a2879cc065d7637a6592872	wsh-trace	local	57bc72c1c92472ccfb05e677071bf95d82fff4df3044f34a92a629596b62cd1b	2264a8042763edf2620cfe32d96b096e1f3d26aa	5.9.2	2.55.0	1000	150	dirty	9	0.912	6.643	1	1	0	1	1788333170.414789	1788333170.581260	254831559	254832224
2026-09-02T07:11:08Z	8dc0b5fea25671d6745a556bffb740d3866e189c	352c096f011eb282f12e6d4c12281340fac96b635a2879cc065d7637a6592872	wsh-trace	local	57bc72c1c92472ccfb05e677071bf95d82fff4df3044f34a92a629596b62cd1b	2264a8042763edf2620cfe32d96b096e1f3d26aa	5.9.2	2.55.0	1000	150	dirty	10	1.108	7.346	1	1	0	1	1788333170.924848	1788333171.089264	254832952	254833643
2026-09-02T07:11:08Z	8dc0b5fea25671d6745a556bffb740d3866e189c	352c096f011eb282f12e6d4c12281340fac96b635a2879cc065d7637a6592872	wsh-trace	local	57bc72c1c92472ccfb05e677071bf95d82fff4df3044f34a92a629596b62cd1b	2264a8042763edf2620cfe32d96b096e1f3d26aa	5.9.2	2.55.0	1000	150	dirty	11	0.966	6.849	1	1	0	1	1788333171.426279	1788333171.591764	254833912	254834014
2026-09-02T07:11:08Z	8dc0b5fea25671d6745a556bffb740d3866e189c	352c096f011eb282f12e6d4c12281340fac96b635a2879cc065d7637a6592872	wsh-trace	local	57bc72c1c92472ccfb05e677071bf95d82fff4df3044f34a92a629596b62cd1b	2264a8042763edf2620cfe32d96b096e1f3d26aa	5.9.2	2.55.0	1000	150	dirty	12	0.947	7.453	1	1	0	1	1788333171.931523	1788333172.096823	254834368	254834743
2026-09-02T07:11:08Z	8dc0b5fea25671d6745a556bffb740d3866e189c	352c096f011eb282f12e6d4c12281340fac96b635a2879cc065d7637a6592872	wsh-trace	local	57bc72c1c92472ccfb05e677071bf95d82fff4df3044f34a92a629596b62cd1b	2264a8042763edf2620cfe32d96b096e1f3d26aa	5.9.2	2.55.0	1000	150	dirty	13	0.993	7.319	1	1	0	1	1788333172.436456	1788333172.603103	254836864	254836970
2026-09-02T07:11:08Z	8dc0b5fea25671d6745a556bffb740d3866e189c	352c096f011eb282f12e6d4c12281340fac96b635a2879cc065d7637a6592872	wsh-trace	local	57bc72c1c92472ccfb05e677071bf95d82fff4df3044f34a92a629596b62cd1b	2264a8042763edf2620cfe32d96b096e1f3d26aa	5.9.2	2.55.0	1000	150	dirty	14	1.173	6.990	1	1	0	1	1788333172.939122	1788333173.103781	254837240	254837525
2026-09-02T07:11:08Z	8dc0b5fea25671d6745a556bffb740d3866e189c	352c096f011eb282f12e6d4c12281340fac96b635a2879cc065d7637a6592872	wsh-trace	local	57bc72c1c92472ccfb05e677071bf95d82fff4df3044f34a92a629596b62cd1b	2264a8042763edf2620cfe32d96b096e1f3d26aa	5.9.2	2.55.0	1000	150	dirty	15	1.153	7.750	1	1	0	1	1788333173.442573	1788333173.608815	254839198	254839946
2026-09-02T07:11:08Z	8dc0b5fea25671d6745a556bffb740d3866e189c	352c096f011eb282f12e6d4c12281340fac96b635a2879cc065d7637a6592872	wsh-trace	local	57bc72c1c92472ccfb05e677071bf95d82fff4df3044f34a92a629596b62cd1b	2264a8042763edf2620cfe32d96b096e1f3d26aa	5.9.2	2.55.0	1000	150	dirty	16	1.217	7.367	1	1	0	1	1788333173.949785	1788333174.115810	254841965	254842790
2026-09-02T07:11:08Z	8dc0b5fea25671d6745a556bffb740d3866e189c	352c096f011eb282f12e6d4c12281340fac96b635a2879cc065d7637a6592872	wsh-trace	local	57bc72c1c92472ccfb05e677071bf95d82fff4df3044f34a92a629596b62cd1b	2264a8042763edf2620cfe32d96b096e1f3d26aa	5.9.2	2.55.0	1000	150	dirty	17	0.938	7.190	1	1	0	1	1788333174.454999	1788333174.620952	254843706	254843831
2026-09-02T07:11:08Z	8dc0b5fea25671d6745a556bffb740d3866e189c	352c096f011eb282f12e6d4c12281340fac96b635a2879cc065d7637a6592872	wsh-trace	local	57bc72c1c92472ccfb05e677071bf95d82fff4df3044f34a92a629596b62cd1b	2264a8042763edf2620cfe32d96b096e1f3d26aa	5.9.2	2.55.0	1000	150	dirty	18	1.046	6.875	1	1	0	1	1788333174.960964	1788333175.127512	254844118	254844519
2026-09-02T07:11:08Z	8dc0b5fea25671d6745a556bffb740d3866e189c	352c096f011eb282f12e6d4c12281340fac96b635a2879cc065d7637a6592872	wsh-trace	local	57bc72c1c92472ccfb05e677071bf95d82fff4df3044f34a92a629596b62cd1b	2264a8042763edf2620cfe32d96b096e1f3d26aa	5.9.2	2.55.0	1000	150	dirty	19	1.146	7.051	1	1	0	1	1788333175.470009	1788333175.636723	254846249	254846439
2026-09-02T07:11:08Z	8dc0b5fea25671d6745a556bffb740d3866e189c	352c096f011eb282f12e6d4c12281340fac96b635a2879cc065d7637a6592872	wsh-trace	local	57bc72c1c92472ccfb05e677071bf95d82fff4df3044f34a92a629596b62cd1b	2264a8042763edf2620cfe32d96b096e1f3d26aa	5.9.2	2.55.0	1000	150	dirty	20	1.063	8.197	1	1	0	1	1788333175.980512	1788333176.148662	254846822	254847054
2026-09-02T07:11:08Z	8dc0b5fea25671d6745a556bffb740d3866e189c	352c096f011eb282f12e6d4c12281340fac96b635a2879cc065d7637a6592872	wsh-trace	local	57bc72c1c92472ccfb05e677071bf95d82fff4df3044f34a92a629596b62cd1b	2264a8042763edf2620cfe32d96b096e1f3d26aa	5.9.2	2.55.0	1000	150	untracked	1	1.034	7.019	1	1	0	1	1788333176.513708	1788333176.681017	254847359	254847428
2026-09-02T07:11:08Z	8dc0b5fea25671d6745a556bffb740d3866e189c	352c096f011eb282f12e6d4c12281340fac96b635a2879cc065d7637a6592872	wsh-trace	local	57bc72c1c92472ccfb05e677071bf95d82fff4df3044f34a92a629596b62cd1b	2264a8042763edf2620cfe32d96b096e1f3d26aa	5.9.2	2.55.0	1000	150	untracked	2	0.967	6.822	1	1	0	1	1788333177.022853	1788333177.189288	254848177	254848281
2026-09-02T07:11:08Z	8dc0b5fea25671d6745a556bffb740d3866e189c	352c096f011eb282f12e6d4c12281340fac96b635a2879cc065d7637a6592872	wsh-trace	local	57bc72c1c92472ccfb05e677071bf95d82fff4df3044f34a92a629596b62cd1b	2264a8042763edf2620cfe32d96b096e1f3d26aa	5.9.2	2.55.0	1000	150	untracked	3	1.224	6.760	1	1	0	1	1788333177.531070	1788333177.697711	254848639	254848773
2026-09-02T07:11:08Z	8dc0b5fea25671d6745a556bffb740d3866e189c	352c096f011eb282f12e6d4c12281340fac96b635a2879cc065d7637a6592872	wsh-trace	local	57bc72c1c92472ccfb05e677071bf95d82fff4df3044f34a92a629596b62cd1b	2264a8042763edf2620cfe32d96b096e1f3d26aa	5.9.2	2.55.0	1000	150	untracked	4	0.902	7.202	1	1	0	1	1788333178.040188	1788333178.206704	254849650	254849773
2026-09-02T07:11:08Z	8dc0b5fea25671d6745a556bffb740d3866e189c	352c096f011eb282f12e6d4c12281340fac96b635a2879cc065d7637a6592872	wsh-trace	local	57bc72c1c92472ccfb05e677071bf95d82fff4df3044f34a92a629596b62cd1b	2264a8042763edf2620cfe32d96b096e1f3d26aa	5.9.2	2.55.0	1000	150	untracked	5	0.902	6.843	1	1	0	1	1788333178.547780	1788333178.714077	254850381	254850501
2026-09-02T07:11:08Z	8dc0b5fea25671d6745a556bffb740d3866e189c	352c096f011eb282f12e6d4c12281340fac96b635a2879cc065d7637a6592872	wsh-trace	local	57bc72c1c92472ccfb05e677071bf95d82fff4df3044f34a92a629596b62cd1b	2264a8042763edf2620cfe32d96b096e1f3d26aa	5.9.2	2.55.0	1000	150	untracked	6	1.416	8.134	1	1	0	1	1788333179.059178	1788333179.227406	254850859	254850964
2026-09-02T07:11:08Z	8dc0b5fea25671d6745a556bffb740d3866e189c	352c096f011eb282f12e6d4c12281340fac96b635a2879cc065d7637a6592872	wsh-trace	local	57bc72c1c92472ccfb05e677071bf95d82fff4df3044f34a92a629596b62cd1b	2264a8042763edf2620cfe32d96b096e1f3d26aa	5.9.2	2.55.0	1000	150	untracked	7	1.478	7.067	1	1	0	1	1788333179.572576	1788333179.739660	254851537	254851671
2026-09-02T07:11:08Z	8dc0b5fea25671d6745a556bffb740d3866e189c	352c096f011eb282f12e6d4c12281340fac96b635a2879cc065d7637a6592872	wsh-trace	local	57bc72c1c92472ccfb05e677071bf95d82fff4df3044f34a92a629596b62cd1b	2264a8042763edf2620cfe32d96b096e1f3d26aa	5.9.2	2.55.0	1000	150	untracked	8	1.166	7.090	1	1	0	1	1788333180.084793	1788333180.251724	254852188	254852311
2026-09-02T07:11:08Z	8dc0b5fea25671d6745a556bffb740d3866e189c	352c096f011eb282f12e6d4c12281340fac96b635a2879cc065d7637a6592872	wsh-trace	local	57bc72c1c92472ccfb05e677071bf95d82fff4df3044f34a92a629596b62cd1b	2264a8042763edf2620cfe32d96b096e1f3d26aa	5.9.2	2.55.0	1000	150	untracked	9	1.241	6.980	1	1	0	1	1788333180.596780	1788333180.763749	254852779	254852962
2026-09-02T07:11:08Z	8dc0b5fea25671d6745a556bffb740d3866e189c	352c096f011eb282f12e6d4c12281340fac96b635a2879cc065d7637a6592872	wsh-trace	local	57bc72c1c92472ccfb05e677071bf95d82fff4df3044f34a92a629596b62cd1b	2264a8042763edf2620cfe32d96b096e1f3d26aa	5.9.2	2.55.0	1000	150	untracked	10	1.057	6.981	1	1	0	1	1788333181.109439	1788333181.276814	254853766	254853923
2026-09-02T07:11:08Z	8dc0b5fea25671d6745a556bffb740d3866e189c	352c096f011eb282f12e6d4c12281340fac96b635a2879cc065d7637a6592872	wsh-trace	local	57bc72c1c92472ccfb05e677071bf95d82fff4df3044f34a92a629596b62cd1b	2264a8042763edf2620cfe32d96b096e1f3d26aa	5.9.2	2.55.0	1000	150	untracked	11	1.251	6.971	1	1	0	1	1788333181.622748	1788333181.790020	254854354	254854512
2026-09-02T07:11:08Z	8dc0b5fea25671d6745a556bffb740d3866e189c	352c096f011eb282f12e6d4c12281340fac96b635a2879cc065d7637a6592872	wsh-trace	local	57bc72c1c92472ccfb05e677071bf95d82fff4df3044f34a92a629596b62cd1b	2264a8042763edf2620cfe32d96b096e1f3d26aa	5.9.2	2.55.0	1000	150	untracked	12	1.217	7.040	1	1	0	1	1788333182.135588	1788333182.302114	254855097	254855225
2026-09-02T07:11:08Z	8dc0b5fea25671d6745a556bffb740d3866e189c	352c096f011eb282f12e6d4c12281340fac96b635a2879cc065d7637a6592872	wsh-trace	local	57bc72c1c92472ccfb05e677071bf95d82fff4df3044f34a92a629596b62cd1b	2264a8042763edf2620cfe32d96b096e1f3d26aa	5.9.2	2.55.0	1000	150	untracked	13	1.090	6.797	1	1	0	1	1788333182.648127	1788333182.815077	254856084	254856165
2026-09-02T07:11:08Z	8dc0b5fea25671d6745a556bffb740d3866e189c	352c096f011eb282f12e6d4c12281340fac96b635a2879cc065d7637a6592872	wsh-trace	local	57bc72c1c92472ccfb05e677071bf95d82fff4df3044f34a92a629596b62cd1b	2264a8042763edf2620cfe32d96b096e1f3d26aa	5.9.2	2.55.0	1000	150	untracked	14	1.713	7.791	1	1	0	1	1788333183.158405	1788333183.326235	254856971	254857088
2026-09-02T07:11:08Z	8dc0b5fea25671d6745a556bffb740d3866e189c	352c096f011eb282f12e6d4c12281340fac96b635a2879cc065d7637a6592872	wsh-trace	local	57bc72c1c92472ccfb05e677071bf95d82fff4df3044f34a92a629596b62cd1b	2264a8042763edf2620cfe32d96b096e1f3d26aa	5.9.2	2.55.0	1000	150	untracked	15	1.188	7.143	1	1	0	1	1788333183.670901	1788333183.838661	254857611	254857961
2026-09-02T07:11:08Z	8dc0b5fea25671d6745a556bffb740d3866e189c	352c096f011eb282f12e6d4c12281340fac96b635a2879cc065d7637a6592872	wsh-trace	local	57bc72c1c92472ccfb05e677071bf95d82fff4df3044f34a92a629596b62cd1b	2264a8042763edf2620cfe32d96b096e1f3d26aa	5.9.2	2.55.0	1000	150	untracked	16	1.079	6.851	1	1	0	1	1788333184.181999	1788333184.348684	254858218	254858337
2026-09-02T07:11:08Z	8dc0b5fea25671d6745a556bffb740d3866e189c	352c096f011eb282f12e6d4c12281340fac96b635a2879cc065d7637a6592872	wsh-trace	local	57bc72c1c92472ccfb05e677071bf95d82fff4df3044f34a92a629596b62cd1b	2264a8042763edf2620cfe32d96b096e1f3d26aa	5.9.2	2.55.0	1000	150	untracked	17	1.288	7.604	1	1	0	1	1788333184.692324	1788333184.859599	254858643	254858890
2026-09-02T07:11:08Z	8dc0b5fea25671d6745a556bffb740d3866e189c	352c096f011eb282f12e6d4c12281340fac96b635a2879cc065d7637a6592872	wsh-trace	local	57bc72c1c92472ccfb05e677071bf95d82fff4df3044f34a92a629596b62cd1b	2264a8042763edf2620cfe32d96b096e1f3d26aa	5.9.2	2.55.0	1000	150	untracked	18	1.291	7.001	1	1	0	1	1788333185.201285	1788333185.368248	254859173	254859259
2026-09-02T07:11:08Z	8dc0b5fea25671d6745a556bffb740d3866e189c	352c096f011eb282f12e6d4c12281340fac96b635a2879cc065d7637a6592872	wsh-trace	local	57bc72c1c92472ccfb05e677071bf95d82fff4df3044f34a92a629596b62cd1b	2264a8042763edf2620cfe32d96b096e1f3d26aa	5.9.2	2.55.0	1000	150	untracked	19	1.103	6.948	1	1	0	1	1788333185.714976	1788333185.882553	254859919	254860117
2026-09-02T07:11:08Z	8dc0b5fea25671d6745a556bffb740d3866e189c	352c096f011eb282f12e6d4c12281340fac96b635a2879cc065d7637a6592872	wsh-trace	local	57bc72c1c92472ccfb05e677071bf95d82fff4df3044f34a92a629596b62cd1b	2264a8042763edf2620cfe32d96b096e1f3d26aa	5.9.2	2.55.0	1000	150	untracked	20	1.216	7.295	1	1	0	1	1788333186.229538	1788333186.396959	254860329	254860398
