snapshot_at_utc	benchmark_commit	runner_sha256	target	target_kind	target_commit	omz_commit	zsh_version	git_version	fixture_files	settle_ms	state	iteration	first_ms	settled_ms	repaints	git_calls	unlocked_calls	semantic_pass	measurement_started_epoch_seconds	measurement_finished_epoch_seconds	cpu_psi_some_total_before	cpu_psi_some_total_after
2026-09-02T06:57:49Z	8dc0b5fea25671d6745a556bffb740d3866e189c	352c096f011eb282f12e6d4c12281340fac96b635a2879cc065d7637a6592872	raw	control	5.9.2	2264a8042763edf2620cfe32d96b096e1f3d26aa	5.9.2	2.55.0	1000	150	clean	1	0.367	0.367	0	0	0	na	1788332270.149018	1788332270.302571	252434091	252434264
2026-09-02T06:57:49Z	8dc0b5fea25671d6745a556bffb740d3866e189c	352c096f011eb282f12e6d4c12281340fac96b635a2879cc065d7637a6592872	raw	control	5.9.2	2264a8042763edf2620cfe32d96b096e1f3d26aa	5.9.2	2.55.0	1000	150	clean	2	0.364	0.364	0	0	0	na	1788332270.455789	1788332270.609116	252434437	252434692
2026-09-02T06:57:49Z	8dc0b5fea25671d6745a556bffb740d3866e189c	352c096f011eb282f12e6d4c12281340fac96b635a2879cc065d7637a6592872	raw	control	5.9.2	2264a8042763edf2620cfe32d96b096e1f3d26aa	5.9.2	2.55.0	1000	150	clean	3	0.358	0.358	0	0	0	na	1788332270.762441	1788332270.915740	252434813	252434986
2026-09-02T06:57:49Z	8dc0b5fea25671d6745a556bffb740d3866e189c	352c096f011eb282f12e6d4c12281340fac96b635a2879cc065d7637a6592872	raw	control	5.9.2	2264a8042763edf2620cfe32d96b096e1f3d26aa	5.9.2	2.55.0	1000	150	clean	4	0.383	0.383	0	0	0	na	1788332271.069015	1788332271.222401	252435175	252435340
2026-09-02T06:57:49Z	8dc0b5fea25671d6745a556bffb740d3866e189c	352c096f011eb282f12e6d4c12281340fac96b635a2879cc065d7637a6592872	raw	control	5.9.2	2264a8042763edf2620cfe32d96b096e1f3d26aa	5.9.2	2.55.0	1000	150	clean	5	0.403	0.403	0	0	0	na	1788332271.375702	1788332271.529073	252435459	252435617
2026-09-02T06:57:49Z	8dc0b5fea25671d6745a556bffb740d3866e189c	352c096f011eb282f12e6d4c12281340fac96b635a2879cc065d7637a6592872	raw	control	5.9.2	2264a8042763edf2620cfe32d96b096e1f3d26aa	5.9.2	2.55.0	1000	150	clean	6	0.336	0.336	0	0	0	na	1788332271.682247	1788332271.835398	252435708	252435877
2026-09-02T06:57:49Z	8dc0b5fea25671d6745a556bffb740d3866e189c	352c096f011eb282f12e6d4c12281340fac96b635a2879cc065d7637a6592872	raw	control	5.9.2	2264a8042763edf2620cfe32d96b096e1f3d26aa	5.9.2	2.55.0	1000	150	clean	7	0.370	0.370	0	0	0	na	1788332271.988730	1788332272.142052	252436013	252436201
2026-09-02T06:57:49Z	8dc0b5fea25671d6745a556bffb740d3866e189c	352c096f011eb282f12e6d4c12281340fac96b635a2879cc065d7637a6592872	raw	control	5.9.2	2264a8042763edf2620cfe32d96b096e1f3d26aa	5.9.2	2.55.0	1000	150	clean	8	0.436	0.436	0	0	0	na	1788332272.295353	1788332272.448746	252436348	252436519
2026-09-02T06:57:49Z	8dc0b5fea25671d6745a556bffb740d3866e189c	352c096f011eb282f12e6d4c12281340fac96b635a2879cc065d7637a6592872	raw	control	5.9.2	2264a8042763edf2620cfe32d96b096e1f3d26aa	5.9.2	2.55.0	1000	150	clean	9	0.353	0.353	0	0	0	na	1788332272.601974	1788332272.755271	252436774	252436971
2026-09-02T06:57:49Z	8dc0b5fea25671d6745a556bffb740d3866e189c	352c096f011eb282f12e6d4c12281340fac96b635a2879cc065d7637a6592872	raw	control	5.9.2	2264a8042763edf2620cfe32d96b096e1f3d26aa	5.9.2	2.55.0	1000	150	clean	10	0.360	0.360	0	0	0	na	1788332272.908637	1788332273.061989	252437239	252437379
2026-09-02T06:57:49Z	8dc0b5fea25671d6745a556bffb740d3866e189c	352c096f011eb282f12e6d4c12281340fac96b635a2879cc065d7637a6592872	raw	control	5.9.2	2264a8042763edf2620cfe32d96b096e1f3d26aa	5.9.2	2.55.0	1000	150	clean	11	0.378	0.378	0	0	0	na	1788332273.215357	1788332273.368723	252437590	252437746
2026-09-02T06:57:49Z	8dc0b5fea25671d6745a556bffb740d3866e189c	352c096f011eb282f12e6d4c12281340fac96b635a2879cc065d7637a6592872	raw	control	5.9.2	2264a8042763edf2620cfe32d96b096e1f3d26aa	5.9.2	2.55.0	1000	150	clean	12	0.390	0.390	0	0	0	na	1788332273.521826	1788332273.675060	252437903	252438036
2026-09-02T06:57:49Z	8dc0b5fea25671d6745a556bffb740d3866e189c	352c096f011eb282f12e6d4c12281340fac96b635a2879cc065d7637a6592872	raw	control	5.9.2	2264a8042763edf2620cfe32d96b096e1f3d26aa	5.9.2	2.55.0	1000	150	clean	13	0.336	0.336	0	0	0	na	1788332273.828268	1788332273.981436	252438392	252438545
2026-09-02T06:57:49Z	8dc0b5fea25671d6745a556bffb740d3866e189c	352c096f011eb282f12e6d4c12281340fac96b635a2879cc065d7637a6592872	raw	control	5.9.2	2264a8042763edf2620cfe32d96b096e1f3d26aa	5.9.2	2.55.0	1000	150	clean	14	0.398	0.398	0	0	0	na	1788332274.134780	1788332274.288136	252438761	252438899
2026-09-02T06:57:49Z	8dc0b5fea25671d6745a556bffb740d3866e189c	352c096f011eb282f12e6d4c12281340fac96b635a2879cc065d7637a6592872	raw	control	5.9.2	2264a8042763edf2620cfe32d96b096e1f3d26aa	5.9.2	2.55.0	1000	150	clean	15	0.339	0.339	0	0	0	na	1788332274.441306	1788332274.594655	252439079	252439379
2026-09-02T06:57:49Z	8dc0b5fea25671d6745a556bffb740d3866e189c	352c096f011eb282f12e6d4c12281340fac96b635a2879cc065d7637a6592872	raw	control	5.9.2	2264a8042763edf2620cfe32d96b096e1f3d26aa	5.9.2	2.55.0	1000	150	clean	16	0.408	0.408	0	0	0	na	1788332274.748423	1788332274.902030	252440255	252440670
2026-09-02T06:57:49Z	8dc0b5fea25671d6745a556bffb740d3866e189c	352c096f011eb282f12e6d4c12281340fac96b635a2879cc065d7637a6592872	raw	control	5.9.2	2264a8042763edf2620cfe32d96b096e1f3d26aa	5.9.2	2.55.0	1000	150	clean	17	0.441	0.441	0	0	0	na	1788332275.055183	1788332275.208797	252440893	252441064
2026-09-02T06:57:49Z	8dc0b5fea25671d6745a556bffb740d3866e189c	352c096f011eb282f12e6d4c12281340fac96b635a2879cc065d7637a6592872	raw	control	5.9.2	2264a8042763edf2620cfe32d96b096e1f3d26aa	5.9.2	2.55.0	1000	150	clean	18	0.372	0.372	0	0	0	na	1788332275.362118	1788332275.515545	252441235	252441490
2026-09-02T06:57:49Z	8dc0b5fea25671d6745a556bffb740d3866e189c	352c096f011eb282f12e6d4c12281340fac96b635a2879cc065d7637a6592872	raw	control	5.9.2	2264a8042763edf2620cfe32d96b096e1f3d26aa	5.9.2	2.55.0	1000	150	clean	19	0.379	0.379	0	0	0	na	1788332275.668967	1788332275.822511	252441693	252441981
2026-09-02T06:57:49Z	8dc0b5fea25671d6745a556bffb740d3866e189c	352c096f011eb282f12e6d4c12281340fac96b635a2879cc065d7637a6592872	raw	control	5.9.2	2264a8042763edf2620cfe32d96b096e1f3d26aa	5.9.2	2.55.0	1000	150	clean	20	0.407	0.407	0	0	0	na	1788332275.975961	1788332276.129523	252442205	252442420
2026-09-02T06:57:49Z	8dc0b5fea25671d6745a556bffb740d3866e189c	352c096f011eb282f12e6d4c12281340fac96b635a2879cc065d7637a6592872	raw	control	5.9.2	2264a8042763edf2620cfe32d96b096e1f3d26aa	5.9.2	2.55.0	1000	150	dirty	1	0.376	0.376	0	0	0	na	1788332276.310363	1788332276.463734	252442632	252442778
2026-09-02T06:57:49Z	8dc0b5fea25671d6745a556bffb740d3866e189c	352c096f011eb282f12e6d4c12281340fac96b635a2879cc065d7637a6592872	raw	control	5.9.2	2264a8042763edf2620cfe32d96b096e1f3d26aa	5.9.2	2.55.0	1000	150	dirty	2	0.342	0.342	0	0	0	na	1788332276.616670	1788332276.769593	252442968	252443132
2026-09-02T06:57:49Z	8dc0b5fea25671d6745a556bffb740d3866e189c	352c096f011eb282f12e6d4c12281340fac96b635a2879cc065d7637a6592872	raw	control	5.9.2	2264a8042763edf2620cfe32d96b096e1f3d26aa	5.9.2	2.55.0	1000	150	dirty	3	0.348	0.348	0	0	0	na	1788332276.922930	1788332277.076151	252443435	252443583
2026-09-02T06:57:49Z	8dc0b5fea25671d6745a556bffb740d3866e189c	352c096f011eb282f12e6d4c12281340fac96b635a2879cc065d7637a6592872	raw	control	5.9.2	2264a8042763edf2620cfe32d96b096e1f3d26aa	5.9.2	2.55.0	1000	150	dirty	4	0.340	0.340	0	0	0	na	1788332277.229270	1788332277.382429	252443746	252444092
2026-09-02T06:57:49Z	8dc0b5fea25671d6745a556bffb740d3866e189c	352c096f011eb282f12e6d4c12281340fac96b635a2879cc065d7637a6592872	raw	control	5.9.2	2264a8042763edf2620cfe32d96b096e1f3d26aa	5.9.2	2.55.0	1000	150	dirty	5	0.343	0.343	0	0	0	na	1788332277.535421	1788332277.688329	252444259	252444494
2026-09-02T06:57:49Z	8dc0b5fea25671d6745a556bffb740d3866e189c	352c096f011eb282f12e6d4c12281340fac96b635a2879cc065d7637a6592872	raw	control	5.9.2	2264a8042763edf2620cfe32d96b096e1f3d26aa	5.9.2	2.55.0	1000	150	dirty	6	0.334	0.334	0	0	0	na	1788332277.841579	1788332277.994749	252444763	252444880
2026-09-02T06:57:49Z	8dc0b5fea25671d6745a556bffb740d3866e189c	352c096f011eb282f12e6d4c12281340fac96b635a2879cc065d7637a6592872	raw	control	5.9.2	2264a8042763edf2620cfe32d96b096e1f3d26aa	5.9.2	2.55.0	1000	150	dirty	7	0.371	0.371	0	0	0	na	1788332278.147975	1788332278.301083	252445048	252445194
2026-09-02T06:57:49Z	8dc0b5fea25671d6745a556bffb740d3866e189c	352c096f011eb282f12e6d4c12281340fac96b635a2879cc065d7637a6592872	raw	control	5.9.2	2264a8042763edf2620cfe32d96b096e1f3d26aa	5.9.2	2.55.0	1000	150	dirty	8	0.345	0.345	0	0	0	na	1788332278.454190	1788332278.607229	252445361	252445472
2026-09-02T06:57:49Z	8dc0b5fea25671d6745a556bffb740d3866e189c	352c096f011eb282f12e6d4c12281340fac96b635a2879cc065d7637a6592872	raw	control	5.9.2	2264a8042763edf2620cfe32d96b096e1f3d26aa	5.9.2	2.55.0	1000	150	dirty	9	0.349	0.349	0	0	0	na	1788332278.760508	1788332278.913930	252445662	252445816
2026-09-02T06:57:49Z	8dc0b5fea25671d6745a556bffb740d3866e189c	352c096f011eb282f12e6d4c12281340fac96b635a2879cc065d7637a6592872	raw	control	5.9.2	2264a8042763edf2620cfe32d96b096e1f3d26aa	5.9.2	2.55.0	1000	150	dirty	10	0.388	0.388	0	0	0	na	1788332279.067210	1788332279.220535	252445953	252446109
2026-09-02T06:57:49Z	8dc0b5fea25671d6745a556bffb740d3866e189c	352c096f011eb282f12e6d4c12281340fac96b635a2879cc065d7637a6592872	raw	control	5.9.2	2264a8042763edf2620cfe32d96b096e1f3d26aa	5.9.2	2.55.0	1000	150	dirty	11	0.375	0.375	0	0	0	na	1788332279.374185	1788332279.527714	252446381	252446550
2026-09-02T06:57:49Z	8dc0b5fea25671d6745a556bffb740d3866e189c	352c096f011eb282f12e6d4c12281340fac96b635a2879cc065d7637a6592872	raw	control	5.9.2	2264a8042763edf2620cfe32d96b096e1f3d26aa	5.9.2	2.55.0	1000	150	dirty	12	0.381	0.381	0	0	0	na	1788332279.681232	1788332279.834623	252446866	252447332
2026-09-02T06:57:49Z	8dc0b5fea25671d6745a556bffb740d3866e189c	352c096f011eb282f12e6d4c12281340fac96b635a2879cc065d7637a6592872	raw	control	5.9.2	2264a8042763edf2620cfe32d96b096e1f3d26aa	5.9.2	2.55.0	1000	150	dirty	13	0.348	0.348	0	0	0	na	1788332279.987772	1788332280.140999	252447596	252447704
2026-09-02T06:57:49Z	8dc0b5fea25671d6745a556bffb740d3866e189c	352c096f011eb282f12e6d4c12281340fac96b635a2879cc065d7637a6592872	raw	control	5.9.2	2264a8042763edf2620cfe32d96b096e1f3d26aa	5.9.2	2.55.0	1000	150	dirty	14	0.353	0.353	0	0	0	na	1788332280.294665	1788332280.448201	252448108	252448457
2026-09-02T06:57:49Z	8dc0b5fea25671d6745a556bffb740d3866e189c	352c096f011eb282f12e6d4c12281340fac96b635a2879cc065d7637a6592872	raw	control	5.9.2	2264a8042763edf2620cfe32d96b096e1f3d26aa	5.9.2	2.55.0	1000	150	dirty	15	0.338	0.338	0	0	0	na	1788332280.601665	1788332280.755346	252448639	252449513
2026-09-02T06:57:49Z	8dc0b5fea25671d6745a556bffb740d3866e189c	352c096f011eb282f12e6d4c12281340fac96b635a2879cc065d7637a6592872	raw	control	5.9.2	2264a8042763edf2620cfe32d96b096e1f3d26aa	5.9.2	2.55.0	1000	150	dirty	16	0.382	0.382	0	0	0	na	1788332280.908966	1788332281.062351	252450264	252450456
2026-09-02T06:57:49Z	8dc0b5fea25671d6745a556bffb740d3866e189c	352c096f011eb282f12e6d4c12281340fac96b635a2879cc065d7637a6592872	raw	control	5.9.2	2264a8042763edf2620cfe32d96b096e1f3d26aa	5.9.2	2.55.0	1000	150	dirty	17	0.418	0.418	0	0	0	na	1788332281.215853	1788332281.369442	252450591	252450746
2026-09-02T06:57:49Z	8dc0b5fea25671d6745a556bffb740d3866e189c	352c096f011eb282f12e6d4c12281340fac96b635a2879cc065d7637a6592872	raw	control	5.9.2	2264a8042763edf2620cfe32d96b096e1f3d26aa	5.9.2	2.55.0	1000	150	dirty	18	0.372	0.372	0	0	0	na	1788332281.523067	1788332281.676384	252450884	252451055
2026-09-02T06:57:49Z	8dc0b5fea25671d6745a556bffb740d3866e189c	352c096f011eb282f12e6d4c12281340fac96b635a2879cc065d7637a6592872	raw	control	5.9.2	2264a8042763edf2620cfe32d96b096e1f3d26aa	5.9.2	2.55.0	1000	150	dirty	19	0.411	0.411	0	0	0	na	1788332281.829793	1788332281.983274	252451208	252451524
2026-09-02T06:57:49Z	8dc0b5fea25671d6745a556bffb740d3866e189c	352c096f011eb282f12e6d4c12281340fac96b635a2879cc065d7637a6592872	raw	control	5.9.2	2264a8042763edf2620cfe32d96b096e1f3d26aa	5.9.2	2.55.0	1000	150	dirty	20	0.411	0.411	0	0	0	na	1788332282.136533	1788332282.290325	252451673	252451820
2026-09-02T06:57:49Z	8dc0b5fea25671d6745a556bffb740d3866e189c	352c096f011eb282f12e6d4c12281340fac96b635a2879cc065d7637a6592872	raw	control	5.9.2	2264a8042763edf2620cfe32d96b096e1f3d26aa	5.9.2	2.55.0	1000	150	untracked	1	0.487	0.487	0	0	0	na	1788332282.467073	1788332282.620714	252452015	252452184
2026-09-02T06:57:49Z	8dc0b5fea25671d6745a556bffb740d3866e189c	352c096f011eb282f12e6d4c12281340fac96b635a2879cc065d7637a6592872	raw	control	5.9.2	2264a8042763edf2620cfe32d96b096e1f3d26aa	5.9.2	2.55.0	1000	150	untracked	2	0.430	0.430	0	0	0	na	1788332282.775301	1788332282.928776	252452349	252452476
2026-09-02T06:57:49Z	8dc0b5fea25671d6745a556bffb740d3866e189c	352c096f011eb282f12e6d4c12281340fac96b635a2879cc065d7637a6592872	raw	control	5.9.2	2264a8042763edf2620cfe32d96b096e1f3d26aa	5.9.2	2.55.0	1000	150	untracked	3	0.422	0.422	0	0	0	na	1788332283.083643	1788332283.237108	252452622	252452958
2026-09-02T06:57:49Z	8dc0b5fea25671d6745a556bffb740d3866e189c	352c096f011eb282f12e6d4c12281340fac96b635a2879cc065d7637a6592872	raw	control	5.9.2	2264a8042763edf2620cfe32d96b096e1f3d26aa	5.9.2	2.55.0	1000	150	untracked	4	0.441	0.441	0	0	0	na	1788332283.391881	1788332283.545418	252453082	252453472
2026-09-02T06:57:49Z	8dc0b5fea25671d6745a556bffb740d3866e189c	352c096f011eb282f12e6d4c12281340fac96b635a2879cc065d7637a6592872	raw	control	5.9.2	2264a8042763edf2620cfe32d96b096e1f3d26aa	5.9.2	2.55.0	1000	150	untracked	5	0.405	0.405	0	0	0	na	1788332283.700006	1788332283.853581	252453708	252453909
2026-09-02T06:57:49Z	8dc0b5fea25671d6745a556bffb740d3866e189c	352c096f011eb282f12e6d4c12281340fac96b635a2879cc065d7637a6592872	raw	control	5.9.2	2264a8042763edf2620cfe32d96b096e1f3d26aa	5.9.2	2.55.0	1000	150	untracked	6	0.390	0.390	0	0	0	na	1788332284.008478	1788332284.162042	252454076	252454335
2026-09-02T06:57:49Z	8dc0b5fea25671d6745a556bffb740d3866e189c	352c096f011eb282f12e6d4c12281340fac96b635a2879cc065d7637a6592872	raw	control	5.9.2	2264a8042763edf2620cfe32d96b096e1f3d26aa	5.9.2	2.55.0	1000	150	untracked	7	0.447	0.447	0	0	0	na	1788332284.316754	1788332284.470328	252454512	252454649
2026-09-02T06:57:49Z	8dc0b5fea25671d6745a556bffb740d3866e189c	352c096f011eb282f12e6d4c12281340fac96b635a2879cc065d7637a6592872	raw	control	5.9.2	2264a8042763edf2620cfe32d96b096e1f3d26aa	5.9.2	2.55.0	1000	150	untracked	8	0.412	0.412	0	0	0	na	1788332284.624819	1788332284.778108	252454787	252455037
2026-09-02T06:57:49Z	8dc0b5fea25671d6745a556bffb740d3866e189c	352c096f011eb282f12e6d4c12281340fac96b635a2879cc065d7637a6592872	raw	control	5.9.2	2264a8042763edf2620cfe32d96b096e1f3d26aa	5.9.2	2.55.0	1000	150	untracked	9	0.427	0.427	0	0	0	na	1788332284.932777	1788332285.086265	252455306	252455543
2026-09-02T06:57:49Z	8dc0b5fea25671d6745a556bffb740d3866e189c	352c096f011eb282f12e6d4c12281340fac96b635a2879cc065d7637a6592872	raw	control	5.9.2	2264a8042763edf2620cfe32d96b096e1f3d26aa	5.9.2	2.55.0	1000	150	untracked	10	0.413	0.413	0	0	0	na	1788332285.241438	1788332285.395274	252455803	252456184
2026-09-02T06:57:49Z	8dc0b5fea25671d6745a556bffb740d3866e189c	352c096f011eb282f12e6d4c12281340fac96b635a2879cc065d7637a6592872	raw	control	5.9.2	2264a8042763edf2620cfe32d96b096e1f3d26aa	5.9.2	2.55.0	1000	150	untracked	11	0.424	0.424	0	0	0	na	1788332285.550093	1788332285.703581	252456527	252456748
2026-09-02T06:57:49Z	8dc0b5fea25671d6745a556bffb740d3866e189c	352c096f011eb282f12e6d4c12281340fac96b635a2879cc065d7637a6592872	raw	control	5.9.2	2264a8042763edf2620cfe32d96b096e1f3d26aa	5.9.2	2.55.0	1000	150	untracked	12	0.408	0.408	0	0	0	na	1788332285.858435	1788332286.011930	252456980	252457339
2026-09-02T06:57:49Z	8dc0b5fea25671d6745a556bffb740d3866e189c	352c096f011eb282f12e6d4c12281340fac96b635a2879cc065d7637a6592872	raw	control	5.9.2	2264a8042763edf2620cfe32d96b096e1f3d26aa	5.9.2	2.55.0	1000	150	untracked	13	0.511	0.511	0	0	0	na	1788332286.166798	1788332286.320474	252457685	252457886
2026-09-02T06:57:49Z	8dc0b5fea25671d6745a556bffb740d3866e189c	352c096f011eb282f12e6d4c12281340fac96b635a2879cc065d7637a6592872	raw	control	5.9.2	2264a8042763edf2620cfe32d96b096e1f3d26aa	5.9.2	2.55.0	1000	150	untracked	14	0.434	0.434	0	0	0	na	1788332286.475138	1788332286.628479	252458032	252458225
2026-09-02T06:57:49Z	8dc0b5fea25671d6745a556bffb740d3866e189c	352c096f011eb282f12e6d4c12281340fac96b635a2879cc065d7637a6592872	raw	control	5.9.2	2264a8042763edf2620cfe32d96b096e1f3d26aa	5.9.2	2.55.0	1000	150	untracked	15	0.376	0.376	0	0	0	na	1788332286.783010	1788332286.936240	252458413	252458621
2026-09-02T06:57:49Z	8dc0b5fea25671d6745a556bffb740d3866e189c	352c096f011eb282f12e6d4c12281340fac96b635a2879cc065d7637a6592872	raw	control	5.9.2	2264a8042763edf2620cfe32d96b096e1f3d26aa	5.9.2	2.55.0	1000	150	untracked	16	0.417	0.417	0	0	0	na	1788332287.090993	1788332287.244435	252458739	252458948
2026-09-02T06:57:49Z	8dc0b5fea25671d6745a556bffb740d3866e189c	352c096f011eb282f12e6d4c12281340fac96b635a2879cc065d7637a6592872	raw	control	5.9.2	2264a8042763edf2620cfe32d96b096e1f3d26aa	5.9.2	2.55.0	1000	150	untracked	17	0.373	0.373	0	0	0	na	1788332287.399203	1788332287.552807	252459142	252459324
2026-09-02T06:57:49Z	8dc0b5fea25671d6745a556bffb740d3866e189c	352c096f011eb282f12e6d4c12281340fac96b635a2879cc065d7637a6592872	raw	control	5.9.2	2264a8042763edf2620cfe32d96b096e1f3d26aa	5.9.2	2.55.0	1000	150	untracked	18	0.389	0.389	0	0	0	na	1788332287.707506	1788332287.861193	252459527	252459937
2026-09-02T06:57:49Z	8dc0b5fea25671d6745a556bffb740d3866e189c	352c096f011eb282f12e6d4c12281340fac96b635a2879cc065d7637a6592872	raw	control	5.9.2	2264a8042763edf2620cfe32d96b096e1f3d26aa	5.9.2	2.55.0	1000	150	untracked	19	0.416	0.416	0	0	0	na	1788332288.016063	1788332288.169904	252460628	252461481
2026-09-02T06:57:49Z	8dc0b5fea25671d6745a556bffb740d3866e189c	352c096f011eb282f12e6d4c12281340fac96b635a2879cc065d7637a6592872	raw	control	5.9.2	2264a8042763edf2620cfe32d96b096e1f3d26aa	5.9.2	2.55.0	1000	150	untracked	20	0.473	0.473	0	0	0	na	1788332288.324922	1788332288.478701	252462391	252462722
2026-09-02T06:57:49Z	8dc0b5fea25671d6745a556bffb740d3866e189c	352c096f011eb282f12e6d4c12281340fac96b635a2879cc065d7637a6592872	direct-git	control	2.55.0	2264a8042763edf2620cfe32d96b096e1f3d26aa	5.9.2	2.55.0	1000	150	clean	1	5.491	5.491	0	1	0	na	1788332288.839504	1788332288.998456	252464614	252464897
2026-09-02T06:57:49Z	8dc0b5fea25671d6745a556bffb740d3866e189c	352c096f011eb282f12e6d4c12281340fac96b635a2879cc065d7637a6592872	direct-git	control	2.55.0	2264a8042763edf2620cfe32d96b096e1f3d26aa	5.9.2	2.55.0	1000	150	clean	2	5.241	5.241	0	1	0	na	1788332289.157721	1788332289.316295	252465445	252465555
2026-09-02T06:57:49Z	8dc0b5fea25671d6745a556bffb740d3866e189c	352c096f011eb282f12e6d4c12281340fac96b635a2879cc065d7637a6592872	direct-git	control	2.55.0	2264a8042763edf2620cfe32d96b096e1f3d26aa	5.9.2	2.55.0	1000	150	clean	3	5.280	5.280	0	1	0	na	1788332289.474984	1788332289.633529	252465724	252465919
2026-09-02T06:57:49Z	8dc0b5fea25671d6745a556bffb740d3866e189c	352c096f011eb282f12e6d4c12281340fac96b635a2879cc065d7637a6592872	direct-git	control	2.55.0	2264a8042763edf2620cfe32d96b096e1f3d26aa	5.9.2	2.55.0	1000	150	clean	4	5.185	5.185	0	1	0	na	1788332289.792328	1788332289.950972	252466075	252466284
2026-09-02T06:57:49Z	8dc0b5fea25671d6745a556bffb740d3866e189c	352c096f011eb282f12e6d4c12281340fac96b635a2879cc065d7637a6592872	direct-git	control	2.55.0	2264a8042763edf2620cfe32d96b096e1f3d26aa	5.9.2	2.55.0	1000	150	clean	5	5.834	5.834	0	1	0	na	1788332290.109740	1788332290.269015	252466411	252466582
2026-09-02T06:57:49Z	8dc0b5fea25671d6745a556bffb740d3866e189c	352c096f011eb282f12e6d4c12281340fac96b635a2879cc065d7637a6592872	direct-git	control	2.55.0	2264a8042763edf2620cfe32d96b096e1f3d26aa	5.9.2	2.55.0	1000	150	clean	6	5.420	5.420	0	1	0	na	1788332290.427798	1788332290.586779	252466719	252466867
2026-09-02T06:57:49Z	8dc0b5fea25671d6745a556bffb740d3866e189c	352c096f011eb282f12e6d4c12281340fac96b635a2879cc065d7637a6592872	direct-git	control	2.55.0	2264a8042763edf2620cfe32d96b096e1f3d26aa	5.9.2	2.55.0	1000	150	clean	7	5.132	5.132	0	1	0	na	1788332290.745358	1788332290.903916	252467320	252467495
2026-09-02T06:57:49Z	8dc0b5fea25671d6745a556bffb740d3866e189c	352c096f011eb282f12e6d4c12281340fac96b635a2879cc065d7637a6592872	direct-git	control	2.55.0	2264a8042763edf2620cfe32d96b096e1f3d26aa	5.9.2	2.55.0	1000	150	clean	8	5.517	5.517	0	1	0	na	1788332291.063221	1788332291.222330	252468111	252468236
2026-09-02T06:57:49Z	8dc0b5fea25671d6745a556bffb740d3866e189c	352c096f011eb282f12e6d4c12281340fac96b635a2879cc065d7637a6592872	direct-git	control	2.55.0	2264a8042763edf2620cfe32d96b096e1f3d26aa	5.9.2	2.55.0	1000	150	clean	9	5.729	5.729	0	1	0	na	1788332291.381253	1788332291.540515	252468380	252468546
2026-09-02T06:57:49Z	8dc0b5fea25671d6745a556bffb740d3866e189c	352c096f011eb282f12e6d4c12281340fac96b635a2879cc065d7637a6592872	direct-git	control	2.55.0	2264a8042763edf2620cfe32d96b096e1f3d26aa	5.9.2	2.55.0	1000	150	clean	10	5.304	5.304	0	1	0	na	1788332291.699533	1788332291.858395	252468720	252468997
2026-09-02T06:57:49Z	8dc0b5fea25671d6745a556bffb740d3866e189c	352c096f011eb282f12e6d4c12281340fac96b635a2879cc065d7637a6592872	direct-git	control	2.55.0	2264a8042763edf2620cfe32d96b096e1f3d26aa	5.9.2	2.55.0	1000	150	clean	11	5.165	5.165	0	1	0	na	1788332292.017333	1788332292.176285	252469289	252469536
2026-09-02T06:57:49Z	8dc0b5fea25671d6745a556bffb740d3866e189c	352c096f011eb282f12e6d4c12281340fac96b635a2879cc065d7637a6592872	direct-git	control	2.55.0	2264a8042763edf2620cfe32d96b096e1f3d26aa	5.9.2	2.55.0	1000	150	clean	12	5.211	5.211	0	1	0	na	1788332292.335198	1788332292.493839	252470068	252470292
2026-09-02T06:57:49Z	8dc0b5fea25671d6745a556bffb740d3866e189c	352c096f011eb282f12e6d4c12281340fac96b635a2879cc065d7637a6592872	direct-git	control	2.55.0	2264a8042763edf2620cfe32d96b096e1f3d26aa	5.9.2	2.55.0	1000	150	clean	13	5.105	5.105	0	1	0	na	1788332292.652699	1788332292.811338	252470514	252470697
2026-09-02T06:57:49Z	8dc0b5fea25671d6745a556bffb740d3866e189c	352c096f011eb282f12e6d4c12281340fac96b635a2879cc065d7637a6592872	direct-git	control	2.55.0	2264a8042763edf2620cfe32d96b096e1f3d26aa	5.9.2	2.55.0	1000	150	clean	14	5.727	5.727	0	1	0	na	1788332292.970794	1788332293.130549	252470905	252471114
2026-09-02T06:57:49Z	8dc0b5fea25671d6745a556bffb740d3866e189c	352c096f011eb282f12e6d4c12281340fac96b635a2879cc065d7637a6592872	direct-git	control	2.55.0	2264a8042763edf2620cfe32d96b096e1f3d26aa	5.9.2	2.55.0	1000	150	clean	15	5.518	5.518	0	1	0	na	1788332293.290334	1788332293.449780	252471288	252471417
2026-09-02T06:57:49Z	8dc0b5fea25671d6745a556bffb740d3866e189c	352c096f011eb282f12e6d4c12281340fac96b635a2879cc065d7637a6592872	direct-git	control	2.55.0	2264a8042763edf2620cfe32d96b096e1f3d26aa	5.9.2	2.55.0	1000	150	clean	16	5.432	5.432	0	1	0	na	1788332293.608771	1788332293.767677	252471804	252471934
2026-09-02T06:57:49Z	8dc0b5fea25671d6745a556bffb740d3866e189c	352c096f011eb282f12e6d4c12281340fac96b635a2879cc065d7637a6592872	direct-git	control	2.55.0	2264a8042763edf2620cfe32d96b096e1f3d26aa	5.9.2	2.55.0	1000	150	clean	17	5.698	5.698	0	1	0	na	1788332293.926848	1788332294.086179	252472331	252472585
2026-09-02T06:57:49Z	8dc0b5fea25671d6745a556bffb740d3866e189c	352c096f011eb282f12e6d4c12281340fac96b635a2879cc065d7637a6592872	direct-git	control	2.55.0	2264a8042763edf2620cfe32d96b096e1f3d26aa	5.9.2	2.55.0	1000	150	clean	18	5.588	5.588	0	1	0	na	1788332294.245278	1788332294.404294	252472769	252472932
2026-09-02T06:57:49Z	8dc0b5fea25671d6745a556bffb740d3866e189c	352c096f011eb282f12e6d4c12281340fac96b635a2879cc065d7637a6592872	direct-git	control	2.55.0	2264a8042763edf2620cfe32d96b096e1f3d26aa	5.9.2	2.55.0	1000	150	clean	19	5.616	5.616	0	1	0	na	1788332294.564383	1788332294.724181	252473255	252473650
2026-09-02T06:57:49Z	8dc0b5fea25671d6745a556bffb740d3866e189c	352c096f011eb282f12e6d4c12281340fac96b635a2879cc065d7637a6592872	direct-git	control	2.55.0	2264a8042763edf2620cfe32d96b096e1f3d26aa	5.9.2	2.55.0	1000	150	clean	20	5.878	5.878	0	1	0	na	1788332294.883794	1788332295.043544	252473823	252474373
2026-09-02T06:57:49Z	8dc0b5fea25671d6745a556bffb740d3866e189c	352c096f011eb282f12e6d4c12281340fac96b635a2879cc065d7637a6592872	direct-git	control	2.55.0	2264a8042763edf2620cfe32d96b096e1f3d26aa	5.9.2	2.55.0	1000	150	dirty	1	5.513	5.513	0	1	0	na	1788332295.220167	1788332295.379224	252475345	252475949
2026-09-02T06:57:49Z	8dc0b5fea25671d6745a556bffb740d3866e189c	352c096f011eb282f12e6d4c12281340fac96b635a2879cc065d7637a6592872	direct-git	control	2.55.0	2264a8042763edf2620cfe32d96b096e1f3d26aa	5.9.2	2.55.0	1000	150	dirty	2	5.328	5.328	0	1	0	na	1788332295.538649	1788332295.697601	252476693	252477995
2026-09-02T06:57:49Z	8dc0b5fea25671d6745a556bffb740d3866e189c	352c096f011eb282f12e6d4c12281340fac96b635a2879cc065d7637a6592872	direct-git	control	2.55.0	2264a8042763edf2620cfe32d96b096e1f3d26aa	5.9.2	2.55.0	1000	150	dirty	3	5.554	5.554	0	1	0	na	1788332295.857245	1788332296.016910	252479693	252481022
2026-09-02T06:57:49Z	8dc0b5fea25671d6745a556bffb740d3866e189c	352c096f011eb282f12e6d4c12281340fac96b635a2879cc065d7637a6592872	direct-git	control	2.55.0	2264a8042763edf2620cfe32d96b096e1f3d26aa	5.9.2	2.55.0	1000	150	dirty	4	5.167	5.167	0	1	0	na	1788332296.176237	1788332296.335588	252482730	252483640
2026-09-02T06:57:49Z	8dc0b5fea25671d6745a556bffb740d3866e189c	352c096f011eb282f12e6d4c12281340fac96b635a2879cc065d7637a6592872	direct-git	control	2.55.0	2264a8042763edf2620cfe32d96b096e1f3d26aa	5.9.2	2.55.0	1000	150	dirty	5	5.200	5.200	0	1	0	na	1788332296.494900	1788332296.653726	252484710	252485815
2026-09-02T06:57:49Z	8dc0b5fea25671d6745a556bffb740d3866e189c	352c096f011eb282f12e6d4c12281340fac96b635a2879cc065d7637a6592872	direct-git	control	2.55.0	2264a8042763edf2620cfe32d96b096e1f3d26aa	5.9.2	2.55.0	1000	150	dirty	6	5.477	5.477	0	1	0	na	1788332296.813425	1788332296.972767	252487401	252488389
2026-09-02T06:57:49Z	8dc0b5fea25671d6745a556bffb740d3866e189c	352c096f011eb282f12e6d4c12281340fac96b635a2879cc065d7637a6592872	direct-git	control	2.55.0	2264a8042763edf2620cfe32d96b096e1f3d26aa	5.9.2	2.55.0	1000	150	dirty	7	5.259	5.259	0	1	0	na	1788332297.132939	1788332297.292016	252489115	252490400
2026-09-02T06:57:49Z	8dc0b5fea25671d6745a556bffb740d3866e189c	352c096f011eb282f12e6d4c12281340fac96b635a2879cc065d7637a6592872	direct-git	control	2.55.0	2264a8042763edf2620cfe32d96b096e1f3d26aa	5.9.2	2.55.0	1000	150	dirty	8	5.795	5.795	0	1	0	na	1788332297.451710	1788332297.611376	252491256	252492679
2026-09-02T06:57:49Z	8dc0b5fea25671d6745a556bffb740d3866e189c	352c096f011eb282f12e6d4c12281340fac96b635a2879cc065d7637a6592872	direct-git	control	2.55.0	2264a8042763edf2620cfe32d96b096e1f3d26aa	5.9.2	2.55.0	1000	150	dirty	9	5.472	5.472	0	1	0	na	1788332297.771001	1788332297.930868	252493728	252494692
2026-09-02T06:57:49Z	8dc0b5fea25671d6745a556bffb740d3866e189c	352c096f011eb282f12e6d4c12281340fac96b635a2879cc065d7637a6592872	direct-git	control	2.55.0	2264a8042763edf2620cfe32d96b096e1f3d26aa	5.9.2	2.55.0	1000	150	dirty	10	5.543	5.543	0	1	0	na	1788332298.091653	1788332298.251129	252495868	252497521
2026-09-02T06:57:49Z	8dc0b5fea25671d6745a556bffb740d3866e189c	352c096f011eb282f12e6d4c12281340fac96b635a2879cc065d7637a6592872	direct-git	control	2.55.0	2264a8042763edf2620cfe32d96b096e1f3d26aa	5.9.2	2.55.0	1000	150	dirty	11	5.353	5.353	0	1	0	na	1788332298.410508	1788332298.569677	252499084	252501766
2026-09-02T06:57:49Z	8dc0b5fea25671d6745a556bffb740d3866e189c	352c096f011eb282f12e6d4c12281340fac96b635a2879cc065d7637a6592872	direct-git	control	2.55.0	2264a8042763edf2620cfe32d96b096e1f3d26aa	5.9.2	2.55.0	1000	150	dirty	12	5.250	5.250	0	1	0	na	1788332298.729671	1788332298.888695	252503076	252504008
2026-09-02T06:57:49Z	8dc0b5fea25671d6745a556bffb740d3866e189c	352c096f011eb282f12e6d4c12281340fac96b635a2879cc065d7637a6592872	direct-git	control	2.55.0	2264a8042763edf2620cfe32d96b096e1f3d26aa	5.9.2	2.55.0	1000	150	dirty	13	5.391	5.391	0	1	0	na	1788332299.049656	1788332299.209041	252505214	252506204
2026-09-02T06:57:49Z	8dc0b5fea25671d6745a556bffb740d3866e189c	352c096f011eb282f12e6d4c12281340fac96b635a2879cc065d7637a6592872	direct-git	control	2.55.0	2264a8042763edf2620cfe32d96b096e1f3d26aa	5.9.2	2.55.0	1000	150	dirty	14	5.702	5.702	0	1	0	na	1788332299.368605	1788332299.528240	252507409	252508380
2026-09-02T06:57:49Z	8dc0b5fea25671d6745a556bffb740d3866e189c	352c096f011eb282f12e6d4c12281340fac96b635a2879cc065d7637a6592872	direct-git	control	2.55.0	2264a8042763edf2620cfe32d96b096e1f3d26aa	5.9.2	2.55.0	1000	150	dirty	15	5.388	5.388	0	1	0	na	1788332299.687991	1788332299.847457	252509594	252511623
2026-09-02T06:57:49Z	8dc0b5fea25671d6745a556bffb740d3866e189c	352c096f011eb282f12e6d4c12281340fac96b635a2879cc065d7637a6592872	direct-git	control	2.55.0	2264a8042763edf2620cfe32d96b096e1f3d26aa	5.9.2	2.55.0	1000	150	dirty	16	5.344	5.344	0	1	0	na	1788332300.008030	1788332300.167717	252513225	252513999
2026-09-02T06:57:49Z	8dc0b5fea25671d6745a556bffb740d3866e189c	352c096f011eb282f12e6d4c12281340fac96b635a2879cc065d7637a6592872	direct-git	control	2.55.0	2264a8042763edf2620cfe32d96b096e1f3d26aa	5.9.2	2.55.0	1000	150	dirty	17	5.672	5.672	0	1	0	na	1788332300.327852	1788332300.487446	252514702	252516114
2026-09-02T06:57:49Z	8dc0b5fea25671d6745a556bffb740d3866e189c	352c096f011eb282f12e6d4c12281340fac96b635a2879cc065d7637a6592872	direct-git	control	2.55.0	2264a8042763edf2620cfe32d96b096e1f3d26aa	5.9.2	2.55.0	1000	150	dirty	18	5.588	5.588	0	1	0	na	1788332300.647288	1788332300.806660	252518055	252519393
2026-09-02T06:57:49Z	8dc0b5fea25671d6745a556bffb740d3866e189c	352c096f011eb282f12e6d4c12281340fac96b635a2879cc065d7637a6592872	direct-git	control	2.55.0	2264a8042763edf2620cfe32d96b096e1f3d26aa	5.9.2	2.55.0	1000	150	dirty	19	5.520	5.520	0	1	0	na	1788332300.966541	1788332301.125797	252520887	252521649
2026-09-02T06:57:49Z	8dc0b5fea25671d6745a556bffb740d3866e189c	352c096f011eb282f12e6d4c12281340fac96b635a2879cc065d7637a6592872	direct-git	control	2.55.0	2264a8042763edf2620cfe32d96b096e1f3d26aa	5.9.2	2.55.0	1000	150	dirty	20	5.394	5.394	0	1	0	na	1788332301.285490	1788332301.444944	252522393	252523541
2026-09-02T06:57:49Z	8dc0b5fea25671d6745a556bffb740d3866e189c	352c096f011eb282f12e6d4c12281340fac96b635a2879cc065d7637a6592872	direct-git	control	2.55.0	2264a8042763edf2620cfe32d96b096e1f3d26aa	5.9.2	2.55.0	1000	150	untracked	1	5.747	5.747	0	1	0	na	1788332301.625652	1788332301.785261	252524744	252525187
2026-09-02T06:57:49Z	8dc0b5fea25671d6745a556bffb740d3866e189c	352c096f011eb282f12e6d4c12281340fac96b635a2879cc065d7637a6592872	direct-git	control	2.55.0	2264a8042763edf2620cfe32d96b096e1f3d26aa	5.9.2	2.55.0	1000	150	untracked	2	5.257	5.257	0	1	0	na	1788332301.946610	1788332302.105833	252526184	252527200
2026-09-02T06:57:49Z	8dc0b5fea25671d6745a556bffb740d3866e189c	352c096f011eb282f12e6d4c12281340fac96b635a2879cc065d7637a6592872	direct-git	control	2.55.0	2264a8042763edf2620cfe32d96b096e1f3d26aa	5.9.2	2.55.0	1000	150	untracked	3	5.219	5.219	0	1	0	na	1788332302.267538	1788332302.427048	252528330	252529765
2026-09-02T06:57:49Z	8dc0b5fea25671d6745a556bffb740d3866e189c	352c096f011eb282f12e6d4c12281340fac96b635a2879cc065d7637a6592872	direct-git	control	2.55.0	2264a8042763edf2620cfe32d96b096e1f3d26aa	5.9.2	2.55.0	1000	150	untracked	4	5.405	5.405	0	1	0	na	1788332302.588761	1788332302.748280	252531530	252533349
2026-09-02T06:57:49Z	8dc0b5fea25671d6745a556bffb740d3866e189c	352c096f011eb282f12e6d4c12281340fac96b635a2879cc065d7637a6592872	direct-git	control	2.55.0	2264a8042763edf2620cfe32d96b096e1f3d26aa	5.9.2	2.55.0	1000	150	untracked	5	5.435	5.435	0	1	0	na	1788332302.910206	1788332303.069793	252534754	252536384
2026-09-02T06:57:49Z	8dc0b5fea25671d6745a556bffb740d3866e189c	352c096f011eb282f12e6d4c12281340fac96b635a2879cc065d7637a6592872	direct-git	control	2.55.0	2264a8042763edf2620cfe32d96b096e1f3d26aa	5.9.2	2.55.0	1000	150	untracked	6	5.262	5.262	0	1	0	na	1788332303.231008	1788332303.390371	252537593	252538299
2026-09-02T06:57:49Z	8dc0b5fea25671d6745a556bffb740d3866e189c	352c096f011eb282f12e6d4c12281340fac96b635a2879cc065d7637a6592872	direct-git	control	2.55.0	2264a8042763edf2620cfe32d96b096e1f3d26aa	5.9.2	2.55.0	1000	150	untracked	7	5.597	5.597	0	1	0	na	1788332303.553088	1788332303.712989	252539898	252541372
2026-09-02T06:57:49Z	8dc0b5fea25671d6745a556bffb740d3866e189c	352c096f011eb282f12e6d4c12281340fac96b635a2879cc065d7637a6592872	direct-git	control	2.55.0	2264a8042763edf2620cfe32d96b096e1f3d26aa	5.9.2	2.55.0	1000	150	untracked	8	5.694	5.694	0	1	0	na	1788332303.874167	1788332304.033836	252542277	252543135
2026-09-02T06:57:49Z	8dc0b5fea25671d6745a556bffb740d3866e189c	352c096f011eb282f12e6d4c12281340fac96b635a2879cc065d7637a6592872	direct-git	control	2.55.0	2264a8042763edf2620cfe32d96b096e1f3d26aa	5.9.2	2.55.0	1000	150	untracked	9	5.430	5.430	0	1	0	na	1788332304.195527	1788332304.355779	252544052	252545116
2026-09-02T06:57:49Z	8dc0b5fea25671d6745a556bffb740d3866e189c	352c096f011eb282f12e6d4c12281340fac96b635a2879cc065d7637a6592872	direct-git	control	2.55.0	2264a8042763edf2620cfe32d96b096e1f3d26aa	5.9.2	2.55.0	1000	150	untracked	10	5.650	5.650	0	1	0	na	1788332304.518072	1788332304.677968	252546193	252547892
2026-09-02T06:57:49Z	8dc0b5fea25671d6745a556bffb740d3866e189c	352c096f011eb282f12e6d4c12281340fac96b635a2879cc065d7637a6592872	direct-git	control	2.55.0	2264a8042763edf2620cfe32d96b096e1f3d26aa	5.9.2	2.55.0	1000	150	untracked	11	5.836	5.836	0	1	0	na	1788332304.839941	1788332305.000693	252548908	252551096
2026-09-02T06:57:49Z	8dc0b5fea25671d6745a556bffb740d3866e189c	352c096f011eb282f12e6d4c12281340fac96b635a2879cc065d7637a6592872	direct-git	control	2.55.0	2264a8042763edf2620cfe32d96b096e1f3d26aa	5.9.2	2.55.0	1000	150	untracked	12	5.373	5.373	0	1	0	na	1788332305.163277	1788332305.322956	252552146	252553261
2026-09-02T06:57:49Z	8dc0b5fea25671d6745a556bffb740d3866e189c	352c096f011eb282f12e6d4c12281340fac96b635a2879cc065d7637a6592872	direct-git	control	2.55.0	2264a8042763edf2620cfe32d96b096e1f3d26aa	5.9.2	2.55.0	1000	150	untracked	13	5.618	5.618	0	1	0	na	1788332305.484902	1788332305.644858	252554432	252555583
2026-09-02T06:57:49Z	8dc0b5fea25671d6745a556bffb740d3866e189c	352c096f011eb282f12e6d4c12281340fac96b635a2879cc065d7637a6592872	direct-git	control	2.55.0	2264a8042763edf2620cfe32d96b096e1f3d26aa	5.9.2	2.55.0	1000	150	untracked	14	5.851	5.851	0	1	0	na	1788332305.806333	1788332305.966493	252556644	252557615
2026-09-02T06:57:49Z	8dc0b5fea25671d6745a556bffb740d3866e189c	352c096f011eb282f12e6d4c12281340fac96b635a2879cc065d7637a6592872	direct-git	control	2.55.0	2264a8042763edf2620cfe32d96b096e1f3d26aa	5.9.2	2.55.0	1000	150	untracked	15	5.543	5.543	0	1	0	na	1788332306.128353	1788332306.288259	252558832	252559980
2026-09-02T06:57:49Z	8dc0b5fea25671d6745a556bffb740d3866e189c	352c096f011eb282f12e6d4c12281340fac96b635a2879cc065d7637a6592872	direct-git	control	2.55.0	2264a8042763edf2620cfe32d96b096e1f3d26aa	5.9.2	2.55.0	1000	150	untracked	16	5.324	5.324	0	1	0	na	1788332306.449791	1788332306.609589	252560959	252561979
2026-09-02T06:57:49Z	8dc0b5fea25671d6745a556bffb740d3866e189c	352c096f011eb282f12e6d4c12281340fac96b635a2879cc065d7637a6592872	direct-git	control	2.55.0	2264a8042763edf2620cfe32d96b096e1f3d26aa	5.9.2	2.55.0	1000	150	untracked	17	5.683	5.683	0	1	0	na	1788332306.772181	1788332306.932316	252563635	252564864
2026-09-02T06:57:49Z	8dc0b5fea25671d6745a556bffb740d3866e189c	352c096f011eb282f12e6d4c12281340fac96b635a2879cc065d7637a6592872	direct-git	control	2.55.0	2264a8042763edf2620cfe32d96b096e1f3d26aa	5.9.2	2.55.0	1000	150	untracked	18	6.002	6.002	0	1	0	na	1788332307.094089	1788332307.255078	252567257	252568245
2026-09-02T06:57:49Z	8dc0b5fea25671d6745a556bffb740d3866e189c	352c096f011eb282f12e6d4c12281340fac96b635a2879cc065d7637a6592872	direct-git	control	2.55.0	2264a8042763edf2620cfe32d96b096e1f3d26aa	5.9.2	2.55.0	1000	150	untracked	19	5.573	5.573	0	1	0	na	1788332307.417916	1788332307.578165	252569089	252570167
2026-09-02T06:57:49Z	8dc0b5fea25671d6745a556bffb740d3866e189c	352c096f011eb282f12e6d4c12281340fac96b635a2879cc065d7637a6592872	direct-git	control	2.55.0	2264a8042763edf2620cfe32d96b096e1f3d26aa	5.9.2	2.55.0	1000	150	untracked	20	5.739	5.739	0	1	0	na	1788332307.740789	1788332307.900967	252571470	252572770
2026-09-02T06:57:49Z	8dc0b5fea25671d6745a556bffb740d3866e189c	352c096f011eb282f12e6d4c12281340fac96b635a2879cc065d7637a6592872	wsh-idle	control	57bc72c1c92472ccfb05e677071bf95d82fff4df3044f34a92a629596b62cd1b	2264a8042763edf2620cfe32d96b096e1f3d26aa	5.9.2	2.55.0	1000	150	clean	1	0.452	0.452	0	0	0	na	1788332308.260398	1788332308.414823	252574638	252576169
2026-09-02T06:57:49Z	8dc0b5fea25671d6745a556bffb740d3866e189c	352c096f011eb282f12e6d4c12281340fac96b635a2879cc065d7637a6592872	wsh-idle	control	57bc72c1c92472ccfb05e677071bf95d82fff4df3044f34a92a629596b62cd1b	2264a8042763edf2620cfe32d96b096e1f3d26aa	5.9.2	2.55.0	1000	150	clean	2	0.446	0.446	0	0	0	na	1788332308.570120	1788332308.724635	252577622	252579759
2026-09-02T06:57:49Z	8dc0b5fea25671d6745a556bffb740d3866e189c	352c096f011eb282f12e6d4c12281340fac96b635a2879cc065d7637a6592872	wsh-idle	control	57bc72c1c92472ccfb05e677071bf95d82fff4df3044f34a92a629596b62cd1b	2264a8042763edf2620cfe32d96b096e1f3d26aa	5.9.2	2.55.0	1000	150	clean	3	0.450	0.450	0	0	0	na	1788332308.880720	1788332309.035586	252581088	252582862
2026-09-02T06:57:49Z	8dc0b5fea25671d6745a556bffb740d3866e189c	352c096f011eb282f12e6d4c12281340fac96b635a2879cc065d7637a6592872	wsh-idle	control	57bc72c1c92472ccfb05e677071bf95d82fff4df3044f34a92a629596b62cd1b	2264a8042763edf2620cfe32d96b096e1f3d26aa	5.9.2	2.55.0	1000	150	clean	4	0.446	0.446	0	0	0	na	1788332309.191160	1788332309.345801	252583577	252584533
2026-09-02T06:57:49Z	8dc0b5fea25671d6745a556bffb740d3866e189c	352c096f011eb282f12e6d4c12281340fac96b635a2879cc065d7637a6592872	wsh-idle	control	57bc72c1c92472ccfb05e677071bf95d82fff4df3044f34a92a629596b62cd1b	2264a8042763edf2620cfe32d96b096e1f3d26aa	5.9.2	2.55.0	1000	150	clean	5	0.547	0.547	0	0	0	na	1788332309.501338	1788332309.656555	252586389	252588396
2026-09-02T06:57:49Z	8dc0b5fea25671d6745a556bffb740d3866e189c	352c096f011eb282f12e6d4c12281340fac96b635a2879cc065d7637a6592872	wsh-idle	control	57bc72c1c92472ccfb05e677071bf95d82fff4df3044f34a92a629596b62cd1b	2264a8042763edf2620cfe32d96b096e1f3d26aa	5.9.2	2.55.0	1000	150	clean	6	0.455	0.455	0	0	0	na	1788332309.812668	1788332309.967598	252589795	252590869
2026-09-02T06:57:49Z	8dc0b5fea25671d6745a556bffb740d3866e189c	352c096f011eb282f12e6d4c12281340fac96b635a2879cc065d7637a6592872	wsh-idle	control	57bc72c1c92472ccfb05e677071bf95d82fff4df3044f34a92a629596b62cd1b	2264a8042763edf2620cfe32d96b096e1f3d26aa	5.9.2	2.55.0	1000	150	clean	7	0.472	0.472	0	0	0	na	1788332310.122808	1788332310.277715	252592244	252593451
2026-09-02T06:57:49Z	8dc0b5fea25671d6745a556bffb740d3866e189c	352c096f011eb282f12e6d4c12281340fac96b635a2879cc065d7637a6592872	wsh-idle	control	57bc72c1c92472ccfb05e677071bf95d82fff4df3044f34a92a629596b62cd1b	2264a8042763edf2620cfe32d96b096e1f3d26aa	5.9.2	2.55.0	1000	150	clean	8	0.500	0.500	0	0	0	na	1788332310.433402	1788332310.588029	252594414	252595614
2026-09-02T06:57:49Z	8dc0b5fea25671d6745a556bffb740d3866e189c	352c096f011eb282f12e6d4c12281340fac96b635a2879cc065d7637a6592872	wsh-idle	control	57bc72c1c92472ccfb05e677071bf95d82fff4df3044f34a92a629596b62cd1b	2264a8042763edf2620cfe32d96b096e1f3d26aa	5.9.2	2.55.0	1000	150	clean	9	0.493	0.493	0	0	0	na	1788332310.744449	1788332310.899634	252597266	252598421
2026-09-02T06:57:49Z	8dc0b5fea25671d6745a556bffb740d3866e189c	352c096f011eb282f12e6d4c12281340fac96b635a2879cc065d7637a6592872	wsh-idle	control	57bc72c1c92472ccfb05e677071bf95d82fff4df3044f34a92a629596b62cd1b	2264a8042763edf2620cfe32d96b096e1f3d26aa	5.9.2	2.55.0	1000	150	clean	10	0.463	0.463	0	0	0	na	1788332311.055012	1788332311.209961	252599036	252599687
2026-09-02T06:57:49Z	8dc0b5fea25671d6745a556bffb740d3866e189c	352c096f011eb282f12e6d4c12281340fac96b635a2879cc065d7637a6592872	wsh-idle	control	57bc72c1c92472ccfb05e677071bf95d82fff4df3044f34a92a629596b62cd1b	2264a8042763edf2620cfe32d96b096e1f3d26aa	5.9.2	2.55.0	1000	150	clean	11	0.475	0.475	0	0	0	na	1788332311.365266	1788332311.519821	252599829	252600563
2026-09-02T06:57:49Z	8dc0b5fea25671d6745a556bffb740d3866e189c	352c096f011eb282f12e6d4c12281340fac96b635a2879cc065d7637a6592872	wsh-idle	control	57bc72c1c92472ccfb05e677071bf95d82fff4df3044f34a92a629596b62cd1b	2264a8042763edf2620cfe32d96b096e1f3d26aa	5.9.2	2.55.0	1000	150	clean	12	0.457	0.457	0	0	0	na	1788332311.675419	1788332311.830033	252601000	252601557
2026-09-02T06:57:49Z	8dc0b5fea25671d6745a556bffb740d3866e189c	352c096f011eb282f12e6d4c12281340fac96b635a2879cc065d7637a6592872	wsh-idle	control	57bc72c1c92472ccfb05e677071bf95d82fff4df3044f34a92a629596b62cd1b	2264a8042763edf2620cfe32d96b096e1f3d26aa	5.9.2	2.55.0	1000	150	clean	13	0.593	0.593	0	0	0	na	1788332311.985659	1788332312.140452	252602238	252602877
2026-09-02T06:57:49Z	8dc0b5fea25671d6745a556bffb740d3866e189c	352c096f011eb282f12e6d4c12281340fac96b635a2879cc065d7637a6592872	wsh-idle	control	57bc72c1c92472ccfb05e677071bf95d82fff4df3044f34a92a629596b62cd1b	2264a8042763edf2620cfe32d96b096e1f3d26aa	5.9.2	2.55.0	1000	150	clean	14	0.467	0.467	0	0	0	na	1788332312.296135	1788332312.451117	252603389	252604189
2026-09-02T06:57:49Z	8dc0b5fea25671d6745a556bffb740d3866e189c	352c096f011eb282f12e6d4c12281340fac96b635a2879cc065d7637a6592872	wsh-idle	control	57bc72c1c92472ccfb05e677071bf95d82fff4df3044f34a92a629596b62cd1b	2264a8042763edf2620cfe32d96b096e1f3d26aa	5.9.2	2.55.0	1000	150	clean	15	0.475	0.475	0	0	0	na	1788332312.606849	1788332312.761816	252604796	252605534
2026-09-02T06:57:49Z	8dc0b5fea25671d6745a556bffb740d3866e189c	352c096f011eb282f12e6d4c12281340fac96b635a2879cc065d7637a6592872	wsh-idle	control	57bc72c1c92472ccfb05e677071bf95d82fff4df3044f34a92a629596b62cd1b	2264a8042763edf2620cfe32d96b096e1f3d26aa	5.9.2	2.55.0	1000	150	clean	16	0.491	0.491	0	0	0	na	1788332312.917956	1788332313.072546	252606140	252606905
2026-09-02T06:57:49Z	8dc0b5fea25671d6745a556bffb740d3866e189c	352c096f011eb282f12e6d4c12281340fac96b635a2879cc065d7637a6592872	wsh-idle	control	57bc72c1c92472ccfb05e677071bf95d82fff4df3044f34a92a629596b62cd1b	2264a8042763edf2620cfe32d96b096e1f3d26aa	5.9.2	2.55.0	1000	150	clean	17	0.492	0.492	0	0	0	na	1788332313.228224	1788332313.383096	252607487	252608867
2026-09-02T06:57:49Z	8dc0b5fea25671d6745a556bffb740d3866e189c	352c096f011eb282f12e6d4c12281340fac96b635a2879cc065d7637a6592872	wsh-idle	control	57bc72c1c92472ccfb05e677071bf95d82fff4df3044f34a92a629596b62cd1b	2264a8042763edf2620cfe32d96b096e1f3d26aa	5.9.2	2.55.0	1000	150	clean	18	0.451	0.451	0	0	0	na	1788332313.538696	1788332313.693599	252610721	252612010
2026-09-02T06:57:49Z	8dc0b5fea25671d6745a556bffb740d3866e189c	352c096f011eb282f12e6d4c12281340fac96b635a2879cc065d7637a6592872	wsh-idle	control	57bc72c1c92472ccfb05e677071bf95d82fff4df3044f34a92a629596b62cd1b	2264a8042763edf2620cfe32d96b096e1f3d26aa	5.9.2	2.55.0	1000	150	clean	19	0.423	0.423	0	0	0	na	1788332313.849290	1788332314.003785	252612851	252614409
2026-09-02T06:57:49Z	8dc0b5fea25671d6745a556bffb740d3866e189c	352c096f011eb282f12e6d4c12281340fac96b635a2879cc065d7637a6592872	wsh-idle	control	57bc72c1c92472ccfb05e677071bf95d82fff4df3044f34a92a629596b62cd1b	2264a8042763edf2620cfe32d96b096e1f3d26aa	5.9.2	2.55.0	1000	150	clean	20	0.558	0.558	0	0	0	na	1788332314.159482	1788332314.314046	252614783	252616425
2026-09-02T06:57:49Z	8dc0b5fea25671d6745a556bffb740d3866e189c	352c096f011eb282f12e6d4c12281340fac96b635a2879cc065d7637a6592872	wsh-idle	control	57bc72c1c92472ccfb05e677071bf95d82fff4df3044f34a92a629596b62cd1b	2264a8042763edf2620cfe32d96b096e1f3d26aa	5.9.2	2.55.0	1000	150	dirty	1	0.508	0.508	0	0	0	na	1788332314.488706	1788332314.643410	252619278	252620500
2026-09-02T06:57:49Z	8dc0b5fea25671d6745a556bffb740d3866e189c	352c096f011eb282f12e6d4c12281340fac96b635a2879cc065d7637a6592872	wsh-idle	control	57bc72c1c92472ccfb05e677071bf95d82fff4df3044f34a92a629596b62cd1b	2264a8042763edf2620cfe32d96b096e1f3d26aa	5.9.2	2.55.0	1000	150	dirty	2	0.408	0.408	0	0	0	na	1788332314.798489	1788332314.952923	252623290	252624668
2026-09-02T06:57:49Z	8dc0b5fea25671d6745a556bffb740d3866e189c	352c096f011eb282f12e6d4c12281340fac96b635a2879cc065d7637a6592872	wsh-idle	control	57bc72c1c92472ccfb05e677071bf95d82fff4df3044f34a92a629596b62cd1b	2264a8042763edf2620cfe32d96b096e1f3d26aa	5.9.2	2.55.0	1000	150	dirty	3	0.412	0.412	0	0	0	na	1788332315.108128	1788332315.262985	252625753	252627084
2026-09-02T06:57:49Z	8dc0b5fea25671d6745a556bffb740d3866e189c	352c096f011eb282f12e6d4c12281340fac96b635a2879cc065d7637a6592872	wsh-idle	control	57bc72c1c92472ccfb05e677071bf95d82fff4df3044f34a92a629596b62cd1b	2264a8042763edf2620cfe32d96b096e1f3d26aa	5.9.2	2.55.0	1000	150	dirty	4	0.419	0.419	0	0	0	na	1788332315.418785	1788332315.573193	252628563	252629964
2026-09-02T06:57:49Z	8dc0b5fea25671d6745a556bffb740d3866e189c	352c096f011eb282f12e6d4c12281340fac96b635a2879cc065d7637a6592872	wsh-idle	control	57bc72c1c92472ccfb05e677071bf95d82fff4df3044f34a92a629596b62cd1b	2264a8042763edf2620cfe32d96b096e1f3d26aa	5.9.2	2.55.0	1000	150	dirty	5	0.420	0.420	0	0	0	na	1788332315.728613	1788332315.883020	252630657	252631330
2026-09-02T06:57:49Z	8dc0b5fea25671d6745a556bffb740d3866e189c	352c096f011eb282f12e6d4c12281340fac96b635a2879cc065d7637a6592872	wsh-idle	control	57bc72c1c92472ccfb05e677071bf95d82fff4df3044f34a92a629596b62cd1b	2264a8042763edf2620cfe32d96b096e1f3d26aa	5.9.2	2.55.0	1000	150	dirty	6	0.399	0.399	0	0	0	na	1788332316.038210	1788332316.192600	252632099	252633418
2026-09-02T06:57:49Z	8dc0b5fea25671d6745a556bffb740d3866e189c	352c096f011eb282f12e6d4c12281340fac96b635a2879cc065d7637a6592872	wsh-idle	control	57bc72c1c92472ccfb05e677071bf95d82fff4df3044f34a92a629596b62cd1b	2264a8042763edf2620cfe32d96b096e1f3d26aa	5.9.2	2.55.0	1000	150	dirty	7	0.404	0.404	0	0	0	na	1788332316.348475	1788332316.502920	252633981	252635097
2026-09-02T06:57:49Z	8dc0b5fea25671d6745a556bffb740d3866e189c	352c096f011eb282f12e6d4c12281340fac96b635a2879cc065d7637a6592872	wsh-idle	control	57bc72c1c92472ccfb05e677071bf95d82fff4df3044f34a92a629596b62cd1b	2264a8042763edf2620cfe32d96b096e1f3d26aa	5.9.2	2.55.0	1000	150	dirty	8	0.426	0.426	0	0	0	na	1788332316.657864	1788332316.812458	252636702	252638201
2026-09-02T06:57:49Z	8dc0b5fea25671d6745a556bffb740d3866e189c	352c096f011eb282f12e6d4c12281340fac96b635a2879cc065d7637a6592872	wsh-idle	control	57bc72c1c92472ccfb05e677071bf95d82fff4df3044f34a92a629596b62cd1b	2264a8042763edf2620cfe32d96b096e1f3d26aa	5.9.2	2.55.0	1000	150	dirty	9	0.503	0.503	0	0	0	na	1788332316.967789	1788332317.122175	252639432	252640261
2026-09-02T06:57:49Z	8dc0b5fea25671d6745a556bffb740d3866e189c	352c096f011eb282f12e6d4c12281340fac96b635a2879cc065d7637a6592872	wsh-idle	control	57bc72c1c92472ccfb05e677071bf95d82fff4df3044f34a92a629596b62cd1b	2264a8042763edf2620cfe32d96b096e1f3d26aa	5.9.2	2.55.0	1000	150	dirty	10	0.421	0.421	0	0	0	na	1788332317.277435	1788332317.431929	252641243	252642926
2026-09-02T06:57:49Z	8dc0b5fea25671d6745a556bffb740d3866e189c	352c096f011eb282f12e6d4c12281340fac96b635a2879cc065d7637a6592872	wsh-idle	control	57bc72c1c92472ccfb05e677071bf95d82fff4df3044f34a92a629596b62cd1b	2264a8042763edf2620cfe32d96b096e1f3d26aa	5.9.2	2.55.0	1000	150	dirty	11	0.416	0.416	0	0	0	na	1788332317.587634	1788332317.742309	252643951	252646319
2026-09-02T06:57:49Z	8dc0b5fea25671d6745a556bffb740d3866e189c	352c096f011eb282f12e6d4c12281340fac96b635a2879cc065d7637a6592872	wsh-idle	control	57bc72c1c92472ccfb05e677071bf95d82fff4df3044f34a92a629596b62cd1b	2264a8042763edf2620cfe32d96b096e1f3d26aa	5.9.2	2.55.0	1000	150	dirty	12	0.470	0.470	0	0	0	na	1788332317.897925	1788332318.052541	252647344	252648757
2026-09-02T06:57:49Z	8dc0b5fea25671d6745a556bffb740d3866e189c	352c096f011eb282f12e6d4c12281340fac96b635a2879cc065d7637a6592872	wsh-idle	control	57bc72c1c92472ccfb05e677071bf95d82fff4df3044f34a92a629596b62cd1b	2264a8042763edf2620cfe32d96b096e1f3d26aa	5.9.2	2.55.0	1000	150	dirty	13	0.409	0.409	0	0	0	na	1788332318.207953	1788332318.362555	252649773	252651946
2026-09-02T06:57:49Z	8dc0b5fea25671d6745a556bffb740d3866e189c	352c096f011eb282f12e6d4c12281340fac96b635a2879cc065d7637a6592872	wsh-idle	control	57bc72c1c92472ccfb05e677071bf95d82fff4df3044f34a92a629596b62cd1b	2264a8042763edf2620cfe32d96b096e1f3d26aa	5.9.2	2.55.0	1000	150	dirty	14	0.420	0.420	0	0	0	na	1788332318.517962	1788332318.672708	252652877	252654241
2026-09-02T06:57:49Z	8dc0b5fea25671d6745a556bffb740d3866e189c	352c096f011eb282f12e6d4c12281340fac96b635a2879cc065d7637a6592872	wsh-idle	control	57bc72c1c92472ccfb05e677071bf95d82fff4df3044f34a92a629596b62cd1b	2264a8042763edf2620cfe32d96b096e1f3d26aa	5.9.2	2.55.0	1000	150	dirty	15	0.499	0.499	0	0	0	na	1788332318.828207	1788332318.983378	252655518	252656352
2026-09-02T06:57:49Z	8dc0b5fea25671d6745a556bffb740d3866e189c	352c096f011eb282f12e6d4c12281340fac96b635a2879cc065d7637a6592872	wsh-idle	control	57bc72c1c92472ccfb05e677071bf95d82fff4df3044f34a92a629596b62cd1b	2264a8042763edf2620cfe32d96b096e1f3d26aa	5.9.2	2.55.0	1000	150	dirty	16	0.434	0.434	0	0	0	na	1788332319.138938	1788332319.293818	252657132	252657569
2026-09-02T06:57:49Z	8dc0b5fea25671d6745a556bffb740d3866e189c	352c096f011eb282f12e6d4c12281340fac96b635a2879cc065d7637a6592872	wsh-idle	control	57bc72c1c92472ccfb05e677071bf95d82fff4df3044f34a92a629596b62cd1b	2264a8042763edf2620cfe32d96b096e1f3d26aa	5.9.2	2.55.0	1000	150	dirty	17	0.481	0.481	0	0	0	na	1788332319.449422	1788332319.604311	252658423	252659135
2026-09-02T06:57:49Z	8dc0b5fea25671d6745a556bffb740d3866e189c	352c096f011eb282f12e6d4c12281340fac96b635a2879cc065d7637a6592872	wsh-idle	control	57bc72c1c92472ccfb05e677071bf95d82fff4df3044f34a92a629596b62cd1b	2264a8042763edf2620cfe32d96b096e1f3d26aa	5.9.2	2.55.0	1000	150	dirty	18	0.521	0.521	0	0	0	na	1788332319.760210	1788332319.915358	252659957	252660490
2026-09-02T06:57:49Z	8dc0b5fea25671d6745a556bffb740d3866e189c	352c096f011eb282f12e6d4c12281340fac96b635a2879cc065d7637a6592872	wsh-idle	control	57bc72c1c92472ccfb05e677071bf95d82fff4df3044f34a92a629596b62cd1b	2264a8042763edf2620cfe32d96b096e1f3d26aa	5.9.2	2.55.0	1000	150	dirty	19	0.439	0.439	0	0	0	na	1788332320.070866	1788332320.225804	252661293	252661994
2026-09-02T06:57:49Z	8dc0b5fea25671d6745a556bffb740d3866e189c	352c096f011eb282f12e6d4c12281340fac96b635a2879cc065d7637a6592872	wsh-idle	control	57bc72c1c92472ccfb05e677071bf95d82fff4df3044f34a92a629596b62cd1b	2264a8042763edf2620cfe32d96b096e1f3d26aa	5.9.2	2.55.0	1000	150	dirty	20	0.404	0.404	0	0	0	na	1788332320.381193	1788332320.536073	252662609	252663647
2026-09-02T06:57:49Z	8dc0b5fea25671d6745a556bffb740d3866e189c	352c096f011eb282f12e6d4c12281340fac96b635a2879cc065d7637a6592872	wsh-idle	control	57bc72c1c92472ccfb05e677071bf95d82fff4df3044f34a92a629596b62cd1b	2264a8042763edf2620cfe32d96b096e1f3d26aa	5.9.2	2.55.0	1000	150	untracked	1	0.557	0.557	0	0	0	na	1788332320.713178	1788332320.869540	252665891	252668916
2026-09-02T06:57:49Z	8dc0b5fea25671d6745a556bffb740d3866e189c	352c096f011eb282f12e6d4c12281340fac96b635a2879cc065d7637a6592872	wsh-idle	control	57bc72c1c92472ccfb05e677071bf95d82fff4df3044f34a92a629596b62cd1b	2264a8042763edf2620cfe32d96b096e1f3d26aa	5.9.2	2.55.0	1000	150	untracked	2	0.762	0.762	0	0	0	na	1788332321.030253	1788332321.190035	252671680	252673779
2026-09-02T06:57:49Z	8dc0b5fea25671d6745a556bffb740d3866e189c	352c096f011eb282f12e6d4c12281340fac96b635a2879cc065d7637a6592872	wsh-idle	control	57bc72c1c92472ccfb05e677071bf95d82fff4df3044f34a92a629596b62cd1b	2264a8042763edf2620cfe32d96b096e1f3d26aa	5.9.2	2.55.0	1000	150	untracked	3	1.761	1.761	0	0	0	na	1788332321.353084	1788332321.505936	252676826	252679838
2026-09-02T06:57:49Z	8dc0b5fea25671d6745a556bffb740d3866e189c	352c096f011eb282f12e6d4c12281340fac96b635a2879cc065d7637a6592872	wsh-idle	control	57bc72c1c92472ccfb05e677071bf95d82fff4df3044f34a92a629596b62cd1b	2264a8042763edf2620cfe32d96b096e1f3d26aa	5.9.2	2.55.0	1000	150	untracked	4	0.583	0.583	0	0	0	na	1788332321.675366	1788332321.835502	252683943	252687660
2026-09-02T06:57:49Z	8dc0b5fea25671d6745a556bffb740d3866e189c	352c096f011eb282f12e6d4c12281340fac96b635a2879cc065d7637a6592872	wsh-idle	control	57bc72c1c92472ccfb05e677071bf95d82fff4df3044f34a92a629596b62cd1b	2264a8042763edf2620cfe32d96b096e1f3d26aa	5.9.2	2.55.0	1000	150	untracked	5	0.596	0.596	0	0	0	na	1788332322.011365	1788332322.171169	252690669	252692541
2026-09-02T06:57:49Z	8dc0b5fea25671d6745a556bffb740d3866e189c	352c096f011eb282f12e6d4c12281340fac96b635a2879cc065d7637a6592872	wsh-idle	control	57bc72c1c92472ccfb05e677071bf95d82fff4df3044f34a92a629596b62cd1b	2264a8042763edf2620cfe32d96b096e1f3d26aa	5.9.2	2.55.0	1000	150	untracked	6	0.512	0.512	0	0	0	na	1788332322.342206	1788332322.500550	252694933	252696522
2026-09-02T06:57:49Z	8dc0b5fea25671d6745a556bffb740d3866e189c	352c096f011eb282f12e6d4c12281340fac96b635a2879cc065d7637a6592872	wsh-idle	control	57bc72c1c92472ccfb05e677071bf95d82fff4df3044f34a92a629596b62cd1b	2264a8042763edf2620cfe32d96b096e1f3d26aa	5.9.2	2.55.0	1000	150	untracked	7	0.646	0.646	0	0	0	na	1788332322.667376	1788332322.826869	252698578	252701442
2026-09-02T06:57:49Z	8dc0b5fea25671d6745a556bffb740d3866e189c	352c096f011eb282f12e6d4c12281340fac96b635a2879cc065d7637a6592872	wsh-idle	control	57bc72c1c92472ccfb05e677071bf95d82fff4df3044f34a92a629596b62cd1b	2264a8042763edf2620cfe32d96b096e1f3d26aa	5.9.2	2.55.0	1000	150	untracked	8	0.968	0.968	0	0	0	na	1788332322.992573	1788332323.153262	252704702	252707776
2026-09-02T06:57:49Z	8dc0b5fea25671d6745a556bffb740d3866e189c	352c096f011eb282f12e6d4c12281340fac96b635a2879cc065d7637a6592872	wsh-idle	control	57bc72c1c92472ccfb05e677071bf95d82fff4df3044f34a92a629596b62cd1b	2264a8042763edf2620cfe32d96b096e1f3d26aa	5.9.2	2.55.0	1000	150	untracked	9	0.836	0.836	0	0	0	na	1788332323.323260	1788332323.484308	252709415	252712194
2026-09-02T06:57:49Z	8dc0b5fea25671d6745a556bffb740d3866e189c	352c096f011eb282f12e6d4c12281340fac96b635a2879cc065d7637a6592872	wsh-idle	control	57bc72c1c92472ccfb05e677071bf95d82fff4df3044f34a92a629596b62cd1b	2264a8042763edf2620cfe32d96b096e1f3d26aa	5.9.2	2.55.0	1000	150	untracked	10	0.561	0.561	0	0	0	na	1788332323.647435	1788332323.809185	252714844	252718068
2026-09-02T06:57:49Z	8dc0b5fea25671d6745a556bffb740d3866e189c	352c096f011eb282f12e6d4c12281340fac96b635a2879cc065d7637a6592872	wsh-idle	control	57bc72c1c92472ccfb05e677071bf95d82fff4df3044f34a92a629596b62cd1b	2264a8042763edf2620cfe32d96b096e1f3d26aa	5.9.2	2.55.0	1000	150	untracked	11	0.507	0.507	0	0	0	na	1788332323.976767	1788332324.138978	252721508	252724246
2026-09-02T06:57:49Z	8dc0b5fea25671d6745a556bffb740d3866e189c	352c096f011eb282f12e6d4c12281340fac96b635a2879cc065d7637a6592872	wsh-idle	control	57bc72c1c92472ccfb05e677071bf95d82fff4df3044f34a92a629596b62cd1b	2264a8042763edf2620cfe32d96b096e1f3d26aa	5.9.2	2.55.0	1000	150	untracked	12	0.726	0.726	0	0	0	na	1788332324.302315	1788332324.454451	252727069	252728980
2026-09-02T06:57:49Z	8dc0b5fea25671d6745a556bffb740d3866e189c	352c096f011eb282f12e6d4c12281340fac96b635a2879cc065d7637a6592872	wsh-idle	control	57bc72c1c92472ccfb05e677071bf95d82fff4df3044f34a92a629596b62cd1b	2264a8042763edf2620cfe32d96b096e1f3d26aa	5.9.2	2.55.0	1000	150	untracked	13	0.587	0.587	0	0	0	na	1788332324.615046	1788332324.775798	252732479	252735483
2026-09-02T06:57:49Z	8dc0b5fea25671d6745a556bffb740d3866e189c	352c096f011eb282f12e6d4c12281340fac96b635a2879cc065d7637a6592872	wsh-idle	control	57bc72c1c92472ccfb05e677071bf95d82fff4df3044f34a92a629596b62cd1b	2264a8042763edf2620cfe32d96b096e1f3d26aa	5.9.2	2.55.0	1000	150	untracked	14	0.541	0.541	0	0	0	na	1788332324.940689	1788332325.102523	252738278	252741076
2026-09-02T06:57:49Z	8dc0b5fea25671d6745a556bffb740d3866e189c	352c096f011eb282f12e6d4c12281340fac96b635a2879cc065d7637a6592872	wsh-idle	control	57bc72c1c92472ccfb05e677071bf95d82fff4df3044f34a92a629596b62cd1b	2264a8042763edf2620cfe32d96b096e1f3d26aa	5.9.2	2.55.0	1000	150	untracked	15	0.518	0.518	0	0	0	na	1788332325.266421	1788332325.424885	252744519	252746583
2026-09-02T06:57:49Z	8dc0b5fea25671d6745a556bffb740d3866e189c	352c096f011eb282f12e6d4c12281340fac96b635a2879cc065d7637a6592872	wsh-idle	control	57bc72c1c92472ccfb05e677071bf95d82fff4df3044f34a92a629596b62cd1b	2264a8042763edf2620cfe32d96b096e1f3d26aa	5.9.2	2.55.0	1000	150	untracked	16	0.553	0.553	0	0	0	na	1788332325.590426	1788332325.748937	252749167	252751941
2026-09-02T06:57:49Z	8dc0b5fea25671d6745a556bffb740d3866e189c	352c096f011eb282f12e6d4c12281340fac96b635a2879cc065d7637a6592872	wsh-idle	control	57bc72c1c92472ccfb05e677071bf95d82fff4df3044f34a92a629596b62cd1b	2264a8042763edf2620cfe32d96b096e1f3d26aa	5.9.2	2.55.0	1000	150	untracked	17	1.616	1.616	0	0	0	na	1788332325.914233	1788332326.067255	252754733	252757251
2026-09-02T06:57:49Z	8dc0b5fea25671d6745a556bffb740d3866e189c	352c096f011eb282f12e6d4c12281340fac96b635a2879cc065d7637a6592872	wsh-idle	control	57bc72c1c92472ccfb05e677071bf95d82fff4df3044f34a92a629596b62cd1b	2264a8042763edf2620cfe32d96b096e1f3d26aa	5.9.2	2.55.0	1000	150	untracked	18	0.774	0.774	0	0	0	na	1788332326.231123	1788332326.390564	252760455	252762769
2026-09-02T06:57:49Z	8dc0b5fea25671d6745a556bffb740d3866e189c	352c096f011eb282f12e6d4c12281340fac96b635a2879cc065d7637a6592872	wsh-idle	control	57bc72c1c92472ccfb05e677071bf95d82fff4df3044f34a92a629596b62cd1b	2264a8042763edf2620cfe32d96b096e1f3d26aa	5.9.2	2.55.0	1000	150	untracked	19	0.549	0.549	0	0	0	na	1788332326.555357	1788332326.715267	252764876	252766493
2026-09-02T06:57:49Z	8dc0b5fea25671d6745a556bffb740d3866e189c	352c096f011eb282f12e6d4c12281340fac96b635a2879cc065d7637a6592872	wsh-idle	control	57bc72c1c92472ccfb05e677071bf95d82fff4df3044f34a92a629596b62cd1b	2264a8042763edf2620cfe32d96b096e1f3d26aa	5.9.2	2.55.0	1000	150	untracked	20	0.683	0.683	0	0	0	na	1788332326.878564	1788332327.036136	252769109	252770695
2026-09-02T06:57:49Z	8dc0b5fea25671d6745a556bffb740d3866e189c	352c096f011eb282f12e6d4c12281340fac96b635a2879cc065d7637a6592872	wsh	local	57bc72c1c92472ccfb05e677071bf95d82fff4df3044f34a92a629596b62cd1b	2264a8042763edf2620cfe32d96b096e1f3d26aa	5.9.2	2.55.0	1000	150	clean	1	1.251	12.053	1	1	0	1	1788332327.460703	1788332327.632630	252777193	252779236
2026-09-02T06:57:49Z	8dc0b5fea25671d6745a556bffb740d3866e189c	352c096f011eb282f12e6d4c12281340fac96b635a2879cc065d7637a6592872	wsh	local	57bc72c1c92472ccfb05e677071bf95d82fff4df3044f34a92a629596b62cd1b	2264a8042763edf2620cfe32d96b096e1f3d26aa	5.9.2	2.55.0	1000	150	clean	2	1.779	12.806	1	1	0	1	1788332327.968225	1788332328.132402	252783125	252784786
2026-09-02T06:57:49Z	8dc0b5fea25671d6745a556bffb740d3866e189c	352c096f011eb282f12e6d4c12281340fac96b635a2879cc065d7637a6592872	wsh	local	57bc72c1c92472ccfb05e677071bf95d82fff4df3044f34a92a629596b62cd1b	2264a8042763edf2620cfe32d96b096e1f3d26aa	5.9.2	2.55.0	1000	150	clean	3	1.591	12.004	1	1	0	1	1788332328.477339	1788332328.642048	252787636	252788951
2026-09-02T06:57:49Z	8dc0b5fea25671d6745a556bffb740d3866e189c	352c096f011eb282f12e6d4c12281340fac96b635a2879cc065d7637a6592872	wsh	local	57bc72c1c92472ccfb05e677071bf95d82fff4df3044f34a92a629596b62cd1b	2264a8042763edf2620cfe32d96b096e1f3d26aa	5.9.2	2.55.0	1000	150	clean	4	1.863	11.755	1	1	0	1	1788332328.975018	1788332329.147333	252792121	252793158
2026-09-02T06:57:49Z	8dc0b5fea25671d6745a556bffb740d3866e189c	352c096f011eb282f12e6d4c12281340fac96b635a2879cc065d7637a6592872	wsh	local	57bc72c1c92472ccfb05e677071bf95d82fff4df3044f34a92a629596b62cd1b	2264a8042763edf2620cfe32d96b096e1f3d26aa	5.9.2	2.55.0	1000	150	clean	5	1.835	16.049	1	1	0	1	1788332329.491225	1788332329.661316	252794854	252796780
2026-09-02T06:57:49Z	8dc0b5fea25671d6745a556bffb740d3866e189c	352c096f011eb282f12e6d4c12281340fac96b635a2879cc065d7637a6592872	wsh	local	57bc72c1c92472ccfb05e677071bf95d82fff4df3044f34a92a629596b62cd1b	2264a8042763edf2620cfe32d96b096e1f3d26aa	5.9.2	2.55.0	1000	150	clean	6	1.768	13.577	1	1	0	1	1788332329.999962	1788332330.165428	252800256	252801656
2026-09-02T06:57:49Z	8dc0b5fea25671d6745a556bffb740d3866e189c	352c096f011eb282f12e6d4c12281340fac96b635a2879cc065d7637a6592872	wsh	local	57bc72c1c92472ccfb05e677071bf95d82fff4df3044f34a92a629596b62cd1b	2264a8042763edf2620cfe32d96b096e1f3d26aa	5.9.2	2.55.0	1000	150	clean	7	4.045	14.013	1	1	0	1	1788332330.515207	1788332330.681582	252803996	252805621
2026-09-02T06:57:49Z	8dc0b5fea25671d6745a556bffb740d3866e189c	352c096f011eb282f12e6d4c12281340fac96b635a2879cc065d7637a6592872	wsh	local	57bc72c1c92472ccfb05e677071bf95d82fff4df3044f34a92a629596b62cd1b	2264a8042763edf2620cfe32d96b096e1f3d26aa	5.9.2	2.55.0	1000	150	clean	8	1.415	11.202	1	1	0	1	1788332331.028050	1788332331.190856	252809401	252810618
2026-09-02T06:57:49Z	8dc0b5fea25671d6745a556bffb740d3866e189c	352c096f011eb282f12e6d4c12281340fac96b635a2879cc065d7637a6592872	wsh	local	57bc72c1c92472ccfb05e677071bf95d82fff4df3044f34a92a629596b62cd1b	2264a8042763edf2620cfe32d96b096e1f3d26aa	5.9.2	2.55.0	1000	150	clean	9	3.026	14.634	1	1	0	1	1788332331.528763	1788332331.702483	252813345	252814265
2026-09-02T06:57:49Z	8dc0b5fea25671d6745a556bffb740d3866e189c	352c096f011eb282f12e6d4c12281340fac96b635a2879cc065d7637a6592872	wsh	local	57bc72c1c92472ccfb05e677071bf95d82fff4df3044f34a92a629596b62cd1b	2264a8042763edf2620cfe32d96b096e1f3d26aa	5.9.2	2.55.0	1000	150	clean	10	2.533	13.906	1	1	0	1	1788332332.041728	1788332332.215647	252816301	252817363
2026-09-02T06:57:49Z	8dc0b5fea25671d6745a556bffb740d3866e189c	352c096f011eb282f12e6d4c12281340fac96b635a2879cc065d7637a6592872	wsh	local	57bc72c1c92472ccfb05e677071bf95d82fff4df3044f34a92a629596b62cd1b	2264a8042763edf2620cfe32d96b096e1f3d26aa	5.9.2	2.55.0	1000	150	clean	11	1.326	14.437	1	1	0	1	1788332332.553360	1788332332.722450	252818887	252819842
2026-09-02T06:57:49Z	8dc0b5fea25671d6745a556bffb740d3866e189c	352c096f011eb282f12e6d4c12281340fac96b635a2879cc065d7637a6592872	wsh	local	57bc72c1c92472ccfb05e677071bf95d82fff4df3044f34a92a629596b62cd1b	2264a8042763edf2620cfe32d96b096e1f3d26aa	5.9.2	2.55.0	1000	150	clean	12	0.967	7.538	1	1	0	1	1788332333.060669	1788332333.223157	252821409	252822533
2026-09-02T06:57:49Z	8dc0b5fea25671d6745a556bffb740d3866e189c	352c096f011eb282f12e6d4c12281340fac96b635a2879cc065d7637a6592872	wsh	local	57bc72c1c92472ccfb05e677071bf95d82fff4df3044f34a92a629596b62cd1b	2264a8042763edf2620cfe32d96b096e1f3d26aa	5.9.2	2.55.0	1000	150	clean	13	0.946	6.775	1	1	0	1	1788332333.553370	1788332333.715534	252825242	252826799
2026-09-02T06:57:49Z	8dc0b5fea25671d6745a556bffb740d3866e189c	352c096f011eb282f12e6d4c12281340fac96b635a2879cc065d7637a6592872	wsh	local	57bc72c1c92472ccfb05e677071bf95d82fff4df3044f34a92a629596b62cd1b	2264a8042763edf2620cfe32d96b096e1f3d26aa	5.9.2	2.55.0	1000	150	clean	14	0.994	7.126	1	1	0	1	1788332334.046006	1788332334.208302	252828782	252829639
2026-09-02T06:57:49Z	8dc0b5fea25671d6745a556bffb740d3866e189c	352c096f011eb282f12e6d4c12281340fac96b635a2879cc065d7637a6592872	wsh	local	57bc72c1c92472ccfb05e677071bf95d82fff4df3044f34a92a629596b62cd1b	2264a8042763edf2620cfe32d96b096e1f3d26aa	5.9.2	2.55.0	1000	150	clean	15	0.983	6.589	1	1	0	1	1788332334.538337	1788332334.699299	252831677	252832392
2026-09-02T06:57:49Z	8dc0b5fea25671d6745a556bffb740d3866e189c	352c096f011eb282f12e6d4c12281340fac96b635a2879cc065d7637a6592872	wsh	local	57bc72c1c92472ccfb05e677071bf95d82fff4df3044f34a92a629596b62cd1b	2264a8042763edf2620cfe32d96b096e1f3d26aa	5.9.2	2.55.0	1000	150	clean	16	0.987	7.075	1	1	0	1	1788332335.027885	1788332335.190324	252833885	252835153
2026-09-02T06:57:49Z	8dc0b5fea25671d6745a556bffb740d3866e189c	352c096f011eb282f12e6d4c12281340fac96b635a2879cc065d7637a6592872	wsh	local	57bc72c1c92472ccfb05e677071bf95d82fff4df3044f34a92a629596b62cd1b	2264a8042763edf2620cfe32d96b096e1f3d26aa	5.9.2	2.55.0	1000	150	clean	17	1.026	7.010	1	1	0	1	1788332335.520354	1788332335.682399	252836932	252838119
2026-09-02T06:57:49Z	8dc0b5fea25671d6745a556bffb740d3866e189c	352c096f011eb282f12e6d4c12281340fac96b635a2879cc065d7637a6592872	wsh	local	57bc72c1c92472ccfb05e677071bf95d82fff4df3044f34a92a629596b62cd1b	2264a8042763edf2620cfe32d96b096e1f3d26aa	5.9.2	2.55.0	1000	150	clean	18	1.045	6.976	1	1	0	1	1788332336.012658	1788332336.175689	252839956	252840998
2026-09-02T06:57:49Z	8dc0b5fea25671d6745a556bffb740d3866e189c	352c096f011eb282f12e6d4c12281340fac96b635a2879cc065d7637a6592872	wsh	local	57bc72c1c92472ccfb05e677071bf95d82fff4df3044f34a92a629596b62cd1b	2264a8042763edf2620cfe32d96b096e1f3d26aa	5.9.2	2.55.0	1000	150	clean	19	1.114	7.644	1	1	0	1	1788332336.507341	1788332336.670401	252842985	252843592
2026-09-02T06:57:49Z	8dc0b5fea25671d6745a556bffb740d3866e189c	352c096f011eb282f12e6d4c12281340fac96b635a2879cc065d7637a6592872	wsh	local	57bc72c1c92472ccfb05e677071bf95d82fff4df3044f34a92a629596b62cd1b	2264a8042763edf2620cfe32d96b096e1f3d26aa	5.9.2	2.55.0	1000	150	clean	20	1.273	7.351	1	1	0	1	1788332337.001640	1788332337.164672	252845353	252846288
2026-09-02T06:57:49Z	8dc0b5fea25671d6745a556bffb740d3866e189c	352c096f011eb282f12e6d4c12281340fac96b635a2879cc065d7637a6592872	wsh	local	57bc72c1c92472ccfb05e677071bf95d82fff4df3044f34a92a629596b62cd1b	2264a8042763edf2620cfe32d96b096e1f3d26aa	5.9.2	2.55.0	1000	150	dirty	1	0.820	6.714	1	1	0	1	1788332337.518853	1788332337.680510	252849252	252850605
2026-09-02T06:57:49Z	8dc0b5fea25671d6745a556bffb740d3866e189c	352c096f011eb282f12e6d4c12281340fac96b635a2879cc065d7637a6592872	wsh	local	57bc72c1c92472ccfb05e677071bf95d82fff4df3044f34a92a629596b62cd1b	2264a8042763edf2620cfe32d96b096e1f3d26aa	5.9.2	2.55.0	1000	150	dirty	2	0.947	6.921	1	1	0	1	1788332338.010818	1788332338.173439	252852706	252853605
2026-09-02T06:57:49Z	8dc0b5fea25671d6745a556bffb740d3866e189c	352c096f011eb282f12e6d4c12281340fac96b635a2879cc065d7637a6592872	wsh	local	57bc72c1c92472ccfb05e677071bf95d82fff4df3044f34a92a629596b62cd1b	2264a8042763edf2620cfe32d96b096e1f3d26aa	5.9.2	2.55.0	1000	150	dirty	3	1.026	7.073	1	1	0	1	1788332338.504728	1788332338.667319	252855127	252856119
2026-09-02T06:57:49Z	8dc0b5fea25671d6745a556bffb740d3866e189c	352c096f011eb282f12e6d4c12281340fac96b635a2879cc065d7637a6592872	wsh	local	57bc72c1c92472ccfb05e677071bf95d82fff4df3044f34a92a629596b62cd1b	2264a8042763edf2620cfe32d96b096e1f3d26aa	5.9.2	2.55.0	1000	150	dirty	4	0.823	6.736	1	1	0	1	1788332338.998242	1788332339.159993	252858043	252858921
2026-09-02T06:57:49Z	8dc0b5fea25671d6745a556bffb740d3866e189c	352c096f011eb282f12e6d4c12281340fac96b635a2879cc065d7637a6592872	wsh	local	57bc72c1c92472ccfb05e677071bf95d82fff4df3044f34a92a629596b62cd1b	2264a8042763edf2620cfe32d96b096e1f3d26aa	5.9.2	2.55.0	1000	150	dirty	5	0.856	7.062	1	1	0	1	1788332339.491131	1788332339.654105	252861076	252862103
2026-09-02T06:57:49Z	8dc0b5fea25671d6745a556bffb740d3866e189c	352c096f011eb282f12e6d4c12281340fac96b635a2879cc065d7637a6592872	wsh	local	57bc72c1c92472ccfb05e677071bf95d82fff4df3044f34a92a629596b62cd1b	2264a8042763edf2620cfe32d96b096e1f3d26aa	5.9.2	2.55.0	1000	150	dirty	6	0.863	6.834	1	1	0	1	1788332339.986583	1788332340.149603	252864101	252865458
2026-09-02T06:57:49Z	8dc0b5fea25671d6745a556bffb740d3866e189c	352c096f011eb282f12e6d4c12281340fac96b635a2879cc065d7637a6592872	wsh	local	57bc72c1c92472ccfb05e677071bf95d82fff4df3044f34a92a629596b62cd1b	2264a8042763edf2620cfe32d96b096e1f3d26aa	5.9.2	2.55.0	1000	150	dirty	7	1.099	6.965	1	1	0	1	1788332340.481650	1788332340.644410	252867342	252869451
2026-09-02T06:57:49Z	8dc0b5fea25671d6745a556bffb740d3866e189c	352c096f011eb282f12e6d4c12281340fac96b635a2879cc065d7637a6592872	wsh	local	57bc72c1c92472ccfb05e677071bf95d82fff4df3044f34a92a629596b62cd1b	2264a8042763edf2620cfe32d96b096e1f3d26aa	5.9.2	2.55.0	1000	150	dirty	8	0.963	6.935	1	1	0	1	1788332340.976859	1788332341.139533	252871533	252872187
2026-09-02T06:57:49Z	8dc0b5fea25671d6745a556bffb740d3866e189c	352c096f011eb282f12e6d4c12281340fac96b635a2879cc065d7637a6592872	wsh	local	57bc72c1c92472ccfb05e677071bf95d82fff4df3044f34a92a629596b62cd1b	2264a8042763edf2620cfe32d96b096e1f3d26aa	5.9.2	2.55.0	1000	150	dirty	9	0.859	6.667	1	1	0	1	1788332341.472514	1788332341.635614	252874066	252874823
2026-09-02T06:57:49Z	8dc0b5fea25671d6745a556bffb740d3866e189c	352c096f011eb282f12e6d4c12281340fac96b635a2879cc065d7637a6592872	wsh	local	57bc72c1c92472ccfb05e677071bf95d82fff4df3044f34a92a629596b62cd1b	2264a8042763edf2620cfe32d96b096e1f3d26aa	5.9.2	2.55.0	1000	150	dirty	10	0.917	7.051	1	1	0	1	1788332341.968901	1788332342.131872	252876333	252877435
2026-09-02T06:57:49Z	8dc0b5fea25671d6745a556bffb740d3866e189c	352c096f011eb282f12e6d4c12281340fac96b635a2879cc065d7637a6592872	wsh	local	57bc72c1c92472ccfb05e677071bf95d82fff4df3044f34a92a629596b62cd1b	2264a8042763edf2620cfe32d96b096e1f3d26aa	5.9.2	2.55.0	1000	150	dirty	11	1.071	6.908	1	1	0	1	1788332342.465906	1788332342.629198	252880391	252881172
2026-09-02T06:57:49Z	8dc0b5fea25671d6745a556bffb740d3866e189c	352c096f011eb282f12e6d4c12281340fac96b635a2879cc065d7637a6592872	wsh	local	57bc72c1c92472ccfb05e677071bf95d82fff4df3044f34a92a629596b62cd1b	2264a8042763edf2620cfe32d96b096e1f3d26aa	5.9.2	2.55.0	1000	150	dirty	12	0.916	7.061	1	1	0	1	1788332342.961563	1788332343.124530	252882528	252883262
2026-09-02T06:57:49Z	8dc0b5fea25671d6745a556bffb740d3866e189c	352c096f011eb282f12e6d4c12281340fac96b635a2879cc065d7637a6592872	wsh	local	57bc72c1c92472ccfb05e677071bf95d82fff4df3044f34a92a629596b62cd1b	2264a8042763edf2620cfe32d96b096e1f3d26aa	5.9.2	2.55.0	1000	150	dirty	13	0.911	7.277	1	1	0	1	1788332343.458303	1788332343.621103	252884687	252885364
2026-09-02T06:57:49Z	8dc0b5fea25671d6745a556bffb740d3866e189c	352c096f011eb282f12e6d4c12281340fac96b635a2879cc065d7637a6592872	wsh	local	57bc72c1c92472ccfb05e677071bf95d82fff4df3044f34a92a629596b62cd1b	2264a8042763edf2620cfe32d96b096e1f3d26aa	5.9.2	2.55.0	1000	150	dirty	14	0.918	7.076	1	1	0	1	1788332343.954477	1788332344.117036	252886948	252887903
2026-09-02T06:57:49Z	8dc0b5fea25671d6745a556bffb740d3866e189c	352c096f011eb282f12e6d4c12281340fac96b635a2879cc065d7637a6592872	wsh	local	57bc72c1c92472ccfb05e677071bf95d82fff4df3044f34a92a629596b62cd1b	2264a8042763edf2620cfe32d96b096e1f3d26aa	5.9.2	2.55.0	1000	150	dirty	15	1.123	6.977	1	1	0	1	1788332344.448305	1788332344.610842	252889124	252889741
2026-09-02T06:57:49Z	8dc0b5fea25671d6745a556bffb740d3866e189c	352c096f011eb282f12e6d4c12281340fac96b635a2879cc065d7637a6592872	wsh	local	57bc72c1c92472ccfb05e677071bf95d82fff4df3044f34a92a629596b62cd1b	2264a8042763edf2620cfe32d96b096e1f3d26aa	5.9.2	2.55.0	1000	150	dirty	16	0.895	7.375	1	1	0	1	1788332344.941992	1788332345.104588	252891392	252892114
2026-09-02T06:57:49Z	8dc0b5fea25671d6745a556bffb740d3866e189c	352c096f011eb282f12e6d4c12281340fac96b635a2879cc065d7637a6592872	wsh	local	57bc72c1c92472ccfb05e677071bf95d82fff4df3044f34a92a629596b62cd1b	2264a8042763edf2620cfe32d96b096e1f3d26aa	5.9.2	2.55.0	1000	150	dirty	17	1.025	7.418	1	1	0	1	1788332345.436937	1788332345.599723	252895367	252896577
2026-09-02T06:57:49Z	8dc0b5fea25671d6745a556bffb740d3866e189c	352c096f011eb282f12e6d4c12281340fac96b635a2879cc065d7637a6592872	wsh	local	57bc72c1c92472ccfb05e677071bf95d82fff4df3044f34a92a629596b62cd1b	2264a8042763edf2620cfe32d96b096e1f3d26aa	5.9.2	2.55.0	1000	150	dirty	18	0.897	7.440	1	1	0	1	1788332345.932938	1788332346.096016	252898890	252899783
2026-09-02T06:57:49Z	8dc0b5fea25671d6745a556bffb740d3866e189c	352c096f011eb282f12e6d4c12281340fac96b635a2879cc065d7637a6592872	wsh	local	57bc72c1c92472ccfb05e677071bf95d82fff4df3044f34a92a629596b62cd1b	2264a8042763edf2620cfe32d96b096e1f3d26aa	5.9.2	2.55.0	1000	150	dirty	19	0.904	7.105	1	1	0	1	1788332346.427875	1788332346.590343	252901187	252902501
2026-09-02T06:57:49Z	8dc0b5fea25671d6745a556bffb740d3866e189c	352c096f011eb282f12e6d4c12281340fac96b635a2879cc065d7637a6592872	wsh	local	57bc72c1c92472ccfb05e677071bf95d82fff4df3044f34a92a629596b62cd1b	2264a8042763edf2620cfe32d96b096e1f3d26aa	5.9.2	2.55.0	1000	150	dirty	20	1.069	7.330	1	1	0	1	1788332346.923311	1788332347.087788	252904341	252905205
2026-09-02T06:57:49Z	8dc0b5fea25671d6745a556bffb740d3866e189c	352c096f011eb282f12e6d4c12281340fac96b635a2879cc065d7637a6592872	wsh	local	57bc72c1c92472ccfb05e677071bf95d82fff4df3044f34a92a629596b62cd1b	2264a8042763edf2620cfe32d96b096e1f3d26aa	5.9.2	2.55.0	1000	150	untracked	1	0.934	7.643	1	1	0	1	1788332347.442383	1788332347.606334	252908002	252908846
2026-09-02T06:57:49Z	8dc0b5fea25671d6745a556bffb740d3866e189c	352c096f011eb282f12e6d4c12281340fac96b635a2879cc065d7637a6592872	wsh	local	57bc72c1c92472ccfb05e677071bf95d82fff4df3044f34a92a629596b62cd1b	2264a8042763edf2620cfe32d96b096e1f3d26aa	5.9.2	2.55.0	1000	150	untracked	2	1.186	7.314	1	1	0	1	1788332347.940858	1788332348.104054	252909785	252911105
2026-09-02T06:57:49Z	8dc0b5fea25671d6745a556bffb740d3866e189c	352c096f011eb282f12e6d4c12281340fac96b635a2879cc065d7637a6592872	wsh	local	57bc72c1c92472ccfb05e677071bf95d82fff4df3044f34a92a629596b62cd1b	2264a8042763edf2620cfe32d96b096e1f3d26aa	5.9.2	2.55.0	1000	150	untracked	3	1.020	7.548	1	1	0	1	1788332348.438363	1788332348.601788	252912436	252913086
2026-09-02T06:57:49Z	8dc0b5fea25671d6745a556bffb740d3866e189c	352c096f011eb282f12e6d4c12281340fac96b635a2879cc065d7637a6592872	wsh	local	57bc72c1c92472ccfb05e677071bf95d82fff4df3044f34a92a629596b62cd1b	2264a8042763edf2620cfe32d96b096e1f3d26aa	5.9.2	2.55.0	1000	150	untracked	4	1.196	7.267	1	1	0	1	1788332348.935437	1788332349.098679	252914325	252914965
2026-09-02T06:57:49Z	8dc0b5fea25671d6745a556bffb740d3866e189c	352c096f011eb282f12e6d4c12281340fac96b635a2879cc065d7637a6592872	wsh	local	57bc72c1c92472ccfb05e677071bf95d82fff4df3044f34a92a629596b62cd1b	2264a8042763edf2620cfe32d96b096e1f3d26aa	5.9.2	2.55.0	1000	150	untracked	5	0.971	7.134	1	1	0	1	1788332349.433315	1788332349.596983	252916751	252918533
2026-09-02T06:57:49Z	8dc0b5fea25671d6745a556bffb740d3866e189c	352c096f011eb282f12e6d4c12281340fac96b635a2879cc065d7637a6592872	wsh	local	57bc72c1c92472ccfb05e677071bf95d82fff4df3044f34a92a629596b62cd1b	2264a8042763edf2620cfe32d96b096e1f3d26aa	5.9.2	2.55.0	1000	150	untracked	6	1.218	7.198	1	1	0	1	1788332349.931224	1788332350.094706	252920370	252921540
2026-09-02T06:57:49Z	8dc0b5fea25671d6745a556bffb740d3866e189c	352c096f011eb282f12e6d4c12281340fac96b635a2879cc065d7637a6592872	wsh	local	57bc72c1c92472ccfb05e677071bf95d82fff4df3044f34a92a629596b62cd1b	2264a8042763edf2620cfe32d96b096e1f3d26aa	5.9.2	2.55.0	1000	150	untracked	7	0.973	6.701	1	1	0	1	1788332350.429035	1788332350.592082	252924906	252926115
2026-09-02T06:57:49Z	8dc0b5fea25671d6745a556bffb740d3866e189c	352c096f011eb282f12e6d4c12281340fac96b635a2879cc065d7637a6592872	wsh	local	57bc72c1c92472ccfb05e677071bf95d82fff4df3044f34a92a629596b62cd1b	2264a8042763edf2620cfe32d96b096e1f3d26aa	5.9.2	2.55.0	1000	150	untracked	8	1.099	7.011	1	1	0	1	1788332350.926188	1788332351.088980	252928651	252930114
2026-09-02T06:57:49Z	8dc0b5fea25671d6745a556bffb740d3866e189c	352c096f011eb282f12e6d4c12281340fac96b635a2879cc065d7637a6592872	wsh	local	57bc72c1c92472ccfb05e677071bf95d82fff4df3044f34a92a629596b62cd1b	2264a8042763edf2620cfe32d96b096e1f3d26aa	5.9.2	2.55.0	1000	150	untracked	9	1.216	7.177	1	1	0	1	1788332351.423314	1788332351.586321	252932611	252933938
2026-09-02T06:57:49Z	8dc0b5fea25671d6745a556bffb740d3866e189c	352c096f011eb282f12e6d4c12281340fac96b635a2879cc065d7637a6592872	wsh	local	57bc72c1c92472ccfb05e677071bf95d82fff4df3044f34a92a629596b62cd1b	2264a8042763edf2620cfe32d96b096e1f3d26aa	5.9.2	2.55.0	1000	150	untracked	10	1.322	7.422	1	1	0	1	1788332351.922163	1788332352.085707	252937249	252939081
2026-09-02T06:57:49Z	8dc0b5fea25671d6745a556bffb740d3866e189c	352c096f011eb282f12e6d4c12281340fac96b635a2879cc065d7637a6592872	wsh	local	57bc72c1c92472ccfb05e677071bf95d82fff4df3044f34a92a629596b62cd1b	2264a8042763edf2620cfe32d96b096e1f3d26aa	5.9.2	2.55.0	1000	150	untracked	11	0.997	7.424	1	1	0	1	1788332352.421306	1788332352.584830	252940549	252942400
2026-09-02T06:57:49Z	8dc0b5fea25671d6745a556bffb740d3866e189c	352c096f011eb282f12e6d4c12281340fac96b635a2879cc065d7637a6592872	wsh	local	57bc72c1c92472ccfb05e677071bf95d82fff4df3044f34a92a629596b62cd1b	2264a8042763edf2620cfe32d96b096e1f3d26aa	5.9.2	2.55.0	1000	150	untracked	12	0.958	7.202	1	1	0	1	1788332352.920093	1788332353.083522	252944104	252945227
2026-09-02T06:57:49Z	8dc0b5fea25671d6745a556bffb740d3866e189c	352c096f011eb282f12e6d4c12281340fac96b635a2879cc065d7637a6592872	wsh	local	57bc72c1c92472ccfb05e677071bf95d82fff4df3044f34a92a629596b62cd1b	2264a8042763edf2620cfe32d96b096e1f3d26aa	5.9.2	2.55.0	1000	150	untracked	13	1.012	7.331	1	1	0	1	1788332353.418790	1788332353.582746	252947235	252948352
2026-09-02T06:57:49Z	8dc0b5fea25671d6745a556bffb740d3866e189c	352c096f011eb282f12e6d4c12281340fac96b635a2879cc065d7637a6592872	wsh	local	57bc72c1c92472ccfb05e677071bf95d82fff4df3044f34a92a629596b62cd1b	2264a8042763edf2620cfe32d96b096e1f3d26aa	5.9.2	2.55.0	1000	150	untracked	14	1.104	7.039	1	1	0	1	1788332353.917447	1788332354.081401	252950129	252951070
2026-09-02T06:57:49Z	8dc0b5fea25671d6745a556bffb740d3866e189c	352c096f011eb282f12e6d4c12281340fac96b635a2879cc065d7637a6592872	wsh	local	57bc72c1c92472ccfb05e677071bf95d82fff4df3044f34a92a629596b62cd1b	2264a8042763edf2620cfe32d96b096e1f3d26aa	5.9.2	2.55.0	1000	150	untracked	15	1.314	7.178	1	1	0	1	1788332354.415803	1788332354.578977	252952604	252953445
2026-09-02T06:57:49Z	8dc0b5fea25671d6745a556bffb740d3866e189c	352c096f011eb282f12e6d4c12281340fac96b635a2879cc065d7637a6592872	wsh	local	57bc72c1c92472ccfb05e677071bf95d82fff4df3044f34a92a629596b62cd1b	2264a8042763edf2620cfe32d96b096e1f3d26aa	5.9.2	2.55.0	1000	150	untracked	16	0.967	6.890	1	1	0	1	1788332354.913768	1788332355.076910	252955515	252957042
2026-09-02T06:57:49Z	8dc0b5fea25671d6745a556bffb740d3866e189c	352c096f011eb282f12e6d4c12281340fac96b635a2879cc065d7637a6592872	wsh	local	57bc72c1c92472ccfb05e677071bf95d82fff4df3044f34a92a629596b62cd1b	2264a8042763edf2620cfe32d96b096e1f3d26aa	5.9.2	2.55.0	1000	150	untracked	17	1.270	7.406	1	1	0	1	1788332355.412302	1788332355.576674	252958369	252958917
2026-09-02T06:57:49Z	8dc0b5fea25671d6745a556bffb740d3866e189c	352c096f011eb282f12e6d4c12281340fac96b635a2879cc065d7637a6592872	wsh	local	57bc72c1c92472ccfb05e677071bf95d82fff4df3044f34a92a629596b62cd1b	2264a8042763edf2620cfe32d96b096e1f3d26aa	5.9.2	2.55.0	1000	150	untracked	18	0.995	7.172	1	1	0	1	1788332355.912040	1788332356.075934	252959810	252960280
2026-09-02T06:57:49Z	8dc0b5fea25671d6745a556bffb740d3866e189c	352c096f011eb282f12e6d4c12281340fac96b635a2879cc065d7637a6592872	wsh	local	57bc72c1c92472ccfb05e677071bf95d82fff4df3044f34a92a629596b62cd1b	2264a8042763edf2620cfe32d96b096e1f3d26aa	5.9.2	2.55.0	1000	150	untracked	19	1.219	7.361	1	1	0	1	1788332356.411210	1788332356.575043	252961900	252962372
2026-09-02T06:57:49Z	8dc0b5fea25671d6745a556bffb740d3866e189c	352c096f011eb282f12e6d4c12281340fac96b635a2879cc065d7637a6592872	wsh	local	57bc72c1c92472ccfb05e677071bf95d82fff4df3044f34a92a629596b62cd1b	2264a8042763edf2620cfe32d96b096e1f3d26aa	5.9.2	2.55.0	1000	150	untracked	20	1.318	6.998	1	1	0	1	1788332356.912193	1788332357.075799	252963755	252964458
2026-09-02T06:57:49Z	8dc0b5fea25671d6745a556bffb740d3866e189c	352c096f011eb282f12e6d4c12281340fac96b635a2879cc065d7637a6592872	wsh-trace	local	57bc72c1c92472ccfb05e677071bf95d82fff4df3044f34a92a629596b62cd1b	2264a8042763edf2620cfe32d96b096e1f3d26aa	5.9.2	2.55.0	1000	150	clean	1	1.126	7.056	1	1	0	1	1788332358.315335	1788332358.478631	252968926	252969589
2026-09-02T06:57:49Z	8dc0b5fea25671d6745a556bffb740d3866e189c	352c096f011eb282f12e6d4c12281340fac96b635a2879cc065d7637a6592872	wsh-trace	local	57bc72c1c92472ccfb05e677071bf95d82fff4df3044f34a92a629596b62cd1b	2264a8042763edf2620cfe32d96b096e1f3d26aa	5.9.2	2.55.0	1000	150	clean	2	1.051	6.728	1	1	0	1	1788332358.812085	1788332358.975389	252971491	252972670
2026-09-02T06:57:49Z	8dc0b5fea25671d6745a556bffb740d3866e189c	352c096f011eb282f12e6d4c12281340fac96b635a2879cc065d7637a6592872	wsh-trace	local	57bc72c1c92472ccfb05e677071bf95d82fff4df3044f34a92a629596b62cd1b	2264a8042763edf2620cfe32d96b096e1f3d26aa	5.9.2	2.55.0	1000	150	clean	3	1.043	7.024	1	1	0	1	1788332359.308788	1788332359.472167	252974191	252975145
2026-09-02T06:57:49Z	8dc0b5fea25671d6745a556bffb740d3866e189c	352c096f011eb282f12e6d4c12281340fac96b635a2879cc065d7637a6592872	wsh-trace	local	57bc72c1c92472ccfb05e677071bf95d82fff4df3044f34a92a629596b62cd1b	2264a8042763edf2620cfe32d96b096e1f3d26aa	5.9.2	2.55.0	1000	150	clean	4	1.212	7.351	1	1	0	1	1788332359.806449	1788332359.970512	252976532	252977277
2026-09-02T06:57:49Z	8dc0b5fea25671d6745a556bffb740d3866e189c	352c096f011eb282f12e6d4c12281340fac96b635a2879cc065d7637a6592872	wsh-trace	local	57bc72c1c92472ccfb05e677071bf95d82fff4df3044f34a92a629596b62cd1b	2264a8042763edf2620cfe32d96b096e1f3d26aa	5.9.2	2.55.0	1000	150	clean	5	1.040	6.923	1	1	0	1	1788332360.304422	1788332360.467431	252978940	252979971
2026-09-02T06:57:49Z	8dc0b5fea25671d6745a556bffb740d3866e189c	352c096f011eb282f12e6d4c12281340fac96b635a2879cc065d7637a6592872	wsh-trace	local	57bc72c1c92472ccfb05e677071bf95d82fff4df3044f34a92a629596b62cd1b	2264a8042763edf2620cfe32d96b096e1f3d26aa	5.9.2	2.55.0	1000	150	clean	6	1.174	7.303	1	1	0	1	1788332360.801404	1788332360.965445	252981681	252983223
2026-09-02T06:57:49Z	8dc0b5fea25671d6745a556bffb740d3866e189c	352c096f011eb282f12e6d4c12281340fac96b635a2879cc065d7637a6592872	wsh-trace	local	57bc72c1c92472ccfb05e677071bf95d82fff4df3044f34a92a629596b62cd1b	2264a8042763edf2620cfe32d96b096e1f3d26aa	5.9.2	2.55.0	1000	150	clean	7	1.362	6.929	1	1	0	1	1788332361.301415	1788332361.464940	252985507	252986479
2026-09-02T06:57:49Z	8dc0b5fea25671d6745a556bffb740d3866e189c	352c096f011eb282f12e6d4c12281340fac96b635a2879cc065d7637a6592872	wsh-trace	local	57bc72c1c92472ccfb05e677071bf95d82fff4df3044f34a92a629596b62cd1b	2264a8042763edf2620cfe32d96b096e1f3d26aa	5.9.2	2.55.0	1000	150	clean	8	1.456	7.335	1	1	0	1	1788332361.803825	1788332361.969261	252988810	252989629
2026-09-02T06:57:49Z	8dc0b5fea25671d6745a556bffb740d3866e189c	352c096f011eb282f12e6d4c12281340fac96b635a2879cc065d7637a6592872	wsh-trace	local	57bc72c1c92472ccfb05e677071bf95d82fff4df3044f34a92a629596b62cd1b	2264a8042763edf2620cfe32d96b096e1f3d26aa	5.9.2	2.55.0	1000	150	clean	9	1.091	6.688	1	1	0	1	1788332362.304639	1788332362.468186	252991045	252992255
2026-09-02T06:57:49Z	8dc0b5fea25671d6745a556bffb740d3866e189c	352c096f011eb282f12e6d4c12281340fac96b635a2879cc065d7637a6592872	wsh-trace	local	57bc72c1c92472ccfb05e677071bf95d82fff4df3044f34a92a629596b62cd1b	2264a8042763edf2620cfe32d96b096e1f3d26aa	5.9.2	2.55.0	1000	150	clean	10	1.074	7.190	1	1	0	1	1788332362.802541	1788332362.966476	252993977	252995036
2026-09-02T06:57:49Z	8dc0b5fea25671d6745a556bffb740d3866e189c	352c096f011eb282f12e6d4c12281340fac96b635a2879cc065d7637a6592872	wsh-trace	local	57bc72c1c92472ccfb05e677071bf95d82fff4df3044f34a92a629596b62cd1b	2264a8042763edf2620cfe32d96b096e1f3d26aa	5.9.2	2.55.0	1000	150	clean	11	1.072	6.976	1	1	0	1	1788332363.300784	1788332363.464602	252996795	252997528
2026-09-02T06:57:49Z	8dc0b5fea25671d6745a556bffb740d3866e189c	352c096f011eb282f12e6d4c12281340fac96b635a2879cc065d7637a6592872	wsh-trace	local	57bc72c1c92472ccfb05e677071bf95d82fff4df3044f34a92a629596b62cd1b	2264a8042763edf2620cfe32d96b096e1f3d26aa	5.9.2	2.55.0	1000	150	clean	12	1.105	6.689	1	1	0	1	1788332363.799811	1788332363.963746	252999691	253000669
2026-09-02T06:57:49Z	8dc0b5fea25671d6745a556bffb740d3866e189c	352c096f011eb282f12e6d4c12281340fac96b635a2879cc065d7637a6592872	wsh-trace	local	57bc72c1c92472ccfb05e677071bf95d82fff4df3044f34a92a629596b62cd1b	2264a8042763edf2620cfe32d96b096e1f3d26aa	5.9.2	2.55.0	1000	150	clean	13	1.115	6.437	1	1	0	1	1788332364.300854	1788332364.463845	253002352	253003180
2026-09-02T06:57:49Z	8dc0b5fea25671d6745a556bffb740d3866e189c	352c096f011eb282f12e6d4c12281340fac96b635a2879cc065d7637a6592872	wsh-trace	local	57bc72c1c92472ccfb05e677071bf95d82fff4df3044f34a92a629596b62cd1b	2264a8042763edf2620cfe32d96b096e1f3d26aa	5.9.2	2.55.0	1000	150	clean	14	1.016	6.974	1	1	0	1	1788332364.798064	1788332364.962326	253005619	253006570
2026-09-02T06:57:49Z	8dc0b5fea25671d6745a556bffb740d3866e189c	352c096f011eb282f12e6d4c12281340fac96b635a2879cc065d7637a6592872	wsh-trace	local	57bc72c1c92472ccfb05e677071bf95d82fff4df3044f34a92a629596b62cd1b	2264a8042763edf2620cfe32d96b096e1f3d26aa	5.9.2	2.55.0	1000	150	clean	15	1.249	7.086	1	1	0	1	1788332365.297597	1788332365.461209	253008231	253009668
2026-09-02T06:57:49Z	8dc0b5fea25671d6745a556bffb740d3866e189c	352c096f011eb282f12e6d4c12281340fac96b635a2879cc065d7637a6592872	wsh-trace	local	57bc72c1c92472ccfb05e677071bf95d82fff4df3044f34a92a629596b62cd1b	2264a8042763edf2620cfe32d96b096e1f3d26aa	5.9.2	2.55.0	1000	150	clean	16	1.122	7.158	1	1	0	1	1788332365.795813	1788332365.959974	253011813	253013158
2026-09-02T06:57:49Z	8dc0b5fea25671d6745a556bffb740d3866e189c	352c096f011eb282f12e6d4c12281340fac96b635a2879cc065d7637a6592872	wsh-trace	local	57bc72c1c92472ccfb05e677071bf95d82fff4df3044f34a92a629596b62cd1b	2264a8042763edf2620cfe32d96b096e1f3d26aa	5.9.2	2.55.0	1000	150	clean	17	1.071	7.177	1	1	0	1	1788332366.294486	1788332366.458195	253015261	253016567
2026-09-02T06:57:49Z	8dc0b5fea25671d6745a556bffb740d3866e189c	352c096f011eb282f12e6d4c12281340fac96b635a2879cc065d7637a6592872	wsh-trace	local	57bc72c1c92472ccfb05e677071bf95d82fff4df3044f34a92a629596b62cd1b	2264a8042763edf2620cfe32d96b096e1f3d26aa	5.9.2	2.55.0	1000	150	clean	18	1.159	7.254	1	1	0	1	1788332366.793807	1788332366.958437	253018369	253019597
2026-09-02T06:57:49Z	8dc0b5fea25671d6745a556bffb740d3866e189c	352c096f011eb282f12e6d4c12281340fac96b635a2879cc065d7637a6592872	wsh-trace	local	57bc72c1c92472ccfb05e677071bf95d82fff4df3044f34a92a629596b62cd1b	2264a8042763edf2620cfe32d96b096e1f3d26aa	5.9.2	2.55.0	1000	150	clean	19	1.429	7.266	1	1	0	1	1788332367.294263	1788332367.458200	253022842	253023690
2026-09-02T06:57:49Z	8dc0b5fea25671d6745a556bffb740d3866e189c	352c096f011eb282f12e6d4c12281340fac96b635a2879cc065d7637a6592872	wsh-trace	local	57bc72c1c92472ccfb05e677071bf95d82fff4df3044f34a92a629596b62cd1b	2264a8042763edf2620cfe32d96b096e1f3d26aa	5.9.2	2.55.0	1000	150	clean	20	1.128	7.172	1	1	0	1	1788332367.794027	1788332367.958884	253025226	253026277
2026-09-02T06:57:49Z	8dc0b5fea25671d6745a556bffb740d3866e189c	352c096f011eb282f12e6d4c12281340fac96b635a2879cc065d7637a6592872	wsh-trace	local	57bc72c1c92472ccfb05e677071bf95d82fff4df3044f34a92a629596b62cd1b	2264a8042763edf2620cfe32d96b096e1f3d26aa	5.9.2	2.55.0	1000	150	dirty	1	1.089	6.890	1	1	0	1	1788332368.317544	1788332368.480959	253028386	253029852
2026-09-02T06:57:49Z	8dc0b5fea25671d6745a556bffb740d3866e189c	352c096f011eb282f12e6d4c12281340fac96b635a2879cc065d7637a6592872	wsh-trace	local	57bc72c1c92472ccfb05e677071bf95d82fff4df3044f34a92a629596b62cd1b	2264a8042763edf2620cfe32d96b096e1f3d26aa	5.9.2	2.55.0	1000	150	dirty	2	1.004	6.955	1	1	0	1	1788332368.816615	1788332368.980653	253032220	253033664
2026-09-02T06:57:49Z	8dc0b5fea25671d6745a556bffb740d3866e189c	352c096f011eb282f12e6d4c12281340fac96b635a2879cc065d7637a6592872	wsh-trace	local	57bc72c1c92472ccfb05e677071bf95d82fff4df3044f34a92a629596b62cd1b	2264a8042763edf2620cfe32d96b096e1f3d26aa	5.9.2	2.55.0	1000	150	dirty	3	1.136	6.933	1	1	0	1	1788332369.317544	1788332369.481671	253035028	253035815
2026-09-02T06:57:49Z	8dc0b5fea25671d6745a556bffb740d3866e189c	352c096f011eb282f12e6d4c12281340fac96b635a2879cc065d7637a6592872	wsh-trace	local	57bc72c1c92472ccfb05e677071bf95d82fff4df3044f34a92a629596b62cd1b	2264a8042763edf2620cfe32d96b096e1f3d26aa	5.9.2	2.55.0	1000	150	dirty	4	1.175	7.275	1	1	0	1	1788332369.818973	1788332369.984457	253037905	253039013
2026-09-02T06:57:49Z	8dc0b5fea25671d6745a556bffb740d3866e189c	352c096f011eb282f12e6d4c12281340fac96b635a2879cc065d7637a6592872	wsh-trace	local	57bc72c1c92472ccfb05e677071bf95d82fff4df3044f34a92a629596b62cd1b	2264a8042763edf2620cfe32d96b096e1f3d26aa	5.9.2	2.55.0	1000	150	dirty	5	1.125	6.727	1	1	0	1	1788332370.321368	1788332370.485313	253040244	253041727
2026-09-02T06:57:49Z	8dc0b5fea25671d6745a556bffb740d3866e189c	352c096f011eb282f12e6d4c12281340fac96b635a2879cc065d7637a6592872	wsh-trace	local	57bc72c1c92472ccfb05e677071bf95d82fff4df3044f34a92a629596b62cd1b	2264a8042763edf2620cfe32d96b096e1f3d26aa	5.9.2	2.55.0	1000	150	dirty	6	1.144	6.768	1	1	0	1	1788332370.821209	1788332370.985406	253044463	253045218
2026-09-02T06:57:49Z	8dc0b5fea25671d6745a556bffb740d3866e189c	352c096f011eb282f12e6d4c12281340fac96b635a2879cc065d7637a6592872	wsh-trace	local	57bc72c1c92472ccfb05e677071bf95d82fff4df3044f34a92a629596b62cd1b	2264a8042763edf2620cfe32d96b096e1f3d26aa	5.9.2	2.55.0	1000	150	dirty	7	1.148	6.976	1	1	0	1	1788332371.320906	1788332371.485942	253047610	253049485
2026-09-02T06:57:49Z	8dc0b5fea25671d6745a556bffb740d3866e189c	352c096f011eb282f12e6d4c12281340fac96b635a2879cc065d7637a6592872	wsh-trace	local	57bc72c1c92472ccfb05e677071bf95d82fff4df3044f34a92a629596b62cd1b	2264a8042763edf2620cfe32d96b096e1f3d26aa	5.9.2	2.55.0	1000	150	dirty	8	0.986	6.823	1	1	0	1	1788332371.821296	1788332371.985467	253053762	253054339
2026-09-02T06:57:49Z	8dc0b5fea25671d6745a556bffb740d3866e189c	352c096f011eb282f12e6d4c12281340fac96b635a2879cc065d7637a6592872	wsh-trace	local	57bc72c1c92472ccfb05e677071bf95d82fff4df3044f34a92a629596b62cd1b	2264a8042763edf2620cfe32d96b096e1f3d26aa	5.9.2	2.55.0	1000	150	dirty	9	1.144	7.167	1	1	0	1	1788332372.320501	1788332372.484870	253057684	253059378
2026-09-02T06:57:49Z	8dc0b5fea25671d6745a556bffb740d3866e189c	352c096f011eb282f12e6d4c12281340fac96b635a2879cc065d7637a6592872	wsh-trace	local	57bc72c1c92472ccfb05e677071bf95d82fff4df3044f34a92a629596b62cd1b	2264a8042763edf2620cfe32d96b096e1f3d26aa	5.9.2	2.55.0	1000	150	dirty	10	1.287	7.024	1	1	0	1	1788332372.820763	1788332372.985685	253061518	253062155
2026-09-02T06:57:49Z	8dc0b5fea25671d6745a556bffb740d3866e189c	352c096f011eb282f12e6d4c12281340fac96b635a2879cc065d7637a6592872	wsh-trace	local	57bc72c1c92472ccfb05e677071bf95d82fff4df3044f34a92a629596b62cd1b	2264a8042763edf2620cfe32d96b096e1f3d26aa	5.9.2	2.55.0	1000	150	dirty	11	1.116	7.328	1	1	0	1	1788332373.322545	1788332373.487617	253063432	253065061
2026-09-02T06:57:49Z	8dc0b5fea25671d6745a556bffb740d3866e189c	352c096f011eb282f12e6d4c12281340fac96b635a2879cc065d7637a6592872	wsh-trace	local	57bc72c1c92472ccfb05e677071bf95d82fff4df3044f34a92a629596b62cd1b	2264a8042763edf2620cfe32d96b096e1f3d26aa	5.9.2	2.55.0	1000	150	dirty	12	0.837	6.873	1	1	0	1	1788332373.825737	1788332373.989910	253067880	253069178
2026-09-02T06:57:49Z	8dc0b5fea25671d6745a556bffb740d3866e189c	352c096f011eb282f12e6d4c12281340fac96b635a2879cc065d7637a6592872	wsh-trace	local	57bc72c1c92472ccfb05e677071bf95d82fff4df3044f34a92a629596b62cd1b	2264a8042763edf2620cfe32d96b096e1f3d26aa	5.9.2	2.55.0	1000	150	dirty	13	0.861	6.938	1	1	0	1	1788332374.326877	1788332374.490999	253071630	253072807
2026-09-02T06:57:49Z	8dc0b5fea25671d6745a556bffb740d3866e189c	352c096f011eb282f12e6d4c12281340fac96b635a2879cc065d7637a6592872	wsh-trace	local	57bc72c1c92472ccfb05e677071bf95d82fff4df3044f34a92a629596b62cd1b	2264a8042763edf2620cfe32d96b096e1f3d26aa	5.9.2	2.55.0	1000	150	dirty	14	0.961	7.417	1	1	0	1	1788332374.828284	1788332374.993082	253074393	253075640
2026-09-02T06:57:49Z	8dc0b5fea25671d6745a556bffb740d3866e189c	352c096f011eb282f12e6d4c12281340fac96b635a2879cc065d7637a6592872	wsh-trace	local	57bc72c1c92472ccfb05e677071bf95d82fff4df3044f34a92a629596b62cd1b	2264a8042763edf2620cfe32d96b096e1f3d26aa	5.9.2	2.55.0	1000	150	dirty	15	1.175	7.095	1	1	0	1	1788332375.329840	1788332375.494637	253077297	253078211
2026-09-02T06:57:49Z	8dc0b5fea25671d6745a556bffb740d3866e189c	352c096f011eb282f12e6d4c12281340fac96b635a2879cc065d7637a6592872	wsh-trace	local	57bc72c1c92472ccfb05e677071bf95d82fff4df3044f34a92a629596b62cd1b	2264a8042763edf2620cfe32d96b096e1f3d26aa	5.9.2	2.55.0	1000	150	dirty	16	1.305	7.182	1	1	0	1	1788332375.833151	1788332375.997915	253079650	253080738
2026-09-02T06:57:49Z	8dc0b5fea25671d6745a556bffb740d3866e189c	352c096f011eb282f12e6d4c12281340fac96b635a2879cc065d7637a6592872	wsh-trace	local	57bc72c1c92472ccfb05e677071bf95d82fff4df3044f34a92a629596b62cd1b	2264a8042763edf2620cfe32d96b096e1f3d26aa	5.9.2	2.55.0	1000	150	dirty	17	1.241	6.850	1	1	0	1	1788332376.336962	1788332376.502451	253082403	253083263
2026-09-02T06:57:49Z	8dc0b5fea25671d6745a556bffb740d3866e189c	352c096f011eb282f12e6d4c12281340fac96b635a2879cc065d7637a6592872	wsh-trace	local	57bc72c1c92472ccfb05e677071bf95d82fff4df3044f34a92a629596b62cd1b	2264a8042763edf2620cfe32d96b096e1f3d26aa	5.9.2	2.55.0	1000	150	dirty	18	1.209	6.946	1	1	0	1	1788332376.841085	1788332377.005594	253084622	253085371
2026-09-02T06:57:49Z	8dc0b5fea25671d6745a556bffb740d3866e189c	352c096f011eb282f12e6d4c12281340fac96b635a2879cc065d7637a6592872	wsh-trace	local	57bc72c1c92472ccfb05e677071bf95d82fff4df3044f34a92a629596b62cd1b	2264a8042763edf2620cfe32d96b096e1f3d26aa	5.9.2	2.55.0	1000	150	dirty	19	1.035	7.597	1	1	0	1	1788332377.341907	1788332377.507423	253086976	253088244
2026-09-02T06:57:49Z	8dc0b5fea25671d6745a556bffb740d3866e189c	352c096f011eb282f12e6d4c12281340fac96b635a2879cc065d7637a6592872	wsh-trace	local	57bc72c1c92472ccfb05e677071bf95d82fff4df3044f34a92a629596b62cd1b	2264a8042763edf2620cfe32d96b096e1f3d26aa	5.9.2	2.55.0	1000	150	dirty	20	1.222	7.016	1	1	0	1	1788332377.845600	1788332378.010374	253089712	253090659
2026-09-02T06:57:49Z	8dc0b5fea25671d6745a556bffb740d3866e189c	352c096f011eb282f12e6d4c12281340fac96b635a2879cc065d7637a6592872	wsh-trace	local	57bc72c1c92472ccfb05e677071bf95d82fff4df3044f34a92a629596b62cd1b	2264a8042763edf2620cfe32d96b096e1f3d26aa	5.9.2	2.55.0	1000	150	untracked	1	1.446	6.908	1	1	0	1	1788332378.370523	1788332378.535098	253092029	253093365
2026-09-02T06:57:49Z	8dc0b5fea25671d6745a556bffb740d3866e189c	352c096f011eb282f12e6d4c12281340fac96b635a2879cc065d7637a6592872	wsh-trace	local	57bc72c1c92472ccfb05e677071bf95d82fff4df3044f34a92a629596b62cd1b	2264a8042763edf2620cfe32d96b096e1f3d26aa	5.9.2	2.55.0	1000	150	untracked	2	1.095	6.828	1	1	0	1	1788332378.875532	1788332379.040219	253095070	253096526
2026-09-02T06:57:49Z	8dc0b5fea25671d6745a556bffb740d3866e189c	352c096f011eb282f12e6d4c12281340fac96b635a2879cc065d7637a6592872	wsh-trace	local	57bc72c1c92472ccfb05e677071bf95d82fff4df3044f34a92a629596b62cd1b	2264a8042763edf2620cfe32d96b096e1f3d26aa	5.9.2	2.55.0	1000	150	untracked	3	1.222	7.586	1	1	0	1	1788332379.379427	1788332379.545578	253098154	253099578
2026-09-02T06:57:49Z	8dc0b5fea25671d6745a556bffb740d3866e189c	352c096f011eb282f12e6d4c12281340fac96b635a2879cc065d7637a6592872	wsh-trace	local	57bc72c1c92472ccfb05e677071bf95d82fff4df3044f34a92a629596b62cd1b	2264a8042763edf2620cfe32d96b096e1f3d26aa	5.9.2	2.55.0	1000	150	untracked	4	1.066	7.233	1	1	0	1	1788332379.885455	1788332380.050840	253101705	253102950
2026-09-02T06:57:49Z	8dc0b5fea25671d6745a556bffb740d3866e189c	352c096f011eb282f12e6d4c12281340fac96b635a2879cc065d7637a6592872	wsh-trace	local	57bc72c1c92472ccfb05e677071bf95d82fff4df3044f34a92a629596b62cd1b	2264a8042763edf2620cfe32d96b096e1f3d26aa	5.9.2	2.55.0	1000	150	untracked	5	1.381	7.388	1	1	0	1	1788332380.389631	1788332380.555439	253105174	253107327
2026-09-02T06:57:49Z	8dc0b5fea25671d6745a556bffb740d3866e189c	352c096f011eb282f12e6d4c12281340fac96b635a2879cc065d7637a6592872	wsh-trace	local	57bc72c1c92472ccfb05e677071bf95d82fff4df3044f34a92a629596b62cd1b	2264a8042763edf2620cfe32d96b096e1f3d26aa	5.9.2	2.55.0	1000	150	untracked	6	1.351	7.927	1	1	0	1	1788332380.896959	1788332381.062589	253108773	253109668
2026-09-02T06:57:49Z	8dc0b5fea25671d6745a556bffb740d3866e189c	352c096f011eb282f12e6d4c12281340fac96b635a2879cc065d7637a6592872	wsh-trace	local	57bc72c1c92472ccfb05e677071bf95d82fff4df3044f34a92a629596b62cd1b	2264a8042763edf2620cfe32d96b096e1f3d26aa	5.9.2	2.55.0	1000	150	untracked	7	1.264	7.466	1	1	0	1	1788332381.401672	1788332381.566339	253113028	253115053
2026-09-02T06:57:49Z	8dc0b5fea25671d6745a556bffb740d3866e189c	352c096f011eb282f12e6d4c12281340fac96b635a2879cc065d7637a6592872	wsh-trace	local	57bc72c1c92472ccfb05e677071bf95d82fff4df3044f34a92a629596b62cd1b	2264a8042763edf2620cfe32d96b096e1f3d26aa	5.9.2	2.55.0	1000	150	untracked	8	1.298	7.080	1	1	0	1	1788332381.906263	1788332382.071352	253117791	253118730
2026-09-02T06:57:49Z	8dc0b5fea25671d6745a556bffb740d3866e189c	352c096f011eb282f12e6d4c12281340fac96b635a2879cc065d7637a6592872	wsh-trace	local	57bc72c1c92472ccfb05e677071bf95d82fff4df3044f34a92a629596b62cd1b	2264a8042763edf2620cfe32d96b096e1f3d26aa	5.9.2	2.55.0	1000	150	untracked	9	1.202	7.461	1	1	0	1	1788332382.411114	1788332382.576133	253119820	253121465
2026-09-02T06:57:49Z	8dc0b5fea25671d6745a556bffb740d3866e189c	352c096f011eb282f12e6d4c12281340fac96b635a2879cc065d7637a6592872	wsh-trace	local	57bc72c1c92472ccfb05e677071bf95d82fff4df3044f34a92a629596b62cd1b	2264a8042763edf2620cfe32d96b096e1f3d26aa	5.9.2	2.55.0	1000	150	untracked	10	1.312	6.795	1	1	0	1	1788332382.915008	1788332383.079519	253123846	253124454
2026-09-02T06:57:49Z	8dc0b5fea25671d6745a556bffb740d3866e189c	352c096f011eb282f12e6d4c12281340fac96b635a2879cc065d7637a6592872	wsh-trace	local	57bc72c1c92472ccfb05e677071bf95d82fff4df3044f34a92a629596b62cd1b	2264a8042763edf2620cfe32d96b096e1f3d26aa	5.9.2	2.55.0	1000	150	untracked	11	1.107	7.093	1	1	0	1	1788332383.420299	1788332383.584783	253126504	253128050
2026-09-02T06:57:49Z	8dc0b5fea25671d6745a556bffb740d3866e189c	352c096f011eb282f12e6d4c12281340fac96b635a2879cc065d7637a6592872	wsh-trace	local	57bc72c1c92472ccfb05e677071bf95d82fff4df3044f34a92a629596b62cd1b	2264a8042763edf2620cfe32d96b096e1f3d26aa	5.9.2	2.55.0	1000	150	untracked	12	1.279	6.985	1	1	0	1	1788332383.925752	1788332384.090488	253129880	253130942
2026-09-02T06:57:49Z	8dc0b5fea25671d6745a556bffb740d3866e189c	352c096f011eb282f12e6d4c12281340fac96b635a2879cc065d7637a6592872	wsh-trace	local	57bc72c1c92472ccfb05e677071bf95d82fff4df3044f34a92a629596b62cd1b	2264a8042763edf2620cfe32d96b096e1f3d26aa	5.9.2	2.55.0	1000	150	untracked	13	1.352	7.333	1	1	0	1	1788332384.429277	1788332384.595345	253133434	253135059
2026-09-02T06:57:49Z	8dc0b5fea25671d6745a556bffb740d3866e189c	352c096f011eb282f12e6d4c12281340fac96b635a2879cc065d7637a6592872	wsh-trace	local	57bc72c1c92472ccfb05e677071bf95d82fff4df3044f34a92a629596b62cd1b	2264a8042763edf2620cfe32d96b096e1f3d26aa	5.9.2	2.55.0	1000	150	untracked	14	1.282	7.267	1	1	0	1	1788332384.935915	1788332385.100923	253136906	253137998
2026-09-02T06:57:49Z	8dc0b5fea25671d6745a556bffb740d3866e189c	352c096f011eb282f12e6d4c12281340fac96b635a2879cc065d7637a6592872	wsh-trace	local	57bc72c1c92472ccfb05e677071bf95d82fff4df3044f34a92a629596b62cd1b	2264a8042763edf2620cfe32d96b096e1f3d26aa	5.9.2	2.55.0	1000	150	untracked	15	1.282	7.200	1	1	0	1	1788332385.440536	1788332385.606203	253139923	253141275
2026-09-02T06:57:49Z	8dc0b5fea25671d6745a556bffb740d3866e189c	352c096f011eb282f12e6d4c12281340fac96b635a2879cc065d7637a6592872	wsh-trace	local	57bc72c1c92472ccfb05e677071bf95d82fff4df3044f34a92a629596b62cd1b	2264a8042763edf2620cfe32d96b096e1f3d26aa	5.9.2	2.55.0	1000	150	untracked	16	1.317	7.465	1	1	0	1	1788332385.947581	1788332386.112843	253143859	253145538
2026-09-02T06:57:49Z	8dc0b5fea25671d6745a556bffb740d3866e189c	352c096f011eb282f12e6d4c12281340fac96b635a2879cc065d7637a6592872	wsh-trace	local	57bc72c1c92472ccfb05e677071bf95d82fff4df3044f34a92a629596b62cd1b	2264a8042763edf2620cfe32d96b096e1f3d26aa	5.9.2	2.55.0	1000	150	untracked	17	0.933	7.260	1	1	0	1	1788332386.452896	1788332386.618887	253147813	253148644
2026-09-02T06:57:49Z	8dc0b5fea25671d6745a556bffb740d3866e189c	352c096f011eb282f12e6d4c12281340fac96b635a2879cc065d7637a6592872	wsh-trace	local	57bc72c1c92472ccfb05e677071bf95d82fff4df3044f34a92a629596b62cd1b	2264a8042763edf2620cfe32d96b096e1f3d26aa	5.9.2	2.55.0	1000	150	untracked	18	1.300	7.500	1	1	0	1	1788332386.960186	1788332387.125406	253151131	253152338
2026-09-02T06:57:49Z	8dc0b5fea25671d6745a556bffb740d3866e189c	352c096f011eb282f12e6d4c12281340fac96b635a2879cc065d7637a6592872	wsh-trace	local	57bc72c1c92472ccfb05e677071bf95d82fff4df3044f34a92a629596b62cd1b	2264a8042763edf2620cfe32d96b096e1f3d26aa	5.9.2	2.55.0	1000	150	untracked	19	1.371	7.342	1	1	0	1	1788332387.465091	1788332387.630196	253155377	253157809
2026-09-02T06:57:49Z	8dc0b5fea25671d6745a556bffb740d3866e189c	352c096f011eb282f12e6d4c12281340fac96b635a2879cc065d7637a6592872	wsh-trace	local	57bc72c1c92472ccfb05e677071bf95d82fff4df3044f34a92a629596b62cd1b	2264a8042763edf2620cfe32d96b096e1f3d26aa	5.9.2	2.55.0	1000	150	untracked	20	1.309	8.227	1	1	0	1	1788332387.970669	1788332388.136978	253159656	253160885
