snapshot_at_utc	benchmark_commit	runner_sha256	target	target_kind	target_commit	omz_commit	zsh_version	git_version	fixture_files	settle_ms	state	iteration	first_ms	settled_ms	repaints	git_calls	unlocked_calls	semantic_pass	measurement_started_epoch_seconds	measurement_finished_epoch_seconds	cpu_psi_some_total_before	cpu_psi_some_total_after
2026-09-02T13:31:13Z	8dc0b5fea25671d6745a556bffb740d3866e189c	352c096f011eb282f12e6d4c12281340fac96b635a2879cc065d7637a6592872	raw	control	5.9.2	2264a8042763edf2620cfe32d96b096e1f3d26aa	5.9.2	2.55.0	1000	150	clean	1	0.613	0.613	0	0	0	na	1788355873.957888	1788355874.111753	284009741	284010178
2026-09-02T13:31:13Z	8dc0b5fea25671d6745a556bffb740d3866e189c	352c096f011eb282f12e6d4c12281340fac96b635a2879cc065d7637a6592872	raw	control	5.9.2	2264a8042763edf2620cfe32d96b096e1f3d26aa	5.9.2	2.55.0	1000	150	clean	2	0.475	0.475	0	0	0	na	1788355874.265294	1788355874.418676	284010494	284010760
2026-09-02T13:31:13Z	8dc0b5fea25671d6745a556bffb740d3866e189c	352c096f011eb282f12e6d4c12281340fac96b635a2879cc065d7637a6592872	raw	control	5.9.2	2264a8042763edf2620cfe32d96b096e1f3d26aa	5.9.2	2.55.0	1000	150	clean	3	0.468	0.468	0	0	0	na	1788355874.572172	1788355874.725842	284011083	284011382
2026-09-02T13:31:13Z	8dc0b5fea25671d6745a556bffb740d3866e189c	352c096f011eb282f12e6d4c12281340fac96b635a2879cc065d7637a6592872	raw	control	5.9.2	2264a8042763edf2620cfe32d96b096e1f3d26aa	5.9.2	2.55.0	1000	150	clean	4	0.492	0.492	0	0	0	na	1788355874.879416	1788355875.033015	284011728	284012033
2026-09-02T13:31:13Z	8dc0b5fea25671d6745a556bffb740d3866e189c	352c096f011eb282f12e6d4c12281340fac96b635a2879cc065d7637a6592872	raw	control	5.9.2	2264a8042763edf2620cfe32d96b096e1f3d26aa	5.9.2	2.55.0	1000	150	clean	5	0.407	0.407	0	0	0	na	1788355875.186498	1788355875.340010	284012359	284012625
2026-09-02T13:31:13Z	8dc0b5fea25671d6745a556bffb740d3866e189c	352c096f011eb282f12e6d4c12281340fac96b635a2879cc065d7637a6592872	raw	control	5.9.2	2264a8042763edf2620cfe32d96b096e1f3d26aa	5.9.2	2.55.0	1000	150	clean	6	0.457	0.457	0	0	0	na	1788355875.493586	1788355875.647524	284012876	284013138
2026-09-02T13:31:13Z	8dc0b5fea25671d6745a556bffb740d3866e189c	352c096f011eb282f12e6d4c12281340fac96b635a2879cc065d7637a6592872	raw	control	5.9.2	2264a8042763edf2620cfe32d96b096e1f3d26aa	5.9.2	2.55.0	1000	150	clean	7	0.436	0.436	0	0	0	na	1788355875.800870	1788355875.954552	284013429	284013660
2026-09-02T13:31:13Z	8dc0b5fea25671d6745a556bffb740d3866e189c	352c096f011eb282f12e6d4c12281340fac96b635a2879cc065d7637a6592872	raw	control	5.9.2	2264a8042763edf2620cfe32d96b096e1f3d26aa	5.9.2	2.55.0	1000	150	clean	8	0.426	0.426	0	0	0	na	1788355876.107932	1788355876.261462	284013913	284014121
2026-09-02T13:31:13Z	8dc0b5fea25671d6745a556bffb740d3866e189c	352c096f011eb282f12e6d4c12281340fac96b635a2879cc065d7637a6592872	raw	control	5.9.2	2264a8042763edf2620cfe32d96b096e1f3d26aa	5.9.2	2.55.0	1000	150	clean	9	0.501	0.501	0	0	0	na	1788355876.414896	1788355876.568569	284014315	284014525
2026-09-02T13:31:13Z	8dc0b5fea25671d6745a556bffb740d3866e189c	352c096f011eb282f12e6d4c12281340fac96b635a2879cc065d7637a6592872	raw	control	5.9.2	2264a8042763edf2620cfe32d96b096e1f3d26aa	5.9.2	2.55.0	1000	150	clean	10	0.443	0.443	0	0	0	na	1788355876.721914	1788355876.875507	284014727	284015214
2026-09-02T13:31:13Z	8dc0b5fea25671d6745a556bffb740d3866e189c	352c096f011eb282f12e6d4c12281340fac96b635a2879cc065d7637a6592872	raw	control	5.9.2	2264a8042763edf2620cfe32d96b096e1f3d26aa	5.9.2	2.55.0	1000	150	clean	11	0.472	0.472	0	0	0	na	1788355877.028624	1788355877.181767	284015459	284015695
2026-09-02T13:31:13Z	8dc0b5fea25671d6745a556bffb740d3866e189c	352c096f011eb282f12e6d4c12281340fac96b635a2879cc065d7637a6592872	raw	control	5.9.2	2264a8042763edf2620cfe32d96b096e1f3d26aa	5.9.2	2.55.0	1000	150	clean	12	0.468	0.468	0	0	0	na	1788355877.335446	1788355877.489159	284016396	284016769
2026-09-02T13:31:13Z	8dc0b5fea25671d6745a556bffb740d3866e189c	352c096f011eb282f12e6d4c12281340fac96b635a2879cc065d7637a6592872	raw	control	5.9.2	2264a8042763edf2620cfe32d96b096e1f3d26aa	5.9.2	2.55.0	1000	150	clean	13	0.456	0.456	0	0	0	na	1788355877.642797	1788355877.796373	284017147	284017573
2026-09-02T13:31:13Z	8dc0b5fea25671d6745a556bffb740d3866e189c	352c096f011eb282f12e6d4c12281340fac96b635a2879cc065d7637a6592872	raw	control	5.9.2	2264a8042763edf2620cfe32d96b096e1f3d26aa	5.9.2	2.55.0	1000	150	clean	14	0.502	0.502	0	0	0	na	1788355877.949621	1788355878.103351	284017708	284018159
2026-09-02T13:31:13Z	8dc0b5fea25671d6745a556bffb740d3866e189c	352c096f011eb282f12e6d4c12281340fac96b635a2879cc065d7637a6592872	raw	control	5.9.2	2264a8042763edf2620cfe32d96b096e1f3d26aa	5.9.2	2.55.0	1000	150	clean	15	0.418	0.418	0	0	0	na	1788355878.256874	1788355878.410335	284018466	284018775
2026-09-02T13:31:13Z	8dc0b5fea25671d6745a556bffb740d3866e189c	352c096f011eb282f12e6d4c12281340fac96b635a2879cc065d7637a6592872	raw	control	5.9.2	2264a8042763edf2620cfe32d96b096e1f3d26aa	5.9.2	2.55.0	1000	150	clean	16	0.460	0.460	0	0	0	na	1788355878.563619	1788355878.717352	284018996	284019147
2026-09-02T13:31:13Z	8dc0b5fea25671d6745a556bffb740d3866e189c	352c096f011eb282f12e6d4c12281340fac96b635a2879cc065d7637a6592872	raw	control	5.9.2	2264a8042763edf2620cfe32d96b096e1f3d26aa	5.9.2	2.55.0	1000	150	clean	17	0.438	0.438	0	0	0	na	1788355878.871096	1788355879.024892	284020077	284020379
2026-09-02T13:31:13Z	8dc0b5fea25671d6745a556bffb740d3866e189c	352c096f011eb282f12e6d4c12281340fac96b635a2879cc065d7637a6592872	raw	control	5.9.2	2264a8042763edf2620cfe32d96b096e1f3d26aa	5.9.2	2.55.0	1000	150	clean	18	0.409	0.409	0	0	0	na	1788355879.178504	1788355879.332283	284020603	284020804
2026-09-02T13:31:13Z	8dc0b5fea25671d6745a556bffb740d3866e189c	352c096f011eb282f12e6d4c12281340fac96b635a2879cc065d7637a6592872	raw	control	5.9.2	2264a8042763edf2620cfe32d96b096e1f3d26aa	5.9.2	2.55.0	1000	150	clean	19	0.404	0.404	0	0	0	na	1788355879.485584	1788355879.639267	284021058	284021264
2026-09-02T13:31:13Z	8dc0b5fea25671d6745a556bffb740d3866e189c	352c096f011eb282f12e6d4c12281340fac96b635a2879cc065d7637a6592872	raw	control	5.9.2	2264a8042763edf2620cfe32d96b096e1f3d26aa	5.9.2	2.55.0	1000	150	clean	20	0.415	0.415	0	0	0	na	1788355879.792782	1788355879.946314	284021649	284021886
2026-09-02T13:31:13Z	8dc0b5fea25671d6745a556bffb740d3866e189c	352c096f011eb282f12e6d4c12281340fac96b635a2879cc065d7637a6592872	raw	control	5.9.2	2264a8042763edf2620cfe32d96b096e1f3d26aa	5.9.2	2.55.0	1000	150	dirty	1	0.412	0.412	0	0	0	na	1788355880.128012	1788355880.281276	284022244	284022458
2026-09-02T13:31:13Z	8dc0b5fea25671d6745a556bffb740d3866e189c	352c096f011eb282f12e6d4c12281340fac96b635a2879cc065d7637a6592872	raw	control	5.9.2	2264a8042763edf2620cfe32d96b096e1f3d26aa	5.9.2	2.55.0	1000	150	dirty	2	0.358	0.358	0	0	0	na	1788355880.434804	1788355880.588212	284022670	284022880
2026-09-02T13:31:13Z	8dc0b5fea25671d6745a556bffb740d3866e189c	352c096f011eb282f12e6d4c12281340fac96b635a2879cc065d7637a6592872	raw	control	5.9.2	2264a8042763edf2620cfe32d96b096e1f3d26aa	5.9.2	2.55.0	1000	150	dirty	3	0.349	0.349	0	0	0	na	1788355880.741624	1788355880.895285	284023066	284023374
2026-09-02T13:31:13Z	8dc0b5fea25671d6745a556bffb740d3866e189c	352c096f011eb282f12e6d4c12281340fac96b635a2879cc065d7637a6592872	raw	control	5.9.2	2264a8042763edf2620cfe32d96b096e1f3d26aa	5.9.2	2.55.0	1000	150	dirty	4	0.383	0.383	0	0	0	na	1788355881.048827	1788355881.202340	284023800	284024088
2026-09-02T13:31:13Z	8dc0b5fea25671d6745a556bffb740d3866e189c	352c096f011eb282f12e6d4c12281340fac96b635a2879cc065d7637a6592872	raw	control	5.9.2	2264a8042763edf2620cfe32d96b096e1f3d26aa	5.9.2	2.55.0	1000	150	dirty	5	0.356	0.356	0	0	0	na	1788355881.355840	1788355881.509514	284024378	284024779
2026-09-02T13:31:13Z	8dc0b5fea25671d6745a556bffb740d3866e189c	352c096f011eb282f12e6d4c12281340fac96b635a2879cc065d7637a6592872	raw	control	5.9.2	2264a8042763edf2620cfe32d96b096e1f3d26aa	5.9.2	2.55.0	1000	150	dirty	6	0.351	0.351	0	0	0	na	1788355881.663076	1788355881.816557	284025019	284025254
2026-09-02T13:31:13Z	8dc0b5fea25671d6745a556bffb740d3866e189c	352c096f011eb282f12e6d4c12281340fac96b635a2879cc065d7637a6592872	raw	control	5.9.2	2264a8042763edf2620cfe32d96b096e1f3d26aa	5.9.2	2.55.0	1000	150	dirty	7	0.421	0.421	0	0	0	na	1788355881.970276	1788355882.123899	284025502	284025727
2026-09-02T13:31:13Z	8dc0b5fea25671d6745a556bffb740d3866e189c	352c096f011eb282f12e6d4c12281340fac96b635a2879cc065d7637a6592872	raw	control	5.9.2	2264a8042763edf2620cfe32d96b096e1f3d26aa	5.9.2	2.55.0	1000	150	dirty	8	0.357	0.357	0	0	0	na	1788355882.277350	1788355882.430700	284025991	284026216
2026-09-02T13:31:13Z	8dc0b5fea25671d6745a556bffb740d3866e189c	352c096f011eb282f12e6d4c12281340fac96b635a2879cc065d7637a6592872	raw	control	5.9.2	2264a8042763edf2620cfe32d96b096e1f3d26aa	5.9.2	2.55.0	1000	150	dirty	9	0.358	0.358	0	0	0	na	1788355882.584291	1788355882.737576	284026467	284026834
2026-09-02T13:31:13Z	8dc0b5fea25671d6745a556bffb740d3866e189c	352c096f011eb282f12e6d4c12281340fac96b635a2879cc065d7637a6592872	raw	control	5.9.2	2264a8042763edf2620cfe32d96b096e1f3d26aa	5.9.2	2.55.0	1000	150	dirty	10	0.381	0.381	0	0	0	na	1788355882.890851	1788355883.044226	284027070	284027289
2026-09-02T13:31:13Z	8dc0b5fea25671d6745a556bffb740d3866e189c	352c096f011eb282f12e6d4c12281340fac96b635a2879cc065d7637a6592872	raw	control	5.9.2	2264a8042763edf2620cfe32d96b096e1f3d26aa	5.9.2	2.55.0	1000	150	dirty	11	0.347	0.347	0	0	0	na	1788355883.197608	1788355883.351084	284027496	284027669
2026-09-02T13:31:13Z	8dc0b5fea25671d6745a556bffb740d3866e189c	352c096f011eb282f12e6d4c12281340fac96b635a2879cc065d7637a6592872	raw	control	5.9.2	2264a8042763edf2620cfe32d96b096e1f3d26aa	5.9.2	2.55.0	1000	150	dirty	12	0.355	0.355	0	0	0	na	1788355883.504409	1788355883.657743	284027832	284028025
2026-09-02T13:31:13Z	8dc0b5fea25671d6745a556bffb740d3866e189c	352c096f011eb282f12e6d4c12281340fac96b635a2879cc065d7637a6592872	raw	control	5.9.2	2264a8042763edf2620cfe32d96b096e1f3d26aa	5.9.2	2.55.0	1000	150	dirty	13	0.411	0.411	0	0	0	na	1788355883.811183	1788355883.964640	284028379	284028612
2026-09-02T13:31:13Z	8dc0b5fea25671d6745a556bffb740d3866e189c	352c096f011eb282f12e6d4c12281340fac96b635a2879cc065d7637a6592872	raw	control	5.9.2	2264a8042763edf2620cfe32d96b096e1f3d26aa	5.9.2	2.55.0	1000	150	dirty	14	0.348	0.348	0	0	0	na	1788355884.118017	1788355884.271587	284028842	284029072
2026-09-02T13:31:13Z	8dc0b5fea25671d6745a556bffb740d3866e189c	352c096f011eb282f12e6d4c12281340fac96b635a2879cc065d7637a6592872	raw	control	5.9.2	2264a8042763edf2620cfe32d96b096e1f3d26aa	5.9.2	2.55.0	1000	150	dirty	15	0.346	0.346	0	0	0	na	1788355884.425328	1788355884.578700	284029268	284029802
2026-09-02T13:31:13Z	8dc0b5fea25671d6745a556bffb740d3866e189c	352c096f011eb282f12e6d4c12281340fac96b635a2879cc065d7637a6592872	raw	control	5.9.2	2264a8042763edf2620cfe32d96b096e1f3d26aa	5.9.2	2.55.0	1000	150	dirty	16	0.345	0.345	0	0	0	na	1788355884.732198	1788355884.885689	284030178	284030649
2026-09-02T13:31:13Z	8dc0b5fea25671d6745a556bffb740d3866e189c	352c096f011eb282f12e6d4c12281340fac96b635a2879cc065d7637a6592872	raw	control	5.9.2	2264a8042763edf2620cfe32d96b096e1f3d26aa	5.9.2	2.55.0	1000	150	dirty	17	0.377	0.377	0	0	0	na	1788355885.038936	1788355885.192456	284030942	284031256
2026-09-02T13:31:13Z	8dc0b5fea25671d6745a556bffb740d3866e189c	352c096f011eb282f12e6d4c12281340fac96b635a2879cc065d7637a6592872	raw	control	5.9.2	2264a8042763edf2620cfe32d96b096e1f3d26aa	5.9.2	2.55.0	1000	150	dirty	18	0.403	0.403	0	0	0	na	1788355885.346135	1788355885.499881	284031695	284032111
2026-09-02T13:31:13Z	8dc0b5fea25671d6745a556bffb740d3866e189c	352c096f011eb282f12e6d4c12281340fac96b635a2879cc065d7637a6592872	raw	control	5.9.2	2264a8042763edf2620cfe32d96b096e1f3d26aa	5.9.2	2.55.0	1000	150	dirty	19	0.374	0.374	0	0	0	na	1788355885.653285	1788355885.806732	284032324	284032644
2026-09-02T13:31:13Z	8dc0b5fea25671d6745a556bffb740d3866e189c	352c096f011eb282f12e6d4c12281340fac96b635a2879cc065d7637a6592872	raw	control	5.9.2	2264a8042763edf2620cfe32d96b096e1f3d26aa	5.9.2	2.55.0	1000	150	dirty	20	0.369	0.369	0	0	0	na	1788355885.960287	1788355886.113787	284032893	284033100
2026-09-02T13:31:13Z	8dc0b5fea25671d6745a556bffb740d3866e189c	352c096f011eb282f12e6d4c12281340fac96b635a2879cc065d7637a6592872	raw	control	5.9.2	2264a8042763edf2620cfe32d96b096e1f3d26aa	5.9.2	2.55.0	1000	150	untracked	1	0.478	0.478	0	0	0	na	1788355886.289245	1788355886.442530	284033328	284033513
2026-09-02T13:31:13Z	8dc0b5fea25671d6745a556bffb740d3866e189c	352c096f011eb282f12e6d4c12281340fac96b635a2879cc065d7637a6592872	raw	control	5.9.2	2264a8042763edf2620cfe32d96b096e1f3d26aa	5.9.2	2.55.0	1000	150	untracked	2	0.375	0.375	0	0	0	na	1788355886.597188	1788355886.750402	284033690	284033936
2026-09-02T13:31:13Z	8dc0b5fea25671d6745a556bffb740d3866e189c	352c096f011eb282f12e6d4c12281340fac96b635a2879cc065d7637a6592872	raw	control	5.9.2	2264a8042763edf2620cfe32d96b096e1f3d26aa	5.9.2	2.55.0	1000	150	untracked	3	0.434	0.434	0	0	0	na	1788355886.904646	1788355887.058098	284034233	284034551
2026-09-02T13:31:13Z	8dc0b5fea25671d6745a556bffb740d3866e189c	352c096f011eb282f12e6d4c12281340fac96b635a2879cc065d7637a6592872	raw	control	5.9.2	2264a8042763edf2620cfe32d96b096e1f3d26aa	5.9.2	2.55.0	1000	150	untracked	4	0.379	0.379	0	0	0	na	1788355887.213047	1788355887.366346	284034808	284035007
2026-09-02T13:31:13Z	8dc0b5fea25671d6745a556bffb740d3866e189c	352c096f011eb282f12e6d4c12281340fac96b635a2879cc065d7637a6592872	raw	control	5.9.2	2264a8042763edf2620cfe32d96b096e1f3d26aa	5.9.2	2.55.0	1000	150	untracked	5	0.461	0.461	0	0	0	na	1788355887.520895	1788355887.674484	284035234	284035415
2026-09-02T13:31:13Z	8dc0b5fea25671d6745a556bffb740d3866e189c	352c096f011eb282f12e6d4c12281340fac96b635a2879cc065d7637a6592872	raw	control	5.9.2	2264a8042763edf2620cfe32d96b096e1f3d26aa	5.9.2	2.55.0	1000	150	untracked	6	0.384	0.384	0	0	0	na	1788355887.829117	1788355887.982570	284035831	284036040
2026-09-02T13:31:13Z	8dc0b5fea25671d6745a556bffb740d3866e189c	352c096f011eb282f12e6d4c12281340fac96b635a2879cc065d7637a6592872	raw	control	5.9.2	2264a8042763edf2620cfe32d96b096e1f3d26aa	5.9.2	2.55.0	1000	150	untracked	7	0.454	0.454	0	0	0	na	1788355888.137489	1788355888.290930	284036260	284036492
2026-09-02T13:31:13Z	8dc0b5fea25671d6745a556bffb740d3866e189c	352c096f011eb282f12e6d4c12281340fac96b635a2879cc065d7637a6592872	raw	control	5.9.2	2264a8042763edf2620cfe32d96b096e1f3d26aa	5.9.2	2.55.0	1000	150	untracked	8	0.418	0.418	0	0	0	na	1788355888.445778	1788355888.599350	284036741	284036981
2026-09-02T13:31:13Z	8dc0b5fea25671d6745a556bffb740d3866e189c	352c096f011eb282f12e6d4c12281340fac96b635a2879cc065d7637a6592872	raw	control	5.9.2	2264a8042763edf2620cfe32d96b096e1f3d26aa	5.9.2	2.55.0	1000	150	untracked	9	0.373	0.373	0	0	0	na	1788355888.754136	1788355888.907873	284037281	284037529
2026-09-02T13:31:13Z	8dc0b5fea25671d6745a556bffb740d3866e189c	352c096f011eb282f12e6d4c12281340fac96b635a2879cc065d7637a6592872	raw	control	5.9.2	2264a8042763edf2620cfe32d96b096e1f3d26aa	5.9.2	2.55.0	1000	150	untracked	10	0.442	0.442	0	0	0	na	1788355889.062777	1788355889.216281	284037760	284038012
2026-09-02T13:31:13Z	8dc0b5fea25671d6745a556bffb740d3866e189c	352c096f011eb282f12e6d4c12281340fac96b635a2879cc065d7637a6592872	raw	control	5.9.2	2264a8042763edf2620cfe32d96b096e1f3d26aa	5.9.2	2.55.0	1000	150	untracked	11	0.388	0.388	0	0	0	na	1788355889.371039	1788355889.524517	284038343	284038551
2026-09-02T13:31:13Z	8dc0b5fea25671d6745a556bffb740d3866e189c	352c096f011eb282f12e6d4c12281340fac96b635a2879cc065d7637a6592872	raw	control	5.9.2	2264a8042763edf2620cfe32d96b096e1f3d26aa	5.9.2	2.55.0	1000	150	untracked	12	0.393	0.393	0	0	0	na	1788355889.679629	1788355889.833400	284038797	284039106
2026-09-02T13:31:13Z	8dc0b5fea25671d6745a556bffb740d3866e189c	352c096f011eb282f12e6d4c12281340fac96b635a2879cc065d7637a6592872	raw	control	5.9.2	2264a8042763edf2620cfe32d96b096e1f3d26aa	5.9.2	2.55.0	1000	150	untracked	13	0.383	0.383	0	0	0	na	1788355889.988123	1788355890.141746	284039345	284039645
2026-09-02T13:31:13Z	8dc0b5fea25671d6745a556bffb740d3866e189c	352c096f011eb282f12e6d4c12281340fac96b635a2879cc065d7637a6592872	raw	control	5.9.2	2264a8042763edf2620cfe32d96b096e1f3d26aa	5.9.2	2.55.0	1000	150	untracked	14	0.414	0.414	0	0	0	na	1788355890.296795	1788355890.450676	284039872	284040118
2026-09-02T13:31:13Z	8dc0b5fea25671d6745a556bffb740d3866e189c	352c096f011eb282f12e6d4c12281340fac96b635a2879cc065d7637a6592872	raw	control	5.9.2	2264a8042763edf2620cfe32d96b096e1f3d26aa	5.9.2	2.55.0	1000	150	untracked	15	0.424	0.424	0	0	0	na	1788355890.606052	1788355890.760128	284040360	284040862
2026-09-02T13:31:13Z	8dc0b5fea25671d6745a556bffb740d3866e189c	352c096f011eb282f12e6d4c12281340fac96b635a2879cc065d7637a6592872	raw	control	5.9.2	2264a8042763edf2620cfe32d96b096e1f3d26aa	5.9.2	2.55.0	1000	150	untracked	16	0.454	0.454	0	0	0	na	1788355890.915487	1788355891.069378	284041663	284042211
2026-09-02T13:31:13Z	8dc0b5fea25671d6745a556bffb740d3866e189c	352c096f011eb282f12e6d4c12281340fac96b635a2879cc065d7637a6592872	raw	control	5.9.2	2264a8042763edf2620cfe32d96b096e1f3d26aa	5.9.2	2.55.0	1000	150	untracked	17	0.418	0.418	0	0	0	na	1788355891.224523	1788355891.378218	284042446	284042826
2026-09-02T13:31:13Z	8dc0b5fea25671d6745a556bffb740d3866e189c	352c096f011eb282f12e6d4c12281340fac96b635a2879cc065d7637a6592872	raw	control	5.9.2	2264a8042763edf2620cfe32d96b096e1f3d26aa	5.9.2	2.55.0	1000	150	untracked	18	0.465	0.465	0	0	0	na	1788355891.534181	1788355891.688925	284043541	284044232
2026-09-02T13:31:13Z	8dc0b5fea25671d6745a556bffb740d3866e189c	352c096f011eb282f12e6d4c12281340fac96b635a2879cc065d7637a6592872	raw	control	5.9.2	2264a8042763edf2620cfe32d96b096e1f3d26aa	5.9.2	2.55.0	1000	150	untracked	19	0.416	0.416	0	0	0	na	1788355891.844178	1788355891.997677	284044738	284044916
2026-09-02T13:31:13Z	8dc0b5fea25671d6745a556bffb740d3866e189c	352c096f011eb282f12e6d4c12281340fac96b635a2879cc065d7637a6592872	raw	control	5.9.2	2264a8042763edf2620cfe32d96b096e1f3d26aa	5.9.2	2.55.0	1000	150	untracked	20	0.400	0.400	0	0	0	na	1788355892.152795	1788355892.306456	284045081	284045245
2026-09-02T13:31:13Z	8dc0b5fea25671d6745a556bffb740d3866e189c	352c096f011eb282f12e6d4c12281340fac96b635a2879cc065d7637a6592872	direct-git	control	2.55.0	2264a8042763edf2620cfe32d96b096e1f3d26aa	5.9.2	2.55.0	1000	150	clean	1	5.369	5.369	0	1	0	na	1788355892.666591	1788355892.825552	284045847	284046312
2026-09-02T13:31:13Z	8dc0b5fea25671d6745a556bffb740d3866e189c	352c096f011eb282f12e6d4c12281340fac96b635a2879cc065d7637a6592872	direct-git	control	2.55.0	2264a8042763edf2620cfe32d96b096e1f3d26aa	5.9.2	2.55.0	1000	150	clean	2	5.642	5.642	0	1	0	na	1788355892.985168	1788355893.144322	284046598	284046856
2026-09-02T13:31:13Z	8dc0b5fea25671d6745a556bffb740d3866e189c	352c096f011eb282f12e6d4c12281340fac96b635a2879cc065d7637a6592872	direct-git	control	2.55.0	2264a8042763edf2620cfe32d96b096e1f3d26aa	5.9.2	2.55.0	1000	150	clean	3	5.532	5.532	0	1	0	na	1788355893.302603	1788355893.461523	284047209	284047517
2026-09-02T13:31:13Z	8dc0b5fea25671d6745a556bffb740d3866e189c	352c096f011eb282f12e6d4c12281340fac96b635a2879cc065d7637a6592872	direct-git	control	2.55.0	2264a8042763edf2620cfe32d96b096e1f3d26aa	5.9.2	2.55.0	1000	150	clean	4	5.366	5.366	0	1	0	na	1788355893.620813	1788355893.779883	284047795	284048036
2026-09-02T13:31:13Z	8dc0b5fea25671d6745a556bffb740d3866e189c	352c096f011eb282f12e6d4c12281340fac96b635a2879cc065d7637a6592872	direct-git	control	2.55.0	2264a8042763edf2620cfe32d96b096e1f3d26aa	5.9.2	2.55.0	1000	150	clean	5	5.247	5.247	0	1	0	na	1788355893.939360	1788355894.097856	284048311	284048535
2026-09-02T13:31:13Z	8dc0b5fea25671d6745a556bffb740d3866e189c	352c096f011eb282f12e6d4c12281340fac96b635a2879cc065d7637a6592872	direct-git	control	2.55.0	2264a8042763edf2620cfe32d96b096e1f3d26aa	5.9.2	2.55.0	1000	150	clean	6	5.275	5.275	0	1	0	na	1788355894.256270	1788355894.414768	284048772	284049041
2026-09-02T13:31:13Z	8dc0b5fea25671d6745a556bffb740d3866e189c	352c096f011eb282f12e6d4c12281340fac96b635a2879cc065d7637a6592872	direct-git	control	2.55.0	2264a8042763edf2620cfe32d96b096e1f3d26aa	5.9.2	2.55.0	1000	150	clean	7	6.144	6.144	0	1	0	na	1788355894.573252	1788355894.732773	284049247	284049509
2026-09-02T13:31:13Z	8dc0b5fea25671d6745a556bffb740d3866e189c	352c096f011eb282f12e6d4c12281340fac96b635a2879cc065d7637a6592872	direct-git	control	2.55.0	2264a8042763edf2620cfe32d96b096e1f3d26aa	5.9.2	2.55.0	1000	150	clean	8	5.331	5.331	0	1	0	na	1788355894.891466	1788355895.049913	284049857	284050250
2026-09-02T13:31:13Z	8dc0b5fea25671d6745a556bffb740d3866e189c	352c096f011eb282f12e6d4c12281340fac96b635a2879cc065d7637a6592872	direct-git	control	2.55.0	2264a8042763edf2620cfe32d96b096e1f3d26aa	5.9.2	2.55.0	1000	150	clean	9	5.682	5.682	0	1	0	na	1788355895.208567	1788355895.367348	284050646	284050848
2026-09-02T13:31:13Z	8dc0b5fea25671d6745a556bffb740d3866e189c	352c096f011eb282f12e6d4c12281340fac96b635a2879cc065d7637a6592872	direct-git	control	2.55.0	2264a8042763edf2620cfe32d96b096e1f3d26aa	5.9.2	2.55.0	1000	150	clean	10	5.908	5.908	0	1	0	na	1788355895.527158	1788355895.686287	284051194	284051559
2026-09-02T13:31:13Z	8dc0b5fea25671d6745a556bffb740d3866e189c	352c096f011eb282f12e6d4c12281340fac96b635a2879cc065d7637a6592872	direct-git	control	2.55.0	2264a8042763edf2620cfe32d96b096e1f3d26aa	5.9.2	2.55.0	1000	150	clean	11	5.339	5.339	0	1	0	na	1788355895.845432	1788355896.004464	284051836	284052037
2026-09-02T13:31:13Z	8dc0b5fea25671d6745a556bffb740d3866e189c	352c096f011eb282f12e6d4c12281340fac96b635a2879cc065d7637a6592872	direct-git	control	2.55.0	2264a8042763edf2620cfe32d96b096e1f3d26aa	5.9.2	2.55.0	1000	150	clean	12	5.476	5.476	0	1	0	na	1788355896.163664	1788355896.323094	284052229	284052448
2026-09-02T13:31:13Z	8dc0b5fea25671d6745a556bffb740d3866e189c	352c096f011eb282f12e6d4c12281340fac96b635a2879cc065d7637a6592872	direct-git	control	2.55.0	2264a8042763edf2620cfe32d96b096e1f3d26aa	5.9.2	2.55.0	1000	150	clean	13	5.581	5.581	0	1	0	na	1788355896.482414	1788355896.641792	284052686	284052939
2026-09-02T13:31:13Z	8dc0b5fea25671d6745a556bffb740d3866e189c	352c096f011eb282f12e6d4c12281340fac96b635a2879cc065d7637a6592872	direct-git	control	2.55.0	2264a8042763edf2620cfe32d96b096e1f3d26aa	5.9.2	2.55.0	1000	150	clean	14	5.461	5.461	0	1	0	na	1788355896.801314	1788355896.960765	284053214	284053452
2026-09-02T13:31:13Z	8dc0b5fea25671d6745a556bffb740d3866e189c	352c096f011eb282f12e6d4c12281340fac96b635a2879cc065d7637a6592872	direct-git	control	2.55.0	2264a8042763edf2620cfe32d96b096e1f3d26aa	5.9.2	2.55.0	1000	150	clean	15	5.591	5.591	0	1	0	na	1788355897.120057	1788355897.279518	284053731	284054020
2026-09-02T13:31:13Z	8dc0b5fea25671d6745a556bffb740d3866e189c	352c096f011eb282f12e6d4c12281340fac96b635a2879cc065d7637a6592872	direct-git	control	2.55.0	2264a8042763edf2620cfe32d96b096e1f3d26aa	5.9.2	2.55.0	1000	150	clean	16	5.694	5.694	0	1	0	na	1788355897.439034	1788355897.598624	284054286	284054518
2026-09-02T13:31:13Z	8dc0b5fea25671d6745a556bffb740d3866e189c	352c096f011eb282f12e6d4c12281340fac96b635a2879cc065d7637a6592872	direct-git	control	2.55.0	2264a8042763edf2620cfe32d96b096e1f3d26aa	5.9.2	2.55.0	1000	150	clean	17	5.396	5.396	0	1	0	na	1788355897.758183	1788355897.917794	284054731	284055301
2026-09-02T13:31:13Z	8dc0b5fea25671d6745a556bffb740d3866e189c	352c096f011eb282f12e6d4c12281340fac96b635a2879cc065d7637a6592872	direct-git	control	2.55.0	2264a8042763edf2620cfe32d96b096e1f3d26aa	5.9.2	2.55.0	1000	150	clean	18	5.617	5.617	0	1	0	na	1788355898.078102	1788355898.237922	284055631	284056083
2026-09-02T13:31:13Z	8dc0b5fea25671d6745a556bffb740d3866e189c	352c096f011eb282f12e6d4c12281340fac96b635a2879cc065d7637a6592872	direct-git	control	2.55.0	2264a8042763edf2620cfe32d96b096e1f3d26aa	5.9.2	2.55.0	1000	150	clean	19	5.299	5.299	0	1	0	na	1788355898.398133	1788355898.557363	284056360	284056537
2026-09-02T13:31:13Z	8dc0b5fea25671d6745a556bffb740d3866e189c	352c096f011eb282f12e6d4c12281340fac96b635a2879cc065d7637a6592872	direct-git	control	2.55.0	2264a8042763edf2620cfe32d96b096e1f3d26aa	5.9.2	2.55.0	1000	150	clean	20	5.589	5.589	0	1	0	na	1788355898.717682	1788355898.877317	284056893	284057292
2026-09-02T13:31:13Z	8dc0b5fea25671d6745a556bffb740d3866e189c	352c096f011eb282f12e6d4c12281340fac96b635a2879cc065d7637a6592872	direct-git	control	2.55.0	2264a8042763edf2620cfe32d96b096e1f3d26aa	5.9.2	2.55.0	1000	150	dirty	1	5.742	5.742	0	1	0	na	1788355899.056396	1788355899.215772	284057729	284058063
2026-09-02T13:31:13Z	8dc0b5fea25671d6745a556bffb740d3866e189c	352c096f011eb282f12e6d4c12281340fac96b635a2879cc065d7637a6592872	direct-git	control	2.55.0	2264a8042763edf2620cfe32d96b096e1f3d26aa	5.9.2	2.55.0	1000	150	dirty	2	5.661	5.661	0	1	0	na	1788355899.375854	1788355899.535402	284058403	284058777
2026-09-02T13:31:13Z	8dc0b5fea25671d6745a556bffb740d3866e189c	352c096f011eb282f12e6d4c12281340fac96b635a2879cc065d7637a6592872	direct-git	control	2.55.0	2264a8042763edf2620cfe32d96b096e1f3d26aa	5.9.2	2.55.0	1000	150	dirty	3	5.418	5.418	0	1	0	na	1788355899.695747	1788355899.855557	284059061	284059332
2026-09-02T13:31:13Z	8dc0b5fea25671d6745a556bffb740d3866e189c	352c096f011eb282f12e6d4c12281340fac96b635a2879cc065d7637a6592872	direct-git	control	2.55.0	2264a8042763edf2620cfe32d96b096e1f3d26aa	5.9.2	2.55.0	1000	150	dirty	4	5.530	5.530	0	1	0	na	1788355900.015249	1788355900.174910	284059684	284060135
2026-09-02T13:31:13Z	8dc0b5fea25671d6745a556bffb740d3866e189c	352c096f011eb282f12e6d4c12281340fac96b635a2879cc065d7637a6592872	direct-git	control	2.55.0	2264a8042763edf2620cfe32d96b096e1f3d26aa	5.9.2	2.55.0	1000	150	dirty	5	5.589	5.589	0	1	0	na	1788355900.335546	1788355900.495231	284060725	284060995
2026-09-02T13:31:13Z	8dc0b5fea25671d6745a556bffb740d3866e189c	352c096f011eb282f12e6d4c12281340fac96b635a2879cc065d7637a6592872	direct-git	control	2.55.0	2264a8042763edf2620cfe32d96b096e1f3d26aa	5.9.2	2.55.0	1000	150	dirty	6	5.427	5.427	0	1	0	na	1788355900.655232	1788355900.814851	284061363	284061883
2026-09-02T13:31:13Z	8dc0b5fea25671d6745a556bffb740d3866e189c	352c096f011eb282f12e6d4c12281340fac96b635a2879cc065d7637a6592872	direct-git	control	2.55.0	2264a8042763edf2620cfe32d96b096e1f3d26aa	5.9.2	2.55.0	1000	150	dirty	7	5.608	5.608	0	1	0	na	1788355900.975485	1788355901.135385	284062386	284062818
2026-09-02T13:31:13Z	8dc0b5fea25671d6745a556bffb740d3866e189c	352c096f011eb282f12e6d4c12281340fac96b635a2879cc065d7637a6592872	direct-git	control	2.55.0	2264a8042763edf2620cfe32d96b096e1f3d26aa	5.9.2	2.55.0	1000	150	dirty	8	5.090	5.090	0	1	0	na	1788355901.295685	1788355901.454874	284063162	284063407
2026-09-02T13:31:13Z	8dc0b5fea25671d6745a556bffb740d3866e189c	352c096f011eb282f12e6d4c12281340fac96b635a2879cc065d7637a6592872	direct-git	control	2.55.0	2264a8042763edf2620cfe32d96b096e1f3d26aa	5.9.2	2.55.0	1000	150	dirty	9	6.008	6.008	0	1	0	na	1788355901.614538	1788355901.774832	284063745	284063976
2026-09-02T13:31:13Z	8dc0b5fea25671d6745a556bffb740d3866e189c	352c096f011eb282f12e6d4c12281340fac96b635a2879cc065d7637a6592872	direct-git	control	2.55.0	2264a8042763edf2620cfe32d96b096e1f3d26aa	5.9.2	2.55.0	1000	150	dirty	10	5.360	5.360	0	1	0	na	1788355901.936120	1788355902.095753	284064242	284064647
2026-09-02T13:31:13Z	8dc0b5fea25671d6745a556bffb740d3866e189c	352c096f011eb282f12e6d4c12281340fac96b635a2879cc065d7637a6592872	direct-git	control	2.55.0	2264a8042763edf2620cfe32d96b096e1f3d26aa	5.9.2	2.55.0	1000	150	dirty	11	5.487	5.487	0	1	0	na	1788355902.257017	1788355902.416309	284065072	284065289
2026-09-02T13:31:13Z	8dc0b5fea25671d6745a556bffb740d3866e189c	352c096f011eb282f12e6d4c12281340fac96b635a2879cc065d7637a6592872	direct-git	control	2.55.0	2264a8042763edf2620cfe32d96b096e1f3d26aa	5.9.2	2.55.0	1000	150	dirty	12	5.444	5.444	0	1	0	na	1788355902.575962	1788355902.735186	284065466	284065838
2026-09-02T13:31:13Z	8dc0b5fea25671d6745a556bffb740d3866e189c	352c096f011eb282f12e6d4c12281340fac96b635a2879cc065d7637a6592872	direct-git	control	2.55.0	2264a8042763edf2620cfe32d96b096e1f3d26aa	5.9.2	2.55.0	1000	150	dirty	13	5.681	5.681	0	1	0	na	1788355902.895503	1788355903.055053	284066294	284066442
2026-09-02T13:31:13Z	8dc0b5fea25671d6745a556bffb740d3866e189c	352c096f011eb282f12e6d4c12281340fac96b635a2879cc065d7637a6592872	direct-git	control	2.55.0	2264a8042763edf2620cfe32d96b096e1f3d26aa	5.9.2	2.55.0	1000	150	dirty	14	5.419	5.419	0	1	0	na	1788355903.214833	1788355903.374194	284066943	284067161
2026-09-02T13:31:13Z	8dc0b5fea25671d6745a556bffb740d3866e189c	352c096f011eb282f12e6d4c12281340fac96b635a2879cc065d7637a6592872	direct-git	control	2.55.0	2264a8042763edf2620cfe32d96b096e1f3d26aa	5.9.2	2.55.0	1000	150	dirty	15	5.557	5.557	0	1	0	na	1788355903.534175	1788355903.694265	284067391	284067663
2026-09-02T13:31:13Z	8dc0b5fea25671d6745a556bffb740d3866e189c	352c096f011eb282f12e6d4c12281340fac96b635a2879cc065d7637a6592872	direct-git	control	2.55.0	2264a8042763edf2620cfe32d96b096e1f3d26aa	5.9.2	2.55.0	1000	150	dirty	16	5.258	5.258	0	1	0	na	1788355903.854677	1788355904.014257	284067913	284068130
2026-09-02T13:31:13Z	8dc0b5fea25671d6745a556bffb740d3866e189c	352c096f011eb282f12e6d4c12281340fac96b635a2879cc065d7637a6592872	direct-git	control	2.55.0	2264a8042763edf2620cfe32d96b096e1f3d26aa	5.9.2	2.55.0	1000	150	dirty	17	5.523	5.523	0	1	0	na	1788355904.174870	1788355904.334923	284068366	284068621
2026-09-02T13:31:13Z	8dc0b5fea25671d6745a556bffb740d3866e189c	352c096f011eb282f12e6d4c12281340fac96b635a2879cc065d7637a6592872	direct-git	control	2.55.0	2264a8042763edf2620cfe32d96b096e1f3d26aa	5.9.2	2.55.0	1000	150	dirty	18	5.278	5.278	0	1	0	na	1788355904.495051	1788355904.654671	284068882	284069088
2026-09-02T13:31:13Z	8dc0b5fea25671d6745a556bffb740d3866e189c	352c096f011eb282f12e6d4c12281340fac96b635a2879cc065d7637a6592872	direct-git	control	2.55.0	2264a8042763edf2620cfe32d96b096e1f3d26aa	5.9.2	2.55.0	1000	150	dirty	19	5.290	5.290	0	1	0	na	1788355904.814801	1788355904.974007	284069349	284069623
2026-09-02T13:31:13Z	8dc0b5fea25671d6745a556bffb740d3866e189c	352c096f011eb282f12e6d4c12281340fac96b635a2879cc065d7637a6592872	direct-git	control	2.55.0	2264a8042763edf2620cfe32d96b096e1f3d26aa	5.9.2	2.55.0	1000	150	dirty	20	5.592	5.592	0	1	0	na	1788355905.134450	1788355905.294456	284069894	284070122
2026-09-02T13:31:13Z	8dc0b5fea25671d6745a556bffb740d3866e189c	352c096f011eb282f12e6d4c12281340fac96b635a2879cc065d7637a6592872	direct-git	control	2.55.0	2264a8042763edf2620cfe32d96b096e1f3d26aa	5.9.2	2.55.0	1000	150	untracked	1	5.436	5.436	0	1	0	na	1788355905.477672	1788355905.637437	284070457	284070657
2026-09-02T13:31:13Z	8dc0b5fea25671d6745a556bffb740d3866e189c	352c096f011eb282f12e6d4c12281340fac96b635a2879cc065d7637a6592872	direct-git	control	2.55.0	2264a8042763edf2620cfe32d96b096e1f3d26aa	5.9.2	2.55.0	1000	150	untracked	2	5.900	5.900	0	1	0	na	1788355905.799423	1788355905.959751	284070991	284071221
2026-09-02T13:31:13Z	8dc0b5fea25671d6745a556bffb740d3866e189c	352c096f011eb282f12e6d4c12281340fac96b635a2879cc065d7637a6592872	direct-git	control	2.55.0	2264a8042763edf2620cfe32d96b096e1f3d26aa	5.9.2	2.55.0	1000	150	untracked	3	5.293	5.293	0	1	0	na	1788355906.121268	1788355906.280693	284071414	284071782
2026-09-02T13:31:13Z	8dc0b5fea25671d6745a556bffb740d3866e189c	352c096f011eb282f12e6d4c12281340fac96b635a2879cc065d7637a6592872	direct-git	control	2.55.0	2264a8042763edf2620cfe32d96b096e1f3d26aa	5.9.2	2.55.0	1000	150	untracked	4	5.764	5.764	0	1	0	na	1788355906.443676	1788355906.604388	284072228	284072427
2026-09-02T13:31:13Z	8dc0b5fea25671d6745a556bffb740d3866e189c	352c096f011eb282f12e6d4c12281340fac96b635a2879cc065d7637a6592872	direct-git	control	2.55.0	2264a8042763edf2620cfe32d96b096e1f3d26aa	5.9.2	2.55.0	1000	150	untracked	5	5.771	5.771	0	1	0	na	1788355906.766512	1788355906.926923	284072685	284073043
2026-09-02T13:31:13Z	8dc0b5fea25671d6745a556bffb740d3866e189c	352c096f011eb282f12e6d4c12281340fac96b635a2879cc065d7637a6592872	direct-git	control	2.55.0	2264a8042763edf2620cfe32d96b096e1f3d26aa	5.9.2	2.55.0	1000	150	untracked	6	5.632	5.632	0	1	0	na	1788355907.088768	1788355907.249040	284073302	284073538
2026-09-02T13:31:13Z	8dc0b5fea25671d6745a556bffb740d3866e189c	352c096f011eb282f12e6d4c12281340fac96b635a2879cc065d7637a6592872	direct-git	control	2.55.0	2264a8042763edf2620cfe32d96b096e1f3d26aa	5.9.2	2.55.0	1000	150	untracked	7	5.422	5.422	0	1	0	na	1788355907.410839	1788355907.570617	284073754	284073989
2026-09-02T13:31:13Z	8dc0b5fea25671d6745a556bffb740d3866e189c	352c096f011eb282f12e6d4c12281340fac96b635a2879cc065d7637a6592872	direct-git	control	2.55.0	2264a8042763edf2620cfe32d96b096e1f3d26aa	5.9.2	2.55.0	1000	150	untracked	8	5.901	5.901	0	1	0	na	1788355907.732998	1788355907.893410	284074440	284074794
2026-09-02T13:31:13Z	8dc0b5fea25671d6745a556bffb740d3866e189c	352c096f011eb282f12e6d4c12281340fac96b635a2879cc065d7637a6592872	direct-git	control	2.55.0	2264a8042763edf2620cfe32d96b096e1f3d26aa	5.9.2	2.55.0	1000	150	untracked	9	5.659	5.659	0	1	0	na	1788355908.055211	1788355908.214883	284075027	284075277
2026-09-02T13:31:13Z	8dc0b5fea25671d6745a556bffb740d3866e189c	352c096f011eb282f12e6d4c12281340fac96b635a2879cc065d7637a6592872	direct-git	control	2.55.0	2264a8042763edf2620cfe32d96b096e1f3d26aa	5.9.2	2.55.0	1000	150	untracked	10	5.613	5.613	0	1	0	na	1788355908.376450	1788355908.536317	284075473	284075701
2026-09-02T13:31:13Z	8dc0b5fea25671d6745a556bffb740d3866e189c	352c096f011eb282f12e6d4c12281340fac96b635a2879cc065d7637a6592872	direct-git	control	2.55.0	2264a8042763edf2620cfe32d96b096e1f3d26aa	5.9.2	2.55.0	1000	150	untracked	11	5.727	5.727	0	1	0	na	1788355908.699428	1788355908.860147	284076149	284076661
2026-09-02T13:31:13Z	8dc0b5fea25671d6745a556bffb740d3866e189c	352c096f011eb282f12e6d4c12281340fac96b635a2879cc065d7637a6592872	direct-git	control	2.55.0	2264a8042763edf2620cfe32d96b096e1f3d26aa	5.9.2	2.55.0	1000	150	untracked	12	5.458	5.458	0	1	0	na	1788355909.021635	1788355909.182015	284076863	284077209
2026-09-02T13:31:13Z	8dc0b5fea25671d6745a556bffb740d3866e189c	352c096f011eb282f12e6d4c12281340fac96b635a2879cc065d7637a6592872	direct-git	control	2.55.0	2264a8042763edf2620cfe32d96b096e1f3d26aa	5.9.2	2.55.0	1000	150	untracked	13	5.651	5.651	0	1	0	na	1788355909.344321	1788355909.504692	284077601	284077915
2026-09-02T13:31:13Z	8dc0b5fea25671d6745a556bffb740d3866e189c	352c096f011eb282f12e6d4c12281340fac96b635a2879cc065d7637a6592872	direct-git	control	2.55.0	2264a8042763edf2620cfe32d96b096e1f3d26aa	5.9.2	2.55.0	1000	150	untracked	14	5.357	5.357	0	1	0	na	1788355909.666548	1788355909.826679	284078126	284078408
2026-09-02T13:31:13Z	8dc0b5fea25671d6745a556bffb740d3866e189c	352c096f011eb282f12e6d4c12281340fac96b635a2879cc065d7637a6592872	direct-git	control	2.55.0	2264a8042763edf2620cfe32d96b096e1f3d26aa	5.9.2	2.55.0	1000	150	untracked	15	5.793	5.793	0	1	0	na	1788355909.988713	1788355910.149234	284078707	284078954
2026-09-02T13:31:13Z	8dc0b5fea25671d6745a556bffb740d3866e189c	352c096f011eb282f12e6d4c12281340fac96b635a2879cc065d7637a6592872	direct-git	control	2.55.0	2264a8042763edf2620cfe32d96b096e1f3d26aa	5.9.2	2.55.0	1000	150	untracked	16	5.353	5.353	0	1	0	na	1788355910.311045	1788355910.471104	284079268	284079639
2026-09-02T13:31:13Z	8dc0b5fea25671d6745a556bffb740d3866e189c	352c096f011eb282f12e6d4c12281340fac96b635a2879cc065d7637a6592872	direct-git	control	2.55.0	2264a8042763edf2620cfe32d96b096e1f3d26aa	5.9.2	2.55.0	1000	150	untracked	17	5.335	5.335	0	1	0	na	1788355910.632833	1788355910.792909	284079943	284080339
2026-09-02T13:31:13Z	8dc0b5fea25671d6745a556bffb740d3866e189c	352c096f011eb282f12e6d4c12281340fac96b635a2879cc065d7637a6592872	direct-git	control	2.55.0	2264a8042763edf2620cfe32d96b096e1f3d26aa	5.9.2	2.55.0	1000	150	untracked	18	5.496	5.496	0	1	0	na	1788355910.954826	1788355911.114702	284080577	284080796
2026-09-02T13:31:13Z	8dc0b5fea25671d6745a556bffb740d3866e189c	352c096f011eb282f12e6d4c12281340fac96b635a2879cc065d7637a6592872	direct-git	control	2.55.0	2264a8042763edf2620cfe32d96b096e1f3d26aa	5.9.2	2.55.0	1000	150	untracked	19	5.598	5.598	0	1	0	na	1788355911.276917	1788355911.437114	284081054	284081318
2026-09-02T13:31:13Z	8dc0b5fea25671d6745a556bffb740d3866e189c	352c096f011eb282f12e6d4c12281340fac96b635a2879cc065d7637a6592872	direct-git	control	2.55.0	2264a8042763edf2620cfe32d96b096e1f3d26aa	5.9.2	2.55.0	1000	150	untracked	20	5.372	5.372	0	1	0	na	1788355911.599118	1788355911.758721	284081558	284081813
2026-09-02T13:31:13Z	8dc0b5fea25671d6745a556bffb740d3866e189c	352c096f011eb282f12e6d4c12281340fac96b635a2879cc065d7637a6592872	wsh-idle	control	4fa59ffc191c59db064dad44f47534cf47ac08da6f35e1710935fd0f39477918	2264a8042763edf2620cfe32d96b096e1f3d26aa	5.9.2	2.55.0	1000	150	clean	1	0.463	0.463	0	0	0	na	1788355912.119551	1788355912.273999	284082461	284082780
2026-09-02T13:31:13Z	8dc0b5fea25671d6745a556bffb740d3866e189c	352c096f011eb282f12e6d4c12281340fac96b635a2879cc065d7637a6592872	wsh-idle	control	4fa59ffc191c59db064dad44f47534cf47ac08da6f35e1710935fd0f39477918	2264a8042763edf2620cfe32d96b096e1f3d26aa	5.9.2	2.55.0	1000	150	clean	2	0.459	0.459	0	0	0	na	1788355912.429541	1788355912.584306	284083029	284083254
2026-09-02T13:31:13Z	8dc0b5fea25671d6745a556bffb740d3866e189c	352c096f011eb282f12e6d4c12281340fac96b635a2879cc065d7637a6592872	wsh-idle	control	4fa59ffc191c59db064dad44f47534cf47ac08da6f35e1710935fd0f39477918	2264a8042763edf2620cfe32d96b096e1f3d26aa	5.9.2	2.55.0	1000	150	clean	3	0.477	0.477	0	0	0	na	1788355912.739679	1788355912.894459	284083468	284083991
2026-09-02T13:31:13Z	8dc0b5fea25671d6745a556bffb740d3866e189c	352c096f011eb282f12e6d4c12281340fac96b635a2879cc065d7637a6592872	wsh-idle	control	4fa59ffc191c59db064dad44f47534cf47ac08da6f35e1710935fd0f39477918	2264a8042763edf2620cfe32d96b096e1f3d26aa	5.9.2	2.55.0	1000	150	clean	4	0.415	0.415	0	0	0	na	1788355913.050122	1788355913.204700	284084272	284084520
2026-09-02T13:31:13Z	8dc0b5fea25671d6745a556bffb740d3866e189c	352c096f011eb282f12e6d4c12281340fac96b635a2879cc065d7637a6592872	wsh-idle	control	4fa59ffc191c59db064dad44f47534cf47ac08da6f35e1710935fd0f39477918	2264a8042763edf2620cfe32d96b096e1f3d26aa	5.9.2	2.55.0	1000	150	clean	5	0.408	0.408	0	0	0	na	1788355913.360348	1788355913.514645	284084698	284084865
2026-09-02T13:31:13Z	8dc0b5fea25671d6745a556bffb740d3866e189c	352c096f011eb282f12e6d4c12281340fac96b635a2879cc065d7637a6592872	wsh-idle	control	4fa59ffc191c59db064dad44f47534cf47ac08da6f35e1710935fd0f39477918	2264a8042763edf2620cfe32d96b096e1f3d26aa	5.9.2	2.55.0	1000	150	clean	6	0.418	0.418	0	0	0	na	1788355913.669657	1788355913.824225	284085028	284085359
2026-09-02T13:31:13Z	8dc0b5fea25671d6745a556bffb740d3866e189c	352c096f011eb282f12e6d4c12281340fac96b635a2879cc065d7637a6592872	wsh-idle	control	4fa59ffc191c59db064dad44f47534cf47ac08da6f35e1710935fd0f39477918	2264a8042763edf2620cfe32d96b096e1f3d26aa	5.9.2	2.55.0	1000	150	clean	7	0.455	0.455	0	0	0	na	1788355913.979894	1788355914.134294	284085688	284085948
2026-09-02T13:31:13Z	8dc0b5fea25671d6745a556bffb740d3866e189c	352c096f011eb282f12e6d4c12281340fac96b635a2879cc065d7637a6592872	wsh-idle	control	4fa59ffc191c59db064dad44f47534cf47ac08da6f35e1710935fd0f39477918	2264a8042763edf2620cfe32d96b096e1f3d26aa	5.9.2	2.55.0	1000	150	clean	8	0.464	0.464	0	0	0	na	1788355914.289612	1788355914.444017	284086161	284086387
2026-09-02T13:31:13Z	8dc0b5fea25671d6745a556bffb740d3866e189c	352c096f011eb282f12e6d4c12281340fac96b635a2879cc065d7637a6592872	wsh-idle	control	4fa59ffc191c59db064dad44f47534cf47ac08da6f35e1710935fd0f39477918	2264a8042763edf2620cfe32d96b096e1f3d26aa	5.9.2	2.55.0	1000	150	clean	9	0.441	0.441	0	0	0	na	1788355914.599187	1788355914.753656	284086668	284086891
2026-09-02T13:31:13Z	8dc0b5fea25671d6745a556bffb740d3866e189c	352c096f011eb282f12e6d4c12281340fac96b635a2879cc065d7637a6592872	wsh-idle	control	4fa59ffc191c59db064dad44f47534cf47ac08da6f35e1710935fd0f39477918	2264a8042763edf2620cfe32d96b096e1f3d26aa	5.9.2	2.55.0	1000	150	clean	10	0.426	0.426	0	0	0	na	1788355914.909227	1788355915.064438	284087348	284087834
2026-09-02T13:31:13Z	8dc0b5fea25671d6745a556bffb740d3866e189c	352c096f011eb282f12e6d4c12281340fac96b635a2879cc065d7637a6592872	wsh-idle	control	4fa59ffc191c59db064dad44f47534cf47ac08da6f35e1710935fd0f39477918	2264a8042763edf2620cfe32d96b096e1f3d26aa	5.9.2	2.55.0	1000	150	clean	11	0.436	0.436	0	0	0	na	1788355915.220567	1788355915.375682	284088393	284088781
2026-09-02T13:31:13Z	8dc0b5fea25671d6745a556bffb740d3866e189c	352c096f011eb282f12e6d4c12281340fac96b635a2879cc065d7637a6592872	wsh-idle	control	4fa59ffc191c59db064dad44f47534cf47ac08da6f35e1710935fd0f39477918	2264a8042763edf2620cfe32d96b096e1f3d26aa	5.9.2	2.55.0	1000	150	clean	12	0.511	0.511	0	0	0	na	1788355915.531633	1788355915.686650	284089269	284089597
2026-09-02T13:31:13Z	8dc0b5fea25671d6745a556bffb740d3866e189c	352c096f011eb282f12e6d4c12281340fac96b635a2879cc065d7637a6592872	wsh-idle	control	4fa59ffc191c59db064dad44f47534cf47ac08da6f35e1710935fd0f39477918	2264a8042763edf2620cfe32d96b096e1f3d26aa	5.9.2	2.55.0	1000	150	clean	13	0.518	0.518	0	0	0	na	1788355915.842581	1788355915.997582	284090043	284090467
2026-09-02T13:31:13Z	8dc0b5fea25671d6745a556bffb740d3866e189c	352c096f011eb282f12e6d4c12281340fac96b635a2879cc065d7637a6592872	wsh-idle	control	4fa59ffc191c59db064dad44f47534cf47ac08da6f35e1710935fd0f39477918	2264a8042763edf2620cfe32d96b096e1f3d26aa	5.9.2	2.55.0	1000	150	clean	14	0.469	0.469	0	0	0	na	1788355916.153524	1788355916.308408	284090857	284091104
2026-09-02T13:31:13Z	8dc0b5fea25671d6745a556bffb740d3866e189c	352c096f011eb282f12e6d4c12281340fac96b635a2879cc065d7637a6592872	wsh-idle	control	4fa59ffc191c59db064dad44f47534cf47ac08da6f35e1710935fd0f39477918	2264a8042763edf2620cfe32d96b096e1f3d26aa	5.9.2	2.55.0	1000	150	clean	15	0.595	0.595	0	0	0	na	1788355916.463768	1788355916.618949	284091309	284091552
2026-09-02T13:31:13Z	8dc0b5fea25671d6745a556bffb740d3866e189c	352c096f011eb282f12e6d4c12281340fac96b635a2879cc065d7637a6592872	wsh-idle	control	4fa59ffc191c59db064dad44f47534cf47ac08da6f35e1710935fd0f39477918	2264a8042763edf2620cfe32d96b096e1f3d26aa	5.9.2	2.55.0	1000	150	clean	16	0.441	0.441	0	0	0	na	1788355916.775198	1788355916.930214	284092110	284092565
2026-09-02T13:31:13Z	8dc0b5fea25671d6745a556bffb740d3866e189c	352c096f011eb282f12e6d4c12281340fac96b635a2879cc065d7637a6592872	wsh-idle	control	4fa59ffc191c59db064dad44f47534cf47ac08da6f35e1710935fd0f39477918	2264a8042763edf2620cfe32d96b096e1f3d26aa	5.9.2	2.55.0	1000	150	clean	17	0.477	0.477	0	0	0	na	1788355917.085906	1788355917.241112	284092974	284093332
2026-09-02T13:31:13Z	8dc0b5fea25671d6745a556bffb740d3866e189c	352c096f011eb282f12e6d4c12281340fac96b635a2879cc065d7637a6592872	wsh-idle	control	4fa59ffc191c59db064dad44f47534cf47ac08da6f35e1710935fd0f39477918	2264a8042763edf2620cfe32d96b096e1f3d26aa	5.9.2	2.55.0	1000	150	clean	18	0.459	0.459	0	0	0	na	1788355917.397012	1788355917.552133	284093657	284094010
2026-09-02T13:31:13Z	8dc0b5fea25671d6745a556bffb740d3866e189c	352c096f011eb282f12e6d4c12281340fac96b635a2879cc065d7637a6592872	wsh-idle	control	4fa59ffc191c59db064dad44f47534cf47ac08da6f35e1710935fd0f39477918	2264a8042763edf2620cfe32d96b096e1f3d26aa	5.9.2	2.55.0	1000	150	clean	19	0.452	0.452	0	0	0	na	1788355917.707892	1788355917.863052	284094337	284094964
2026-09-02T13:31:13Z	8dc0b5fea25671d6745a556bffb740d3866e189c	352c096f011eb282f12e6d4c12281340fac96b635a2879cc065d7637a6592872	wsh-idle	control	4fa59ffc191c59db064dad44f47534cf47ac08da6f35e1710935fd0f39477918	2264a8042763edf2620cfe32d96b096e1f3d26aa	5.9.2	2.55.0	1000	150	clean	20	0.447	0.447	0	0	0	na	1788355918.018846	1788355918.173468	284095194	284095442
2026-09-02T13:31:13Z	8dc0b5fea25671d6745a556bffb740d3866e189c	352c096f011eb282f12e6d4c12281340fac96b635a2879cc065d7637a6592872	wsh-idle	control	4fa59ffc191c59db064dad44f47534cf47ac08da6f35e1710935fd0f39477918	2264a8042763edf2620cfe32d96b096e1f3d26aa	5.9.2	2.55.0	1000	150	dirty	1	0.415	0.415	0	0	0	na	1788355918.348043	1788355918.502106	284095641	284095816
2026-09-02T13:31:13Z	8dc0b5fea25671d6745a556bffb740d3866e189c	352c096f011eb282f12e6d4c12281340fac96b635a2879cc065d7637a6592872	wsh-idle	control	4fa59ffc191c59db064dad44f47534cf47ac08da6f35e1710935fd0f39477918	2264a8042763edf2620cfe32d96b096e1f3d26aa	5.9.2	2.55.0	1000	150	dirty	2	0.453	0.453	0	0	0	na	1788355918.657022	1788355918.811138	284096001	284096230
2026-09-02T13:31:13Z	8dc0b5fea25671d6745a556bffb740d3866e189c	352c096f011eb282f12e6d4c12281340fac96b635a2879cc065d7637a6592872	wsh-idle	control	4fa59ffc191c59db064dad44f47534cf47ac08da6f35e1710935fd0f39477918	2264a8042763edf2620cfe32d96b096e1f3d26aa	5.9.2	2.55.0	1000	150	dirty	3	0.462	0.462	0	0	0	na	1788355918.966515	1788355919.121436	284096380	284096645
2026-09-02T13:31:13Z	8dc0b5fea25671d6745a556bffb740d3866e189c	352c096f011eb282f12e6d4c12281340fac96b635a2879cc065d7637a6592872	wsh-idle	control	4fa59ffc191c59db064dad44f47534cf47ac08da6f35e1710935fd0f39477918	2264a8042763edf2620cfe32d96b096e1f3d26aa	5.9.2	2.55.0	1000	150	dirty	4	0.403	0.403	0	0	0	na	1788355919.277114	1788355919.431871	284096898	284097127
2026-09-02T13:31:13Z	8dc0b5fea25671d6745a556bffb740d3866e189c	352c096f011eb282f12e6d4c12281340fac96b635a2879cc065d7637a6592872	wsh-idle	control	4fa59ffc191c59db064dad44f47534cf47ac08da6f35e1710935fd0f39477918	2264a8042763edf2620cfe32d96b096e1f3d26aa	5.9.2	2.55.0	1000	150	dirty	5	0.403	0.403	0	0	0	na	1788355919.587471	1788355919.742195	284097309	284097534
2026-09-02T13:31:13Z	8dc0b5fea25671d6745a556bffb740d3866e189c	352c096f011eb282f12e6d4c12281340fac96b635a2879cc065d7637a6592872	wsh-idle	control	4fa59ffc191c59db064dad44f47534cf47ac08da6f35e1710935fd0f39477918	2264a8042763edf2620cfe32d96b096e1f3d26aa	5.9.2	2.55.0	1000	150	dirty	6	0.431	0.431	0	0	0	na	1788355919.897974	1788355920.052643	284098108	284098379
2026-09-02T13:31:13Z	8dc0b5fea25671d6745a556bffb740d3866e189c	352c096f011eb282f12e6d4c12281340fac96b635a2879cc065d7637a6592872	wsh-idle	control	4fa59ffc191c59db064dad44f47534cf47ac08da6f35e1710935fd0f39477918	2264a8042763edf2620cfe32d96b096e1f3d26aa	5.9.2	2.55.0	1000	150	dirty	7	0.407	0.407	0	0	0	na	1788355920.208186	1788355920.362657	284098690	284098913
2026-09-02T13:31:13Z	8dc0b5fea25671d6745a556bffb740d3866e189c	352c096f011eb282f12e6d4c12281340fac96b635a2879cc065d7637a6592872	wsh-idle	control	4fa59ffc191c59db064dad44f47534cf47ac08da6f35e1710935fd0f39477918	2264a8042763edf2620cfe32d96b096e1f3d26aa	5.9.2	2.55.0	1000	150	dirty	8	0.430	0.430	0	0	0	na	1788355920.518263	1788355920.672964	284099217	284099505
2026-09-02T13:31:13Z	8dc0b5fea25671d6745a556bffb740d3866e189c	352c096f011eb282f12e6d4c12281340fac96b635a2879cc065d7637a6592872	wsh-idle	control	4fa59ffc191c59db064dad44f47534cf47ac08da6f35e1710935fd0f39477918	2264a8042763edf2620cfe32d96b096e1f3d26aa	5.9.2	2.55.0	1000	150	dirty	9	0.473	0.473	0	0	0	na	1788355920.828488	1788355920.983225	284099804	284100023
2026-09-02T13:31:13Z	8dc0b5fea25671d6745a556bffb740d3866e189c	352c096f011eb282f12e6d4c12281340fac96b635a2879cc065d7637a6592872	wsh-idle	control	4fa59ffc191c59db064dad44f47534cf47ac08da6f35e1710935fd0f39477918	2264a8042763edf2620cfe32d96b096e1f3d26aa	5.9.2	2.55.0	1000	150	dirty	10	0.401	0.401	0	0	0	na	1788355921.138318	1788355921.292501	284100241	284100462
2026-09-02T13:31:13Z	8dc0b5fea25671d6745a556bffb740d3866e189c	352c096f011eb282f12e6d4c12281340fac96b635a2879cc065d7637a6592872	wsh-idle	control	4fa59ffc191c59db064dad44f47534cf47ac08da6f35e1710935fd0f39477918	2264a8042763edf2620cfe32d96b096e1f3d26aa	5.9.2	2.55.0	1000	150	dirty	11	0.488	0.488	0	0	0	na	1788355921.447935	1788355921.602571	284100683	284100910
2026-09-02T13:31:13Z	8dc0b5fea25671d6745a556bffb740d3866e189c	352c096f011eb282f12e6d4c12281340fac96b635a2879cc065d7637a6592872	wsh-idle	control	4fa59ffc191c59db064dad44f47534cf47ac08da6f35e1710935fd0f39477918	2264a8042763edf2620cfe32d96b096e1f3d26aa	5.9.2	2.55.0	1000	150	dirty	12	0.476	0.476	0	0	0	na	1788355921.757991	1788355921.912849	284101186	284101671
2026-09-02T13:31:13Z	8dc0b5fea25671d6745a556bffb740d3866e189c	352c096f011eb282f12e6d4c12281340fac96b635a2879cc065d7637a6592872	wsh-idle	control	4fa59ffc191c59db064dad44f47534cf47ac08da6f35e1710935fd0f39477918	2264a8042763edf2620cfe32d96b096e1f3d26aa	5.9.2	2.55.0	1000	150	dirty	13	0.430	0.430	0	0	0	na	1788355922.068548	1788355922.223451	284101929	284102237
2026-09-02T13:31:13Z	8dc0b5fea25671d6745a556bffb740d3866e189c	352c096f011eb282f12e6d4c12281340fac96b635a2879cc065d7637a6592872	wsh-idle	control	4fa59ffc191c59db064dad44f47534cf47ac08da6f35e1710935fd0f39477918	2264a8042763edf2620cfe32d96b096e1f3d26aa	5.9.2	2.55.0	1000	150	dirty	14	0.427	0.427	0	0	0	na	1788355922.378851	1788355922.533405	284102514	284102743
2026-09-02T13:31:13Z	8dc0b5fea25671d6745a556bffb740d3866e189c	352c096f011eb282f12e6d4c12281340fac96b635a2879cc065d7637a6592872	wsh-idle	control	4fa59ffc191c59db064dad44f47534cf47ac08da6f35e1710935fd0f39477918	2264a8042763edf2620cfe32d96b096e1f3d26aa	5.9.2	2.55.0	1000	150	dirty	15	0.421	0.421	0	0	0	na	1788355922.688648	1788355922.843222	284102951	284103223
2026-09-02T13:31:13Z	8dc0b5fea25671d6745a556bffb740d3866e189c	352c096f011eb282f12e6d4c12281340fac96b635a2879cc065d7637a6592872	wsh-idle	control	4fa59ffc191c59db064dad44f47534cf47ac08da6f35e1710935fd0f39477918	2264a8042763edf2620cfe32d96b096e1f3d26aa	5.9.2	2.55.0	1000	150	dirty	16	0.424	0.424	0	0	0	na	1788355922.998624	1788355923.153130	284103465	284103677
2026-09-02T13:31:13Z	8dc0b5fea25671d6745a556bffb740d3866e189c	352c096f011eb282f12e6d4c12281340fac96b635a2879cc065d7637a6592872	wsh-idle	control	4fa59ffc191c59db064dad44f47534cf47ac08da6f35e1710935fd0f39477918	2264a8042763edf2620cfe32d96b096e1f3d26aa	5.9.2	2.55.0	1000	150	dirty	17	0.401	0.401	0	0	0	na	1788355923.308375	1788355923.462842	284103974	284104166
2026-09-02T13:31:13Z	8dc0b5fea25671d6745a556bffb740d3866e189c	352c096f011eb282f12e6d4c12281340fac96b635a2879cc065d7637a6592872	wsh-idle	control	4fa59ffc191c59db064dad44f47534cf47ac08da6f35e1710935fd0f39477918	2264a8042763edf2620cfe32d96b096e1f3d26aa	5.9.2	2.55.0	1000	150	dirty	18	0.402	0.402	0	0	0	na	1788355923.618155	1788355923.772721	284104416	284104665
2026-09-02T13:31:13Z	8dc0b5fea25671d6745a556bffb740d3866e189c	352c096f011eb282f12e6d4c12281340fac96b635a2879cc065d7637a6592872	wsh-idle	control	4fa59ffc191c59db064dad44f47534cf47ac08da6f35e1710935fd0f39477918	2264a8042763edf2620cfe32d96b096e1f3d26aa	5.9.2	2.55.0	1000	150	dirty	19	0.426	0.426	0	0	0	na	1788355923.928092	1788355924.082692	284104988	284105249
2026-09-02T13:31:13Z	8dc0b5fea25671d6745a556bffb740d3866e189c	352c096f011eb282f12e6d4c12281340fac96b635a2879cc065d7637a6592872	wsh-idle	control	4fa59ffc191c59db064dad44f47534cf47ac08da6f35e1710935fd0f39477918	2264a8042763edf2620cfe32d96b096e1f3d26aa	5.9.2	2.55.0	1000	150	dirty	20	0.423	0.423	0	0	0	na	1788355924.237915	1788355924.392246	284105523	284105764
2026-09-02T13:31:13Z	8dc0b5fea25671d6745a556bffb740d3866e189c	352c096f011eb282f12e6d4c12281340fac96b635a2879cc065d7637a6592872	wsh-idle	control	4fa59ffc191c59db064dad44f47534cf47ac08da6f35e1710935fd0f39477918	2264a8042763edf2620cfe32d96b096e1f3d26aa	5.9.2	2.55.0	1000	150	untracked	1	0.445	0.445	0	0	0	na	1788355924.571066	1788355924.725216	284106025	284106167
2026-09-02T13:31:13Z	8dc0b5fea25671d6745a556bffb740d3866e189c	352c096f011eb282f12e6d4c12281340fac96b635a2879cc065d7637a6592872	wsh-idle	control	4fa59ffc191c59db064dad44f47534cf47ac08da6f35e1710935fd0f39477918	2264a8042763edf2620cfe32d96b096e1f3d26aa	5.9.2	2.55.0	1000	150	untracked	2	0.446	0.446	0	0	0	na	1788355924.882138	1788355925.036410	284106419	284106685
2026-09-02T13:31:13Z	8dc0b5fea25671d6745a556bffb740d3866e189c	352c096f011eb282f12e6d4c12281340fac96b635a2879cc065d7637a6592872	wsh-idle	control	4fa59ffc191c59db064dad44f47534cf47ac08da6f35e1710935fd0f39477918	2264a8042763edf2620cfe32d96b096e1f3d26aa	5.9.2	2.55.0	1000	150	untracked	3	0.512	0.512	0	0	0	na	1788355925.193091	1788355925.347590	284106895	284107107
2026-09-02T13:31:13Z	8dc0b5fea25671d6745a556bffb740d3866e189c	352c096f011eb282f12e6d4c12281340fac96b635a2879cc065d7637a6592872	wsh-idle	control	4fa59ffc191c59db064dad44f47534cf47ac08da6f35e1710935fd0f39477918	2264a8042763edf2620cfe32d96b096e1f3d26aa	5.9.2	2.55.0	1000	150	untracked	4	0.439	0.439	0	0	0	na	1788355925.504233	1788355925.658652	284107393	284107887
2026-09-02T13:31:13Z	8dc0b5fea25671d6745a556bffb740d3866e189c	352c096f011eb282f12e6d4c12281340fac96b635a2879cc065d7637a6592872	wsh-idle	control	4fa59ffc191c59db064dad44f47534cf47ac08da6f35e1710935fd0f39477918	2264a8042763edf2620cfe32d96b096e1f3d26aa	5.9.2	2.55.0	1000	150	untracked	5	0.472	0.472	0	0	0	na	1788355925.815225	1788355925.969858	284108224	284108434
2026-09-02T13:31:13Z	8dc0b5fea25671d6745a556bffb740d3866e189c	352c096f011eb282f12e6d4c12281340fac96b635a2879cc065d7637a6592872	wsh-idle	control	4fa59ffc191c59db064dad44f47534cf47ac08da6f35e1710935fd0f39477918	2264a8042763edf2620cfe32d96b096e1f3d26aa	5.9.2	2.55.0	1000	150	untracked	6	0.408	0.408	0	0	0	na	1788355926.126474	1788355926.280902	284108735	284108933
2026-09-02T13:31:13Z	8dc0b5fea25671d6745a556bffb740d3866e189c	352c096f011eb282f12e6d4c12281340fac96b635a2879cc065d7637a6592872	wsh-idle	control	4fa59ffc191c59db064dad44f47534cf47ac08da6f35e1710935fd0f39477918	2264a8042763edf2620cfe32d96b096e1f3d26aa	5.9.2	2.55.0	1000	150	untracked	7	0.432	0.432	0	0	0	na	1788355926.437507	1788355926.592216	284109110	284109340
2026-09-02T13:31:13Z	8dc0b5fea25671d6745a556bffb740d3866e189c	352c096f011eb282f12e6d4c12281340fac96b635a2879cc065d7637a6592872	wsh-idle	control	4fa59ffc191c59db064dad44f47534cf47ac08da6f35e1710935fd0f39477918	2264a8042763edf2620cfe32d96b096e1f3d26aa	5.9.2	2.55.0	1000	150	untracked	8	0.427	0.427	0	0	0	na	1788355926.749204	1788355926.903914	284109628	284109868
2026-09-02T13:31:13Z	8dc0b5fea25671d6745a556bffb740d3866e189c	352c096f011eb282f12e6d4c12281340fac96b635a2879cc065d7637a6592872	wsh-idle	control	4fa59ffc191c59db064dad44f47534cf47ac08da6f35e1710935fd0f39477918	2264a8042763edf2620cfe32d96b096e1f3d26aa	5.9.2	2.55.0	1000	150	untracked	9	0.465	0.465	0	0	0	na	1788355927.060957	1788355927.215516	284110132	284110419
2026-09-02T13:31:13Z	8dc0b5fea25671d6745a556bffb740d3866e189c	352c096f011eb282f12e6d4c12281340fac96b635a2879cc065d7637a6592872	wsh-idle	control	4fa59ffc191c59db064dad44f47534cf47ac08da6f35e1710935fd0f39477918	2264a8042763edf2620cfe32d96b096e1f3d26aa	5.9.2	2.55.0	1000	150	untracked	10	0.461	0.461	0	0	0	na	1788355927.372208	1788355927.526723	284110684	284110967
2026-09-02T13:31:13Z	8dc0b5fea25671d6745a556bffb740d3866e189c	352c096f011eb282f12e6d4c12281340fac96b635a2879cc065d7637a6592872	wsh-idle	control	4fa59ffc191c59db064dad44f47534cf47ac08da6f35e1710935fd0f39477918	2264a8042763edf2620cfe32d96b096e1f3d26aa	5.9.2	2.55.0	1000	150	untracked	11	0.435	0.435	0	0	0	na	1788355927.683454	1788355927.838707	284111201	284111525
2026-09-02T13:31:13Z	8dc0b5fea25671d6745a556bffb740d3866e189c	352c096f011eb282f12e6d4c12281340fac96b635a2879cc065d7637a6592872	wsh-idle	control	4fa59ffc191c59db064dad44f47534cf47ac08da6f35e1710935fd0f39477918	2264a8042763edf2620cfe32d96b096e1f3d26aa	5.9.2	2.55.0	1000	150	untracked	12	0.443	0.443	0	0	0	na	1788355927.996308	1788355928.150916	284111770	284111956
2026-09-02T13:31:13Z	8dc0b5fea25671d6745a556bffb740d3866e189c	352c096f011eb282f12e6d4c12281340fac96b635a2879cc065d7637a6592872	wsh-idle	control	4fa59ffc191c59db064dad44f47534cf47ac08da6f35e1710935fd0f39477918	2264a8042763edf2620cfe32d96b096e1f3d26aa	5.9.2	2.55.0	1000	150	untracked	13	0.426	0.426	0	0	0	na	1788355928.307669	1788355928.461987	284112148	284112334
2026-09-02T13:31:13Z	8dc0b5fea25671d6745a556bffb740d3866e189c	352c096f011eb282f12e6d4c12281340fac96b635a2879cc065d7637a6592872	wsh-idle	control	4fa59ffc191c59db064dad44f47534cf47ac08da6f35e1710935fd0f39477918	2264a8042763edf2620cfe32d96b096e1f3d26aa	5.9.2	2.55.0	1000	150	untracked	14	0.411	0.411	0	0	0	na	1788355928.618682	1788355928.773182	284112522	284112719
2026-09-02T13:31:13Z	8dc0b5fea25671d6745a556bffb740d3866e189c	352c096f011eb282f12e6d4c12281340fac96b635a2879cc065d7637a6592872	wsh-idle	control	4fa59ffc191c59db064dad44f47534cf47ac08da6f35e1710935fd0f39477918	2264a8042763edf2620cfe32d96b096e1f3d26aa	5.9.2	2.55.0	1000	150	untracked	15	0.432	0.432	0	0	0	na	1788355928.930233	1788355929.084917	284112970	284113180
2026-09-02T13:31:13Z	8dc0b5fea25671d6745a556bffb740d3866e189c	352c096f011eb282f12e6d4c12281340fac96b635a2879cc065d7637a6592872	wsh-idle	control	4fa59ffc191c59db064dad44f47534cf47ac08da6f35e1710935fd0f39477918	2264a8042763edf2620cfe32d96b096e1f3d26aa	5.9.2	2.55.0	1000	150	untracked	16	0.444	0.444	0	0	0	na	1788355929.241816	1788355929.396829	284113435	284114336
2026-09-02T13:31:13Z	8dc0b5fea25671d6745a556bffb740d3866e189c	352c096f011eb282f12e6d4c12281340fac96b635a2879cc065d7637a6592872	wsh-idle	control	4fa59ffc191c59db064dad44f47534cf47ac08da6f35e1710935fd0f39477918	2264a8042763edf2620cfe32d96b096e1f3d26aa	5.9.2	2.55.0	1000	150	untracked	17	0.479	0.479	0	0	0	na	1788355929.554110	1788355929.709030	284114494	284114845
2026-09-02T13:31:13Z	8dc0b5fea25671d6745a556bffb740d3866e189c	352c096f011eb282f12e6d4c12281340fac96b635a2879cc065d7637a6592872	wsh-idle	control	4fa59ffc191c59db064dad44f47534cf47ac08da6f35e1710935fd0f39477918	2264a8042763edf2620cfe32d96b096e1f3d26aa	5.9.2	2.55.0	1000	150	untracked	18	0.442	0.442	0	0	0	na	1788355929.866209	1788355930.020825	284115266	284115666
2026-09-02T13:31:13Z	8dc0b5fea25671d6745a556bffb740d3866e189c	352c096f011eb282f12e6d4c12281340fac96b635a2879cc065d7637a6592872	wsh-idle	control	4fa59ffc191c59db064dad44f47534cf47ac08da6f35e1710935fd0f39477918	2264a8042763edf2620cfe32d96b096e1f3d26aa	5.9.2	2.55.0	1000	150	untracked	19	0.445	0.445	0	0	0	na	1788355930.178090	1788355930.332896	284115894	284116238
2026-09-02T13:31:13Z	8dc0b5fea25671d6745a556bffb740d3866e189c	352c096f011eb282f12e6d4c12281340fac96b635a2879cc065d7637a6592872	wsh-idle	control	4fa59ffc191c59db064dad44f47534cf47ac08da6f35e1710935fd0f39477918	2264a8042763edf2620cfe32d96b096e1f3d26aa	5.9.2	2.55.0	1000	150	untracked	20	0.452	0.452	0	0	0	na	1788355930.490047	1788355930.645003	284116572	284116901
2026-09-02T13:31:13Z	8dc0b5fea25671d6745a556bffb740d3866e189c	352c096f011eb282f12e6d4c12281340fac96b635a2879cc065d7637a6592872	wsh	local	4fa59ffc191c59db064dad44f47534cf47ac08da6f35e1710935fd0f39477918	2264a8042763edf2620cfe32d96b096e1f3d26aa	5.9.2	2.55.0	1000	150	clean	1	0.963	7.037	1	1	0	1	1788355931.018603	1788355931.180189	284117646	284117920
2026-09-02T13:31:13Z	8dc0b5fea25671d6745a556bffb740d3866e189c	352c096f011eb282f12e6d4c12281340fac96b635a2879cc065d7637a6592872	wsh	local	4fa59ffc191c59db064dad44f47534cf47ac08da6f35e1710935fd0f39477918	2264a8042763edf2620cfe32d96b096e1f3d26aa	5.9.2	2.55.0	1000	150	clean	2	0.991	6.881	1	1	0	1	1788355931.509730	1788355931.671162	284118520	284118782
2026-09-02T13:31:13Z	8dc0b5fea25671d6745a556bffb740d3866e189c	352c096f011eb282f12e6d4c12281340fac96b635a2879cc065d7637a6592872	wsh	local	4fa59ffc191c59db064dad44f47534cf47ac08da6f35e1710935fd0f39477918	2264a8042763edf2620cfe32d96b096e1f3d26aa	5.9.2	2.55.0	1000	150	clean	3	0.946	6.811	1	1	0	1	1788355932.001034	1788355932.162181	284119382	284119689
2026-09-02T13:31:13Z	8dc0b5fea25671d6745a556bffb740d3866e189c	352c096f011eb282f12e6d4c12281340fac96b635a2879cc065d7637a6592872	wsh	local	4fa59ffc191c59db064dad44f47534cf47ac08da6f35e1710935fd0f39477918	2264a8042763edf2620cfe32d96b096e1f3d26aa	5.9.2	2.55.0	1000	150	clean	4	0.955	6.622	1	1	0	1	1788355932.491625	1788355932.652847	284120240	284120484
2026-09-02T13:31:13Z	8dc0b5fea25671d6745a556bffb740d3866e189c	352c096f011eb282f12e6d4c12281340fac96b635a2879cc065d7637a6592872	wsh	local	4fa59ffc191c59db064dad44f47534cf47ac08da6f35e1710935fd0f39477918	2264a8042763edf2620cfe32d96b096e1f3d26aa	5.9.2	2.55.0	1000	150	clean	5	0.956	6.892	1	1	0	1	1788355932.981972	1788355933.143719	284120954	284121203
2026-09-02T13:31:13Z	8dc0b5fea25671d6745a556bffb740d3866e189c	352c096f011eb282f12e6d4c12281340fac96b635a2879cc065d7637a6592872	wsh	local	4fa59ffc191c59db064dad44f47534cf47ac08da6f35e1710935fd0f39477918	2264a8042763edf2620cfe32d96b096e1f3d26aa	5.9.2	2.55.0	1000	150	clean	6	0.958	7.063	1	1	0	1	1788355933.473275	1788355933.635115	284121743	284122038
2026-09-02T13:31:13Z	8dc0b5fea25671d6745a556bffb740d3866e189c	352c096f011eb282f12e6d4c12281340fac96b635a2879cc065d7637a6592872	wsh	local	4fa59ffc191c59db064dad44f47534cf47ac08da6f35e1710935fd0f39477918	2264a8042763edf2620cfe32d96b096e1f3d26aa	5.9.2	2.55.0	1000	150	clean	7	1.043	7.118	1	1	0	1	1788355933.964427	1788355934.126110	284122544	284122784
2026-09-02T13:31:13Z	8dc0b5fea25671d6745a556bffb740d3866e189c	352c096f011eb282f12e6d4c12281340fac96b635a2879cc065d7637a6592872	wsh	local	4fa59ffc191c59db064dad44f47534cf47ac08da6f35e1710935fd0f39477918	2264a8042763edf2620cfe32d96b096e1f3d26aa	5.9.2	2.55.0	1000	150	clean	8	0.958	6.625	1	1	0	1	1788355934.455682	1788355934.617322	284123278	284123494
2026-09-02T13:31:13Z	8dc0b5fea25671d6745a556bffb740d3866e189c	352c096f011eb282f12e6d4c12281340fac96b635a2879cc065d7637a6592872	wsh	local	4fa59ffc191c59db064dad44f47534cf47ac08da6f35e1710935fd0f39477918	2264a8042763edf2620cfe32d96b096e1f3d26aa	5.9.2	2.55.0	1000	150	clean	9	0.967	6.902	1	1	0	1	1788355934.947089	1788355935.108612	284124009	284124241
2026-09-02T13:31:13Z	8dc0b5fea25671d6745a556bffb740d3866e189c	352c096f011eb282f12e6d4c12281340fac96b635a2879cc065d7637a6592872	wsh	local	4fa59ffc191c59db064dad44f47534cf47ac08da6f35e1710935fd0f39477918	2264a8042763edf2620cfe32d96b096e1f3d26aa	5.9.2	2.55.0	1000	150	clean	10	0.969	6.474	1	1	0	1	1788355935.437327	1788355935.598949	284124703	284124946
2026-09-02T13:31:13Z	8dc0b5fea25671d6745a556bffb740d3866e189c	352c096f011eb282f12e6d4c12281340fac96b635a2879cc065d7637a6592872	wsh	local	4fa59ffc191c59db064dad44f47534cf47ac08da6f35e1710935fd0f39477918	2264a8042763edf2620cfe32d96b096e1f3d26aa	5.9.2	2.55.0	1000	150	clean	11	1.020	6.516	1	1	0	1	1788355935.929259	1788355936.090577	284125480	284125684
2026-09-02T13:31:13Z	8dc0b5fea25671d6745a556bffb740d3866e189c	352c096f011eb282f12e6d4c12281340fac96b635a2879cc065d7637a6592872	wsh	local	4fa59ffc191c59db064dad44f47534cf47ac08da6f35e1710935fd0f39477918	2264a8042763edf2620cfe32d96b096e1f3d26aa	5.9.2	2.55.0	1000	150	clean	12	0.999	6.988	1	1	0	1	1788355936.419803	1788355936.581709	284126123	284126369
2026-09-02T13:31:13Z	8dc0b5fea25671d6745a556bffb740d3866e189c	352c096f011eb282f12e6d4c12281340fac96b635a2879cc065d7637a6592872	wsh	local	4fa59ffc191c59db064dad44f47534cf47ac08da6f35e1710935fd0f39477918	2264a8042763edf2620cfe32d96b096e1f3d26aa	5.9.2	2.55.0	1000	150	clean	13	1.091	6.528	1	1	0	1	1788355936.911399	1788355937.072629	284126822	284127041
2026-09-02T13:31:13Z	8dc0b5fea25671d6745a556bffb740d3866e189c	352c096f011eb282f12e6d4c12281340fac96b635a2879cc065d7637a6592872	wsh	local	4fa59ffc191c59db064dad44f47534cf47ac08da6f35e1710935fd0f39477918	2264a8042763edf2620cfe32d96b096e1f3d26aa	5.9.2	2.55.0	1000	150	clean	14	0.989	6.409	1	1	0	1	1788355937.402459	1788355937.563837	284127500	284127679
2026-09-02T13:31:13Z	8dc0b5fea25671d6745a556bffb740d3866e189c	352c096f011eb282f12e6d4c12281340fac96b635a2879cc065d7637a6592872	wsh	local	4fa59ffc191c59db064dad44f47534cf47ac08da6f35e1710935fd0f39477918	2264a8042763edf2620cfe32d96b096e1f3d26aa	5.9.2	2.55.0	1000	150	clean	15	0.988	6.911	1	1	0	1	1788355937.894138	1788355938.056014	284128086	284128357
2026-09-02T13:31:13Z	8dc0b5fea25671d6745a556bffb740d3866e189c	352c096f011eb282f12e6d4c12281340fac96b635a2879cc065d7637a6592872	wsh	local	4fa59ffc191c59db064dad44f47534cf47ac08da6f35e1710935fd0f39477918	2264a8042763edf2620cfe32d96b096e1f3d26aa	5.9.2	2.55.0	1000	150	clean	16	1.021	6.654	1	1	0	1	1788355938.385691	1788355938.547155	284128792	284128957
2026-09-02T13:31:13Z	8dc0b5fea25671d6745a556bffb740d3866e189c	352c096f011eb282f12e6d4c12281340fac96b635a2879cc065d7637a6592872	wsh	local	4fa59ffc191c59db064dad44f47534cf47ac08da6f35e1710935fd0f39477918	2264a8042763edf2620cfe32d96b096e1f3d26aa	5.9.2	2.55.0	1000	150	clean	17	1.010	7.180	1	1	0	1	1788355938.877687	1788355939.039766	284129438	284129638
2026-09-02T13:31:13Z	8dc0b5fea25671d6745a556bffb740d3866e189c	352c096f011eb282f12e6d4c12281340fac96b635a2879cc065d7637a6592872	wsh	local	4fa59ffc191c59db064dad44f47534cf47ac08da6f35e1710935fd0f39477918	2264a8042763edf2620cfe32d96b096e1f3d26aa	5.9.2	2.55.0	1000	150	clean	18	0.999	6.938	1	1	0	1	1788355939.369730	1788355939.531900	284130089	284130301
2026-09-02T13:31:13Z	8dc0b5fea25671d6745a556bffb740d3866e189c	352c096f011eb282f12e6d4c12281340fac96b635a2879cc065d7637a6592872	wsh	local	4fa59ffc191c59db064dad44f47534cf47ac08da6f35e1710935fd0f39477918	2264a8042763edf2620cfe32d96b096e1f3d26aa	5.9.2	2.55.0	1000	150	clean	19	1.015	6.852	1	1	0	1	1788355939.862486	1788355940.024729	284130721	284130936
2026-09-02T13:31:13Z	8dc0b5fea25671d6745a556bffb740d3866e189c	352c096f011eb282f12e6d4c12281340fac96b635a2879cc065d7637a6592872	wsh	local	4fa59ffc191c59db064dad44f47534cf47ac08da6f35e1710935fd0f39477918	2264a8042763edf2620cfe32d96b096e1f3d26aa	5.9.2	2.55.0	1000	150	clean	20	1.029	7.035	1	1	0	1	1788355940.354844	1788355940.517191	284131264	284131566
2026-09-02T13:31:13Z	8dc0b5fea25671d6745a556bffb740d3866e189c	352c096f011eb282f12e6d4c12281340fac96b635a2879cc065d7637a6592872	wsh	local	4fa59ffc191c59db064dad44f47534cf47ac08da6f35e1710935fd0f39477918	2264a8042763edf2620cfe32d96b096e1f3d26aa	5.9.2	2.55.0	1000	150	dirty	1	1.003	7.022	1	1	0	1	1788355940.871414	1788355941.033517	284132143	284132393
2026-09-02T13:31:13Z	8dc0b5fea25671d6745a556bffb740d3866e189c	352c096f011eb282f12e6d4c12281340fac96b635a2879cc065d7637a6592872	wsh	local	4fa59ffc191c59db064dad44f47534cf47ac08da6f35e1710935fd0f39477918	2264a8042763edf2620cfe32d96b096e1f3d26aa	5.9.2	2.55.0	1000	150	dirty	2	0.823	6.801	1	1	0	1	1788355941.363844	1788355941.525483	284132852	284133071
2026-09-02T13:31:13Z	8dc0b5fea25671d6745a556bffb740d3866e189c	352c096f011eb282f12e6d4c12281340fac96b635a2879cc065d7637a6592872	wsh	local	4fa59ffc191c59db064dad44f47534cf47ac08da6f35e1710935fd0f39477918	2264a8042763edf2620cfe32d96b096e1f3d26aa	5.9.2	2.55.0	1000	150	dirty	3	0.911	7.234	1	1	0	1	1788355941.856783	1788355942.019452	284133829	284134208
2026-09-02T13:31:13Z	8dc0b5fea25671d6745a556bffb740d3866e189c	352c096f011eb282f12e6d4c12281340fac96b635a2879cc065d7637a6592872	wsh	local	4fa59ffc191c59db064dad44f47534cf47ac08da6f35e1710935fd0f39477918	2264a8042763edf2620cfe32d96b096e1f3d26aa	5.9.2	2.55.0	1000	150	dirty	4	0.865	6.926	1	1	0	1	1788355942.351010	1788355942.513780	284134992	284135531
2026-09-02T13:31:13Z	8dc0b5fea25671d6745a556bffb740d3866e189c	352c096f011eb282f12e6d4c12281340fac96b635a2879cc065d7637a6592872	wsh	local	4fa59ffc191c59db064dad44f47534cf47ac08da6f35e1710935fd0f39477918	2264a8042763edf2620cfe32d96b096e1f3d26aa	5.9.2	2.55.0	1000	150	dirty	5	0.858	6.928	1	1	0	1	1788355942.845102	1788355943.007470	284136274	284136584
2026-09-02T13:31:13Z	8dc0b5fea25671d6745a556bffb740d3866e189c	352c096f011eb282f12e6d4c12281340fac96b635a2879cc065d7637a6592872	wsh	local	4fa59ffc191c59db064dad44f47534cf47ac08da6f35e1710935fd0f39477918	2264a8042763edf2620cfe32d96b096e1f3d26aa	5.9.2	2.55.0	1000	150	dirty	6	0.899	7.442	1	1	0	1	1788355943.340002	1788355943.503413	284137175	284137499
2026-09-02T13:31:13Z	8dc0b5fea25671d6745a556bffb740d3866e189c	352c096f011eb282f12e6d4c12281340fac96b635a2879cc065d7637a6592872	wsh	local	4fa59ffc191c59db064dad44f47534cf47ac08da6f35e1710935fd0f39477918	2264a8042763edf2620cfe32d96b096e1f3d26aa	5.9.2	2.55.0	1000	150	dirty	7	0.988	7.262	1	1	0	1	1788355943.835537	1788355943.998306	284138036	284138355
2026-09-02T13:31:13Z	8dc0b5fea25671d6745a556bffb740d3866e189c	352c096f011eb282f12e6d4c12281340fac96b635a2879cc065d7637a6592872	wsh	local	4fa59ffc191c59db064dad44f47534cf47ac08da6f35e1710935fd0f39477918	2264a8042763edf2620cfe32d96b096e1f3d26aa	5.9.2	2.55.0	1000	150	dirty	8	0.865	6.779	1	1	0	1	1788355944.328730	1788355944.490799	284138829	284139053
2026-09-02T13:31:13Z	8dc0b5fea25671d6745a556bffb740d3866e189c	352c096f011eb282f12e6d4c12281340fac96b635a2879cc065d7637a6592872	wsh	local	4fa59ffc191c59db064dad44f47534cf47ac08da6f35e1710935fd0f39477918	2264a8042763edf2620cfe32d96b096e1f3d26aa	5.9.2	2.55.0	1000	150	dirty	9	1.176	6.785	1	1	0	1	1788355944.822131	1788355944.984341	284139547	284139828
2026-09-02T13:31:13Z	8dc0b5fea25671d6745a556bffb740d3866e189c	352c096f011eb282f12e6d4c12281340fac96b635a2879cc065d7637a6592872	wsh	local	4fa59ffc191c59db064dad44f47534cf47ac08da6f35e1710935fd0f39477918	2264a8042763edf2620cfe32d96b096e1f3d26aa	5.9.2	2.55.0	1000	150	dirty	10	0.964	7.058	1	1	0	1	1788355945.315589	1788355945.478202	284140333	284140562
2026-09-02T13:31:13Z	8dc0b5fea25671d6745a556bffb740d3866e189c	352c096f011eb282f12e6d4c12281340fac96b635a2879cc065d7637a6592872	wsh	local	4fa59ffc191c59db064dad44f47534cf47ac08da6f35e1710935fd0f39477918	2264a8042763edf2620cfe32d96b096e1f3d26aa	5.9.2	2.55.0	1000	150	dirty	11	0.875	7.148	1	1	0	1	1788355945.810590	1788355945.973156	284141184	284141432
2026-09-02T13:31:13Z	8dc0b5fea25671d6745a556bffb740d3866e189c	352c096f011eb282f12e6d4c12281340fac96b635a2879cc065d7637a6592872	wsh	local	4fa59ffc191c59db064dad44f47534cf47ac08da6f35e1710935fd0f39477918	2264a8042763edf2620cfe32d96b096e1f3d26aa	5.9.2	2.55.0	1000	150	dirty	12	0.906	6.555	1	1	0	1	1788355946.304061	1788355946.466235	284141905	284142138
2026-09-02T13:31:13Z	8dc0b5fea25671d6745a556bffb740d3866e189c	352c096f011eb282f12e6d4c12281340fac96b635a2879cc065d7637a6592872	wsh	local	4fa59ffc191c59db064dad44f47534cf47ac08da6f35e1710935fd0f39477918	2264a8042763edf2620cfe32d96b096e1f3d26aa	5.9.2	2.55.0	1000	150	dirty	13	0.920	7.136	1	1	0	1	1788355946.798013	1788355946.961120	284142733	284143018
2026-09-02T13:31:13Z	8dc0b5fea25671d6745a556bffb740d3866e189c	352c096f011eb282f12e6d4c12281340fac96b635a2879cc065d7637a6592872	wsh	local	4fa59ffc191c59db064dad44f47534cf47ac08da6f35e1710935fd0f39477918	2264a8042763edf2620cfe32d96b096e1f3d26aa	5.9.2	2.55.0	1000	150	dirty	14	0.863	6.690	1	1	0	1	1788355947.293033	1788355947.455209	284143540	284143775
2026-09-02T13:31:13Z	8dc0b5fea25671d6745a556bffb740d3866e189c	352c096f011eb282f12e6d4c12281340fac96b635a2879cc065d7637a6592872	wsh	local	4fa59ffc191c59db064dad44f47534cf47ac08da6f35e1710935fd0f39477918	2264a8042763edf2620cfe32d96b096e1f3d26aa	5.9.2	2.55.0	1000	150	dirty	15	0.905	7.317	1	1	0	1	1788355947.786941	1788355947.950380	284144211	284144440
2026-09-02T13:31:13Z	8dc0b5fea25671d6745a556bffb740d3866e189c	352c096f011eb282f12e6d4c12281340fac96b635a2879cc065d7637a6592872	wsh	local	4fa59ffc191c59db064dad44f47534cf47ac08da6f35e1710935fd0f39477918	2264a8042763edf2620cfe32d96b096e1f3d26aa	5.9.2	2.55.0	1000	150	dirty	16	0.880	7.077	1	1	0	1	1788355948.281966	1788355948.444728	284144917	284145140
2026-09-02T13:31:13Z	8dc0b5fea25671d6745a556bffb740d3866e189c	352c096f011eb282f12e6d4c12281340fac96b635a2879cc065d7637a6592872	wsh	local	4fa59ffc191c59db064dad44f47534cf47ac08da6f35e1710935fd0f39477918	2264a8042763edf2620cfe32d96b096e1f3d26aa	5.9.2	2.55.0	1000	150	dirty	17	1.126	7.258	1	1	0	1	1788355948.777238	1788355948.940097	284145841	284146153
2026-09-02T13:31:13Z	8dc0b5fea25671d6745a556bffb740d3866e189c	352c096f011eb282f12e6d4c12281340fac96b635a2879cc065d7637a6592872	wsh	local	4fa59ffc191c59db064dad44f47534cf47ac08da6f35e1710935fd0f39477918	2264a8042763edf2620cfe32d96b096e1f3d26aa	5.9.2	2.55.0	1000	150	dirty	18	0.885	7.089	1	1	0	1	1788355949.272425	1788355949.435445	284146634	284146843
2026-09-02T13:31:13Z	8dc0b5fea25671d6745a556bffb740d3866e189c	352c096f011eb282f12e6d4c12281340fac96b635a2879cc065d7637a6592872	wsh	local	4fa59ffc191c59db064dad44f47534cf47ac08da6f35e1710935fd0f39477918	2264a8042763edf2620cfe32d96b096e1f3d26aa	5.9.2	2.55.0	1000	150	dirty	19	0.911	6.981	1	1	0	1	1788355949.766921	1788355949.929855	284147229	284147544
2026-09-02T13:31:13Z	8dc0b5fea25671d6745a556bffb740d3866e189c	352c096f011eb282f12e6d4c12281340fac96b635a2879cc065d7637a6592872	wsh	local	4fa59ffc191c59db064dad44f47534cf47ac08da6f35e1710935fd0f39477918	2264a8042763edf2620cfe32d96b096e1f3d26aa	5.9.2	2.55.0	1000	150	dirty	20	0.961	7.025	1	1	0	1	1788355950.262611	1788355950.425472	284148349	284148593
2026-09-02T13:31:13Z	8dc0b5fea25671d6745a556bffb740d3866e189c	352c096f011eb282f12e6d4c12281340fac96b635a2879cc065d7637a6592872	wsh	local	4fa59ffc191c59db064dad44f47534cf47ac08da6f35e1710935fd0f39477918	2264a8042763edf2620cfe32d96b096e1f3d26aa	5.9.2	2.55.0	1000	150	untracked	1	0.981	6.802	1	1	0	1	1788355950.780922	1788355950.943798	284149125	284149365
2026-09-02T13:31:13Z	8dc0b5fea25671d6745a556bffb740d3866e189c	352c096f011eb282f12e6d4c12281340fac96b635a2879cc065d7637a6592872	wsh	local	4fa59ffc191c59db064dad44f47534cf47ac08da6f35e1710935fd0f39477918	2264a8042763edf2620cfe32d96b096e1f3d26aa	5.9.2	2.55.0	1000	150	untracked	2	1.169	7.127	1	1	0	1	1788355951.278552	1788355951.441013	284149832	284150013
2026-09-02T13:31:13Z	8dc0b5fea25671d6745a556bffb740d3866e189c	352c096f011eb282f12e6d4c12281340fac96b635a2879cc065d7637a6592872	wsh	local	4fa59ffc191c59db064dad44f47534cf47ac08da6f35e1710935fd0f39477918	2264a8042763edf2620cfe32d96b096e1f3d26aa	5.9.2	2.55.0	1000	150	untracked	3	1.186	7.344	1	1	0	1	1788355951.775482	1788355951.938675	284150572	284150835
2026-09-02T13:31:13Z	8dc0b5fea25671d6745a556bffb740d3866e189c	352c096f011eb282f12e6d4c12281340fac96b635a2879cc065d7637a6592872	wsh	local	4fa59ffc191c59db064dad44f47534cf47ac08da6f35e1710935fd0f39477918	2264a8042763edf2620cfe32d96b096e1f3d26aa	5.9.2	2.55.0	1000	150	untracked	4	0.937	7.082	1	1	0	1	1788355952.273046	1788355952.436226	284151318	284151539
2026-09-02T13:31:13Z	8dc0b5fea25671d6745a556bffb740d3866e189c	352c096f011eb282f12e6d4c12281340fac96b635a2879cc065d7637a6592872	wsh	local	4fa59ffc191c59db064dad44f47534cf47ac08da6f35e1710935fd0f39477918	2264a8042763edf2620cfe32d96b096e1f3d26aa	5.9.2	2.55.0	1000	150	untracked	5	0.995	7.322	1	1	0	1	1788355952.770792	1788355952.933960	284151993	284152235
2026-09-02T13:31:13Z	8dc0b5fea25671d6745a556bffb740d3866e189c	352c096f011eb282f12e6d4c12281340fac96b635a2879cc065d7637a6592872	wsh	local	4fa59ffc191c59db064dad44f47534cf47ac08da6f35e1710935fd0f39477918	2264a8042763edf2620cfe32d96b096e1f3d26aa	5.9.2	2.55.0	1000	150	untracked	6	1.000	7.014	1	1	0	1	1788355953.268459	1788355953.431859	284152686	284152942
2026-09-02T13:31:13Z	8dc0b5fea25671d6745a556bffb740d3866e189c	352c096f011eb282f12e6d4c12281340fac96b635a2879cc065d7637a6592872	wsh	local	4fa59ffc191c59db064dad44f47534cf47ac08da6f35e1710935fd0f39477918	2264a8042763edf2620cfe32d96b096e1f3d26aa	5.9.2	2.55.0	1000	150	untracked	7	1.220	7.164	1	1	0	1	1788355953.766525	1788355953.929848	284153508	284153743
2026-09-02T13:31:13Z	8dc0b5fea25671d6745a556bffb740d3866e189c	352c096f011eb282f12e6d4c12281340fac96b635a2879cc065d7637a6592872	wsh	local	4fa59ffc191c59db064dad44f47534cf47ac08da6f35e1710935fd0f39477918	2264a8042763edf2620cfe32d96b096e1f3d26aa	5.9.2	2.55.0	1000	150	untracked	8	0.963	7.054	1	1	0	1	1788355954.264642	1788355954.428275	284154153	284154466
2026-09-02T13:31:13Z	8dc0b5fea25671d6745a556bffb740d3866e189c	352c096f011eb282f12e6d4c12281340fac96b635a2879cc065d7637a6592872	wsh	local	4fa59ffc191c59db064dad44f47534cf47ac08da6f35e1710935fd0f39477918	2264a8042763edf2620cfe32d96b096e1f3d26aa	5.9.2	2.55.0	1000	150	untracked	9	0.961	7.375	1	1	0	1	1788355954.763355	1788355954.926827	284154934	284155251
2026-09-02T13:31:13Z	8dc0b5fea25671d6745a556bffb740d3866e189c	352c096f011eb282f12e6d4c12281340fac96b635a2879cc065d7637a6592872	wsh	local	4fa59ffc191c59db064dad44f47534cf47ac08da6f35e1710935fd0f39477918	2264a8042763edf2620cfe32d96b096e1f3d26aa	5.9.2	2.55.0	1000	150	untracked	10	0.997	6.717	1	1	0	1	1788355955.261836	1788355955.424983	284155771	284156119
2026-09-02T13:31:13Z	8dc0b5fea25671d6745a556bffb740d3866e189c	352c096f011eb282f12e6d4c12281340fac96b635a2879cc065d7637a6592872	wsh	local	4fa59ffc191c59db064dad44f47534cf47ac08da6f35e1710935fd0f39477918	2264a8042763edf2620cfe32d96b096e1f3d26aa	5.9.2	2.55.0	1000	150	untracked	11	0.993	7.044	1	1	0	1	1788355955.761559	1788355955.925259	284156726	284157213
2026-09-02T13:31:13Z	8dc0b5fea25671d6745a556bffb740d3866e189c	352c096f011eb282f12e6d4c12281340fac96b635a2879cc065d7637a6592872	wsh	local	4fa59ffc191c59db064dad44f47534cf47ac08da6f35e1710935fd0f39477918	2264a8042763edf2620cfe32d96b096e1f3d26aa	5.9.2	2.55.0	1000	150	untracked	12	0.997	7.081	1	1	0	1	1788355956.261050	1788355956.424699	284157807	284158197
2026-09-02T13:31:13Z	8dc0b5fea25671d6745a556bffb740d3866e189c	352c096f011eb282f12e6d4c12281340fac96b635a2879cc065d7637a6592872	wsh	local	4fa59ffc191c59db064dad44f47534cf47ac08da6f35e1710935fd0f39477918	2264a8042763edf2620cfe32d96b096e1f3d26aa	5.9.2	2.55.0	1000	150	untracked	13	0.953	7.183	1	1	0	1	1788355956.760042	1788355956.923198	284159043	284159313
2026-09-02T13:31:13Z	8dc0b5fea25671d6745a556bffb740d3866e189c	352c096f011eb282f12e6d4c12281340fac96b635a2879cc065d7637a6592872	wsh	local	4fa59ffc191c59db064dad44f47534cf47ac08da6f35e1710935fd0f39477918	2264a8042763edf2620cfe32d96b096e1f3d26aa	5.9.2	2.55.0	1000	150	untracked	14	0.975	7.392	1	1	0	1	1788355957.258820	1788355957.422832	284159958	284160355
2026-09-02T13:31:13Z	8dc0b5fea25671d6745a556bffb740d3866e189c	352c096f011eb282f12e6d4c12281340fac96b635a2879cc065d7637a6592872	wsh	local	4fa59ffc191c59db064dad44f47534cf47ac08da6f35e1710935fd0f39477918	2264a8042763edf2620cfe32d96b096e1f3d26aa	5.9.2	2.55.0	1000	150	untracked	15	1.327	8.133	1	1	0	1	1788355957.758773	1788355957.923707	284161041	284161539
2026-09-02T13:31:13Z	8dc0b5fea25671d6745a556bffb740d3866e189c	352c096f011eb282f12e6d4c12281340fac96b635a2879cc065d7637a6592872	wsh	local	4fa59ffc191c59db064dad44f47534cf47ac08da6f35e1710935fd0f39477918	2264a8042763edf2620cfe32d96b096e1f3d26aa	5.9.2	2.55.0	1000	150	untracked	16	0.963	6.593	1	1	0	1	1788355958.259979	1788355958.422963	284162287	284162576
2026-09-02T13:31:13Z	8dc0b5fea25671d6745a556bffb740d3866e189c	352c096f011eb282f12e6d4c12281340fac96b635a2879cc065d7637a6592872	wsh	local	4fa59ffc191c59db064dad44f47534cf47ac08da6f35e1710935fd0f39477918	2264a8042763edf2620cfe32d96b096e1f3d26aa	5.9.2	2.55.0	1000	150	untracked	17	1.001	7.287	1	1	0	1	1788355958.758586	1788355958.922615	284163186	284163642
2026-09-02T13:31:13Z	8dc0b5fea25671d6745a556bffb740d3866e189c	352c096f011eb282f12e6d4c12281340fac96b635a2879cc065d7637a6592872	wsh	local	4fa59ffc191c59db064dad44f47534cf47ac08da6f35e1710935fd0f39477918	2264a8042763edf2620cfe32d96b096e1f3d26aa	5.9.2	2.55.0	1000	150	untracked	18	1.023	6.514	1	1	0	1	1788355959.258061	1788355959.421386	284164142	284164385
2026-09-02T13:31:13Z	8dc0b5fea25671d6745a556bffb740d3866e189c	352c096f011eb282f12e6d4c12281340fac96b635a2879cc065d7637a6592872	wsh	local	4fa59ffc191c59db064dad44f47534cf47ac08da6f35e1710935fd0f39477918	2264a8042763edf2620cfe32d96b096e1f3d26aa	5.9.2	2.55.0	1000	150	untracked	19	1.012	6.540	1	1	0	1	1788355959.756263	1788355959.919504	284164882	284165247
2026-09-02T13:31:13Z	8dc0b5fea25671d6745a556bffb740d3866e189c	352c096f011eb282f12e6d4c12281340fac96b635a2879cc065d7637a6592872	wsh	local	4fa59ffc191c59db064dad44f47534cf47ac08da6f35e1710935fd0f39477918	2264a8042763edf2620cfe32d96b096e1f3d26aa	5.9.2	2.55.0	1000	150	untracked	20	1.023	7.230	1	1	0	1	1788355960.255545	1788355960.419008	284165760	284165974
2026-09-02T13:31:13Z	8dc0b5fea25671d6745a556bffb740d3866e189c	352c096f011eb282f12e6d4c12281340fac96b635a2879cc065d7637a6592872	wsh-trace	local	4fa59ffc191c59db064dad44f47534cf47ac08da6f35e1710935fd0f39477918	2264a8042763edf2620cfe32d96b096e1f3d26aa	5.9.2	2.55.0	1000	150	clean	1	1.115	6.896	1	1	0	1	1788355961.659703	1788355961.822918	284167880	284168374
2026-09-02T13:31:13Z	8dc0b5fea25671d6745a556bffb740d3866e189c	352c096f011eb282f12e6d4c12281340fac96b635a2879cc065d7637a6592872	wsh-trace	local	4fa59ffc191c59db064dad44f47534cf47ac08da6f35e1710935fd0f39477918	2264a8042763edf2620cfe32d96b096e1f3d26aa	5.9.2	2.55.0	1000	150	clean	2	1.034	6.705	1	1	0	1	1788355962.157156	1788355962.320550	284168810	284169041
2026-09-02T13:31:13Z	8dc0b5fea25671d6745a556bffb740d3866e189c	352c096f011eb282f12e6d4c12281340fac96b635a2879cc065d7637a6592872	wsh-trace	local	4fa59ffc191c59db064dad44f47534cf47ac08da6f35e1710935fd0f39477918	2264a8042763edf2620cfe32d96b096e1f3d26aa	5.9.2	2.55.0	1000	150	clean	3	1.049	6.533	1	1	0	1	1788355962.655421	1788355962.818455	284169488	284169706
2026-09-02T13:31:13Z	8dc0b5fea25671d6745a556bffb740d3866e189c	352c096f011eb282f12e6d4c12281340fac96b635a2879cc065d7637a6592872	wsh-trace	local	4fa59ffc191c59db064dad44f47534cf47ac08da6f35e1710935fd0f39477918	2264a8042763edf2620cfe32d96b096e1f3d26aa	5.9.2	2.55.0	1000	150	clean	4	1.030	7.250	1	1	0	1	1788355963.152952	1788355963.316819	284170154	284170355
2026-09-02T13:31:13Z	8dc0b5fea25671d6745a556bffb740d3866e189c	352c096f011eb282f12e6d4c12281340fac96b635a2879cc065d7637a6592872	wsh-trace	local	4fa59ffc191c59db064dad44f47534cf47ac08da6f35e1710935fd0f39477918	2264a8042763edf2620cfe32d96b096e1f3d26aa	5.9.2	2.55.0	1000	150	clean	5	1.097	6.801	1	1	0	1	1788355963.651442	1788355963.814622	284170766	284171014
2026-09-02T13:31:13Z	8dc0b5fea25671d6745a556bffb740d3866e189c	352c096f011eb282f12e6d4c12281340fac96b635a2879cc065d7637a6592872	wsh-trace	local	4fa59ffc191c59db064dad44f47534cf47ac08da6f35e1710935fd0f39477918	2264a8042763edf2620cfe32d96b096e1f3d26aa	5.9.2	2.55.0	1000	150	clean	6	1.040	6.977	1	1	0	1	1788355964.149564	1788355964.313203	284171462	284171669
2026-09-02T13:31:13Z	8dc0b5fea25671d6745a556bffb740d3866e189c	352c096f011eb282f12e6d4c12281340fac96b635a2879cc065d7637a6592872	wsh-trace	local	4fa59ffc191c59db064dad44f47534cf47ac08da6f35e1710935fd0f39477918	2264a8042763edf2620cfe32d96b096e1f3d26aa	5.9.2	2.55.0	1000	150	clean	7	1.023	7.050	1	1	0	1	1788355964.648365	1788355964.812284	284172129	284172387
2026-09-02T13:31:13Z	8dc0b5fea25671d6745a556bffb740d3866e189c	352c096f011eb282f12e6d4c12281340fac96b635a2879cc065d7637a6592872	wsh-trace	local	4fa59ffc191c59db064dad44f47534cf47ac08da6f35e1710935fd0f39477918	2264a8042763edf2620cfe32d96b096e1f3d26aa	5.9.2	2.55.0	1000	150	clean	8	1.168	6.864	1	1	0	1	1788355965.147193	1788355965.310613	284172880	284173125
2026-09-02T13:31:13Z	8dc0b5fea25671d6745a556bffb740d3866e189c	352c096f011eb282f12e6d4c12281340fac96b635a2879cc065d7637a6592872	wsh-trace	local	4fa59ffc191c59db064dad44f47534cf47ac08da6f35e1710935fd0f39477918	2264a8042763edf2620cfe32d96b096e1f3d26aa	5.9.2	2.55.0	1000	150	clean	9	1.070	6.880	1	1	0	1	1788355965.645363	1788355965.809215	284173561	284173802
2026-09-02T13:31:13Z	8dc0b5fea25671d6745a556bffb740d3866e189c	352c096f011eb282f12e6d4c12281340fac96b635a2879cc065d7637a6592872	wsh-trace	local	4fa59ffc191c59db064dad44f47534cf47ac08da6f35e1710935fd0f39477918	2264a8042763edf2620cfe32d96b096e1f3d26aa	5.9.2	2.55.0	1000	150	clean	10	1.050	6.667	1	1	0	1	1788355966.144247	1788355966.307602	284174210	284174423
2026-09-02T13:31:13Z	8dc0b5fea25671d6745a556bffb740d3866e189c	352c096f011eb282f12e6d4c12281340fac96b635a2879cc065d7637a6592872	wsh-trace	local	4fa59ffc191c59db064dad44f47534cf47ac08da6f35e1710935fd0f39477918	2264a8042763edf2620cfe32d96b096e1f3d26aa	5.9.2	2.55.0	1000	150	clean	11	1.039	6.929	1	1	0	1	1788355966.641871	1788355966.805379	284174884	284175226
2026-09-02T13:31:13Z	8dc0b5fea25671d6745a556bffb740d3866e189c	352c096f011eb282f12e6d4c12281340fac96b635a2879cc065d7637a6592872	wsh-trace	local	4fa59ffc191c59db064dad44f47534cf47ac08da6f35e1710935fd0f39477918	2264a8042763edf2620cfe32d96b096e1f3d26aa	5.9.2	2.55.0	1000	150	clean	12	1.038	6.924	1	1	0	1	1788355967.140235	1788355967.303718	284175717	284175967
2026-09-02T13:31:13Z	8dc0b5fea25671d6745a556bffb740d3866e189c	352c096f011eb282f12e6d4c12281340fac96b635a2879cc065d7637a6592872	wsh-trace	local	4fa59ffc191c59db064dad44f47534cf47ac08da6f35e1710935fd0f39477918	2264a8042763edf2620cfe32d96b096e1f3d26aa	5.9.2	2.55.0	1000	150	clean	13	1.053	6.949	1	1	0	1	1788355967.638641	1788355967.802696	284176395	284176661
2026-09-02T13:31:13Z	8dc0b5fea25671d6745a556bffb740d3866e189c	352c096f011eb282f12e6d4c12281340fac96b635a2879cc065d7637a6592872	wsh-trace	local	4fa59ffc191c59db064dad44f47534cf47ac08da6f35e1710935fd0f39477918	2264a8042763edf2620cfe32d96b096e1f3d26aa	5.9.2	2.55.0	1000	150	clean	14	1.366	7.102	1	1	0	1	1788355968.137728	1788355968.302006	284177032	284177232
2026-09-02T13:31:13Z	8dc0b5fea25671d6745a556bffb740d3866e189c	352c096f011eb282f12e6d4c12281340fac96b635a2879cc065d7637a6592872	wsh-trace	local	4fa59ffc191c59db064dad44f47534cf47ac08da6f35e1710935fd0f39477918	2264a8042763edf2620cfe32d96b096e1f3d26aa	5.9.2	2.55.0	1000	150	clean	15	1.104	6.878	1	1	0	1	1788355968.636821	1788355968.800527	284177648	284177938
2026-09-02T13:31:13Z	8dc0b5fea25671d6745a556bffb740d3866e189c	352c096f011eb282f12e6d4c12281340fac96b635a2879cc065d7637a6592872	wsh-trace	local	4fa59ffc191c59db064dad44f47534cf47ac08da6f35e1710935fd0f39477918	2264a8042763edf2620cfe32d96b096e1f3d26aa	5.9.2	2.55.0	1000	150	clean	16	1.115	7.301	1	1	0	1	1788355969.136002	1788355969.300536	284178555	284178860
2026-09-02T13:31:13Z	8dc0b5fea25671d6745a556bffb740d3866e189c	352c096f011eb282f12e6d4c12281340fac96b635a2879cc065d7637a6592872	wsh-trace	local	4fa59ffc191c59db064dad44f47534cf47ac08da6f35e1710935fd0f39477918	2264a8042763edf2620cfe32d96b096e1f3d26aa	5.9.2	2.55.0	1000	150	clean	17	1.087	7.290	1	1	0	1	1788355969.635081	1788355969.799400	284179236	284179444
2026-09-02T13:31:13Z	8dc0b5fea25671d6745a556bffb740d3866e189c	352c096f011eb282f12e6d4c12281340fac96b635a2879cc065d7637a6592872	wsh-trace	local	4fa59ffc191c59db064dad44f47534cf47ac08da6f35e1710935fd0f39477918	2264a8042763edf2620cfe32d96b096e1f3d26aa	5.9.2	2.55.0	1000	150	clean	18	1.133	7.202	1	1	0	1	1788355970.135515	1788355970.300213	284179832	284180048
2026-09-02T13:31:13Z	8dc0b5fea25671d6745a556bffb740d3866e189c	352c096f011eb282f12e6d4c12281340fac96b635a2879cc065d7637a6592872	wsh-trace	local	4fa59ffc191c59db064dad44f47534cf47ac08da6f35e1710935fd0f39477918	2264a8042763edf2620cfe32d96b096e1f3d26aa	5.9.2	2.55.0	1000	150	clean	19	1.168	7.350	1	1	0	1	1788355970.636378	1788355970.801036	284180773	284181251
2026-09-02T13:31:13Z	8dc0b5fea25671d6745a556bffb740d3866e189c	352c096f011eb282f12e6d4c12281340fac96b635a2879cc065d7637a6592872	wsh-trace	local	4fa59ffc191c59db064dad44f47534cf47ac08da6f35e1710935fd0f39477918	2264a8042763edf2620cfe32d96b096e1f3d26aa	5.9.2	2.55.0	1000	150	clean	20	1.080	7.049	1	1	0	1	1788355971.136908	1788355971.301052	284181912	284182397
2026-09-02T13:31:13Z	8dc0b5fea25671d6745a556bffb740d3866e189c	352c096f011eb282f12e6d4c12281340fac96b635a2879cc065d7637a6592872	wsh-trace	local	4fa59ffc191c59db064dad44f47534cf47ac08da6f35e1710935fd0f39477918	2264a8042763edf2620cfe32d96b096e1f3d26aa	5.9.2	2.55.0	1000	150	dirty	1	1.116	7.554	1	1	0	1	1788355971.659965	1788355971.824867	284182968	284183233
2026-09-02T13:31:13Z	8dc0b5fea25671d6745a556bffb740d3866e189c	352c096f011eb282f12e6d4c12281340fac96b635a2879cc065d7637a6592872	wsh-trace	local	4fa59ffc191c59db064dad44f47534cf47ac08da6f35e1710935fd0f39477918	2264a8042763edf2620cfe32d96b096e1f3d26aa	5.9.2	2.55.0	1000	150	dirty	2	1.189	6.816	1	1	0	1	1788355972.161026	1788355972.324760	284183710	284183920
2026-09-02T13:31:13Z	8dc0b5fea25671d6745a556bffb740d3866e189c	352c096f011eb282f12e6d4c12281340fac96b635a2879cc065d7637a6592872	wsh-trace	local	4fa59ffc191c59db064dad44f47534cf47ac08da6f35e1710935fd0f39477918	2264a8042763edf2620cfe32d96b096e1f3d26aa	5.9.2	2.55.0	1000	150	dirty	3	1.115	6.546	1	1	0	1	1788355972.660054	1788355972.823784	284184420	284184691
2026-09-02T13:31:13Z	8dc0b5fea25671d6745a556bffb740d3866e189c	352c096f011eb282f12e6d4c12281340fac96b635a2879cc065d7637a6592872	wsh-trace	local	4fa59ffc191c59db064dad44f47534cf47ac08da6f35e1710935fd0f39477918	2264a8042763edf2620cfe32d96b096e1f3d26aa	5.9.2	2.55.0	1000	150	dirty	4	1.082	6.996	1	1	0	1	1788355973.160589	1788355973.324722	284185137	284185432
2026-09-02T13:31:13Z	8dc0b5fea25671d6745a556bffb740d3866e189c	352c096f011eb282f12e6d4c12281340fac96b635a2879cc065d7637a6592872	wsh-trace	local	4fa59ffc191c59db064dad44f47534cf47ac08da6f35e1710935fd0f39477918	2264a8042763edf2620cfe32d96b096e1f3d26aa	5.9.2	2.55.0	1000	150	dirty	5	1.237	6.987	1	1	0	1	1788355973.660702	1788355973.825138	284185905	284186380
2026-09-02T13:31:13Z	8dc0b5fea25671d6745a556bffb740d3866e189c	352c096f011eb282f12e6d4c12281340fac96b635a2879cc065d7637a6592872	wsh-trace	local	4fa59ffc191c59db064dad44f47534cf47ac08da6f35e1710935fd0f39477918	2264a8042763edf2620cfe32d96b096e1f3d26aa	5.9.2	2.55.0	1000	150	dirty	6	1.249	6.904	1	1	0	1	1788355974.160984	1788355974.325085	284186831	284187105
2026-09-02T13:31:13Z	8dc0b5fea25671d6745a556bffb740d3866e189c	352c096f011eb282f12e6d4c12281340fac96b635a2879cc065d7637a6592872	wsh-trace	local	4fa59ffc191c59db064dad44f47534cf47ac08da6f35e1710935fd0f39477918	2264a8042763edf2620cfe32d96b096e1f3d26aa	5.9.2	2.55.0	1000	150	dirty	7	1.168	6.904	1	1	0	1	1788355974.661710	1788355974.825709	284187634	284187925
2026-09-02T13:31:13Z	8dc0b5fea25671d6745a556bffb740d3866e189c	352c096f011eb282f12e6d4c12281340fac96b635a2879cc065d7637a6592872	wsh-trace	local	4fa59ffc191c59db064dad44f47534cf47ac08da6f35e1710935fd0f39477918	2264a8042763edf2620cfe32d96b096e1f3d26aa	5.9.2	2.55.0	1000	150	dirty	8	1.118	6.647	1	1	0	1	1788355975.161654	1788355975.325249	284188428	284188742
2026-09-02T13:31:13Z	8dc0b5fea25671d6745a556bffb740d3866e189c	352c096f011eb282f12e6d4c12281340fac96b635a2879cc065d7637a6592872	wsh-trace	local	4fa59ffc191c59db064dad44f47534cf47ac08da6f35e1710935fd0f39477918	2264a8042763edf2620cfe32d96b096e1f3d26aa	5.9.2	2.55.0	1000	150	dirty	9	1.202	7.246	1	1	0	1	1788355975.661982	1788355975.827826	284189394	284189576
2026-09-02T13:31:13Z	8dc0b5fea25671d6745a556bffb740d3866e189c	352c096f011eb282f12e6d4c12281340fac96b635a2879cc065d7637a6592872	wsh-trace	local	4fa59ffc191c59db064dad44f47534cf47ac08da6f35e1710935fd0f39477918	2264a8042763edf2620cfe32d96b096e1f3d26aa	5.9.2	2.55.0	1000	150	dirty	10	1.142	7.134	1	1	0	1	1788355976.165541	1788355976.330018	284190607	284190982
2026-09-02T13:31:13Z	8dc0b5fea25671d6745a556bffb740d3866e189c	352c096f011eb282f12e6d4c12281340fac96b635a2879cc065d7637a6592872	wsh-trace	local	4fa59ffc191c59db064dad44f47534cf47ac08da6f35e1710935fd0f39477918	2264a8042763edf2620cfe32d96b096e1f3d26aa	5.9.2	2.55.0	1000	150	dirty	11	1.146	7.175	1	1	0	1	1788355976.669156	1788355976.834360	284191686	284192171
2026-09-02T13:31:13Z	8dc0b5fea25671d6745a556bffb740d3866e189c	352c096f011eb282f12e6d4c12281340fac96b635a2879cc065d7637a6592872	wsh-trace	local	4fa59ffc191c59db064dad44f47534cf47ac08da6f35e1710935fd0f39477918	2264a8042763edf2620cfe32d96b096e1f3d26aa	5.9.2	2.55.0	1000	150	dirty	12	1.160	6.943	1	1	0	1	1788355977.171513	1788355977.336062	284192826	284193105
2026-09-02T13:31:13Z	8dc0b5fea25671d6745a556bffb740d3866e189c	352c096f011eb282f12e6d4c12281340fac96b635a2879cc065d7637a6592872	wsh-trace	local	4fa59ffc191c59db064dad44f47534cf47ac08da6f35e1710935fd0f39477918	2264a8042763edf2620cfe32d96b096e1f3d26aa	5.9.2	2.55.0	1000	150	dirty	13	1.155	6.843	1	1	0	1	1788355977.673510	1788355977.838524	284193630	284194034
2026-09-02T13:31:13Z	8dc0b5fea25671d6745a556bffb740d3866e189c	352c096f011eb282f12e6d4c12281340fac96b635a2879cc065d7637a6592872	wsh-trace	local	4fa59ffc191c59db064dad44f47534cf47ac08da6f35e1710935fd0f39477918	2264a8042763edf2620cfe32d96b096e1f3d26aa	5.9.2	2.55.0	1000	150	dirty	14	1.218	6.734	1	1	0	1	1788355978.175446	1788355978.339780	284194514	284194728
2026-09-02T13:31:13Z	8dc0b5fea25671d6745a556bffb740d3866e189c	352c096f011eb282f12e6d4c12281340fac96b635a2879cc065d7637a6592872	wsh-trace	local	4fa59ffc191c59db064dad44f47534cf47ac08da6f35e1710935fd0f39477918	2264a8042763edf2620cfe32d96b096e1f3d26aa	5.9.2	2.55.0	1000	150	dirty	15	1.279	7.195	1	1	0	1	1788355978.676228	1788355978.841097	284195277	284195569
2026-09-02T13:31:13Z	8dc0b5fea25671d6745a556bffb740d3866e189c	352c096f011eb282f12e6d4c12281340fac96b635a2879cc065d7637a6592872	wsh-trace	local	4fa59ffc191c59db064dad44f47534cf47ac08da6f35e1710935fd0f39477918	2264a8042763edf2620cfe32d96b096e1f3d26aa	5.9.2	2.55.0	1000	150	dirty	16	1.260	7.794	1	1	0	1	1788355979.178235	1788355979.344059	284195975	284196364
2026-09-02T13:31:13Z	8dc0b5fea25671d6745a556bffb740d3866e189c	352c096f011eb282f12e6d4c12281340fac96b635a2879cc065d7637a6592872	wsh-trace	local	4fa59ffc191c59db064dad44f47534cf47ac08da6f35e1710935fd0f39477918	2264a8042763edf2620cfe32d96b096e1f3d26aa	5.9.2	2.55.0	1000	150	dirty	17	1.194	7.158	1	1	0	1	1788355979.682373	1788355979.846932	284197104	284197708
2026-09-02T13:31:13Z	8dc0b5fea25671d6745a556bffb740d3866e189c	352c096f011eb282f12e6d4c12281340fac96b635a2879cc065d7637a6592872	wsh-trace	local	4fa59ffc191c59db064dad44f47534cf47ac08da6f35e1710935fd0f39477918	2264a8042763edf2620cfe32d96b096e1f3d26aa	5.9.2	2.55.0	1000	150	dirty	18	1.215	7.075	1	1	0	1	1788355980.185606	1788355980.350263	284198826	284199075
2026-09-02T13:31:13Z	8dc0b5fea25671d6745a556bffb740d3866e189c	352c096f011eb282f12e6d4c12281340fac96b635a2879cc065d7637a6592872	wsh-trace	local	4fa59ffc191c59db064dad44f47534cf47ac08da6f35e1710935fd0f39477918	2264a8042763edf2620cfe32d96b096e1f3d26aa	5.9.2	2.55.0	1000	150	dirty	19	1.213	7.239	1	1	0	1	1788355980.688676	1788355980.853946	284199506	284199746
2026-09-02T13:31:13Z	8dc0b5fea25671d6745a556bffb740d3866e189c	352c096f011eb282f12e6d4c12281340fac96b635a2879cc065d7637a6592872	wsh-trace	local	4fa59ffc191c59db064dad44f47534cf47ac08da6f35e1710935fd0f39477918	2264a8042763edf2620cfe32d96b096e1f3d26aa	5.9.2	2.55.0	1000	150	dirty	20	1.307	6.928	1	1	0	1	1788355981.192104	1788355981.356665	284200185	284200472
2026-09-02T13:31:13Z	8dc0b5fea25671d6745a556bffb740d3866e189c	352c096f011eb282f12e6d4c12281340fac96b635a2879cc065d7637a6592872	wsh-trace	local	4fa59ffc191c59db064dad44f47534cf47ac08da6f35e1710935fd0f39477918	2264a8042763edf2620cfe32d96b096e1f3d26aa	5.9.2	2.55.0	1000	150	untracked	1	1.194	7.041	1	1	0	1	1788355981.716786	1788355981.881967	284201368	284201639
2026-09-02T13:31:13Z	8dc0b5fea25671d6745a556bffb740d3866e189c	352c096f011eb282f12e6d4c12281340fac96b635a2879cc065d7637a6592872	wsh-trace	local	4fa59ffc191c59db064dad44f47534cf47ac08da6f35e1710935fd0f39477918	2264a8042763edf2620cfe32d96b096e1f3d26aa	5.9.2	2.55.0	1000	150	untracked	2	1.265	7.275	1	1	0	1	1788355982.222003	1788355982.386883	284202104	284202331
2026-09-02T13:31:13Z	8dc0b5fea25671d6745a556bffb740d3866e189c	352c096f011eb282f12e6d4c12281340fac96b635a2879cc065d7637a6592872	wsh-trace	local	4fa59ffc191c59db064dad44f47534cf47ac08da6f35e1710935fd0f39477918	2264a8042763edf2620cfe32d96b096e1f3d26aa	5.9.2	2.55.0	1000	150	untracked	3	1.238	6.872	1	1	0	1	1788355982.726048	1788355982.891011	284202764	284203030
2026-09-02T13:31:13Z	8dc0b5fea25671d6745a556bffb740d3866e189c	352c096f011eb282f12e6d4c12281340fac96b635a2879cc065d7637a6592872	wsh-trace	local	4fa59ffc191c59db064dad44f47534cf47ac08da6f35e1710935fd0f39477918	2264a8042763edf2620cfe32d96b096e1f3d26aa	5.9.2	2.55.0	1000	150	untracked	4	1.220	7.468	1	1	0	1	1788355983.231547	1788355983.396953	284203479	284203747
2026-09-02T13:31:13Z	8dc0b5fea25671d6745a556bffb740d3866e189c	352c096f011eb282f12e6d4c12281340fac96b635a2879cc065d7637a6592872	wsh-trace	local	4fa59ffc191c59db064dad44f47534cf47ac08da6f35e1710935fd0f39477918	2264a8042763edf2620cfe32d96b096e1f3d26aa	5.9.2	2.55.0	1000	150	untracked	5	1.180	7.221	1	1	0	1	1788355983.736397	1788355983.901578	284204165	284204868
2026-09-02T13:31:13Z	8dc0b5fea25671d6745a556bffb740d3866e189c	352c096f011eb282f12e6d4c12281340fac96b635a2879cc065d7637a6592872	wsh-trace	local	4fa59ffc191c59db064dad44f47534cf47ac08da6f35e1710935fd0f39477918	2264a8042763edf2620cfe32d96b096e1f3d26aa	5.9.2	2.55.0	1000	150	untracked	6	1.374	7.506	1	1	0	1	1788355984.241407	1788355984.407038	284205333	284205527
2026-09-02T13:31:13Z	8dc0b5fea25671d6745a556bffb740d3866e189c	352c096f011eb282f12e6d4c12281340fac96b635a2879cc065d7637a6592872	wsh-trace	local	4fa59ffc191c59db064dad44f47534cf47ac08da6f35e1710935fd0f39477918	2264a8042763edf2620cfe32d96b096e1f3d26aa	5.9.2	2.55.0	1000	150	untracked	7	1.245	7.169	1	1	0	1	1788355984.747281	1788355984.913189	284206008	284206464
2026-09-02T13:31:13Z	8dc0b5fea25671d6745a556bffb740d3866e189c	352c096f011eb282f12e6d4c12281340fac96b635a2879cc065d7637a6592872	wsh-trace	local	4fa59ffc191c59db064dad44f47534cf47ac08da6f35e1710935fd0f39477918	2264a8042763edf2620cfe32d96b096e1f3d26aa	5.9.2	2.55.0	1000	150	untracked	8	1.335	7.774	1	1	0	1	1788355985.253167	1788355985.419819	284207248	284207520
2026-09-02T13:31:13Z	8dc0b5fea25671d6745a556bffb740d3866e189c	352c096f011eb282f12e6d4c12281340fac96b635a2879cc065d7637a6592872	wsh-trace	local	4fa59ffc191c59db064dad44f47534cf47ac08da6f35e1710935fd0f39477918	2264a8042763edf2620cfe32d96b096e1f3d26aa	5.9.2	2.55.0	1000	150	untracked	9	1.409	7.980	1	1	0	1	1788355985.760279	1788355985.926734	284208421	284209037
2026-09-02T13:31:13Z	8dc0b5fea25671d6745a556bffb740d3866e189c	352c096f011eb282f12e6d4c12281340fac96b635a2879cc065d7637a6592872	wsh-trace	local	4fa59ffc191c59db064dad44f47534cf47ac08da6f35e1710935fd0f39477918	2264a8042763edf2620cfe32d96b096e1f3d26aa	5.9.2	2.55.0	1000	150	untracked	10	1.395	7.934	1	1	0	1	1788355986.269264	1788355986.437179	284209482	284209943
2026-09-02T13:31:13Z	8dc0b5fea25671d6745a556bffb740d3866e189c	352c096f011eb282f12e6d4c12281340fac96b635a2879cc065d7637a6592872	wsh-trace	local	4fa59ffc191c59db064dad44f47534cf47ac08da6f35e1710935fd0f39477918	2264a8042763edf2620cfe32d96b096e1f3d26aa	5.9.2	2.55.0	1000	150	untracked	11	1.035	7.156	1	1	0	1	1788355986.777771	1788355986.943153	284210731	284210926
2026-09-02T13:31:13Z	8dc0b5fea25671d6745a556bffb740d3866e189c	352c096f011eb282f12e6d4c12281340fac96b635a2879cc065d7637a6592872	wsh-trace	local	4fa59ffc191c59db064dad44f47534cf47ac08da6f35e1710935fd0f39477918	2264a8042763edf2620cfe32d96b096e1f3d26aa	5.9.2	2.55.0	1000	150	untracked	12	1.300	7.730	1	1	0	1	1788355987.283968	1788355987.451584	284211722	284212235
2026-09-02T13:31:13Z	8dc0b5fea25671d6745a556bffb740d3866e189c	352c096f011eb282f12e6d4c12281340fac96b635a2879cc065d7637a6592872	wsh-trace	local	4fa59ffc191c59db064dad44f47534cf47ac08da6f35e1710935fd0f39477918	2264a8042763edf2620cfe32d96b096e1f3d26aa	5.9.2	2.55.0	1000	150	untracked	13	1.290	7.360	1	1	0	1	1788355987.793051	1788355987.958850	284213059	284213276
2026-09-02T13:31:13Z	8dc0b5fea25671d6745a556bffb740d3866e189c	352c096f011eb282f12e6d4c12281340fac96b635a2879cc065d7637a6592872	wsh-trace	local	4fa59ffc191c59db064dad44f47534cf47ac08da6f35e1710935fd0f39477918	2264a8042763edf2620cfe32d96b096e1f3d26aa	5.9.2	2.55.0	1000	150	untracked	14	1.269	7.691	1	1	0	1	1788355988.300018	1788355988.465771	284214096	284214362
2026-09-02T13:31:13Z	8dc0b5fea25671d6745a556bffb740d3866e189c	352c096f011eb282f12e6d4c12281340fac96b635a2879cc065d7637a6592872	wsh-trace	local	4fa59ffc191c59db064dad44f47534cf47ac08da6f35e1710935fd0f39477918	2264a8042763edf2620cfe32d96b096e1f3d26aa	5.9.2	2.55.0	1000	150	untracked	15	0.980	6.898	1	1	0	1	1788355988.806314	1788355988.971944	284214963	284215296
2026-09-02T13:31:13Z	8dc0b5fea25671d6745a556bffb740d3866e189c	352c096f011eb282f12e6d4c12281340fac96b635a2879cc065d7637a6592872	wsh-trace	local	4fa59ffc191c59db064dad44f47534cf47ac08da6f35e1710935fd0f39477918	2264a8042763edf2620cfe32d96b096e1f3d26aa	5.9.2	2.55.0	1000	150	untracked	16	1.097	7.225	1	1	0	1	1788355989.314194	1788355989.479633	284216211	284216474
2026-09-02T13:31:13Z	8dc0b5fea25671d6745a556bffb740d3866e189c	352c096f011eb282f12e6d4c12281340fac96b635a2879cc065d7637a6592872	wsh-trace	local	4fa59ffc191c59db064dad44f47534cf47ac08da6f35e1710935fd0f39477918	2264a8042763edf2620cfe32d96b096e1f3d26aa	5.9.2	2.55.0	1000	150	untracked	17	1.289	7.562	1	1	0	1	1788355989.820415	1788355989.986242	284216984	284217283
2026-09-02T13:31:13Z	8dc0b5fea25671d6745a556bffb740d3866e189c	352c096f011eb282f12e6d4c12281340fac96b635a2879cc065d7637a6592872	wsh-trace	local	4fa59ffc191c59db064dad44f47534cf47ac08da6f35e1710935fd0f39477918	2264a8042763edf2620cfe32d96b096e1f3d26aa	5.9.2	2.55.0	1000	150	untracked	18	1.278	7.237	1	1	0	1	1788355990.328162	1788355990.493672	284217922	284218275
2026-09-02T13:31:13Z	8dc0b5fea25671d6745a556bffb740d3866e189c	352c096f011eb282f12e6d4c12281340fac96b635a2879cc065d7637a6592872	wsh-trace	local	4fa59ffc191c59db064dad44f47534cf47ac08da6f35e1710935fd0f39477918	2264a8042763edf2620cfe32d96b096e1f3d26aa	5.9.2	2.55.0	1000	150	untracked	19	1.038	7.240	1	1	0	1	1788355990.834041	1788355991.000005	284218800	284219026
2026-09-02T13:31:13Z	8dc0b5fea25671d6745a556bffb740d3866e189c	352c096f011eb282f12e6d4c12281340fac96b635a2879cc065d7637a6592872	wsh-trace	local	4fa59ffc191c59db064dad44f47534cf47ac08da6f35e1710935fd0f39477918	2264a8042763edf2620cfe32d96b096e1f3d26aa	5.9.2	2.55.0	1000	150	untracked	20	1.290	7.317	1	1	0	1	1788355991.341162	1788355991.506696	284219746	284219933
