snapshot_at_utc	benchmark_commit	runner_sha256	target	target_kind	target_commit	omz_commit	zsh_version	git_version	fixture_files	settle_ms	state	iteration	first_ms	settled_ms	repaints	git_calls	unlocked_calls	semantic_pass	measurement_started_epoch_seconds	measurement_finished_epoch_seconds	cpu_psi_some_total_before	cpu_psi_some_total_after
2026-09-02T07:04:40Z	8dc0b5fea25671d6745a556bffb740d3866e189c	352c096f011eb282f12e6d4c12281340fac96b635a2879cc065d7637a6592872	raw	control	5.9.2	2264a8042763edf2620cfe32d96b096e1f3d26aa	5.9.2	2.55.0	1000	150	clean	1	0.416	0.416	0	0	0	na	1788332680.378273	1788332680.531290	253942392	253942527
2026-09-02T07:04:40Z	8dc0b5fea25671d6745a556bffb740d3866e189c	352c096f011eb282f12e6d4c12281340fac96b635a2879cc065d7637a6592872	raw	control	5.9.2	2264a8042763edf2620cfe32d96b096e1f3d26aa	5.9.2	2.55.0	1000	150	clean	2	0.415	0.415	0	0	0	na	1788332680.684211	1788332680.837382	253942656	253942826
2026-09-02T07:04:40Z	8dc0b5fea25671d6745a556bffb740d3866e189c	352c096f011eb282f12e6d4c12281340fac96b635a2879cc065d7637a6592872	raw	control	5.9.2	2264a8042763edf2620cfe32d96b096e1f3d26aa	5.9.2	2.55.0	1000	150	clean	3	0.420	0.420	0	0	0	na	1788332680.990538	1788332681.143743	253942937	253943077
2026-09-02T07:04:40Z	8dc0b5fea25671d6745a556bffb740d3866e189c	352c096f011eb282f12e6d4c12281340fac96b635a2879cc065d7637a6592872	raw	control	5.9.2	2264a8042763edf2620cfe32d96b096e1f3d26aa	5.9.2	2.55.0	1000	150	clean	4	0.420	0.420	0	0	0	na	1788332681.297063	1788332681.450462	253943223	253943362
2026-09-02T07:04:40Z	8dc0b5fea25671d6745a556bffb740d3866e189c	352c096f011eb282f12e6d4c12281340fac96b635a2879cc065d7637a6592872	raw	control	5.9.2	2264a8042763edf2620cfe32d96b096e1f3d26aa	5.9.2	2.55.0	1000	150	clean	5	0.420	0.420	0	0	0	na	1788332681.603710	1788332681.757073	253943526	253943687
2026-09-02T07:04:40Z	8dc0b5fea25671d6745a556bffb740d3866e189c	352c096f011eb282f12e6d4c12281340fac96b635a2879cc065d7637a6592872	raw	control	5.9.2	2264a8042763edf2620cfe32d96b096e1f3d26aa	5.9.2	2.55.0	1000	150	clean	6	0.367	0.367	0	0	0	na	1788332681.910508	1788332682.064019	253943900	253944111
2026-09-02T07:04:40Z	8dc0b5fea25671d6745a556bffb740d3866e189c	352c096f011eb282f12e6d4c12281340fac96b635a2879cc065d7637a6592872	raw	control	5.9.2	2264a8042763edf2620cfe32d96b096e1f3d26aa	5.9.2	2.55.0	1000	150	clean	7	0.403	0.403	0	0	0	na	1788332682.217330	1788332682.370925	253944338	253944499
2026-09-02T07:04:40Z	8dc0b5fea25671d6745a556bffb740d3866e189c	352c096f011eb282f12e6d4c12281340fac96b635a2879cc065d7637a6592872	raw	control	5.9.2	2264a8042763edf2620cfe32d96b096e1f3d26aa	5.9.2	2.55.0	1000	150	clean	8	0.440	0.440	0	0	0	na	1788332682.524320	1788332682.677770	253944635	253944783
2026-09-02T07:04:40Z	8dc0b5fea25671d6745a556bffb740d3866e189c	352c096f011eb282f12e6d4c12281340fac96b635a2879cc065d7637a6592872	raw	control	5.9.2	2264a8042763edf2620cfe32d96b096e1f3d26aa	5.9.2	2.55.0	1000	150	clean	9	0.355	0.355	0	0	0	na	1788332682.831197	1788332682.984743	253945028	253945262
2026-09-02T07:04:40Z	8dc0b5fea25671d6745a556bffb740d3866e189c	352c096f011eb282f12e6d4c12281340fac96b635a2879cc065d7637a6592872	raw	control	5.9.2	2264a8042763edf2620cfe32d96b096e1f3d26aa	5.9.2	2.55.0	1000	150	clean	10	0.431	0.431	0	0	0	na	1788332683.138338	1788332683.291746	253945552	253945699
2026-09-02T07:04:40Z	8dc0b5fea25671d6745a556bffb740d3866e189c	352c096f011eb282f12e6d4c12281340fac96b635a2879cc065d7637a6592872	raw	control	5.9.2	2264a8042763edf2620cfe32d96b096e1f3d26aa	5.9.2	2.55.0	1000	150	clean	11	0.417	0.417	0	0	0	na	1788332683.445191	1788332683.598527	253945945	253946077
2026-09-02T07:04:40Z	8dc0b5fea25671d6745a556bffb740d3866e189c	352c096f011eb282f12e6d4c12281340fac96b635a2879cc065d7637a6592872	raw	control	5.9.2	2264a8042763edf2620cfe32d96b096e1f3d26aa	5.9.2	2.55.0	1000	150	clean	12	0.432	0.432	0	0	0	na	1788332683.752033	1788332683.905380	253946200	253946359
2026-09-02T07:04:40Z	8dc0b5fea25671d6745a556bffb740d3866e189c	352c096f011eb282f12e6d4c12281340fac96b635a2879cc065d7637a6592872	raw	control	5.9.2	2264a8042763edf2620cfe32d96b096e1f3d26aa	5.9.2	2.55.0	1000	150	clean	13	0.411	0.411	0	0	0	na	1788332684.058877	1788332684.212372	253946511	253946654
2026-09-02T07:04:40Z	8dc0b5fea25671d6745a556bffb740d3866e189c	352c096f011eb282f12e6d4c12281340fac96b635a2879cc065d7637a6592872	raw	control	5.9.2	2264a8042763edf2620cfe32d96b096e1f3d26aa	5.9.2	2.55.0	1000	150	clean	14	0.395	0.395	0	0	0	na	1788332684.365669	1788332684.519115	253946782	253946920
2026-09-02T07:04:40Z	8dc0b5fea25671d6745a556bffb740d3866e189c	352c096f011eb282f12e6d4c12281340fac96b635a2879cc065d7637a6592872	raw	control	5.9.2	2264a8042763edf2620cfe32d96b096e1f3d26aa	5.9.2	2.55.0	1000	150	clean	15	0.387	0.387	0	0	0	na	1788332684.672464	1788332684.825973	253947062	253947186
2026-09-02T07:04:40Z	8dc0b5fea25671d6745a556bffb740d3866e189c	352c096f011eb282f12e6d4c12281340fac96b635a2879cc065d7637a6592872	raw	control	5.9.2	2264a8042763edf2620cfe32d96b096e1f3d26aa	5.9.2	2.55.0	1000	150	clean	16	0.488	0.488	0	0	0	na	1788332684.979375	1788332685.133000	253947373	253947520
2026-09-02T07:04:40Z	8dc0b5fea25671d6745a556bffb740d3866e189c	352c096f011eb282f12e6d4c12281340fac96b635a2879cc065d7637a6592872	raw	control	5.9.2	2264a8042763edf2620cfe32d96b096e1f3d26aa	5.9.2	2.55.0	1000	150	clean	17	0.422	0.422	0	0	0	na	1788332685.286890	1788332685.440404	253948032	253948216
2026-09-02T07:04:40Z	8dc0b5fea25671d6745a556bffb740d3866e189c	352c096f011eb282f12e6d4c12281340fac96b635a2879cc065d7637a6592872	raw	control	5.9.2	2264a8042763edf2620cfe32d96b096e1f3d26aa	5.9.2	2.55.0	1000	150	clean	18	0.411	0.411	0	0	0	na	1788332685.593755	1788332685.747052	253948473	253948698
2026-09-02T07:04:40Z	8dc0b5fea25671d6745a556bffb740d3866e189c	352c096f011eb282f12e6d4c12281340fac96b635a2879cc065d7637a6592872	raw	control	5.9.2	2264a8042763edf2620cfe32d96b096e1f3d26aa	5.9.2	2.55.0	1000	150	clean	19	0.430	0.430	0	0	0	na	1788332685.900513	1788332686.053937	253948934	253949090
2026-09-02T07:04:40Z	8dc0b5fea25671d6745a556bffb740d3866e189c	352c096f011eb282f12e6d4c12281340fac96b635a2879cc065d7637a6592872	raw	control	5.9.2	2264a8042763edf2620cfe32d96b096e1f3d26aa	5.9.2	2.55.0	1000	150	clean	20	0.412	0.412	0	0	0	na	1788332686.207511	1788332686.361032	253949285	253949485
2026-09-02T07:04:40Z	8dc0b5fea25671d6745a556bffb740d3866e189c	352c096f011eb282f12e6d4c12281340fac96b635a2879cc065d7637a6592872	raw	control	5.9.2	2264a8042763edf2620cfe32d96b096e1f3d26aa	5.9.2	2.55.0	1000	150	dirty	1	0.349	0.349	0	0	0	na	1788332686.532255	1788332686.685632	253949712	253949905
2026-09-02T07:04:40Z	8dc0b5fea25671d6745a556bffb740d3866e189c	352c096f011eb282f12e6d4c12281340fac96b635a2879cc065d7637a6592872	raw	control	5.9.2	2264a8042763edf2620cfe32d96b096e1f3d26aa	5.9.2	2.55.0	1000	150	dirty	2	0.352	0.352	0	0	0	na	1788332686.839085	1788332686.992477	253950559	253950775
2026-09-02T07:04:40Z	8dc0b5fea25671d6745a556bffb740d3866e189c	352c096f011eb282f12e6d4c12281340fac96b635a2879cc065d7637a6592872	raw	control	5.9.2	2264a8042763edf2620cfe32d96b096e1f3d26aa	5.9.2	2.55.0	1000	150	dirty	3	0.395	0.395	0	0	0	na	1788332687.145809	1788332687.299309	253950926	253951100
2026-09-02T07:04:40Z	8dc0b5fea25671d6745a556bffb740d3866e189c	352c096f011eb282f12e6d4c12281340fac96b635a2879cc065d7637a6592872	raw	control	5.9.2	2264a8042763edf2620cfe32d96b096e1f3d26aa	5.9.2	2.55.0	1000	150	dirty	4	0.357	0.357	0	0	0	na	1788332687.452629	1788332687.606043	253951240	253951380
2026-09-02T07:04:40Z	8dc0b5fea25671d6745a556bffb740d3866e189c	352c096f011eb282f12e6d4c12281340fac96b635a2879cc065d7637a6592872	raw	control	5.9.2	2264a8042763edf2620cfe32d96b096e1f3d26aa	5.9.2	2.55.0	1000	150	dirty	5	0.363	0.363	0	0	0	na	1788332687.759538	1788332687.912882	253951524	253952002
2026-09-02T07:04:40Z	8dc0b5fea25671d6745a556bffb740d3866e189c	352c096f011eb282f12e6d4c12281340fac96b635a2879cc065d7637a6592872	raw	control	5.9.2	2264a8042763edf2620cfe32d96b096e1f3d26aa	5.9.2	2.55.0	1000	150	dirty	6	0.392	0.392	0	0	0	na	1788332688.066473	1788332688.219926	253952163	253952298
2026-09-02T07:04:40Z	8dc0b5fea25671d6745a556bffb740d3866e189c	352c096f011eb282f12e6d4c12281340fac96b635a2879cc065d7637a6592872	raw	control	5.9.2	2264a8042763edf2620cfe32d96b096e1f3d26aa	5.9.2	2.55.0	1000	150	dirty	7	0.390	0.390	0	0	0	na	1788332688.373467	1788332688.526841	253952456	253952620
2026-09-02T07:04:40Z	8dc0b5fea25671d6745a556bffb740d3866e189c	352c096f011eb282f12e6d4c12281340fac96b635a2879cc065d7637a6592872	raw	control	5.9.2	2264a8042763edf2620cfe32d96b096e1f3d26aa	5.9.2	2.55.0	1000	150	dirty	8	0.352	0.352	0	0	0	na	1788332688.680338	1788332688.833658	253952816	253953063
2026-09-02T07:04:40Z	8dc0b5fea25671d6745a556bffb740d3866e189c	352c096f011eb282f12e6d4c12281340fac96b635a2879cc065d7637a6592872	raw	control	5.9.2	2264a8042763edf2620cfe32d96b096e1f3d26aa	5.9.2	2.55.0	1000	150	dirty	9	0.366	0.366	0	0	0	na	1788332688.987360	1788332689.141096	253953241	253953400
2026-09-02T07:04:40Z	8dc0b5fea25671d6745a556bffb740d3866e189c	352c096f011eb282f12e6d4c12281340fac96b635a2879cc065d7637a6592872	raw	control	5.9.2	2264a8042763edf2620cfe32d96b096e1f3d26aa	5.9.2	2.55.0	1000	150	dirty	10	0.388	0.388	0	0	0	na	1788332689.294622	1788332689.448265	253953747	253954091
2026-09-02T07:04:40Z	8dc0b5fea25671d6745a556bffb740d3866e189c	352c096f011eb282f12e6d4c12281340fac96b635a2879cc065d7637a6592872	raw	control	5.9.2	2264a8042763edf2620cfe32d96b096e1f3d26aa	5.9.2	2.55.0	1000	150	dirty	11	0.340	0.340	0	0	0	na	1788332689.601463	1788332689.754877	253954227	253954372
2026-09-02T07:04:40Z	8dc0b5fea25671d6745a556bffb740d3866e189c	352c096f011eb282f12e6d4c12281340fac96b635a2879cc065d7637a6592872	raw	control	5.9.2	2264a8042763edf2620cfe32d96b096e1f3d26aa	5.9.2	2.55.0	1000	150	dirty	12	0.347	0.347	0	0	0	na	1788332689.908458	1788332690.061839	253954645	253955014
2026-09-02T07:04:40Z	8dc0b5fea25671d6745a556bffb740d3866e189c	352c096f011eb282f12e6d4c12281340fac96b635a2879cc065d7637a6592872	raw	control	5.9.2	2264a8042763edf2620cfe32d96b096e1f3d26aa	5.9.2	2.55.0	1000	150	dirty	13	0.347	0.347	0	0	0	na	1788332690.215302	1788332690.368783	253955266	253955385
2026-09-02T07:04:40Z	8dc0b5fea25671d6745a556bffb740d3866e189c	352c096f011eb282f12e6d4c12281340fac96b635a2879cc065d7637a6592872	raw	control	5.9.2	2264a8042763edf2620cfe32d96b096e1f3d26aa	5.9.2	2.55.0	1000	150	dirty	14	0.412	0.412	0	0	0	na	1788332690.522506	1788332690.676189	253955577	253955968
2026-09-02T07:04:40Z	8dc0b5fea25671d6745a556bffb740d3866e189c	352c096f011eb282f12e6d4c12281340fac96b635a2879cc065d7637a6592872	raw	control	5.9.2	2264a8042763edf2620cfe32d96b096e1f3d26aa	5.9.2	2.55.0	1000	150	dirty	15	0.383	0.383	0	0	0	na	1788332690.829674	1788332690.983066	253956458	253956690
2026-09-02T07:04:40Z	8dc0b5fea25671d6745a556bffb740d3866e189c	352c096f011eb282f12e6d4c12281340fac96b635a2879cc065d7637a6592872	raw	control	5.9.2	2264a8042763edf2620cfe32d96b096e1f3d26aa	5.9.2	2.55.0	1000	150	dirty	16	0.375	0.375	0	0	0	na	1788332691.136387	1788332691.289788	253956859	253957033
2026-09-02T07:04:40Z	8dc0b5fea25671d6745a556bffb740d3866e189c	352c096f011eb282f12e6d4c12281340fac96b635a2879cc065d7637a6592872	raw	control	5.9.2	2264a8042763edf2620cfe32d96b096e1f3d26aa	5.9.2	2.55.0	1000	150	dirty	17	0.387	0.387	0	0	0	na	1788332691.443274	1788332691.596853	253957241	253957594
2026-09-02T07:04:40Z	8dc0b5fea25671d6745a556bffb740d3866e189c	352c096f011eb282f12e6d4c12281340fac96b635a2879cc065d7637a6592872	raw	control	5.9.2	2264a8042763edf2620cfe32d96b096e1f3d26aa	5.9.2	2.55.0	1000	150	dirty	18	0.412	0.412	0	0	0	na	1788332691.750616	1788332691.903911	253957869	253958170
2026-09-02T07:04:40Z	8dc0b5fea25671d6745a556bffb740d3866e189c	352c096f011eb282f12e6d4c12281340fac96b635a2879cc065d7637a6592872	raw	control	5.9.2	2264a8042763edf2620cfe32d96b096e1f3d26aa	5.9.2	2.55.0	1000	150	dirty	19	0.353	0.353	0	0	0	na	1788332692.057172	1788332692.210446	253958384	253958639
2026-09-02T07:04:40Z	8dc0b5fea25671d6745a556bffb740d3866e189c	352c096f011eb282f12e6d4c12281340fac96b635a2879cc065d7637a6592872	raw	control	5.9.2	2264a8042763edf2620cfe32d96b096e1f3d26aa	5.9.2	2.55.0	1000	150	dirty	20	0.431	0.431	0	0	0	na	1788332692.364084	1788332692.517752	253958840	253959059
2026-09-02T07:04:40Z	8dc0b5fea25671d6745a556bffb740d3866e189c	352c096f011eb282f12e6d4c12281340fac96b635a2879cc065d7637a6592872	raw	control	5.9.2	2264a8042763edf2620cfe32d96b096e1f3d26aa	5.9.2	2.55.0	1000	150	untracked	1	0.395	0.395	0	0	0	na	1788332692.692873	1788332692.845913	253959237	253959537
2026-09-02T07:04:40Z	8dc0b5fea25671d6745a556bffb740d3866e189c	352c096f011eb282f12e6d4c12281340fac96b635a2879cc065d7637a6592872	raw	control	5.9.2	2264a8042763edf2620cfe32d96b096e1f3d26aa	5.9.2	2.55.0	1000	150	untracked	2	0.375	0.375	0	0	0	na	1788332693.000344	1788332693.153313	253959666	253959958
2026-09-02T07:04:40Z	8dc0b5fea25671d6745a556bffb740d3866e189c	352c096f011eb282f12e6d4c12281340fac96b635a2879cc065d7637a6592872	raw	control	5.9.2	2264a8042763edf2620cfe32d96b096e1f3d26aa	5.9.2	2.55.0	1000	150	untracked	3	0.398	0.398	0	0	0	na	1788332693.307897	1788332693.460997	253960154	253960303
2026-09-02T07:04:40Z	8dc0b5fea25671d6745a556bffb740d3866e189c	352c096f011eb282f12e6d4c12281340fac96b635a2879cc065d7637a6592872	raw	control	5.9.2	2264a8042763edf2620cfe32d96b096e1f3d26aa	5.9.2	2.55.0	1000	150	untracked	4	0.391	0.391	0	0	0	na	1788332693.615432	1788332693.768631	253960453	253960597
2026-09-02T07:04:40Z	8dc0b5fea25671d6745a556bffb740d3866e189c	352c096f011eb282f12e6d4c12281340fac96b635a2879cc065d7637a6592872	raw	control	5.9.2	2264a8042763edf2620cfe32d96b096e1f3d26aa	5.9.2	2.55.0	1000	150	untracked	5	0.405	0.405	0	0	0	na	1788332693.923530	1788332694.077574	253961706	253962714
2026-09-02T07:04:40Z	8dc0b5fea25671d6745a556bffb740d3866e189c	352c096f011eb282f12e6d4c12281340fac96b635a2879cc065d7637a6592872	raw	control	5.9.2	2264a8042763edf2620cfe32d96b096e1f3d26aa	5.9.2	2.55.0	1000	150	untracked	6	0.416	0.416	0	0	0	na	1788332694.232937	1788332694.386852	253964138	253965258
2026-09-02T07:04:40Z	8dc0b5fea25671d6745a556bffb740d3866e189c	352c096f011eb282f12e6d4c12281340fac96b635a2879cc065d7637a6592872	raw	control	5.9.2	2264a8042763edf2620cfe32d96b096e1f3d26aa	5.9.2	2.55.0	1000	150	untracked	7	0.444	0.444	0	0	0	na	1788332694.542201	1788332694.696208	253965850	253967420
2026-09-02T07:04:40Z	8dc0b5fea25671d6745a556bffb740d3866e189c	352c096f011eb282f12e6d4c12281340fac96b635a2879cc065d7637a6592872	raw	control	5.9.2	2264a8042763edf2620cfe32d96b096e1f3d26aa	5.9.2	2.55.0	1000	150	untracked	8	0.427	0.427	0	0	0	na	1788332694.851666	1788332695.005008	253968843	253969086
2026-09-02T07:04:40Z	8dc0b5fea25671d6745a556bffb740d3866e189c	352c096f011eb282f12e6d4c12281340fac96b635a2879cc065d7637a6592872	raw	control	5.9.2	2264a8042763edf2620cfe32d96b096e1f3d26aa	5.9.2	2.55.0	1000	150	untracked	9	0.557	0.557	0	0	0	na	1788332695.159889	1788332695.313564	253969813	253969992
2026-09-02T07:04:40Z	8dc0b5fea25671d6745a556bffb740d3866e189c	352c096f011eb282f12e6d4c12281340fac96b635a2879cc065d7637a6592872	raw	control	5.9.2	2264a8042763edf2620cfe32d96b096e1f3d26aa	5.9.2	2.55.0	1000	150	untracked	10	0.437	0.437	0	0	0	na	1788332695.468412	1788332695.621753	253970186	253970372
2026-09-02T07:04:40Z	8dc0b5fea25671d6745a556bffb740d3866e189c	352c096f011eb282f12e6d4c12281340fac96b635a2879cc065d7637a6592872	raw	control	5.9.2	2264a8042763edf2620cfe32d96b096e1f3d26aa	5.9.2	2.55.0	1000	150	untracked	11	0.373	0.373	0	0	0	na	1788332695.776594	1788332695.930041	253970624	253970768
2026-09-02T07:04:40Z	8dc0b5fea25671d6745a556bffb740d3866e189c	352c096f011eb282f12e6d4c12281340fac96b635a2879cc065d7637a6592872	raw	control	5.9.2	2264a8042763edf2620cfe32d96b096e1f3d26aa	5.9.2	2.55.0	1000	150	untracked	12	0.376	0.376	0	0	0	na	1788332696.084736	1788332696.238173	253970952	253971315
2026-09-02T07:04:40Z	8dc0b5fea25671d6745a556bffb740d3866e189c	352c096f011eb282f12e6d4c12281340fac96b635a2879cc065d7637a6592872	raw	control	5.9.2	2264a8042763edf2620cfe32d96b096e1f3d26aa	5.9.2	2.55.0	1000	150	untracked	13	0.429	0.429	0	0	0	na	1788332696.392787	1788332696.546242	253971534	253971679
2026-09-02T07:04:40Z	8dc0b5fea25671d6745a556bffb740d3866e189c	352c096f011eb282f12e6d4c12281340fac96b635a2879cc065d7637a6592872	raw	control	5.9.2	2264a8042763edf2620cfe32d96b096e1f3d26aa	5.9.2	2.55.0	1000	150	untracked	14	0.446	0.446	0	0	0	na	1788332696.700933	1788332696.854383	253971812	253971979
2026-09-02T07:04:40Z	8dc0b5fea25671d6745a556bffb740d3866e189c	352c096f011eb282f12e6d4c12281340fac96b635a2879cc065d7637a6592872	raw	control	5.9.2	2264a8042763edf2620cfe32d96b096e1f3d26aa	5.9.2	2.55.0	1000	150	untracked	15	0.467	0.467	0	0	0	na	1788332697.008982	1788332697.162382	253972145	253972376
2026-09-02T07:04:40Z	8dc0b5fea25671d6745a556bffb740d3866e189c	352c096f011eb282f12e6d4c12281340fac96b635a2879cc065d7637a6592872	raw	control	5.9.2	2264a8042763edf2620cfe32d96b096e1f3d26aa	5.9.2	2.55.0	1000	150	untracked	16	0.354	0.354	0	0	0	na	1788332697.317133	1788332697.470486	253972554	253972724
2026-09-02T07:04:40Z	8dc0b5fea25671d6745a556bffb740d3866e189c	352c096f011eb282f12e6d4c12281340fac96b635a2879cc065d7637a6592872	raw	control	5.9.2	2264a8042763edf2620cfe32d96b096e1f3d26aa	5.9.2	2.55.0	1000	150	untracked	17	0.434	0.434	0	0	0	na	1788332697.625017	1788332697.778354	253972908	253973018
2026-09-02T07:04:40Z	8dc0b5fea25671d6745a556bffb740d3866e189c	352c096f011eb282f12e6d4c12281340fac96b635a2879cc065d7637a6592872	raw	control	5.9.2	2264a8042763edf2620cfe32d96b096e1f3d26aa	5.9.2	2.55.0	1000	150	untracked	18	0.408	0.408	0	0	0	na	1788332697.932919	1788332698.086249	253973189	253973348
2026-09-02T07:04:40Z	8dc0b5fea25671d6745a556bffb740d3866e189c	352c096f011eb282f12e6d4c12281340fac96b635a2879cc065d7637a6592872	raw	control	5.9.2	2264a8042763edf2620cfe32d96b096e1f3d26aa	5.9.2	2.55.0	1000	150	untracked	19	0.385	0.385	0	0	0	na	1788332698.240975	1788332698.394245	253973553	253973746
2026-09-02T07:04:40Z	8dc0b5fea25671d6745a556bffb740d3866e189c	352c096f011eb282f12e6d4c12281340fac96b635a2879cc065d7637a6592872	raw	control	5.9.2	2264a8042763edf2620cfe32d96b096e1f3d26aa	5.9.2	2.55.0	1000	150	untracked	20	0.438	0.438	0	0	0	na	1788332698.548981	1788332698.702511	253973902	253974068
2026-09-02T07:04:40Z	8dc0b5fea25671d6745a556bffb740d3866e189c	352c096f011eb282f12e6d4c12281340fac96b635a2879cc065d7637a6592872	direct-git	control	2.55.0	2264a8042763edf2620cfe32d96b096e1f3d26aa	5.9.2	2.55.0	1000	150	clean	1	5.385	5.385	0	1	0	na	1788332699.060357	1788332699.219136	253974436	253974603
2026-09-02T07:04:40Z	8dc0b5fea25671d6745a556bffb740d3866e189c	352c096f011eb282f12e6d4c12281340fac96b635a2879cc065d7637a6592872	direct-git	control	2.55.0	2264a8042763edf2620cfe32d96b096e1f3d26aa	5.9.2	2.55.0	1000	150	clean	2	5.843	5.843	0	1	0	na	1788332699.378113	1788332699.537556	253974748	253975673
2026-09-02T07:04:40Z	8dc0b5fea25671d6745a556bffb740d3866e189c	352c096f011eb282f12e6d4c12281340fac96b635a2879cc065d7637a6592872	direct-git	control	2.55.0	2264a8042763edf2620cfe32d96b096e1f3d26aa	5.9.2	2.55.0	1000	150	clean	3	6.495	6.495	0	1	0	na	1788332699.698229	1788332699.858849	253977215	253979003
2026-09-02T07:04:40Z	8dc0b5fea25671d6745a556bffb740d3866e189c	352c096f011eb282f12e6d4c12281340fac96b635a2879cc065d7637a6592872	direct-git	control	2.55.0	2264a8042763edf2620cfe32d96b096e1f3d26aa	5.9.2	2.55.0	1000	150	clean	4	5.792	5.792	0	1	0	na	1788332700.018599	1788332700.178579	253979691	253981196
2026-09-02T07:04:40Z	8dc0b5fea25671d6745a556bffb740d3866e189c	352c096f011eb282f12e6d4c12281340fac96b635a2879cc065d7637a6592872	direct-git	control	2.55.0	2264a8042763edf2620cfe32d96b096e1f3d26aa	5.9.2	2.55.0	1000	150	clean	5	6.424	6.424	0	1	0	na	1788332700.339220	1788332700.499445	253982950	253983481
2026-09-02T07:04:40Z	8dc0b5fea25671d6745a556bffb740d3866e189c	352c096f011eb282f12e6d4c12281340fac96b635a2879cc065d7637a6592872	direct-git	control	2.55.0	2264a8042763edf2620cfe32d96b096e1f3d26aa	5.9.2	2.55.0	1000	150	clean	6	5.916	5.916	0	1	0	na	1788332700.658914	1788332700.818416	253984417	253984864
2026-09-02T07:04:40Z	8dc0b5fea25671d6745a556bffb740d3866e189c	352c096f011eb282f12e6d4c12281340fac96b635a2879cc065d7637a6592872	direct-git	control	2.55.0	2264a8042763edf2620cfe32d96b096e1f3d26aa	5.9.2	2.55.0	1000	150	clean	7	5.679	5.679	0	1	0	na	1788332700.977427	1788332701.136393	253985037	253985266
2026-09-02T07:04:40Z	8dc0b5fea25671d6745a556bffb740d3866e189c	352c096f011eb282f12e6d4c12281340fac96b635a2879cc065d7637a6592872	direct-git	control	2.55.0	2264a8042763edf2620cfe32d96b096e1f3d26aa	5.9.2	2.55.0	1000	150	clean	8	5.497	5.497	0	1	0	na	1788332701.294926	1788332701.453827	253985469	253985622
2026-09-02T07:04:40Z	8dc0b5fea25671d6745a556bffb740d3866e189c	352c096f011eb282f12e6d4c12281340fac96b635a2879cc065d7637a6592872	direct-git	control	2.55.0	2264a8042763edf2620cfe32d96b096e1f3d26aa	5.9.2	2.55.0	1000	150	clean	9	5.764	5.764	0	1	0	na	1788332701.612670	1788332701.772075	253985835	253986002
2026-09-02T07:04:40Z	8dc0b5fea25671d6745a556bffb740d3866e189c	352c096f011eb282f12e6d4c12281340fac96b635a2879cc065d7637a6592872	direct-git	control	2.55.0	2264a8042763edf2620cfe32d96b096e1f3d26aa	5.9.2	2.55.0	1000	150	clean	10	5.388	5.388	0	1	0	na	1788332701.931013	1788332702.090133	253986158	253986316
2026-09-02T07:04:40Z	8dc0b5fea25671d6745a556bffb740d3866e189c	352c096f011eb282f12e6d4c12281340fac96b635a2879cc065d7637a6592872	direct-git	control	2.55.0	2264a8042763edf2620cfe32d96b096e1f3d26aa	5.9.2	2.55.0	1000	150	clean	11	5.330	5.330	0	1	0	na	1788332702.249562	1788332702.408513	253986472	253986630
2026-09-02T07:04:40Z	8dc0b5fea25671d6745a556bffb740d3866e189c	352c096f011eb282f12e6d4c12281340fac96b635a2879cc065d7637a6592872	direct-git	control	2.55.0	2264a8042763edf2620cfe32d96b096e1f3d26aa	5.9.2	2.55.0	1000	150	clean	12	5.672	5.672	0	1	0	na	1788332702.567308	1788332702.726817	253986766	253986928
2026-09-02T07:04:40Z	8dc0b5fea25671d6745a556bffb740d3866e189c	352c096f011eb282f12e6d4c12281340fac96b635a2879cc065d7637a6592872	direct-git	control	2.55.0	2264a8042763edf2620cfe32d96b096e1f3d26aa	5.9.2	2.55.0	1000	150	clean	13	5.967	5.967	0	1	0	na	1788332702.885834	1788332703.045386	253987181	253987327
2026-09-02T07:04:40Z	8dc0b5fea25671d6745a556bffb740d3866e189c	352c096f011eb282f12e6d4c12281340fac96b635a2879cc065d7637a6592872	direct-git	control	2.55.0	2264a8042763edf2620cfe32d96b096e1f3d26aa	5.9.2	2.55.0	1000	150	clean	14	5.310	5.310	0	1	0	na	1788332703.204841	1788332703.363708	253987465	253987628
2026-09-02T07:04:40Z	8dc0b5fea25671d6745a556bffb740d3866e189c	352c096f011eb282f12e6d4c12281340fac96b635a2879cc065d7637a6592872	direct-git	control	2.55.0	2264a8042763edf2620cfe32d96b096e1f3d26aa	5.9.2	2.55.0	1000	150	clean	15	5.473	5.473	0	1	0	na	1788332703.522966	1788332703.681990	253987787	253987934
2026-09-02T07:04:40Z	8dc0b5fea25671d6745a556bffb740d3866e189c	352c096f011eb282f12e6d4c12281340fac96b635a2879cc065d7637a6592872	direct-git	control	2.55.0	2264a8042763edf2620cfe32d96b096e1f3d26aa	5.9.2	2.55.0	1000	150	clean	16	5.679	5.679	0	1	0	na	1788332703.841646	1788332704.001221	253988127	253988325
2026-09-02T07:04:40Z	8dc0b5fea25671d6745a556bffb740d3866e189c	352c096f011eb282f12e6d4c12281340fac96b635a2879cc065d7637a6592872	direct-git	control	2.55.0	2264a8042763edf2620cfe32d96b096e1f3d26aa	5.9.2	2.55.0	1000	150	clean	17	5.468	5.468	0	1	0	na	1788332704.160740	1788332704.319866	253988504	253988685
2026-09-02T07:04:40Z	8dc0b5fea25671d6745a556bffb740d3866e189c	352c096f011eb282f12e6d4c12281340fac96b635a2879cc065d7637a6592872	direct-git	control	2.55.0	2264a8042763edf2620cfe32d96b096e1f3d26aa	5.9.2	2.55.0	1000	150	clean	18	5.364	5.364	0	1	0	na	1788332704.479308	1788332704.638368	253988841	253988980
2026-09-02T07:04:40Z	8dc0b5fea25671d6745a556bffb740d3866e189c	352c096f011eb282f12e6d4c12281340fac96b635a2879cc065d7637a6592872	direct-git	control	2.55.0	2264a8042763edf2620cfe32d96b096e1f3d26aa	5.9.2	2.55.0	1000	150	clean	19	5.731	5.731	0	1	0	na	1788332704.797867	1788332704.957567	253989208	253989367
2026-09-02T07:04:40Z	8dc0b5fea25671d6745a556bffb740d3866e189c	352c096f011eb282f12e6d4c12281340fac96b635a2879cc065d7637a6592872	direct-git	control	2.55.0	2264a8042763edf2620cfe32d96b096e1f3d26aa	5.9.2	2.55.0	1000	150	clean	20	5.174	5.174	0	1	0	na	1788332705.116892	1788332705.276030	253989516	253989667
2026-09-02T07:04:40Z	8dc0b5fea25671d6745a556bffb740d3866e189c	352c096f011eb282f12e6d4c12281340fac96b635a2879cc065d7637a6592872	direct-git	control	2.55.0	2264a8042763edf2620cfe32d96b096e1f3d26aa	5.9.2	2.55.0	1000	150	dirty	1	5.424	5.424	0	1	0	na	1788332705.454419	1788332705.613841	253989832	253989994
2026-09-02T07:04:40Z	8dc0b5fea25671d6745a556bffb740d3866e189c	352c096f011eb282f12e6d4c12281340fac96b635a2879cc065d7637a6592872	direct-git	control	2.55.0	2264a8042763edf2620cfe32d96b096e1f3d26aa	5.9.2	2.55.0	1000	150	dirty	2	5.471	5.471	0	1	0	na	1788332705.773453	1788332705.932715	253990164	253990371
2026-09-02T07:04:40Z	8dc0b5fea25671d6745a556bffb740d3866e189c	352c096f011eb282f12e6d4c12281340fac96b635a2879cc065d7637a6592872	direct-git	control	2.55.0	2264a8042763edf2620cfe32d96b096e1f3d26aa	5.9.2	2.55.0	1000	150	dirty	3	5.566	5.566	0	1	0	na	1788332706.092119	1788332706.251372	253990593	253990695
2026-09-02T07:04:40Z	8dc0b5fea25671d6745a556bffb740d3866e189c	352c096f011eb282f12e6d4c12281340fac96b635a2879cc065d7637a6592872	direct-git	control	2.55.0	2264a8042763edf2620cfe32d96b096e1f3d26aa	5.9.2	2.55.0	1000	150	dirty	4	5.362	5.362	0	1	0	na	1788332706.411174	1788332706.569987	253990938	253991280
2026-09-02T07:04:40Z	8dc0b5fea25671d6745a556bffb740d3866e189c	352c096f011eb282f12e6d4c12281340fac96b635a2879cc065d7637a6592872	direct-git	control	2.55.0	2264a8042763edf2620cfe32d96b096e1f3d26aa	5.9.2	2.55.0	1000	150	dirty	5	5.305	5.305	0	1	0	na	1788332706.729754	1788332706.888809	253991452	253991692
2026-09-02T07:04:40Z	8dc0b5fea25671d6745a556bffb740d3866e189c	352c096f011eb282f12e6d4c12281340fac96b635a2879cc065d7637a6592872	direct-git	control	2.55.0	2264a8042763edf2620cfe32d96b096e1f3d26aa	5.9.2	2.55.0	1000	150	dirty	6	6.182	6.182	0	1	0	na	1788332707.048507	1788332707.209231	253992185	253993473
2026-09-02T07:04:40Z	8dc0b5fea25671d6745a556bffb740d3866e189c	352c096f011eb282f12e6d4c12281340fac96b635a2879cc065d7637a6592872	direct-git	control	2.55.0	2264a8042763edf2620cfe32d96b096e1f3d26aa	5.9.2	2.55.0	1000	150	dirty	7	5.749	5.749	0	1	0	na	1788332707.370548	1788332707.531198	253995036	253996728
2026-09-02T07:04:40Z	8dc0b5fea25671d6745a556bffb740d3866e189c	352c096f011eb282f12e6d4c12281340fac96b635a2879cc065d7637a6592872	direct-git	control	2.55.0	2264a8042763edf2620cfe32d96b096e1f3d26aa	5.9.2	2.55.0	1000	150	dirty	8	5.866	5.866	0	1	0	na	1788332707.691589	1788332707.852047	253997422	253999135
2026-09-02T07:04:40Z	8dc0b5fea25671d6745a556bffb740d3866e189c	352c096f011eb282f12e6d4c12281340fac96b635a2879cc065d7637a6592872	direct-git	control	2.55.0	2264a8042763edf2620cfe32d96b096e1f3d26aa	5.9.2	2.55.0	1000	150	dirty	9	6.198	6.198	0	1	0	na	1788332708.013800	1788332708.174164	254000607	254000975
2026-09-02T07:04:40Z	8dc0b5fea25671d6745a556bffb740d3866e189c	352c096f011eb282f12e6d4c12281340fac96b635a2879cc065d7637a6592872	direct-git	control	2.55.0	2264a8042763edf2620cfe32d96b096e1f3d26aa	5.9.2	2.55.0	1000	150	dirty	10	5.323	5.323	0	1	0	na	1788332708.334404	1788332708.493672	254001323	254001526
2026-09-02T07:04:40Z	8dc0b5fea25671d6745a556bffb740d3866e189c	352c096f011eb282f12e6d4c12281340fac96b635a2879cc065d7637a6592872	direct-git	control	2.55.0	2264a8042763edf2620cfe32d96b096e1f3d26aa	5.9.2	2.55.0	1000	150	dirty	11	5.479	5.479	0	1	0	na	1788332708.653637	1788332708.813069	254001683	254001937
2026-09-02T07:04:40Z	8dc0b5fea25671d6745a556bffb740d3866e189c	352c096f011eb282f12e6d4c12281340fac96b635a2879cc065d7637a6592872	direct-git	control	2.55.0	2264a8042763edf2620cfe32d96b096e1f3d26aa	5.9.2	2.55.0	1000	150	dirty	12	6.373	6.373	0	1	0	na	1788332708.973233	1788332709.133364	254002134	254002342
2026-09-02T07:04:40Z	8dc0b5fea25671d6745a556bffb740d3866e189c	352c096f011eb282f12e6d4c12281340fac96b635a2879cc065d7637a6592872	direct-git	control	2.55.0	2264a8042763edf2620cfe32d96b096e1f3d26aa	5.9.2	2.55.0	1000	150	dirty	13	5.170	5.170	0	1	0	na	1788332709.293136	1788332709.452077	254002510	254002670
2026-09-02T07:04:40Z	8dc0b5fea25671d6745a556bffb740d3866e189c	352c096f011eb282f12e6d4c12281340fac96b635a2879cc065d7637a6592872	direct-git	control	2.55.0	2264a8042763edf2620cfe32d96b096e1f3d26aa	5.9.2	2.55.0	1000	150	dirty	14	5.292	5.292	0	1	0	na	1788332709.611710	1788332709.770926	254002827	254003129
2026-09-02T07:04:40Z	8dc0b5fea25671d6745a556bffb740d3866e189c	352c096f011eb282f12e6d4c12281340fac96b635a2879cc065d7637a6592872	direct-git	control	2.55.0	2264a8042763edf2620cfe32d96b096e1f3d26aa	5.9.2	2.55.0	1000	150	dirty	15	5.567	5.567	0	1	0	na	1788332709.930951	1788332710.090285	254003309	254003734
2026-09-02T07:04:40Z	8dc0b5fea25671d6745a556bffb740d3866e189c	352c096f011eb282f12e6d4c12281340fac96b635a2879cc065d7637a6592872	direct-git	control	2.55.0	2264a8042763edf2620cfe32d96b096e1f3d26aa	5.9.2	2.55.0	1000	150	dirty	16	5.569	5.569	0	1	0	na	1788332710.249992	1788332710.409573	254003879	254004002
2026-09-02T07:04:40Z	8dc0b5fea25671d6745a556bffb740d3866e189c	352c096f011eb282f12e6d4c12281340fac96b635a2879cc065d7637a6592872	direct-git	control	2.55.0	2264a8042763edf2620cfe32d96b096e1f3d26aa	5.9.2	2.55.0	1000	150	dirty	17	5.435	5.435	0	1	0	na	1788332710.569261	1788332710.728870	254004157	254004267
2026-09-02T07:04:40Z	8dc0b5fea25671d6745a556bffb740d3866e189c	352c096f011eb282f12e6d4c12281340fac96b635a2879cc065d7637a6592872	direct-git	control	2.55.0	2264a8042763edf2620cfe32d96b096e1f3d26aa	5.9.2	2.55.0	1000	150	dirty	18	5.318	5.318	0	1	0	na	1788332710.888985	1788332711.048007	254004667	254004848
2026-09-02T07:04:40Z	8dc0b5fea25671d6745a556bffb740d3866e189c	352c096f011eb282f12e6d4c12281340fac96b635a2879cc065d7637a6592872	direct-git	control	2.55.0	2264a8042763edf2620cfe32d96b096e1f3d26aa	5.9.2	2.55.0	1000	150	dirty	19	5.433	5.433	0	1	0	na	1788332711.208022	1788332711.367135	254005128	254005333
2026-09-02T07:04:40Z	8dc0b5fea25671d6745a556bffb740d3866e189c	352c096f011eb282f12e6d4c12281340fac96b635a2879cc065d7637a6592872	direct-git	control	2.55.0	2264a8042763edf2620cfe32d96b096e1f3d26aa	5.9.2	2.55.0	1000	150	dirty	20	5.667	5.667	0	1	0	na	1788332711.526764	1788332711.686296	254005518	254005654
2026-09-02T07:04:40Z	8dc0b5fea25671d6745a556bffb740d3866e189c	352c096f011eb282f12e6d4c12281340fac96b635a2879cc065d7637a6592872	direct-git	control	2.55.0	2264a8042763edf2620cfe32d96b096e1f3d26aa	5.9.2	2.55.0	1000	150	untracked	1	5.647	5.647	0	1	0	na	1788332711.869267	1788332712.029112	254005854	254006005
2026-09-02T07:04:40Z	8dc0b5fea25671d6745a556bffb740d3866e189c	352c096f011eb282f12e6d4c12281340fac96b635a2879cc065d7637a6592872	direct-git	control	2.55.0	2264a8042763edf2620cfe32d96b096e1f3d26aa	5.9.2	2.55.0	1000	150	untracked	2	5.301	5.301	0	1	0	na	1788332712.190570	1788332712.350033	254006232	254006417
2026-09-02T07:04:40Z	8dc0b5fea25671d6745a556bffb740d3866e189c	352c096f011eb282f12e6d4c12281340fac96b635a2879cc065d7637a6592872	direct-git	control	2.55.0	2264a8042763edf2620cfe32d96b096e1f3d26aa	5.9.2	2.55.0	1000	150	untracked	3	5.908	5.908	0	1	0	na	1788332712.511665	1788332712.672279	254006618	254006722
2026-09-02T07:04:40Z	8dc0b5fea25671d6745a556bffb740d3866e189c	352c096f011eb282f12e6d4c12281340fac96b635a2879cc065d7637a6592872	direct-git	control	2.55.0	2264a8042763edf2620cfe32d96b096e1f3d26aa	5.9.2	2.55.0	1000	150	untracked	4	5.632	5.632	0	1	0	na	1788332712.833717	1788332712.993439	254006896	254007044
2026-09-02T07:04:40Z	8dc0b5fea25671d6745a556bffb740d3866e189c	352c096f011eb282f12e6d4c12281340fac96b635a2879cc065d7637a6592872	direct-git	control	2.55.0	2264a8042763edf2620cfe32d96b096e1f3d26aa	5.9.2	2.55.0	1000	150	untracked	5	5.960	5.960	0	1	0	na	1788332713.154981	1788332713.315852	254007275	254008104
2026-09-02T07:04:40Z	8dc0b5fea25671d6745a556bffb740d3866e189c	352c096f011eb282f12e6d4c12281340fac96b635a2879cc065d7637a6592872	direct-git	control	2.55.0	2264a8042763edf2620cfe32d96b096e1f3d26aa	5.9.2	2.55.0	1000	150	untracked	6	6.783	6.783	0	1	0	na	1788332713.478596	1788332713.640728	254009699	254011445
2026-09-02T07:04:40Z	8dc0b5fea25671d6745a556bffb740d3866e189c	352c096f011eb282f12e6d4c12281340fac96b635a2879cc065d7637a6592872	direct-git	control	2.55.0	2264a8042763edf2620cfe32d96b096e1f3d26aa	5.9.2	2.55.0	1000	150	untracked	7	5.774	5.774	0	1	0	na	1788332713.804308	1788332713.965266	254012703	254014253
2026-09-02T07:04:40Z	8dc0b5fea25671d6745a556bffb740d3866e189c	352c096f011eb282f12e6d4c12281340fac96b635a2879cc065d7637a6592872	direct-git	control	2.55.0	2264a8042763edf2620cfe32d96b096e1f3d26aa	5.9.2	2.55.0	1000	150	untracked	8	6.178	6.178	0	1	0	na	1788332714.129264	1788332714.290391	254015915	254016512
2026-09-02T07:04:40Z	8dc0b5fea25671d6745a556bffb740d3866e189c	352c096f011eb282f12e6d4c12281340fac96b635a2879cc065d7637a6592872	direct-git	control	2.55.0	2264a8042763edf2620cfe32d96b096e1f3d26aa	5.9.2	2.55.0	1000	150	untracked	9	5.535	5.535	0	1	0	na	1788332714.452762	1788332714.612771	254017298	254017594
2026-09-02T07:04:40Z	8dc0b5fea25671d6745a556bffb740d3866e189c	352c096f011eb282f12e6d4c12281340fac96b635a2879cc065d7637a6592872	direct-git	control	2.55.0	2264a8042763edf2620cfe32d96b096e1f3d26aa	5.9.2	2.55.0	1000	150	untracked	10	5.784	5.784	0	1	0	na	1788332714.774894	1788332714.934741	254017731	254017868
2026-09-02T07:04:40Z	8dc0b5fea25671d6745a556bffb740d3866e189c	352c096f011eb282f12e6d4c12281340fac96b635a2879cc065d7637a6592872	direct-git	control	2.55.0	2264a8042763edf2620cfe32d96b096e1f3d26aa	5.9.2	2.55.0	1000	150	untracked	11	5.750	5.750	0	1	0	na	1788332715.096284	1788332715.256062	254017976	254018091
2026-09-02T07:04:40Z	8dc0b5fea25671d6745a556bffb740d3866e189c	352c096f011eb282f12e6d4c12281340fac96b635a2879cc065d7637a6592872	direct-git	control	2.55.0	2264a8042763edf2620cfe32d96b096e1f3d26aa	5.9.2	2.55.0	1000	150	untracked	12	5.786	5.786	0	1	0	na	1788332715.417902	1788332715.578321	254018247	254018393
2026-09-02T07:04:40Z	8dc0b5fea25671d6745a556bffb740d3866e189c	352c096f011eb282f12e6d4c12281340fac96b635a2879cc065d7637a6592872	direct-git	control	2.55.0	2264a8042763edf2620cfe32d96b096e1f3d26aa	5.9.2	2.55.0	1000	150	untracked	13	5.516	5.516	0	1	0	na	1788332715.740046	1788332715.900100	254018847	254019066
2026-09-02T07:04:40Z	8dc0b5fea25671d6745a556bffb740d3866e189c	352c096f011eb282f12e6d4c12281340fac96b635a2879cc065d7637a6592872	direct-git	control	2.55.0	2264a8042763edf2620cfe32d96b096e1f3d26aa	5.9.2	2.55.0	1000	150	untracked	14	5.420	5.420	0	1	0	na	1788332716.062249	1788332716.222276	254019194	254019323
2026-09-02T07:04:40Z	8dc0b5fea25671d6745a556bffb740d3866e189c	352c096f011eb282f12e6d4c12281340fac96b635a2879cc065d7637a6592872	direct-git	control	2.55.0	2264a8042763edf2620cfe32d96b096e1f3d26aa	5.9.2	2.55.0	1000	150	untracked	15	5.332	5.332	0	1	0	na	1788332716.384303	1788332716.543960	254019469	254019619
2026-09-02T07:04:40Z	8dc0b5fea25671d6745a556bffb740d3866e189c	352c096f011eb282f12e6d4c12281340fac96b635a2879cc065d7637a6592872	direct-git	control	2.55.0	2264a8042763edf2620cfe32d96b096e1f3d26aa	5.9.2	2.55.0	1000	150	untracked	16	5.464	5.464	0	1	0	na	1788332716.705357	1788332716.865050	254019807	254020384
2026-09-02T07:04:40Z	8dc0b5fea25671d6745a556bffb740d3866e189c	352c096f011eb282f12e6d4c12281340fac96b635a2879cc065d7637a6592872	direct-git	control	2.55.0	2264a8042763edf2620cfe32d96b096e1f3d26aa	5.9.2	2.55.0	1000	150	untracked	17	5.327	5.327	0	1	0	na	1788332717.026837	1788332717.186856	254020558	254020725
2026-09-02T07:04:40Z	8dc0b5fea25671d6745a556bffb740d3866e189c	352c096f011eb282f12e6d4c12281340fac96b635a2879cc065d7637a6592872	direct-git	control	2.55.0	2264a8042763edf2620cfe32d96b096e1f3d26aa	5.9.2	2.55.0	1000	150	untracked	18	5.413	5.413	0	1	0	na	1788332717.349026	1788332717.508942	254020954	254021122
2026-09-02T07:04:40Z	8dc0b5fea25671d6745a556bffb740d3866e189c	352c096f011eb282f12e6d4c12281340fac96b635a2879cc065d7637a6592872	direct-git	control	2.55.0	2264a8042763edf2620cfe32d96b096e1f3d26aa	5.9.2	2.55.0	1000	150	untracked	19	5.533	5.533	0	1	0	na	1788332717.670579	1788332717.830842	254021267	254021493
2026-09-02T07:04:40Z	8dc0b5fea25671d6745a556bffb740d3866e189c	352c096f011eb282f12e6d4c12281340fac96b635a2879cc065d7637a6592872	direct-git	control	2.55.0	2264a8042763edf2620cfe32d96b096e1f3d26aa	5.9.2	2.55.0	1000	150	untracked	20	5.396	5.396	0	1	0	na	1788332717.992881	1788332718.152670	254021690	254021889
2026-09-02T07:04:40Z	8dc0b5fea25671d6745a556bffb740d3866e189c	352c096f011eb282f12e6d4c12281340fac96b635a2879cc065d7637a6592872	wsh-idle	control	57bc72c1c92472ccfb05e677071bf95d82fff4df3044f34a92a629596b62cd1b	2264a8042763edf2620cfe32d96b096e1f3d26aa	5.9.2	2.55.0	1000	150	clean	1	0.526	0.526	0	0	0	na	1788332718.509721	1788332718.664174	254022358	254022499
2026-09-02T07:04:40Z	8dc0b5fea25671d6745a556bffb740d3866e189c	352c096f011eb282f12e6d4c12281340fac96b635a2879cc065d7637a6592872	wsh-idle	control	57bc72c1c92472ccfb05e677071bf95d82fff4df3044f34a92a629596b62cd1b	2264a8042763edf2620cfe32d96b096e1f3d26aa	5.9.2	2.55.0	1000	150	clean	2	0.433	0.433	0	0	0	na	1788332718.819411	1788332718.974077	254022690	254022850
2026-09-02T07:04:40Z	8dc0b5fea25671d6745a556bffb740d3866e189c	352c096f011eb282f12e6d4c12281340fac96b635a2879cc065d7637a6592872	wsh-idle	control	57bc72c1c92472ccfb05e677071bf95d82fff4df3044f34a92a629596b62cd1b	2264a8042763edf2620cfe32d96b096e1f3d26aa	5.9.2	2.55.0	1000	150	clean	3	0.403	0.403	0	0	0	na	1788332719.129593	1788332719.284106	254023009	254023174
2026-09-02T07:04:40Z	8dc0b5fea25671d6745a556bffb740d3866e189c	352c096f011eb282f12e6d4c12281340fac96b635a2879cc065d7637a6592872	wsh-idle	control	57bc72c1c92472ccfb05e677071bf95d82fff4df3044f34a92a629596b62cd1b	2264a8042763edf2620cfe32d96b096e1f3d26aa	5.9.2	2.55.0	1000	150	clean	4	0.422	0.422	0	0	0	na	1788332719.439707	1788332719.594456	254023357	254023553
2026-09-02T07:04:40Z	8dc0b5fea25671d6745a556bffb740d3866e189c	352c096f011eb282f12e6d4c12281340fac96b635a2879cc065d7637a6592872	wsh-idle	control	57bc72c1c92472ccfb05e677071bf95d82fff4df3044f34a92a629596b62cd1b	2264a8042763edf2620cfe32d96b096e1f3d26aa	5.9.2	2.55.0	1000	150	clean	5	0.437	0.437	0	0	0	na	1788332719.749643	1788332719.904107	254023713	254023883
2026-09-02T07:04:40Z	8dc0b5fea25671d6745a556bffb740d3866e189c	352c096f011eb282f12e6d4c12281340fac96b635a2879cc065d7637a6592872	wsh-idle	control	57bc72c1c92472ccfb05e677071bf95d82fff4df3044f34a92a629596b62cd1b	2264a8042763edf2620cfe32d96b096e1f3d26aa	5.9.2	2.55.0	1000	150	clean	6	0.451	0.451	0	0	0	na	1788332720.059456	1788332720.214203	254024036	254024186
2026-09-02T07:04:40Z	8dc0b5fea25671d6745a556bffb740d3866e189c	352c096f011eb282f12e6d4c12281340fac96b635a2879cc065d7637a6592872	wsh-idle	control	57bc72c1c92472ccfb05e677071bf95d82fff4df3044f34a92a629596b62cd1b	2264a8042763edf2620cfe32d96b096e1f3d26aa	5.9.2	2.55.0	1000	150	clean	7	0.435	0.435	0	0	0	na	1788332720.369369	1788332720.523921	254024328	254024481
2026-09-02T07:04:40Z	8dc0b5fea25671d6745a556bffb740d3866e189c	352c096f011eb282f12e6d4c12281340fac96b635a2879cc065d7637a6592872	wsh-idle	control	57bc72c1c92472ccfb05e677071bf95d82fff4df3044f34a92a629596b62cd1b	2264a8042763edf2620cfe32d96b096e1f3d26aa	5.9.2	2.55.0	1000	150	clean	8	0.436	0.436	0	0	0	na	1788332720.679429	1788332720.834073	254024636	254025470
2026-09-02T07:04:40Z	8dc0b5fea25671d6745a556bffb740d3866e189c	352c096f011eb282f12e6d4c12281340fac96b635a2879cc065d7637a6592872	wsh-idle	control	57bc72c1c92472ccfb05e677071bf95d82fff4df3044f34a92a629596b62cd1b	2264a8042763edf2620cfe32d96b096e1f3d26aa	5.9.2	2.55.0	1000	150	clean	9	0.463	0.463	0	0	0	na	1788332720.989319	1788332721.143872	254025600	254025998
2026-09-02T07:04:40Z	8dc0b5fea25671d6745a556bffb740d3866e189c	352c096f011eb282f12e6d4c12281340fac96b635a2879cc065d7637a6592872	wsh-idle	control	57bc72c1c92472ccfb05e677071bf95d82fff4df3044f34a92a629596b62cd1b	2264a8042763edf2620cfe32d96b096e1f3d26aa	5.9.2	2.55.0	1000	150	clean	10	0.540	0.540	0	0	0	na	1788332721.299116	1788332721.453757	254026146	254026267
2026-09-02T07:04:40Z	8dc0b5fea25671d6745a556bffb740d3866e189c	352c096f011eb282f12e6d4c12281340fac96b635a2879cc065d7637a6592872	wsh-idle	control	57bc72c1c92472ccfb05e677071bf95d82fff4df3044f34a92a629596b62cd1b	2264a8042763edf2620cfe32d96b096e1f3d26aa	5.9.2	2.55.0	1000	150	clean	11	0.465	0.465	0	0	0	na	1788332721.608979	1788332721.763618	254026465	254026685
2026-09-02T07:04:40Z	8dc0b5fea25671d6745a556bffb740d3866e189c	352c096f011eb282f12e6d4c12281340fac96b635a2879cc065d7637a6592872	wsh-idle	control	57bc72c1c92472ccfb05e677071bf95d82fff4df3044f34a92a629596b62cd1b	2264a8042763edf2620cfe32d96b096e1f3d26aa	5.9.2	2.55.0	1000	150	clean	12	0.429	0.429	0	0	0	na	1788332721.918862	1788332722.073500	254026888	254027170
2026-09-02T07:04:40Z	8dc0b5fea25671d6745a556bffb740d3866e189c	352c096f011eb282f12e6d4c12281340fac96b635a2879cc065d7637a6592872	wsh-idle	control	57bc72c1c92472ccfb05e677071bf95d82fff4df3044f34a92a629596b62cd1b	2264a8042763edf2620cfe32d96b096e1f3d26aa	5.9.2	2.55.0	1000	150	clean	13	0.491	0.491	0	0	0	na	1788332722.228910	1788332722.383482	254027326	254028062
2026-09-02T07:04:40Z	8dc0b5fea25671d6745a556bffb740d3866e189c	352c096f011eb282f12e6d4c12281340fac96b635a2879cc065d7637a6592872	wsh-idle	control	57bc72c1c92472ccfb05e677071bf95d82fff4df3044f34a92a629596b62cd1b	2264a8042763edf2620cfe32d96b096e1f3d26aa	5.9.2	2.55.0	1000	150	clean	14	0.535	0.535	0	0	0	na	1788332722.538946	1788332722.693647	254028251	254028380
2026-09-02T07:04:40Z	8dc0b5fea25671d6745a556bffb740d3866e189c	352c096f011eb282f12e6d4c12281340fac96b635a2879cc065d7637a6592872	wsh-idle	control	57bc72c1c92472ccfb05e677071bf95d82fff4df3044f34a92a629596b62cd1b	2264a8042763edf2620cfe32d96b096e1f3d26aa	5.9.2	2.55.0	1000	150	clean	15	0.469	0.469	0	0	0	na	1788332722.848864	1788332723.003443	254028580	254028742
2026-09-02T07:04:40Z	8dc0b5fea25671d6745a556bffb740d3866e189c	352c096f011eb282f12e6d4c12281340fac96b635a2879cc065d7637a6592872	wsh-idle	control	57bc72c1c92472ccfb05e677071bf95d82fff4df3044f34a92a629596b62cd1b	2264a8042763edf2620cfe32d96b096e1f3d26aa	5.9.2	2.55.0	1000	150	clean	16	0.453	0.453	0	0	0	na	1788332723.158833	1788332723.313408	254028914	254029078
2026-09-02T07:04:40Z	8dc0b5fea25671d6745a556bffb740d3866e189c	352c096f011eb282f12e6d4c12281340fac96b635a2879cc065d7637a6592872	wsh-idle	control	57bc72c1c92472ccfb05e677071bf95d82fff4df3044f34a92a629596b62cd1b	2264a8042763edf2620cfe32d96b096e1f3d26aa	5.9.2	2.55.0	1000	150	clean	17	0.574	0.574	0	0	0	na	1788332723.468862	1788332723.623624	254029276	254029473
2026-09-02T07:04:40Z	8dc0b5fea25671d6745a556bffb740d3866e189c	352c096f011eb282f12e6d4c12281340fac96b635a2879cc065d7637a6592872	wsh-idle	control	57bc72c1c92472ccfb05e677071bf95d82fff4df3044f34a92a629596b62cd1b	2264a8042763edf2620cfe32d96b096e1f3d26aa	5.9.2	2.55.0	1000	150	clean	18	0.444	0.444	0	0	0	na	1788332723.779022	1788332723.933675	254029640	254029790
2026-09-02T07:04:40Z	8dc0b5fea25671d6745a556bffb740d3866e189c	352c096f011eb282f12e6d4c12281340fac96b635a2879cc065d7637a6592872	wsh-idle	control	57bc72c1c92472ccfb05e677071bf95d82fff4df3044f34a92a629596b62cd1b	2264a8042763edf2620cfe32d96b096e1f3d26aa	5.9.2	2.55.0	1000	150	clean	19	0.558	0.558	0	0	0	na	1788332724.089360	1788332724.244679	254030033	254030745
2026-09-02T07:04:40Z	8dc0b5fea25671d6745a556bffb740d3866e189c	352c096f011eb282f12e6d4c12281340fac96b635a2879cc065d7637a6592872	wsh-idle	control	57bc72c1c92472ccfb05e677071bf95d82fff4df3044f34a92a629596b62cd1b	2264a8042763edf2620cfe32d96b096e1f3d26aa	5.9.2	2.55.0	1000	150	clean	20	0.479	0.479	0	0	0	na	1788332724.400674	1788332724.556240	254032407	254034002
2026-09-02T07:04:40Z	8dc0b5fea25671d6745a556bffb740d3866e189c	352c096f011eb282f12e6d4c12281340fac96b635a2879cc065d7637a6592872	wsh-idle	control	57bc72c1c92472ccfb05e677071bf95d82fff4df3044f34a92a629596b62cd1b	2264a8042763edf2620cfe32d96b096e1f3d26aa	5.9.2	2.55.0	1000	150	dirty	1	0.499	0.499	0	0	0	na	1788332724.730950	1788332724.886574	254034631	254036257
2026-09-02T07:04:40Z	8dc0b5fea25671d6745a556bffb740d3866e189c	352c096f011eb282f12e6d4c12281340fac96b635a2879cc065d7637a6592872	wsh-idle	control	57bc72c1c92472ccfb05e677071bf95d82fff4df3044f34a92a629596b62cd1b	2264a8042763edf2620cfe32d96b096e1f3d26aa	5.9.2	2.55.0	1000	150	dirty	2	0.437	0.437	0	0	0	na	1788332725.042521	1788332725.197385	254037821	254038141
2026-09-02T07:04:40Z	8dc0b5fea25671d6745a556bffb740d3866e189c	352c096f011eb282f12e6d4c12281340fac96b635a2879cc065d7637a6592872	wsh-idle	control	57bc72c1c92472ccfb05e677071bf95d82fff4df3044f34a92a629596b62cd1b	2264a8042763edf2620cfe32d96b096e1f3d26aa	5.9.2	2.55.0	1000	150	dirty	3	0.419	0.419	0	0	0	na	1788332725.352896	1788332725.507418	254038734	254039145
2026-09-02T07:04:40Z	8dc0b5fea25671d6745a556bffb740d3866e189c	352c096f011eb282f12e6d4c12281340fac96b635a2879cc065d7637a6592872	wsh-idle	control	57bc72c1c92472ccfb05e677071bf95d82fff4df3044f34a92a629596b62cd1b	2264a8042763edf2620cfe32d96b096e1f3d26aa	5.9.2	2.55.0	1000	150	dirty	4	0.404	0.404	0	0	0	na	1788332725.662578	1788332725.816910	254040063	254040294
2026-09-02T07:04:40Z	8dc0b5fea25671d6745a556bffb740d3866e189c	352c096f011eb282f12e6d4c12281340fac96b635a2879cc065d7637a6592872	wsh-idle	control	57bc72c1c92472ccfb05e677071bf95d82fff4df3044f34a92a629596b62cd1b	2264a8042763edf2620cfe32d96b096e1f3d26aa	5.9.2	2.55.0	1000	150	dirty	5	0.426	0.426	0	0	0	na	1788332725.971864	1788332726.126162	254040562	254040827
2026-09-02T07:04:40Z	8dc0b5fea25671d6745a556bffb740d3866e189c	352c096f011eb282f12e6d4c12281340fac96b635a2879cc065d7637a6592872	wsh-idle	control	57bc72c1c92472ccfb05e677071bf95d82fff4df3044f34a92a629596b62cd1b	2264a8042763edf2620cfe32d96b096e1f3d26aa	5.9.2	2.55.0	1000	150	dirty	6	0.476	0.476	0	0	0	na	1788332726.281161	1788332726.435930	254041060	254041532
2026-09-02T07:04:40Z	8dc0b5fea25671d6745a556bffb740d3866e189c	352c096f011eb282f12e6d4c12281340fac96b635a2879cc065d7637a6592872	wsh-idle	control	57bc72c1c92472ccfb05e677071bf95d82fff4df3044f34a92a629596b62cd1b	2264a8042763edf2620cfe32d96b096e1f3d26aa	5.9.2	2.55.0	1000	150	dirty	7	0.421	0.421	0	0	0	na	1788332726.591928	1788332726.746553	254041725	254041861
2026-09-02T07:04:40Z	8dc0b5fea25671d6745a556bffb740d3866e189c	352c096f011eb282f12e6d4c12281340fac96b635a2879cc065d7637a6592872	wsh-idle	control	57bc72c1c92472ccfb05e677071bf95d82fff4df3044f34a92a629596b62cd1b	2264a8042763edf2620cfe32d96b096e1f3d26aa	5.9.2	2.55.0	1000	150	dirty	8	0.489	0.489	0	0	0	na	1788332726.901804	1788332727.056277	254042157	254042298
2026-09-02T07:04:40Z	8dc0b5fea25671d6745a556bffb740d3866e189c	352c096f011eb282f12e6d4c12281340fac96b635a2879cc065d7637a6592872	wsh-idle	control	57bc72c1c92472ccfb05e677071bf95d82fff4df3044f34a92a629596b62cd1b	2264a8042763edf2620cfe32d96b096e1f3d26aa	5.9.2	2.55.0	1000	150	dirty	9	0.420	0.420	0	0	0	na	1788332727.211555	1788332727.366085	254042552	254042855
2026-09-02T07:04:40Z	8dc0b5fea25671d6745a556bffb740d3866e189c	352c096f011eb282f12e6d4c12281340fac96b635a2879cc065d7637a6592872	wsh-idle	control	57bc72c1c92472ccfb05e677071bf95d82fff4df3044f34a92a629596b62cd1b	2264a8042763edf2620cfe32d96b096e1f3d26aa	5.9.2	2.55.0	1000	150	dirty	10	0.443	0.443	0	0	0	na	1788332727.521387	1788332727.675852	254043204	254043335
2026-09-02T07:04:40Z	8dc0b5fea25671d6745a556bffb740d3866e189c	352c096f011eb282f12e6d4c12281340fac96b635a2879cc065d7637a6592872	wsh-idle	control	57bc72c1c92472ccfb05e677071bf95d82fff4df3044f34a92a629596b62cd1b	2264a8042763edf2620cfe32d96b096e1f3d26aa	5.9.2	2.55.0	1000	150	dirty	11	0.448	0.448	0	0	0	na	1788332727.831375	1788332727.985833	254044086	254044420
2026-09-02T07:04:40Z	8dc0b5fea25671d6745a556bffb740d3866e189c	352c096f011eb282f12e6d4c12281340fac96b635a2879cc065d7637a6592872	wsh-idle	control	57bc72c1c92472ccfb05e677071bf95d82fff4df3044f34a92a629596b62cd1b	2264a8042763edf2620cfe32d96b096e1f3d26aa	5.9.2	2.55.0	1000	150	dirty	12	0.410	0.410	0	0	0	na	1788332728.141317	1788332728.295913	254044655	254044773
2026-09-02T07:04:40Z	8dc0b5fea25671d6745a556bffb740d3866e189c	352c096f011eb282f12e6d4c12281340fac96b635a2879cc065d7637a6592872	wsh-idle	control	57bc72c1c92472ccfb05e677071bf95d82fff4df3044f34a92a629596b62cd1b	2264a8042763edf2620cfe32d96b096e1f3d26aa	5.9.2	2.55.0	1000	150	dirty	13	0.402	0.402	0	0	0	na	1788332728.451466	1788332728.605677	254045038	254045180
2026-09-02T07:04:40Z	8dc0b5fea25671d6745a556bffb740d3866e189c	352c096f011eb282f12e6d4c12281340fac96b635a2879cc065d7637a6592872	wsh-idle	control	57bc72c1c92472ccfb05e677071bf95d82fff4df3044f34a92a629596b62cd1b	2264a8042763edf2620cfe32d96b096e1f3d26aa	5.9.2	2.55.0	1000	150	dirty	14	0.446	0.446	0	0	0	na	1788332728.760786	1788332728.915200	254045414	254045802
2026-09-02T07:04:40Z	8dc0b5fea25671d6745a556bffb740d3866e189c	352c096f011eb282f12e6d4c12281340fac96b635a2879cc065d7637a6592872	wsh-idle	control	57bc72c1c92472ccfb05e677071bf95d82fff4df3044f34a92a629596b62cd1b	2264a8042763edf2620cfe32d96b096e1f3d26aa	5.9.2	2.55.0	1000	150	dirty	15	0.437	0.437	0	0	0	na	1788332729.070230	1788332729.224814	254045970	254046108
2026-09-02T07:04:40Z	8dc0b5fea25671d6745a556bffb740d3866e189c	352c096f011eb282f12e6d4c12281340fac96b635a2879cc065d7637a6592872	wsh-idle	control	57bc72c1c92472ccfb05e677071bf95d82fff4df3044f34a92a629596b62cd1b	2264a8042763edf2620cfe32d96b096e1f3d26aa	5.9.2	2.55.0	1000	150	dirty	16	0.414	0.414	0	0	0	na	1788332729.379923	1788332729.534267	254046244	254046372
2026-09-02T07:04:40Z	8dc0b5fea25671d6745a556bffb740d3866e189c	352c096f011eb282f12e6d4c12281340fac96b635a2879cc065d7637a6592872	wsh-idle	control	57bc72c1c92472ccfb05e677071bf95d82fff4df3044f34a92a629596b62cd1b	2264a8042763edf2620cfe32d96b096e1f3d26aa	5.9.2	2.55.0	1000	150	dirty	17	0.437	0.437	0	0	0	na	1788332729.689645	1788332729.844245	254046600	254046778
2026-09-02T07:04:40Z	8dc0b5fea25671d6745a556bffb740d3866e189c	352c096f011eb282f12e6d4c12281340fac96b635a2879cc065d7637a6592872	wsh-idle	control	57bc72c1c92472ccfb05e677071bf95d82fff4df3044f34a92a629596b62cd1b	2264a8042763edf2620cfe32d96b096e1f3d26aa	5.9.2	2.55.0	1000	150	dirty	18	0.455	0.455	0	0	0	na	1788332729.999591	1788332730.153989	254046968	254047139
2026-09-02T07:04:40Z	8dc0b5fea25671d6745a556bffb740d3866e189c	352c096f011eb282f12e6d4c12281340fac96b635a2879cc065d7637a6592872	wsh-idle	control	57bc72c1c92472ccfb05e677071bf95d82fff4df3044f34a92a629596b62cd1b	2264a8042763edf2620cfe32d96b096e1f3d26aa	5.9.2	2.55.0	1000	150	dirty	19	0.409	0.409	0	0	0	na	1788332730.309029	1788332730.463561	254047271	254047442
2026-09-02T07:04:40Z	8dc0b5fea25671d6745a556bffb740d3866e189c	352c096f011eb282f12e6d4c12281340fac96b635a2879cc065d7637a6592872	wsh-idle	control	57bc72c1c92472ccfb05e677071bf95d82fff4df3044f34a92a629596b62cd1b	2264a8042763edf2620cfe32d96b096e1f3d26aa	5.9.2	2.55.0	1000	150	dirty	20	0.427	0.427	0	0	0	na	1788332730.618869	1788332730.772999	254047610	254047778
2026-09-02T07:04:40Z	8dc0b5fea25671d6745a556bffb740d3866e189c	352c096f011eb282f12e6d4c12281340fac96b635a2879cc065d7637a6592872	wsh-idle	control	57bc72c1c92472ccfb05e677071bf95d82fff4df3044f34a92a629596b62cd1b	2264a8042763edf2620cfe32d96b096e1f3d26aa	5.9.2	2.55.0	1000	150	untracked	1	0.417	0.417	0	0	0	na	1788332730.950074	1788332731.104383	254047972	254048125
2026-09-02T07:04:40Z	8dc0b5fea25671d6745a556bffb740d3866e189c	352c096f011eb282f12e6d4c12281340fac96b635a2879cc065d7637a6592872	wsh-idle	control	57bc72c1c92472ccfb05e677071bf95d82fff4df3044f34a92a629596b62cd1b	2264a8042763edf2620cfe32d96b096e1f3d26aa	5.9.2	2.55.0	1000	150	untracked	2	0.450	0.450	0	0	0	na	1788332731.260751	1788332731.414998	254048284	254048430
2026-09-02T07:04:40Z	8dc0b5fea25671d6745a556bffb740d3866e189c	352c096f011eb282f12e6d4c12281340fac96b635a2879cc065d7637a6592872	wsh-idle	control	57bc72c1c92472ccfb05e677071bf95d82fff4df3044f34a92a629596b62cd1b	2264a8042763edf2620cfe32d96b096e1f3d26aa	5.9.2	2.55.0	1000	150	untracked	3	0.401	0.401	0	0	0	na	1788332731.571127	1788332731.725224	254048709	254048855
2026-09-02T07:04:40Z	8dc0b5fea25671d6745a556bffb740d3866e189c	352c096f011eb282f12e6d4c12281340fac96b635a2879cc065d7637a6592872	wsh-idle	control	57bc72c1c92472ccfb05e677071bf95d82fff4df3044f34a92a629596b62cd1b	2264a8042763edf2620cfe32d96b096e1f3d26aa	5.9.2	2.55.0	1000	150	untracked	4	0.406	0.406	0	0	0	na	1788332731.881460	1788332732.036191	254049084	254049242
2026-09-02T07:04:40Z	8dc0b5fea25671d6745a556bffb740d3866e189c	352c096f011eb282f12e6d4c12281340fac96b635a2879cc065d7637a6592872	wsh-idle	control	57bc72c1c92472ccfb05e677071bf95d82fff4df3044f34a92a629596b62cd1b	2264a8042763edf2620cfe32d96b096e1f3d26aa	5.9.2	2.55.0	1000	150	untracked	5	0.430	0.430	0	0	0	na	1788332732.192861	1788332732.347486	254049399	254049540
2026-09-02T07:04:40Z	8dc0b5fea25671d6745a556bffb740d3866e189c	352c096f011eb282f12e6d4c12281340fac96b635a2879cc065d7637a6592872	wsh-idle	control	57bc72c1c92472ccfb05e677071bf95d82fff4df3044f34a92a629596b62cd1b	2264a8042763edf2620cfe32d96b096e1f3d26aa	5.9.2	2.55.0	1000	150	untracked	6	0.436	0.436	0	0	0	na	1788332732.504158	1788332732.658673	254049683	254049805
2026-09-02T07:04:40Z	8dc0b5fea25671d6745a556bffb740d3866e189c	352c096f011eb282f12e6d4c12281340fac96b635a2879cc065d7637a6592872	wsh-idle	control	57bc72c1c92472ccfb05e677071bf95d82fff4df3044f34a92a629596b62cd1b	2264a8042763edf2620cfe32d96b096e1f3d26aa	5.9.2	2.55.0	1000	150	untracked	7	0.590	0.590	0	0	0	na	1788332732.815827	1788332732.970662	254050050	254050311
2026-09-02T07:04:40Z	8dc0b5fea25671d6745a556bffb740d3866e189c	352c096f011eb282f12e6d4c12281340fac96b635a2879cc065d7637a6592872	wsh-idle	control	57bc72c1c92472ccfb05e677071bf95d82fff4df3044f34a92a629596b62cd1b	2264a8042763edf2620cfe32d96b096e1f3d26aa	5.9.2	2.55.0	1000	150	untracked	8	0.441	0.441	0	0	0	na	1788332733.127326	1788332733.281900	254050520	254050713
2026-09-02T07:04:40Z	8dc0b5fea25671d6745a556bffb740d3866e189c	352c096f011eb282f12e6d4c12281340fac96b635a2879cc065d7637a6592872	wsh-idle	control	57bc72c1c92472ccfb05e677071bf95d82fff4df3044f34a92a629596b62cd1b	2264a8042763edf2620cfe32d96b096e1f3d26aa	5.9.2	2.55.0	1000	150	untracked	9	0.443	0.443	0	0	0	na	1788332733.438682	1788332733.593158	254050896	254051088
2026-09-02T07:04:40Z	8dc0b5fea25671d6745a556bffb740d3866e189c	352c096f011eb282f12e6d4c12281340fac96b635a2879cc065d7637a6592872	wsh-idle	control	57bc72c1c92472ccfb05e677071bf95d82fff4df3044f34a92a629596b62cd1b	2264a8042763edf2620cfe32d96b096e1f3d26aa	5.9.2	2.55.0	1000	150	untracked	10	0.467	0.467	0	0	0	na	1788332733.749898	1788332733.904403	254051465	254051767
2026-09-02T07:04:40Z	8dc0b5fea25671d6745a556bffb740d3866e189c	352c096f011eb282f12e6d4c12281340fac96b635a2879cc065d7637a6592872	wsh-idle	control	57bc72c1c92472ccfb05e677071bf95d82fff4df3044f34a92a629596b62cd1b	2264a8042763edf2620cfe32d96b096e1f3d26aa	5.9.2	2.55.0	1000	150	untracked	11	0.519	0.519	0	0	0	na	1788332734.061387	1788332734.215905	254051957	254052097
2026-09-02T07:04:40Z	8dc0b5fea25671d6745a556bffb740d3866e189c	352c096f011eb282f12e6d4c12281340fac96b635a2879cc065d7637a6592872	wsh-idle	control	57bc72c1c92472ccfb05e677071bf95d82fff4df3044f34a92a629596b62cd1b	2264a8042763edf2620cfe32d96b096e1f3d26aa	5.9.2	2.55.0	1000	150	untracked	12	0.532	0.532	0	0	0	na	1788332734.372830	1788332734.527463	254052235	254052356
2026-09-02T07:04:40Z	8dc0b5fea25671d6745a556bffb740d3866e189c	352c096f011eb282f12e6d4c12281340fac96b635a2879cc065d7637a6592872	wsh-idle	control	57bc72c1c92472ccfb05e677071bf95d82fff4df3044f34a92a629596b62cd1b	2264a8042763edf2620cfe32d96b096e1f3d26aa	5.9.2	2.55.0	1000	150	untracked	13	0.425	0.425	0	0	0	na	1788332734.683981	1788332734.838412	254052480	254052797
2026-09-02T07:04:40Z	8dc0b5fea25671d6745a556bffb740d3866e189c	352c096f011eb282f12e6d4c12281340fac96b635a2879cc065d7637a6592872	wsh-idle	control	57bc72c1c92472ccfb05e677071bf95d82fff4df3044f34a92a629596b62cd1b	2264a8042763edf2620cfe32d96b096e1f3d26aa	5.9.2	2.55.0	1000	150	untracked	14	0.476	0.476	0	0	0	na	1788332734.995451	1788332735.150125	254052958	254053140
2026-09-02T07:04:40Z	8dc0b5fea25671d6745a556bffb740d3866e189c	352c096f011eb282f12e6d4c12281340fac96b635a2879cc065d7637a6592872	wsh-idle	control	57bc72c1c92472ccfb05e677071bf95d82fff4df3044f34a92a629596b62cd1b	2264a8042763edf2620cfe32d96b096e1f3d26aa	5.9.2	2.55.0	1000	150	untracked	15	0.422	0.422	0	0	0	na	1788332735.306648	1788332735.461192	254053290	254053421
2026-09-02T07:04:40Z	8dc0b5fea25671d6745a556bffb740d3866e189c	352c096f011eb282f12e6d4c12281340fac96b635a2879cc065d7637a6592872	wsh-idle	control	57bc72c1c92472ccfb05e677071bf95d82fff4df3044f34a92a629596b62cd1b	2264a8042763edf2620cfe32d96b096e1f3d26aa	5.9.2	2.55.0	1000	150	untracked	16	0.433	0.433	0	0	0	na	1788332735.618099	1788332735.772693	254053569	254053759
2026-09-02T07:04:40Z	8dc0b5fea25671d6745a556bffb740d3866e189c	352c096f011eb282f12e6d4c12281340fac96b635a2879cc065d7637a6592872	wsh-idle	control	57bc72c1c92472ccfb05e677071bf95d82fff4df3044f34a92a629596b62cd1b	2264a8042763edf2620cfe32d96b096e1f3d26aa	5.9.2	2.55.0	1000	150	untracked	17	0.488	0.488	0	0	0	na	1788332735.929592	1788332736.084047	254054153	254054304
2026-09-02T07:04:40Z	8dc0b5fea25671d6745a556bffb740d3866e189c	352c096f011eb282f12e6d4c12281340fac96b635a2879cc065d7637a6592872	wsh-idle	control	57bc72c1c92472ccfb05e677071bf95d82fff4df3044f34a92a629596b62cd1b	2264a8042763edf2620cfe32d96b096e1f3d26aa	5.9.2	2.55.0	1000	150	untracked	18	0.522	0.522	0	0	0	na	1788332736.240873	1788332736.395703	254054436	254054659
2026-09-02T07:04:40Z	8dc0b5fea25671d6745a556bffb740d3866e189c	352c096f011eb282f12e6d4c12281340fac96b635a2879cc065d7637a6592872	wsh-idle	control	57bc72c1c92472ccfb05e677071bf95d82fff4df3044f34a92a629596b62cd1b	2264a8042763edf2620cfe32d96b096e1f3d26aa	5.9.2	2.55.0	1000	150	untracked	19	0.464	0.464	0	0	0	na	1788332736.552736	1788332736.707813	254054830	254054978
2026-09-02T07:04:40Z	8dc0b5fea25671d6745a556bffb740d3866e189c	352c096f011eb282f12e6d4c12281340fac96b635a2879cc065d7637a6592872	wsh-idle	control	57bc72c1c92472ccfb05e677071bf95d82fff4df3044f34a92a629596b62cd1b	2264a8042763edf2620cfe32d96b096e1f3d26aa	5.9.2	2.55.0	1000	150	untracked	20	0.447	0.447	0	0	0	na	1788332736.864003	1788332737.018322	254055140	254055308
2026-09-02T07:04:40Z	8dc0b5fea25671d6745a556bffb740d3866e189c	352c096f011eb282f12e6d4c12281340fac96b635a2879cc065d7637a6592872	wsh	local	57bc72c1c92472ccfb05e677071bf95d82fff4df3044f34a92a629596b62cd1b	2264a8042763edf2620cfe32d96b096e1f3d26aa	5.9.2	2.55.0	1000	150	clean	1	0.904	7.148	1	1	0	1	1788332737.390236	1788332737.551936	254055764	254055963
2026-09-02T07:04:40Z	8dc0b5fea25671d6745a556bffb740d3866e189c	352c096f011eb282f12e6d4c12281340fac96b635a2879cc065d7637a6592872	wsh	local	57bc72c1c92472ccfb05e677071bf95d82fff4df3044f34a92a629596b62cd1b	2264a8042763edf2620cfe32d96b096e1f3d26aa	5.9.2	2.55.0	1000	150	clean	2	0.983	7.154	1	1	0	1	1788332737.880937	1788332738.042480	254056388	254056581
2026-09-02T07:04:40Z	8dc0b5fea25671d6745a556bffb740d3866e189c	352c096f011eb282f12e6d4c12281340fac96b635a2879cc065d7637a6592872	wsh	local	57bc72c1c92472ccfb05e677071bf95d82fff4df3044f34a92a629596b62cd1b	2264a8042763edf2620cfe32d96b096e1f3d26aa	5.9.2	2.55.0	1000	150	clean	3	1.031	7.009	1	1	0	1	1788332738.371624	1788332738.533312	254056963	254057181
2026-09-02T07:04:40Z	8dc0b5fea25671d6745a556bffb740d3866e189c	352c096f011eb282f12e6d4c12281340fac96b635a2879cc065d7637a6592872	wsh	local	57bc72c1c92472ccfb05e677071bf95d82fff4df3044f34a92a629596b62cd1b	2264a8042763edf2620cfe32d96b096e1f3d26aa	5.9.2	2.55.0	1000	150	clean	4	0.972	7.390	1	1	0	1	1788332738.862579	1788332739.024769	254057652	254057830
2026-09-02T07:04:40Z	8dc0b5fea25671d6745a556bffb740d3866e189c	352c096f011eb282f12e6d4c12281340fac96b635a2879cc065d7637a6592872	wsh	local	57bc72c1c92472ccfb05e677071bf95d82fff4df3044f34a92a629596b62cd1b	2264a8042763edf2620cfe32d96b096e1f3d26aa	5.9.2	2.55.0	1000	150	clean	5	1.214	7.010	1	1	0	1	1788332739.354201	1788332739.516034	254058233	254058400
2026-09-02T07:04:40Z	8dc0b5fea25671d6745a556bffb740d3866e189c	352c096f011eb282f12e6d4c12281340fac96b635a2879cc065d7637a6592872	wsh	local	57bc72c1c92472ccfb05e677071bf95d82fff4df3044f34a92a629596b62cd1b	2264a8042763edf2620cfe32d96b096e1f3d26aa	5.9.2	2.55.0	1000	150	clean	6	1.228	6.898	1	1	0	1	1788332739.846179	1788332740.008043	254058872	254059040
2026-09-02T07:04:40Z	8dc0b5fea25671d6745a556bffb740d3866e189c	352c096f011eb282f12e6d4c12281340fac96b635a2879cc065d7637a6592872	wsh	local	57bc72c1c92472ccfb05e677071bf95d82fff4df3044f34a92a629596b62cd1b	2264a8042763edf2620cfe32d96b096e1f3d26aa	5.9.2	2.55.0	1000	150	clean	7	0.987	6.751	1	1	0	1	1788332740.337995	1788332740.499599	254059390	254059570
2026-09-02T07:04:40Z	8dc0b5fea25671d6745a556bffb740d3866e189c	352c096f011eb282f12e6d4c12281340fac96b635a2879cc065d7637a6592872	wsh	local	57bc72c1c92472ccfb05e677071bf95d82fff4df3044f34a92a629596b62cd1b	2264a8042763edf2620cfe32d96b096e1f3d26aa	5.9.2	2.55.0	1000	150	clean	8	1.150	6.783	1	1	0	1	1788332740.829458	1788332740.991044	254059926	254060084
2026-09-02T07:04:40Z	8dc0b5fea25671d6745a556bffb740d3866e189c	352c096f011eb282f12e6d4c12281340fac96b635a2879cc065d7637a6592872	wsh	local	57bc72c1c92472ccfb05e677071bf95d82fff4df3044f34a92a629596b62cd1b	2264a8042763edf2620cfe32d96b096e1f3d26aa	5.9.2	2.55.0	1000	150	clean	9	1.062	7.513	1	1	0	1	1788332741.320443	1788332741.483483	254060443	254060819
2026-09-02T07:04:40Z	8dc0b5fea25671d6745a556bffb740d3866e189c	352c096f011eb282f12e6d4c12281340fac96b635a2879cc065d7637a6592872	wsh	local	57bc72c1c92472ccfb05e677071bf95d82fff4df3044f34a92a629596b62cd1b	2264a8042763edf2620cfe32d96b096e1f3d26aa	5.9.2	2.55.0	1000	150	clean	10	0.994	7.093	1	1	0	1	1788332741.813431	1788332741.975359	254061637	254061862
2026-09-02T07:04:40Z	8dc0b5fea25671d6745a556bffb740d3866e189c	352c096f011eb282f12e6d4c12281340fac96b635a2879cc065d7637a6592872	wsh	local	57bc72c1c92472ccfb05e677071bf95d82fff4df3044f34a92a629596b62cd1b	2264a8042763edf2620cfe32d96b096e1f3d26aa	5.9.2	2.55.0	1000	150	clean	11	0.978	6.749	1	1	0	1	1788332742.305745	1788332742.467103	254062579	254062765
2026-09-02T07:04:40Z	8dc0b5fea25671d6745a556bffb740d3866e189c	352c096f011eb282f12e6d4c12281340fac96b635a2879cc065d7637a6592872	wsh	local	57bc72c1c92472ccfb05e677071bf95d82fff4df3044f34a92a629596b62cd1b	2264a8042763edf2620cfe32d96b096e1f3d26aa	5.9.2	2.55.0	1000	150	clean	12	0.974	7.061	1	1	0	1	1788332742.797029	1788332742.958797	254063358	254063521
2026-09-02T07:04:40Z	8dc0b5fea25671d6745a556bffb740d3866e189c	352c096f011eb282f12e6d4c12281340fac96b635a2879cc065d7637a6592872	wsh	local	57bc72c1c92472ccfb05e677071bf95d82fff4df3044f34a92a629596b62cd1b	2264a8042763edf2620cfe32d96b096e1f3d26aa	5.9.2	2.55.0	1000	150	clean	13	0.994	6.892	1	1	0	1	1788332743.288181	1788332743.449669	254063933	254064127
2026-09-02T07:04:40Z	8dc0b5fea25671d6745a556bffb740d3866e189c	352c096f011eb282f12e6d4c12281340fac96b635a2879cc065d7637a6592872	wsh	local	57bc72c1c92472ccfb05e677071bf95d82fff4df3044f34a92a629596b62cd1b	2264a8042763edf2620cfe32d96b096e1f3d26aa	5.9.2	2.55.0	1000	150	clean	14	1.025	6.795	1	1	0	1	1788332743.779512	1788332743.941175	254064538	254064712
2026-09-02T07:04:40Z	8dc0b5fea25671d6745a556bffb740d3866e189c	352c096f011eb282f12e6d4c12281340fac96b635a2879cc065d7637a6592872	wsh	local	57bc72c1c92472ccfb05e677071bf95d82fff4df3044f34a92a629596b62cd1b	2264a8042763edf2620cfe32d96b096e1f3d26aa	5.9.2	2.55.0	1000	150	clean	15	1.011	6.368	1	1	0	1	1788332744.270226	1788332744.431497	254065029	254065190
2026-09-02T07:04:40Z	8dc0b5fea25671d6745a556bffb740d3866e189c	352c096f011eb282f12e6d4c12281340fac96b635a2879cc065d7637a6592872	wsh	local	57bc72c1c92472ccfb05e677071bf95d82fff4df3044f34a92a629596b62cd1b	2264a8042763edf2620cfe32d96b096e1f3d26aa	5.9.2	2.55.0	1000	150	clean	16	1.015	6.788	1	1	0	1	1788332744.762010	1788332744.924040	254065687	254067004
2026-09-02T07:04:40Z	8dc0b5fea25671d6745a556bffb740d3866e189c	352c096f011eb282f12e6d4c12281340fac96b635a2879cc065d7637a6592872	wsh	local	57bc72c1c92472ccfb05e677071bf95d82fff4df3044f34a92a629596b62cd1b	2264a8042763edf2620cfe32d96b096e1f3d26aa	5.9.2	2.55.0	1000	150	clean	17	0.962	7.283	1	1	0	1	1788332745.254482	1788332745.416572	254067357	254067524
2026-09-02T07:04:40Z	8dc0b5fea25671d6745a556bffb740d3866e189c	352c096f011eb282f12e6d4c12281340fac96b635a2879cc065d7637a6592872	wsh	local	57bc72c1c92472ccfb05e677071bf95d82fff4df3044f34a92a629596b62cd1b	2264a8042763edf2620cfe32d96b096e1f3d26aa	5.9.2	2.55.0	1000	150	clean	18	0.995	6.979	1	1	0	1	1788332745.746486	1788332745.908751	254067955	254068384
2026-09-02T07:04:40Z	8dc0b5fea25671d6745a556bffb740d3866e189c	352c096f011eb282f12e6d4c12281340fac96b635a2879cc065d7637a6592872	wsh	local	57bc72c1c92472ccfb05e677071bf95d82fff4df3044f34a92a629596b62cd1b	2264a8042763edf2620cfe32d96b096e1f3d26aa	5.9.2	2.55.0	1000	150	clean	19	1.041	6.822	1	1	0	1	1788332746.239072	1788332746.401071	254068681	254068845
2026-09-02T07:04:40Z	8dc0b5fea25671d6745a556bffb740d3866e189c	352c096f011eb282f12e6d4c12281340fac96b635a2879cc065d7637a6592872	wsh	local	57bc72c1c92472ccfb05e677071bf95d82fff4df3044f34a92a629596b62cd1b	2264a8042763edf2620cfe32d96b096e1f3d26aa	5.9.2	2.55.0	1000	150	clean	20	1.019	6.744	1	1	0	1	1788332746.731594	1788332746.893668	254069130	254069304
2026-09-02T07:04:40Z	8dc0b5fea25671d6745a556bffb740d3866e189c	352c096f011eb282f12e6d4c12281340fac96b635a2879cc065d7637a6592872	wsh	local	57bc72c1c92472ccfb05e677071bf95d82fff4df3044f34a92a629596b62cd1b	2264a8042763edf2620cfe32d96b096e1f3d26aa	5.9.2	2.55.0	1000	150	dirty	1	0.847	6.836	1	1	0	1	1788332747.247646	1788332747.409704	254069687	254069876
2026-09-02T07:04:40Z	8dc0b5fea25671d6745a556bffb740d3866e189c	352c096f011eb282f12e6d4c12281340fac96b635a2879cc065d7637a6592872	wsh	local	57bc72c1c92472ccfb05e677071bf95d82fff4df3044f34a92a629596b62cd1b	2264a8042763edf2620cfe32d96b096e1f3d26aa	5.9.2	2.55.0	1000	150	dirty	2	0.934	7.292	1	1	0	1	1788332747.740548	1788332747.903183	254070188	254070639
2026-09-02T07:04:40Z	8dc0b5fea25671d6745a556bffb740d3866e189c	352c096f011eb282f12e6d4c12281340fac96b635a2879cc065d7637a6592872	wsh	local	57bc72c1c92472ccfb05e677071bf95d82fff4df3044f34a92a629596b62cd1b	2264a8042763edf2620cfe32d96b096e1f3d26aa	5.9.2	2.55.0	1000	150	dirty	3	1.055	6.982	1	1	0	1	1788332748.234558	1788332748.396701	254071095	254071268
2026-09-02T07:04:40Z	8dc0b5fea25671d6745a556bffb740d3866e189c	352c096f011eb282f12e6d4c12281340fac96b635a2879cc065d7637a6592872	wsh	local	57bc72c1c92472ccfb05e677071bf95d82fff4df3044f34a92a629596b62cd1b	2264a8042763edf2620cfe32d96b096e1f3d26aa	5.9.2	2.55.0	1000	150	dirty	4	0.859	6.642	1	1	0	1	1788332748.727679	1788332748.889994	254071538	254071987
2026-09-02T07:04:40Z	8dc0b5fea25671d6745a556bffb740d3866e189c	352c096f011eb282f12e6d4c12281340fac96b635a2879cc065d7637a6592872	wsh	local	57bc72c1c92472ccfb05e677071bf95d82fff4df3044f34a92a629596b62cd1b	2264a8042763edf2620cfe32d96b096e1f3d26aa	5.9.2	2.55.0	1000	150	dirty	5	1.073	6.875	1	1	0	1	1788332749.220568	1788332749.382620	254072322	254072488
2026-09-02T07:04:40Z	8dc0b5fea25671d6745a556bffb740d3866e189c	352c096f011eb282f12e6d4c12281340fac96b635a2879cc065d7637a6592872	wsh	local	57bc72c1c92472ccfb05e677071bf95d82fff4df3044f34a92a629596b62cd1b	2264a8042763edf2620cfe32d96b096e1f3d26aa	5.9.2	2.55.0	1000	150	dirty	6	0.857	7.088	1	1	0	1	1788332749.713871	1788332749.876384	254072821	254072996
2026-09-02T07:04:40Z	8dc0b5fea25671d6745a556bffb740d3866e189c	352c096f011eb282f12e6d4c12281340fac96b635a2879cc065d7637a6592872	wsh	local	57bc72c1c92472ccfb05e677071bf95d82fff4df3044f34a92a629596b62cd1b	2264a8042763edf2620cfe32d96b096e1f3d26aa	5.9.2	2.55.0	1000	150	dirty	7	0.911	6.789	1	1	0	1	1788332750.208071	1788332750.371107	254073862	254075005
2026-09-02T07:04:40Z	8dc0b5fea25671d6745a556bffb740d3866e189c	352c096f011eb282f12e6d4c12281340fac96b635a2879cc065d7637a6592872	wsh	local	57bc72c1c92472ccfb05e677071bf95d82fff4df3044f34a92a629596b62cd1b	2264a8042763edf2620cfe32d96b096e1f3d26aa	5.9.2	2.55.0	1000	150	dirty	8	1.121	7.509	1	1	0	1	1788332750.704756	1788332750.868018	254078156	254079481
2026-09-02T07:04:40Z	8dc0b5fea25671d6745a556bffb740d3866e189c	352c096f011eb282f12e6d4c12281340fac96b635a2879cc065d7637a6592872	wsh	local	57bc72c1c92472ccfb05e677071bf95d82fff4df3044f34a92a629596b62cd1b	2264a8042763edf2620cfe32d96b096e1f3d26aa	5.9.2	2.55.0	1000	150	dirty	9	0.917	7.003	1	1	0	1	1788332751.200948	1788332751.363507	254081856	254081973
2026-09-02T07:04:40Z	8dc0b5fea25671d6745a556bffb740d3866e189c	352c096f011eb282f12e6d4c12281340fac96b635a2879cc065d7637a6592872	wsh	local	57bc72c1c92472ccfb05e677071bf95d82fff4df3044f34a92a629596b62cd1b	2264a8042763edf2620cfe32d96b096e1f3d26aa	5.9.2	2.55.0	1000	150	dirty	10	0.927	7.229	1	1	0	1	1788332751.695816	1788332751.858505	254082816	254082985
2026-09-02T07:04:40Z	8dc0b5fea25671d6745a556bffb740d3866e189c	352c096f011eb282f12e6d4c12281340fac96b635a2879cc065d7637a6592872	wsh	local	57bc72c1c92472ccfb05e677071bf95d82fff4df3044f34a92a629596b62cd1b	2264a8042763edf2620cfe32d96b096e1f3d26aa	5.9.2	2.55.0	1000	150	dirty	11	1.140	6.954	1	1	0	1	1788332752.190138	1788332752.352423	254083415	254083593
2026-09-02T07:04:40Z	8dc0b5fea25671d6745a556bffb740d3866e189c	352c096f011eb282f12e6d4c12281340fac96b635a2879cc065d7637a6592872	wsh	local	57bc72c1c92472ccfb05e677071bf95d82fff4df3044f34a92a629596b62cd1b	2264a8042763edf2620cfe32d96b096e1f3d26aa	5.9.2	2.55.0	1000	150	dirty	12	0.993	6.945	1	1	0	1	1788332752.684019	1788332752.846654	254084073	254084511
2026-09-02T07:04:40Z	8dc0b5fea25671d6745a556bffb740d3866e189c	352c096f011eb282f12e6d4c12281340fac96b635a2879cc065d7637a6592872	wsh	local	57bc72c1c92472ccfb05e677071bf95d82fff4df3044f34a92a629596b62cd1b	2264a8042763edf2620cfe32d96b096e1f3d26aa	5.9.2	2.55.0	1000	150	dirty	13	0.955	6.559	1	1	0	1	1788332753.177930	1788332753.339854	254084846	254084986
2026-09-02T07:04:40Z	8dc0b5fea25671d6745a556bffb740d3866e189c	352c096f011eb282f12e6d4c12281340fac96b635a2879cc065d7637a6592872	wsh	local	57bc72c1c92472ccfb05e677071bf95d82fff4df3044f34a92a629596b62cd1b	2264a8042763edf2620cfe32d96b096e1f3d26aa	5.9.2	2.55.0	1000	150	dirty	14	0.953	6.785	1	1	0	1	1788332753.671457	1788332753.833889	254085413	254085728
2026-09-02T07:04:40Z	8dc0b5fea25671d6745a556bffb740d3866e189c	352c096f011eb282f12e6d4c12281340fac96b635a2879cc065d7637a6592872	wsh	local	57bc72c1c92472ccfb05e677071bf95d82fff4df3044f34a92a629596b62cd1b	2264a8042763edf2620cfe32d96b096e1f3d26aa	5.9.2	2.55.0	1000	150	dirty	15	1.028	7.050	1	1	0	1	1788332754.165755	1788332754.328518	254086019	254086173
2026-09-02T07:04:40Z	8dc0b5fea25671d6745a556bffb740d3866e189c	352c096f011eb282f12e6d4c12281340fac96b635a2879cc065d7637a6592872	wsh	local	57bc72c1c92472ccfb05e677071bf95d82fff4df3044f34a92a629596b62cd1b	2264a8042763edf2620cfe32d96b096e1f3d26aa	5.9.2	2.55.0	1000	150	dirty	16	0.965	6.920	1	1	0	1	1788332754.660412	1788332754.823019	254086480	254086666
2026-09-02T07:04:40Z	8dc0b5fea25671d6745a556bffb740d3866e189c	352c096f011eb282f12e6d4c12281340fac96b635a2879cc065d7637a6592872	wsh	local	57bc72c1c92472ccfb05e677071bf95d82fff4df3044f34a92a629596b62cd1b	2264a8042763edf2620cfe32d96b096e1f3d26aa	5.9.2	2.55.0	1000	150	dirty	17	0.924	7.112	1	1	0	1	1788332755.155031	1788332755.318203	254086968	254087164
2026-09-02T07:04:40Z	8dc0b5fea25671d6745a556bffb740d3866e189c	352c096f011eb282f12e6d4c12281340fac96b635a2879cc065d7637a6592872	wsh	local	57bc72c1c92472ccfb05e677071bf95d82fff4df3044f34a92a629596b62cd1b	2264a8042763edf2620cfe32d96b096e1f3d26aa	5.9.2	2.55.0	1000	150	dirty	18	0.892	6.616	1	1	0	1	1788332755.650274	1788332755.813408	254087562	254088477
2026-09-02T07:04:40Z	8dc0b5fea25671d6745a556bffb740d3866e189c	352c096f011eb282f12e6d4c12281340fac96b635a2879cc065d7637a6592872	wsh	local	57bc72c1c92472ccfb05e677071bf95d82fff4df3044f34a92a629596b62cd1b	2264a8042763edf2620cfe32d96b096e1f3d26aa	5.9.2	2.55.0	1000	150	dirty	19	1.004	7.535	1	1	0	1	1788332756.148591	1788332756.312537	254091318	254092731
2026-09-02T07:04:40Z	8dc0b5fea25671d6745a556bffb740d3866e189c	352c096f011eb282f12e6d4c12281340fac96b635a2879cc065d7637a6592872	wsh	local	57bc72c1c92472ccfb05e677071bf95d82fff4df3044f34a92a629596b62cd1b	2264a8042763edf2620cfe32d96b096e1f3d26aa	5.9.2	2.55.0	1000	150	dirty	20	0.982	8.104	1	1	0	1	1788332756.647059	1788332756.811629	254095197	254096322
2026-09-02T07:04:40Z	8dc0b5fea25671d6745a556bffb740d3866e189c	352c096f011eb282f12e6d4c12281340fac96b635a2879cc065d7637a6592872	wsh	local	57bc72c1c92472ccfb05e677071bf95d82fff4df3044f34a92a629596b62cd1b	2264a8042763edf2620cfe32d96b096e1f3d26aa	5.9.2	2.55.0	1000	150	untracked	1	1.218	7.376	1	1	0	1	1788332757.167470	1788332757.330893	254097518	254097691
2026-09-02T07:04:40Z	8dc0b5fea25671d6745a556bffb740d3866e189c	352c096f011eb282f12e6d4c12281340fac96b635a2879cc065d7637a6592872	wsh	local	57bc72c1c92472ccfb05e677071bf95d82fff4df3044f34a92a629596b62cd1b	2264a8042763edf2620cfe32d96b096e1f3d26aa	5.9.2	2.55.0	1000	150	untracked	2	1.227	6.880	1	1	0	1	1788332757.665466	1788332757.828125	254098081	254098433
2026-09-02T07:04:40Z	8dc0b5fea25671d6745a556bffb740d3866e189c	352c096f011eb282f12e6d4c12281340fac96b635a2879cc065d7637a6592872	wsh	local	57bc72c1c92472ccfb05e677071bf95d82fff4df3044f34a92a629596b62cd1b	2264a8042763edf2620cfe32d96b096e1f3d26aa	5.9.2	2.55.0	1000	150	untracked	3	1.148	7.126	1	1	0	1	1788332758.162689	1788332758.325826	254098993	254099147
2026-09-02T07:04:40Z	8dc0b5fea25671d6745a556bffb740d3866e189c	352c096f011eb282f12e6d4c12281340fac96b635a2879cc065d7637a6592872	wsh	local	57bc72c1c92472ccfb05e677071bf95d82fff4df3044f34a92a629596b62cd1b	2264a8042763edf2620cfe32d96b096e1f3d26aa	5.9.2	2.55.0	1000	150	untracked	4	1.047	7.056	1	1	0	1	1788332758.660258	1788332758.822993	254099442	254099655
2026-09-02T07:04:40Z	8dc0b5fea25671d6745a556bffb740d3866e189c	352c096f011eb282f12e6d4c12281340fac96b635a2879cc065d7637a6592872	wsh	local	57bc72c1c92472ccfb05e677071bf95d82fff4df3044f34a92a629596b62cd1b	2264a8042763edf2620cfe32d96b096e1f3d26aa	5.9.2	2.55.0	1000	150	untracked	5	1.202	6.824	1	1	0	1	1788332759.157630	1788332759.320476	254099984	254100115
2026-09-02T07:04:40Z	8dc0b5fea25671d6745a556bffb740d3866e189c	352c096f011eb282f12e6d4c12281340fac96b635a2879cc065d7637a6592872	wsh	local	57bc72c1c92472ccfb05e677071bf95d82fff4df3044f34a92a629596b62cd1b	2264a8042763edf2620cfe32d96b096e1f3d26aa	5.9.2	2.55.0	1000	150	untracked	6	1.236	7.233	1	1	0	1	1788332759.655345	1788332759.818975	254100436	254100586
2026-09-02T07:04:40Z	8dc0b5fea25671d6745a556bffb740d3866e189c	352c096f011eb282f12e6d4c12281340fac96b635a2879cc065d7637a6592872	wsh	local	57bc72c1c92472ccfb05e677071bf95d82fff4df3044f34a92a629596b62cd1b	2264a8042763edf2620cfe32d96b096e1f3d26aa	5.9.2	2.55.0	1000	150	untracked	7	1.261	7.166	1	1	0	1	1788332760.153363	1788332760.316635	254100877	254101024
2026-09-02T07:04:40Z	8dc0b5fea25671d6745a556bffb740d3866e189c	352c096f011eb282f12e6d4c12281340fac96b635a2879cc065d7637a6592872	wsh	local	57bc72c1c92472ccfb05e677071bf95d82fff4df3044f34a92a629596b62cd1b	2264a8042763edf2620cfe32d96b096e1f3d26aa	5.9.2	2.55.0	1000	150	untracked	8	1.034	6.819	1	1	0	1	1788332760.651638	1788332760.814662	254101324	254101528
2026-09-02T07:04:40Z	8dc0b5fea25671d6745a556bffb740d3866e189c	352c096f011eb282f12e6d4c12281340fac96b635a2879cc065d7637a6592872	wsh	local	57bc72c1c92472ccfb05e677071bf95d82fff4df3044f34a92a629596b62cd1b	2264a8042763edf2620cfe32d96b096e1f3d26aa	5.9.2	2.55.0	1000	150	untracked	9	1.004	6.836	1	1	0	1	1788332761.150834	1788332761.313545	254101811	254101953
2026-09-02T07:04:40Z	8dc0b5fea25671d6745a556bffb740d3866e189c	352c096f011eb282f12e6d4c12281340fac96b635a2879cc065d7637a6592872	wsh	local	57bc72c1c92472ccfb05e677071bf95d82fff4df3044f34a92a629596b62cd1b	2264a8042763edf2620cfe32d96b096e1f3d26aa	5.9.2	2.55.0	1000	150	untracked	10	0.993	6.884	1	1	0	1	1788332761.647894	1788332761.810967	254102215	254102366
2026-09-02T07:04:40Z	8dc0b5fea25671d6745a556bffb740d3866e189c	352c096f011eb282f12e6d4c12281340fac96b635a2879cc065d7637a6592872	wsh	local	57bc72c1c92472ccfb05e677071bf95d82fff4df3044f34a92a629596b62cd1b	2264a8042763edf2620cfe32d96b096e1f3d26aa	5.9.2	2.55.0	1000	150	untracked	11	0.998	6.832	1	1	0	1	1788332762.145663	1788332762.308917	254102935	254103094
2026-09-02T07:04:40Z	8dc0b5fea25671d6745a556bffb740d3866e189c	352c096f011eb282f12e6d4c12281340fac96b635a2879cc065d7637a6592872	wsh	local	57bc72c1c92472ccfb05e677071bf95d82fff4df3044f34a92a629596b62cd1b	2264a8042763edf2620cfe32d96b096e1f3d26aa	5.9.2	2.55.0	1000	150	untracked	12	0.981	7.257	1	1	0	1	1788332762.644193	1788332762.807771	254103457	254103636
2026-09-02T07:04:40Z	8dc0b5fea25671d6745a556bffb740d3866e189c	352c096f011eb282f12e6d4c12281340fac96b635a2879cc065d7637a6592872	wsh	local	57bc72c1c92472ccfb05e677071bf95d82fff4df3044f34a92a629596b62cd1b	2264a8042763edf2620cfe32d96b096e1f3d26aa	5.9.2	2.55.0	1000	150	untracked	13	1.060	7.438	1	1	0	1	1788332763.142879	1788332763.306563	254104021	254104226
2026-09-02T07:04:40Z	8dc0b5fea25671d6745a556bffb740d3866e189c	352c096f011eb282f12e6d4c12281340fac96b635a2879cc065d7637a6592872	wsh	local	57bc72c1c92472ccfb05e677071bf95d82fff4df3044f34a92a629596b62cd1b	2264a8042763edf2620cfe32d96b096e1f3d26aa	5.9.2	2.55.0	1000	150	untracked	14	0.994	7.042	1	1	0	1	1788332763.641740	1788332763.805165	254104584	254104870
2026-09-02T07:04:40Z	8dc0b5fea25671d6745a556bffb740d3866e189c	352c096f011eb282f12e6d4c12281340fac96b635a2879cc065d7637a6592872	wsh	local	57bc72c1c92472ccfb05e677071bf95d82fff4df3044f34a92a629596b62cd1b	2264a8042763edf2620cfe32d96b096e1f3d26aa	5.9.2	2.55.0	1000	150	untracked	15	1.021	7.187	1	1	0	1	1788332764.140383	1788332764.303997	254105201	254105406
2026-09-02T07:04:40Z	8dc0b5fea25671d6745a556bffb740d3866e189c	352c096f011eb282f12e6d4c12281340fac96b635a2879cc065d7637a6592872	wsh	local	57bc72c1c92472ccfb05e677071bf95d82fff4df3044f34a92a629596b62cd1b	2264a8042763edf2620cfe32d96b096e1f3d26aa	5.9.2	2.55.0	1000	150	untracked	16	1.000	7.144	1	1	0	1	1788332764.639268	1788332764.802973	254105827	254106147
2026-09-02T07:04:40Z	8dc0b5fea25671d6745a556bffb740d3866e189c	352c096f011eb282f12e6d4c12281340fac96b635a2879cc065d7637a6592872	wsh	local	57bc72c1c92472ccfb05e677071bf95d82fff4df3044f34a92a629596b62cd1b	2264a8042763edf2620cfe32d96b096e1f3d26aa	5.9.2	2.55.0	1000	150	untracked	17	1.048	7.127	1	1	0	1	1788332765.138643	1788332765.302091	254106554	254106765
2026-09-02T07:04:40Z	8dc0b5fea25671d6745a556bffb740d3866e189c	352c096f011eb282f12e6d4c12281340fac96b635a2879cc065d7637a6592872	wsh	local	57bc72c1c92472ccfb05e677071bf95d82fff4df3044f34a92a629596b62cd1b	2264a8042763edf2620cfe32d96b096e1f3d26aa	5.9.2	2.55.0	1000	150	untracked	18	0.993	6.988	1	1	0	1	1788332765.637597	1788332765.800648	254107225	254107426
2026-09-02T07:04:40Z	8dc0b5fea25671d6745a556bffb740d3866e189c	352c096f011eb282f12e6d4c12281340fac96b635a2879cc065d7637a6592872	wsh	local	57bc72c1c92472ccfb05e677071bf95d82fff4df3044f34a92a629596b62cd1b	2264a8042763edf2620cfe32d96b096e1f3d26aa	5.9.2	2.55.0	1000	150	untracked	19	0.994	6.943	1	1	0	1	1788332766.136194	1788332766.299626	254107818	254107946
2026-09-02T07:04:40Z	8dc0b5fea25671d6745a556bffb740d3866e189c	352c096f011eb282f12e6d4c12281340fac96b635a2879cc065d7637a6592872	wsh	local	57bc72c1c92472ccfb05e677071bf95d82fff4df3044f34a92a629596b62cd1b	2264a8042763edf2620cfe32d96b096e1f3d26aa	5.9.2	2.55.0	1000	150	untracked	20	1.037	7.734	1	1	0	1	1788332766.635543	1788332766.799797	254108540	254108951
2026-09-02T07:04:40Z	8dc0b5fea25671d6745a556bffb740d3866e189c	352c096f011eb282f12e6d4c12281340fac96b635a2879cc065d7637a6592872	wsh-trace	local	57bc72c1c92472ccfb05e677071bf95d82fff4df3044f34a92a629596b62cd1b	2264a8042763edf2620cfe32d96b096e1f3d26aa	5.9.2	2.55.0	1000	150	clean	1	1.285	6.837	1	1	0	1	1788332768.040019	1788332768.203641	254111190	254111351
2026-09-02T07:04:40Z	8dc0b5fea25671d6745a556bffb740d3866e189c	352c096f011eb282f12e6d4c12281340fac96b635a2879cc065d7637a6592872	wsh-trace	local	57bc72c1c92472ccfb05e677071bf95d82fff4df3044f34a92a629596b62cd1b	2264a8042763edf2620cfe32d96b096e1f3d26aa	5.9.2	2.55.0	1000	150	clean	2	1.069	6.905	1	1	0	1	1788332768.538067	1788332768.701541	254111745	254111932
2026-09-02T07:04:40Z	8dc0b5fea25671d6745a556bffb740d3866e189c	352c096f011eb282f12e6d4c12281340fac96b635a2879cc065d7637a6592872	wsh-trace	local	57bc72c1c92472ccfb05e677071bf95d82fff4df3044f34a92a629596b62cd1b	2264a8042763edf2620cfe32d96b096e1f3d26aa	5.9.2	2.55.0	1000	150	clean	3	1.128	6.555	1	1	0	1	1788332769.035731	1788332769.198740	254112419	254112686
2026-09-02T07:04:40Z	8dc0b5fea25671d6745a556bffb740d3866e189c	352c096f011eb282f12e6d4c12281340fac96b635a2879cc065d7637a6592872	wsh-trace	local	57bc72c1c92472ccfb05e677071bf95d82fff4df3044f34a92a629596b62cd1b	2264a8042763edf2620cfe32d96b096e1f3d26aa	5.9.2	2.55.0	1000	150	clean	4	1.236	6.951	1	1	0	1	1788332769.533504	1788332769.697602	254113111	254113357
2026-09-02T07:04:40Z	8dc0b5fea25671d6745a556bffb740d3866e189c	352c096f011eb282f12e6d4c12281340fac96b635a2879cc065d7637a6592872	wsh-trace	local	57bc72c1c92472ccfb05e677071bf95d82fff4df3044f34a92a629596b62cd1b	2264a8042763edf2620cfe32d96b096e1f3d26aa	5.9.2	2.55.0	1000	150	clean	5	1.387	7.144	1	1	0	1	1788332770.032373	1788332770.196125	254113734	254113911
2026-09-02T07:04:40Z	8dc0b5fea25671d6745a556bffb740d3866e189c	352c096f011eb282f12e6d4c12281340fac96b635a2879cc065d7637a6592872	wsh-trace	local	57bc72c1c92472ccfb05e677071bf95d82fff4df3044f34a92a629596b62cd1b	2264a8042763edf2620cfe32d96b096e1f3d26aa	5.9.2	2.55.0	1000	150	clean	6	1.092	6.922	1	1	0	1	1788332770.530569	1788332770.694242	254114578	254114752
2026-09-02T07:04:40Z	8dc0b5fea25671d6745a556bffb740d3866e189c	352c096f011eb282f12e6d4c12281340fac96b635a2879cc065d7637a6592872	wsh-trace	local	57bc72c1c92472ccfb05e677071bf95d82fff4df3044f34a92a629596b62cd1b	2264a8042763edf2620cfe32d96b096e1f3d26aa	5.9.2	2.55.0	1000	150	clean	7	1.038	7.025	1	1	0	1	1788332771.029606	1788332771.193129	254115523	254115824
2026-09-02T07:04:40Z	8dc0b5fea25671d6745a556bffb740d3866e189c	352c096f011eb282f12e6d4c12281340fac96b635a2879cc065d7637a6592872	wsh-trace	local	57bc72c1c92472ccfb05e677071bf95d82fff4df3044f34a92a629596b62cd1b	2264a8042763edf2620cfe32d96b096e1f3d26aa	5.9.2	2.55.0	1000	150	clean	8	1.359	6.877	1	1	0	1	1788332771.528511	1788332771.692118	254116181	254116458
2026-09-02T07:04:40Z	8dc0b5fea25671d6745a556bffb740d3866e189c	352c096f011eb282f12e6d4c12281340fac96b635a2879cc065d7637a6592872	wsh-trace	local	57bc72c1c92472ccfb05e677071bf95d82fff4df3044f34a92a629596b62cd1b	2264a8042763edf2620cfe32d96b096e1f3d26aa	5.9.2	2.55.0	1000	150	clean	9	1.160	6.919	1	1	0	1	1788332772.026015	1788332772.189496	254117000	254117147
2026-09-02T07:04:40Z	8dc0b5fea25671d6745a556bffb740d3866e189c	352c096f011eb282f12e6d4c12281340fac96b635a2879cc065d7637a6592872	wsh-trace	local	57bc72c1c92472ccfb05e677071bf95d82fff4df3044f34a92a629596b62cd1b	2264a8042763edf2620cfe32d96b096e1f3d26aa	5.9.2	2.55.0	1000	150	clean	10	1.131	7.076	1	1	0	1	1788332772.524355	1788332772.688453	254117598	254117817
2026-09-02T07:04:40Z	8dc0b5fea25671d6745a556bffb740d3866e189c	352c096f011eb282f12e6d4c12281340fac96b635a2879cc065d7637a6592872	wsh-trace	local	57bc72c1c92472ccfb05e677071bf95d82fff4df3044f34a92a629596b62cd1b	2264a8042763edf2620cfe32d96b096e1f3d26aa	5.9.2	2.55.0	1000	150	clean	11	1.156	6.792	1	1	0	1	1788332773.023657	1788332773.186801	254118266	254118688
2026-09-02T07:04:40Z	8dc0b5fea25671d6745a556bffb740d3866e189c	352c096f011eb282f12e6d4c12281340fac96b635a2879cc065d7637a6592872	wsh-trace	local	57bc72c1c92472ccfb05e677071bf95d82fff4df3044f34a92a629596b62cd1b	2264a8042763edf2620cfe32d96b096e1f3d26aa	5.9.2	2.55.0	1000	150	clean	12	1.109	7.170	1	1	0	1	1788332773.521070	1788332773.685109	254119086	254119277
2026-09-02T07:04:40Z	8dc0b5fea25671d6745a556bffb740d3866e189c	352c096f011eb282f12e6d4c12281340fac96b635a2879cc065d7637a6592872	wsh-trace	local	57bc72c1c92472ccfb05e677071bf95d82fff4df3044f34a92a629596b62cd1b	2264a8042763edf2620cfe32d96b096e1f3d26aa	5.9.2	2.55.0	1000	150	clean	13	1.092	6.476	1	1	0	1	1788332774.021135	1788332774.184607	254119665	254119836
2026-09-02T07:04:40Z	8dc0b5fea25671d6745a556bffb740d3866e189c	352c096f011eb282f12e6d4c12281340fac96b635a2879cc065d7637a6592872	wsh-trace	local	57bc72c1c92472ccfb05e677071bf95d82fff4df3044f34a92a629596b62cd1b	2264a8042763edf2620cfe32d96b096e1f3d26aa	5.9.2	2.55.0	1000	150	clean	14	1.095	6.704	1	1	0	1	1788332774.519929	1788332774.683651	254120263	254120414
2026-09-02T07:04:40Z	8dc0b5fea25671d6745a556bffb740d3866e189c	352c096f011eb282f12e6d4c12281340fac96b635a2879cc065d7637a6592872	wsh-trace	local	57bc72c1c92472ccfb05e677071bf95d82fff4df3044f34a92a629596b62cd1b	2264a8042763edf2620cfe32d96b096e1f3d26aa	5.9.2	2.55.0	1000	150	clean	15	1.094	6.777	1	1	0	1	1788332775.018805	1788332775.182380	254120782	254120961
2026-09-02T07:04:40Z	8dc0b5fea25671d6745a556bffb740d3866e189c	352c096f011eb282f12e6d4c12281340fac96b635a2879cc065d7637a6592872	wsh-trace	local	57bc72c1c92472ccfb05e677071bf95d82fff4df3044f34a92a629596b62cd1b	2264a8042763edf2620cfe32d96b096e1f3d26aa	5.9.2	2.55.0	1000	150	clean	16	1.077	6.826	1	1	0	1	1788332775.518111	1788332775.681844	254121640	254121789
2026-09-02T07:04:40Z	8dc0b5fea25671d6745a556bffb740d3866e189c	352c096f011eb282f12e6d4c12281340fac96b635a2879cc065d7637a6592872	wsh-trace	local	57bc72c1c92472ccfb05e677071bf95d82fff4df3044f34a92a629596b62cd1b	2264a8042763edf2620cfe32d96b096e1f3d26aa	5.9.2	2.55.0	1000	150	clean	17	1.384	7.283	1	1	0	1	1788332776.017255	1788332776.181505	254122138	254122306
2026-09-02T07:04:40Z	8dc0b5fea25671d6745a556bffb740d3866e189c	352c096f011eb282f12e6d4c12281340fac96b635a2879cc065d7637a6592872	wsh-trace	local	57bc72c1c92472ccfb05e677071bf95d82fff4df3044f34a92a629596b62cd1b	2264a8042763edf2620cfe32d96b096e1f3d26aa	5.9.2	2.55.0	1000	150	clean	18	1.126	7.058	1	1	0	1	1788332776.517037	1788332776.681185	254122726	254122867
2026-09-02T07:04:40Z	8dc0b5fea25671d6745a556bffb740d3866e189c	352c096f011eb282f12e6d4c12281340fac96b635a2879cc065d7637a6592872	wsh-trace	local	57bc72c1c92472ccfb05e677071bf95d82fff4df3044f34a92a629596b62cd1b	2264a8042763edf2620cfe32d96b096e1f3d26aa	5.9.2	2.55.0	1000	150	clean	19	1.121	6.987	1	1	0	1	1788332777.017091	1788332777.182067	254123482	254125941
2026-09-02T07:04:40Z	8dc0b5fea25671d6745a556bffb740d3866e189c	352c096f011eb282f12e6d4c12281340fac96b635a2879cc065d7637a6592872	wsh-trace	local	57bc72c1c92472ccfb05e677071bf95d82fff4df3044f34a92a629596b62cd1b	2264a8042763edf2620cfe32d96b096e1f3d26aa	5.9.2	2.55.0	1000	150	clean	20	1.114	7.121	1	1	0	1	1788332777.518065	1788332777.682603	254126345	254126584
2026-09-02T07:04:40Z	8dc0b5fea25671d6745a556bffb740d3866e189c	352c096f011eb282f12e6d4c12281340fac96b635a2879cc065d7637a6592872	wsh-trace	local	57bc72c1c92472ccfb05e677071bf95d82fff4df3044f34a92a629596b62cd1b	2264a8042763edf2620cfe32d96b096e1f3d26aa	5.9.2	2.55.0	1000	150	dirty	1	1.148	7.323	1	1	0	1	1788332778.041994	1788332778.206500	254127136	254127320
2026-09-02T07:04:40Z	8dc0b5fea25671d6745a556bffb740d3866e189c	352c096f011eb282f12e6d4c12281340fac96b635a2879cc065d7637a6592872	wsh-trace	local	57bc72c1c92472ccfb05e677071bf95d82fff4df3044f34a92a629596b62cd1b	2264a8042763edf2620cfe32d96b096e1f3d26aa	5.9.2	2.55.0	1000	150	dirty	2	1.124	6.913	1	1	0	1	1788332778.542000	1788332778.706036	254127644	254127784
2026-09-02T07:04:40Z	8dc0b5fea25671d6745a556bffb740d3866e189c	352c096f011eb282f12e6d4c12281340fac96b635a2879cc065d7637a6592872	wsh-trace	local	57bc72c1c92472ccfb05e677071bf95d82fff4df3044f34a92a629596b62cd1b	2264a8042763edf2620cfe32d96b096e1f3d26aa	5.9.2	2.55.0	1000	150	dirty	3	1.101	7.462	1	1	0	1	1788332779.041374	1788332779.206160	254128154	254128345
2026-09-02T07:04:40Z	8dc0b5fea25671d6745a556bffb740d3866e189c	352c096f011eb282f12e6d4c12281340fac96b635a2879cc065d7637a6592872	wsh-trace	local	57bc72c1c92472ccfb05e677071bf95d82fff4df3044f34a92a629596b62cd1b	2264a8042763edf2620cfe32d96b096e1f3d26aa	5.9.2	2.55.0	1000	150	dirty	4	0.852	6.755	1	1	0	1	1788332779.541771	1788332779.705436	254128697	254128942
2026-09-02T07:04:40Z	8dc0b5fea25671d6745a556bffb740d3866e189c	352c096f011eb282f12e6d4c12281340fac96b635a2879cc065d7637a6592872	wsh-trace	local	57bc72c1c92472ccfb05e677071bf95d82fff4df3044f34a92a629596b62cd1b	2264a8042763edf2620cfe32d96b096e1f3d26aa	5.9.2	2.55.0	1000	150	dirty	5	1.189	7.363	1	1	0	1	1788332780.041362	1788332780.205957	254129311	254129478
2026-09-02T07:04:40Z	8dc0b5fea25671d6745a556bffb740d3866e189c	352c096f011eb282f12e6d4c12281340fac96b635a2879cc065d7637a6592872	wsh-trace	local	57bc72c1c92472ccfb05e677071bf95d82fff4df3044f34a92a629596b62cd1b	2264a8042763edf2620cfe32d96b096e1f3d26aa	5.9.2	2.55.0	1000	150	dirty	6	1.110	7.235	1	1	0	1	1788332780.542735	1788332780.706609	254130833	254131068
2026-09-02T07:04:40Z	8dc0b5fea25671d6745a556bffb740d3866e189c	352c096f011eb282f12e6d4c12281340fac96b635a2879cc065d7637a6592872	wsh-trace	local	57bc72c1c92472ccfb05e677071bf95d82fff4df3044f34a92a629596b62cd1b	2264a8042763edf2620cfe32d96b096e1f3d26aa	5.9.2	2.55.0	1000	150	dirty	7	0.865	6.972	1	1	0	1	1788332781.042405	1788332781.206491	254131547	254131725
2026-09-02T07:04:40Z	8dc0b5fea25671d6745a556bffb740d3866e189c	352c096f011eb282f12e6d4c12281340fac96b635a2879cc065d7637a6592872	wsh-trace	local	57bc72c1c92472ccfb05e677071bf95d82fff4df3044f34a92a629596b62cd1b	2264a8042763edf2620cfe32d96b096e1f3d26aa	5.9.2	2.55.0	1000	150	dirty	8	0.845	6.955	1	1	0	1	1788332781.542945	1788332781.707043	254132081	254132249
2026-09-02T07:04:40Z	8dc0b5fea25671d6745a556bffb740d3866e189c	352c096f011eb282f12e6d4c12281340fac96b635a2879cc065d7637a6592872	wsh-trace	local	57bc72c1c92472ccfb05e677071bf95d82fff4df3044f34a92a629596b62cd1b	2264a8042763edf2620cfe32d96b096e1f3d26aa	5.9.2	2.55.0	1000	150	dirty	9	1.161	6.922	1	1	0	1	1788332782.044003	1788332782.208262	254132701	254132838
2026-09-02T07:04:40Z	8dc0b5fea25671d6745a556bffb740d3866e189c	352c096f011eb282f12e6d4c12281340fac96b635a2879cc065d7637a6592872	wsh-trace	local	57bc72c1c92472ccfb05e677071bf95d82fff4df3044f34a92a629596b62cd1b	2264a8042763edf2620cfe32d96b096e1f3d26aa	5.9.2	2.55.0	1000	150	dirty	10	0.897	6.956	1	1	0	1	1788332782.545406	1788332782.709681	254133317	254133517
2026-09-02T07:04:40Z	8dc0b5fea25671d6745a556bffb740d3866e189c	352c096f011eb282f12e6d4c12281340fac96b635a2879cc065d7637a6592872	wsh-trace	local	57bc72c1c92472ccfb05e677071bf95d82fff4df3044f34a92a629596b62cd1b	2264a8042763edf2620cfe32d96b096e1f3d26aa	5.9.2	2.55.0	1000	150	dirty	11	1.139	7.455	1	1	0	1	1788332783.046458	1788332783.210983	254134648	254134838
2026-09-02T07:04:40Z	8dc0b5fea25671d6745a556bffb740d3866e189c	352c096f011eb282f12e6d4c12281340fac96b635a2879cc065d7637a6592872	wsh-trace	local	57bc72c1c92472ccfb05e677071bf95d82fff4df3044f34a92a629596b62cd1b	2264a8042763edf2620cfe32d96b096e1f3d26aa	5.9.2	2.55.0	1000	150	dirty	12	1.178	7.036	1	1	0	1	1788332783.547416	1788332783.711728	254135162	254135351
2026-09-02T07:04:40Z	8dc0b5fea25671d6745a556bffb740d3866e189c	352c096f011eb282f12e6d4c12281340fac96b635a2879cc065d7637a6592872	wsh-trace	local	57bc72c1c92472ccfb05e677071bf95d82fff4df3044f34a92a629596b62cd1b	2264a8042763edf2620cfe32d96b096e1f3d26aa	5.9.2	2.55.0	1000	150	dirty	13	1.146	6.896	1	1	0	1	1788332784.048791	1788332784.213061	254135935	254136080
2026-09-02T07:04:40Z	8dc0b5fea25671d6745a556bffb740d3866e189c	352c096f011eb282f12e6d4c12281340fac96b635a2879cc065d7637a6592872	wsh-trace	local	57bc72c1c92472ccfb05e677071bf95d82fff4df3044f34a92a629596b62cd1b	2264a8042763edf2620cfe32d96b096e1f3d26aa	5.9.2	2.55.0	1000	150	dirty	14	0.868	6.655	1	1	0	1	1788332784.549522	1788332784.713279	254136328	254136452
2026-09-02T07:04:40Z	8dc0b5fea25671d6745a556bffb740d3866e189c	352c096f011eb282f12e6d4c12281340fac96b635a2879cc065d7637a6592872	wsh-trace	local	57bc72c1c92472ccfb05e677071bf95d82fff4df3044f34a92a629596b62cd1b	2264a8042763edf2620cfe32d96b096e1f3d26aa	5.9.2	2.55.0	1000	150	dirty	15	1.184	7.102	1	1	0	1	1788332785.050555	1788332785.215068	254136781	254136904
2026-09-02T07:04:40Z	8dc0b5fea25671d6745a556bffb740d3866e189c	352c096f011eb282f12e6d4c12281340fac96b635a2879cc065d7637a6592872	wsh-trace	local	57bc72c1c92472ccfb05e677071bf95d82fff4df3044f34a92a629596b62cd1b	2264a8042763edf2620cfe32d96b096e1f3d26aa	5.9.2	2.55.0	1000	150	dirty	16	1.215	6.816	1	1	0	1	1788332785.551498	1788332785.715891	254137180	254137344
2026-09-02T07:04:40Z	8dc0b5fea25671d6745a556bffb740d3866e189c	352c096f011eb282f12e6d4c12281340fac96b635a2879cc065d7637a6592872	wsh-trace	local	57bc72c1c92472ccfb05e677071bf95d82fff4df3044f34a92a629596b62cd1b	2264a8042763edf2620cfe32d96b096e1f3d26aa	5.9.2	2.55.0	1000	150	dirty	17	1.215	6.816	1	1	0	1	1788332786.053319	1788332786.217441	254137898	254138063
2026-09-02T07:04:40Z	8dc0b5fea25671d6745a556bffb740d3866e189c	352c096f011eb282f12e6d4c12281340fac96b635a2879cc065d7637a6592872	wsh-trace	local	57bc72c1c92472ccfb05e677071bf95d82fff4df3044f34a92a629596b62cd1b	2264a8042763edf2620cfe32d96b096e1f3d26aa	5.9.2	2.55.0	1000	150	dirty	18	1.224	6.804	1	1	0	1	1788332786.554251	1788332786.718703	254138353	254138488
2026-09-02T07:04:40Z	8dc0b5fea25671d6745a556bffb740d3866e189c	352c096f011eb282f12e6d4c12281340fac96b635a2879cc065d7637a6592872	wsh-trace	local	57bc72c1c92472ccfb05e677071bf95d82fff4df3044f34a92a629596b62cd1b	2264a8042763edf2620cfe32d96b096e1f3d26aa	5.9.2	2.55.0	1000	150	dirty	19	1.223	7.310	1	1	0	1	1788332787.056755	1788332787.221837	254138908	254139065
2026-09-02T07:04:40Z	8dc0b5fea25671d6745a556bffb740d3866e189c	352c096f011eb282f12e6d4c12281340fac96b635a2879cc065d7637a6592872	wsh-trace	local	57bc72c1c92472ccfb05e677071bf95d82fff4df3044f34a92a629596b62cd1b	2264a8042763edf2620cfe32d96b096e1f3d26aa	5.9.2	2.55.0	1000	150	dirty	20	1.253	7.533	1	1	0	1	1788332787.559908	1788332787.725301	254139369	254139669
2026-09-02T07:04:40Z	8dc0b5fea25671d6745a556bffb740d3866e189c	352c096f011eb282f12e6d4c12281340fac96b635a2879cc065d7637a6592872	wsh-trace	local	57bc72c1c92472ccfb05e677071bf95d82fff4df3044f34a92a629596b62cd1b	2264a8042763edf2620cfe32d96b096e1f3d26aa	5.9.2	2.55.0	1000	150	untracked	1	1.251	7.263	1	1	0	1	1788332788.085608	1788332788.250667	254140139	254140297
2026-09-02T07:04:40Z	8dc0b5fea25671d6745a556bffb740d3866e189c	352c096f011eb282f12e6d4c12281340fac96b635a2879cc065d7637a6592872	wsh-trace	local	57bc72c1c92472ccfb05e677071bf95d82fff4df3044f34a92a629596b62cd1b	2264a8042763edf2620cfe32d96b096e1f3d26aa	5.9.2	2.55.0	1000	150	untracked	2	1.251	7.050	1	1	0	1	1788332788.589715	1788332788.754408	254140649	254140796
2026-09-02T07:04:40Z	8dc0b5fea25671d6745a556bffb740d3866e189c	352c096f011eb282f12e6d4c12281340fac96b635a2879cc065d7637a6592872	wsh-trace	local	57bc72c1c92472ccfb05e677071bf95d82fff4df3044f34a92a629596b62cd1b	2264a8042763edf2620cfe32d96b096e1f3d26aa	5.9.2	2.55.0	1000	150	untracked	3	1.270	7.519	1	1	0	1	1788332789.094210	1788332789.259700	254141123	254141295
2026-09-02T07:04:40Z	8dc0b5fea25671d6745a556bffb740d3866e189c	352c096f011eb282f12e6d4c12281340fac96b635a2879cc065d7637a6592872	wsh-trace	local	57bc72c1c92472ccfb05e677071bf95d82fff4df3044f34a92a629596b62cd1b	2264a8042763edf2620cfe32d96b096e1f3d26aa	5.9.2	2.55.0	1000	150	untracked	4	1.265	7.594	1	1	0	1	1788332789.600363	1788332789.765855	254141572	254141955
2026-09-02T07:04:40Z	8dc0b5fea25671d6745a556bffb740d3866e189c	352c096f011eb282f12e6d4c12281340fac96b635a2879cc065d7637a6592872	wsh-trace	local	57bc72c1c92472ccfb05e677071bf95d82fff4df3044f34a92a629596b62cd1b	2264a8042763edf2620cfe32d96b096e1f3d26aa	5.9.2	2.55.0	1000	150	untracked	5	1.305	7.141	1	1	0	1	1788332790.105767	1788332790.270899	254142609	254142860
2026-09-02T07:04:40Z	8dc0b5fea25671d6745a556bffb740d3866e189c	352c096f011eb282f12e6d4c12281340fac96b635a2879cc065d7637a6592872	wsh-trace	local	57bc72c1c92472ccfb05e677071bf95d82fff4df3044f34a92a629596b62cd1b	2264a8042763edf2620cfe32d96b096e1f3d26aa	5.9.2	2.55.0	1000	150	untracked	6	1.242	7.449	1	1	0	1	1788332790.610389	1788332790.776071	254143354	254143486
2026-09-02T07:04:40Z	8dc0b5fea25671d6745a556bffb740d3866e189c	352c096f011eb282f12e6d4c12281340fac96b635a2879cc065d7637a6592872	wsh-trace	local	57bc72c1c92472ccfb05e677071bf95d82fff4df3044f34a92a629596b62cd1b	2264a8042763edf2620cfe32d96b096e1f3d26aa	5.9.2	2.55.0	1000	150	untracked	7	1.248	7.698	1	1	0	1	1788332791.116532	1788332791.282164	254144197	254144408
2026-09-02T07:04:40Z	8dc0b5fea25671d6745a556bffb740d3866e189c	352c096f011eb282f12e6d4c12281340fac96b635a2879cc065d7637a6592872	wsh-trace	local	57bc72c1c92472ccfb05e677071bf95d82fff4df3044f34a92a629596b62cd1b	2264a8042763edf2620cfe32d96b096e1f3d26aa	5.9.2	2.55.0	1000	150	untracked	8	1.390	7.182	1	1	0	1	1788332791.622473	1788332791.787992	254144935	254145212
2026-09-02T07:04:40Z	8dc0b5fea25671d6745a556bffb740d3866e189c	352c096f011eb282f12e6d4c12281340fac96b635a2879cc065d7637a6592872	wsh-trace	local	57bc72c1c92472ccfb05e677071bf95d82fff4df3044f34a92a629596b62cd1b	2264a8042763edf2620cfe32d96b096e1f3d26aa	5.9.2	2.55.0	1000	150	untracked	9	1.281	7.178	1	1	0	1	1788332792.127882	1788332792.292947	254145629	254145805
2026-09-02T07:04:40Z	8dc0b5fea25671d6745a556bffb740d3866e189c	352c096f011eb282f12e6d4c12281340fac96b635a2879cc065d7637a6592872	wsh-trace	local	57bc72c1c92472ccfb05e677071bf95d82fff4df3044f34a92a629596b62cd1b	2264a8042763edf2620cfe32d96b096e1f3d26aa	5.9.2	2.55.0	1000	150	untracked	10	1.376	7.555	1	1	0	1	1788332792.633687	1788332792.799579	254146365	254146547
2026-09-02T07:04:40Z	8dc0b5fea25671d6745a556bffb740d3866e189c	352c096f011eb282f12e6d4c12281340fac96b635a2879cc065d7637a6592872	wsh-trace	local	57bc72c1c92472ccfb05e677071bf95d82fff4df3044f34a92a629596b62cd1b	2264a8042763edf2620cfe32d96b096e1f3d26aa	5.9.2	2.55.0	1000	150	untracked	11	1.267	7.130	1	1	0	1	1788332793.140342	1788332793.305548	254146949	254147125
2026-09-02T07:04:40Z	8dc0b5fea25671d6745a556bffb740d3866e189c	352c096f011eb282f12e6d4c12281340fac96b635a2879cc065d7637a6592872	wsh-trace	local	57bc72c1c92472ccfb05e677071bf95d82fff4df3044f34a92a629596b62cd1b	2264a8042763edf2620cfe32d96b096e1f3d26aa	5.9.2	2.55.0	1000	150	untracked	12	1.272	6.956	1	1	0	1	1788332793.645674	1788332793.810852	254147486	254147704
2026-09-02T07:04:40Z	8dc0b5fea25671d6745a556bffb740d3866e189c	352c096f011eb282f12e6d4c12281340fac96b635a2879cc065d7637a6592872	wsh-trace	local	57bc72c1c92472ccfb05e677071bf95d82fff4df3044f34a92a629596b62cd1b	2264a8042763edf2620cfe32d96b096e1f3d26aa	5.9.2	2.55.0	1000	150	untracked	13	1.285	7.103	1	1	0	1	1788332794.151304	1788332794.316844	254148214	254148441
2026-09-02T07:04:40Z	8dc0b5fea25671d6745a556bffb740d3866e189c	352c096f011eb282f12e6d4c12281340fac96b635a2879cc065d7637a6592872	wsh-trace	local	57bc72c1c92472ccfb05e677071bf95d82fff4df3044f34a92a629596b62cd1b	2264a8042763edf2620cfe32d96b096e1f3d26aa	5.9.2	2.55.0	1000	150	untracked	14	1.280	7.083	1	1	0	1	1788332794.656985	1788332794.822254	254148824	254149002
2026-09-02T07:04:40Z	8dc0b5fea25671d6745a556bffb740d3866e189c	352c096f011eb282f12e6d4c12281340fac96b635a2879cc065d7637a6592872	wsh-trace	local	57bc72c1c92472ccfb05e677071bf95d82fff4df3044f34a92a629596b62cd1b	2264a8042763edf2620cfe32d96b096e1f3d26aa	5.9.2	2.55.0	1000	150	untracked	15	1.062	7.016	1	1	0	1	1788332795.163520	1788332795.329703	254149715	254150551
2026-09-02T07:04:40Z	8dc0b5fea25671d6745a556bffb740d3866e189c	352c096f011eb282f12e6d4c12281340fac96b635a2879cc065d7637a6592872	wsh-trace	local	57bc72c1c92472ccfb05e677071bf95d82fff4df3044f34a92a629596b62cd1b	2264a8042763edf2620cfe32d96b096e1f3d26aa	5.9.2	2.55.0	1000	150	untracked	16	1.336	7.097	1	1	0	1	1788332795.671712	1788332795.837585	254151291	254151559
2026-09-02T07:04:40Z	8dc0b5fea25671d6745a556bffb740d3866e189c	352c096f011eb282f12e6d4c12281340fac96b635a2879cc065d7637a6592872	wsh-trace	local	57bc72c1c92472ccfb05e677071bf95d82fff4df3044f34a92a629596b62cd1b	2264a8042763edf2620cfe32d96b096e1f3d26aa	5.9.2	2.55.0	1000	150	untracked	17	1.361	7.430	1	1	0	1	1788332796.178855	1788332796.344825	254152759	254153107
2026-09-02T07:04:40Z	8dc0b5fea25671d6745a556bffb740d3866e189c	352c096f011eb282f12e6d4c12281340fac96b635a2879cc065d7637a6592872	wsh-trace	local	57bc72c1c92472ccfb05e677071bf95d82fff4df3044f34a92a629596b62cd1b	2264a8042763edf2620cfe32d96b096e1f3d26aa	5.9.2	2.55.0	1000	150	untracked	18	1.324	7.192	1	1	0	1	1788332796.686210	1788332796.852359	254153749	254154156
2026-09-02T07:04:40Z	8dc0b5fea25671d6745a556bffb740d3866e189c	352c096f011eb282f12e6d4c12281340fac96b635a2879cc065d7637a6592872	wsh-trace	local	57bc72c1c92472ccfb05e677071bf95d82fff4df3044f34a92a629596b62cd1b	2264a8042763edf2620cfe32d96b096e1f3d26aa	5.9.2	2.55.0	1000	150	untracked	19	1.329	7.534	1	1	0	1	1788332797.193667	1788332797.359903	254154533	254155273
2026-09-02T07:04:40Z	8dc0b5fea25671d6745a556bffb740d3866e189c	352c096f011eb282f12e6d4c12281340fac96b635a2879cc065d7637a6592872	wsh-trace	local	57bc72c1c92472ccfb05e677071bf95d82fff4df3044f34a92a629596b62cd1b	2264a8042763edf2620cfe32d96b096e1f3d26aa	5.9.2	2.55.0	1000	150	untracked	20	1.331	7.624	1	1	0	1	1788332797.702477	1788332797.868728	254155983	254156746
