config	sample	span_or_milestone	milliseconds
actual	forward-0	First editable prompt	1033.461
actual	forward-0	Launcher to Zsh startup	2.441
actual	forward-0	User .zshenv	694.796
actual	forward-0	User .zshrc	267.891
actual	forward-0	History substring search	3.068
actual	forward-0	Autosuggestions	0.38
actual	forward-0	Syntax highlighting	0.391
actual	forward-0	Wsh integration	2.402
actual	forward-0	First precmd	0.345
actual	forward-0	Runtime ready	973.086
actual	forward-0	Repository discovery	0.027
actual	forward-0	Git process	11.349
actual	forward-0	Git output parsing	0.032
actual	forward-0	Provider total	11.928
actual	forward-0	Prompt rendering	0.01
actual	forward-0	Response write	0.01
actual	forward-0	Snapshot published	1047.256
actual	forward-0	Snapshot applied and repainted	1048.233
actual	forward-1	First editable prompt	1049.465
actual	forward-1	Launcher to Zsh startup	2.452
actual	forward-1	User .zshenv	699.92
actual	forward-1	User .zshrc	278.528
actual	forward-1	History substring search	3.062
actual	forward-1	Autosuggestions	0.362
actual	forward-1	Syntax highlighting	0.398
actual	forward-1	Wsh integration	2.467
actual	forward-1	First precmd	0.354
actual	forward-1	Runtime ready	988.912
actual	forward-1	Repository discovery	0.027
actual	forward-1	Git process	7.441
actual	forward-1	Git output parsing	0.039
actual	forward-1	Provider total	12.026
actual	forward-1	Prompt rendering	0.011
actual	forward-1	Response write	0.013
actual	forward-1	Snapshot published	1063.699
actual	forward-1	Snapshot applied and repainted	1064.705
actual	forward-10	First editable prompt	1038.268
actual	forward-10	Launcher to Zsh startup	2.476
actual	forward-10	User .zshenv	696.675
actual	forward-10	User .zshrc	271.529
actual	forward-10	History substring search	3.087
actual	forward-10	Autosuggestions	0.353
actual	forward-10	Syntax highlighting	0.389
actual	forward-10	Wsh integration	2.394
actual	forward-10	First precmd	0.363
actual	forward-10	Runtime ready	978.767
actual	forward-10	Repository discovery	0.027
actual	forward-10	Git process	10.985
actual	forward-10	Git output parsing	0.031
actual	forward-10	Provider total	11.562
actual	forward-10	Prompt rendering	0.008
actual	forward-10	Response write	0.009
actual	forward-10	Snapshot published	1051.699
actual	forward-10	Snapshot applied and repainted	1052.669
actual	forward-11	First editable prompt	1045.896
actual	forward-11	Launcher to Zsh startup	2.491
actual	forward-11	User .zshenv	705.044
actual	forward-11	User .zshrc	269.986
actual	forward-11	History substring search	3.121
actual	forward-11	Autosuggestions	0.351
actual	forward-11	Syntax highlighting	0.395
actual	forward-11	Wsh integration	2.454
actual	forward-11	First precmd	0.363
actual	forward-11	Runtime ready	985.602
actual	forward-11	Repository discovery	0.027
actual	forward-11	Git process	11.179
actual	forward-11	Git output parsing	0.032
actual	forward-11	Provider total	11.744
actual	forward-11	Prompt rendering	0.008
actual	forward-11	Response write	0.01
actual	forward-11	Snapshot published	1059.522
actual	forward-11	Snapshot applied and repainted	1060.481
actual	forward-12	First editable prompt	1064.992
actual	forward-12	Launcher to Zsh startup	2.433
actual	forward-12	User .zshenv	711.162
actual	forward-12	User .zshrc	280.327
actual	forward-12	History substring search	3.244
actual	forward-12	Autosuggestions	0.406
actual	forward-12	Syntax highlighting	0.41
actual	forward-12	Wsh integration	2.626
actual	forward-12	First precmd	0.368
actual	forward-12	Runtime ready	1002.441
actual	forward-12	Repository discovery	0.027
actual	forward-12	Git process	11.476
actual	forward-12	Git output parsing	0.032
actual	forward-12	Provider total	12.152
actual	forward-12	Prompt rendering	0.019
actual	forward-12	Response write	0.011
actual	forward-12	Snapshot published	1079.346
actual	forward-12	Snapshot applied and repainted	1080.389
actual	forward-13	First editable prompt	1032.104
actual	forward-13	Launcher to Zsh startup	2.455
actual	forward-13	User .zshenv	692.41
actual	forward-13	User .zshrc	269.031
actual	forward-13	History substring search	3.143
actual	forward-13	Autosuggestions	0.367
actual	forward-13	Syntax highlighting	0.401
actual	forward-13	Wsh integration	2.477
actual	forward-13	First precmd	0.352
actual	forward-13	Runtime ready	971.023
actual	forward-13	Repository discovery	0.027
actual	forward-13	Git process	11.109
actual	forward-13	Git output parsing	0.031
actual	forward-13	Provider total	11.684
actual	forward-13	Prompt rendering	0.008
actual	forward-13	Response write	0.01
actual	forward-13	Snapshot published	1045.678
actual	forward-13	Snapshot applied and repainted	1046.654
actual	forward-14	First editable prompt	1037.836
actual	forward-14	Launcher to Zsh startup	2.442
actual	forward-14	User .zshenv	694.997
actual	forward-14	User .zshrc	272.214
actual	forward-14	History substring search	3.149
actual	forward-14	Autosuggestions	0.352
actual	forward-14	Syntax highlighting	0.401
actual	forward-14	Wsh integration	2.455
actual	forward-14	First precmd	0.352
actual	forward-14	Runtime ready	977.749
actual	forward-14	Repository discovery	0.028
actual	forward-14	Git process	11.227
actual	forward-14	Git output parsing	0.033
actual	forward-14	Provider total	11.824
actual	forward-14	Prompt rendering	0.009
actual	forward-14	Response write	0.009
actual	forward-14	Snapshot published	1051.535
actual	forward-14	Snapshot applied and repainted	1052.542
actual	forward-15	First editable prompt	1070.154
actual	forward-15	Launcher to Zsh startup	2.477
actual	forward-15	User .zshenv	720.114
actual	forward-15	User .zshrc	277.538
actual	forward-15	History substring search	3.179
actual	forward-15	Autosuggestions	0.359
actual	forward-15	Syntax highlighting	0.404
actual	forward-15	Wsh integration	2.469
actual	forward-15	First precmd	2.218
actual	forward-15	Runtime ready	1008.407
actual	forward-15	Repository discovery	0.03
actual	forward-15	Git process	11.535
actual	forward-15	Git output parsing	0.031
actual	forward-15	Provider total	12.158
actual	forward-15	Prompt rendering	0.008
actual	forward-15	Response write	0.01
actual	forward-15	Snapshot published	1084.522
actual	forward-15	Snapshot applied and repainted	1085.524
actual	forward-16	First editable prompt	1047.087
actual	forward-16	Launcher to Zsh startup	2.496
actual	forward-16	User .zshenv	705.745
actual	forward-16	User .zshrc	270.962
actual	forward-16	History substring search	3.085
actual	forward-16	Autosuggestions	0.361
actual	forward-16	Syntax highlighting	0.392
actual	forward-16	Wsh integration	2.526
actual	forward-16	First precmd	0.359
actual	forward-16	Runtime ready	987.312
actual	forward-16	Repository discovery	0.027
actual	forward-16	Git process	11.3
actual	forward-16	Git output parsing	0.032
actual	forward-16	Provider total	11.883
actual	forward-16	Prompt rendering	0.009
actual	forward-16	Response write	0.01
actual	forward-16	Snapshot published	1060.845
actual	forward-16	Snapshot applied and repainted	1061.832
actual	forward-17	First editable prompt	1068.899
actual	forward-17	Launcher to Zsh startup	2.579
actual	forward-17	User .zshenv	719.288
actual	forward-17	User .zshrc	275.964
actual	forward-17	History substring search	3.406
actual	forward-17	Autosuggestions	0.385
actual	forward-17	Syntax highlighting	0.523
actual	forward-17	Wsh integration	2.741
actual	forward-17	First precmd	0.346
actual	forward-17	Runtime ready	1006.726
actual	forward-17	Repository discovery	0.028
actual	forward-17	Git process	11.355
actual	forward-17	Git output parsing	0.032
actual	forward-17	Provider total	11.931
actual	forward-17	Prompt rendering	0.009
actual	forward-17	Response write	0.009
actual	forward-17	Snapshot published	1083.036
actual	forward-17	Snapshot applied and repainted	1084.024
actual	forward-18	First editable prompt	1042.711
actual	forward-18	Launcher to Zsh startup	2.551
actual	forward-18	User .zshenv	702.207
actual	forward-18	User .zshrc	268.355
actual	forward-18	History substring search	3.116
actual	forward-18	Autosuggestions	0.365
actual	forward-18	Syntax highlighting	0.39
actual	forward-18	Wsh integration	2.507
actual	forward-18	First precmd	0.361
actual	forward-18	Runtime ready	982.976
actual	forward-18	Repository discovery	0.029
actual	forward-18	Git process	6.288
actual	forward-18	Git output parsing	0.03
actual	forward-18	Provider total	10.594
actual	forward-18	Prompt rendering	0.008
actual	forward-18	Response write	0.01
actual	forward-18	Snapshot published	1058.016
actual	forward-18	Snapshot applied and repainted	1058.987
actual	forward-19	First editable prompt	1033.486
actual	forward-19	Launcher to Zsh startup	2.428
actual	forward-19	User .zshenv	695.042
actual	forward-19	User .zshrc	269.362
actual	forward-19	History substring search	3.143
actual	forward-19	Autosuggestions	0.364
actual	forward-19	Syntax highlighting	0.397
actual	forward-19	Wsh integration	2.408
actual	forward-19	First precmd	0.349
actual	forward-19	Runtime ready	974.837
actual	forward-19	Repository discovery	0.027
actual	forward-19	Git process	9.278
actual	forward-19	Git output parsing	0.031
actual	forward-19	Provider total	9.829
actual	forward-19	Prompt rendering	0.008
actual	forward-19	Response write	0.01
actual	forward-19	Snapshot published	1045.166
actual	forward-19	Snapshot applied and repainted	1046.159
actual	forward-2	First editable prompt	1034.487
actual	forward-2	Launcher to Zsh startup	2.458
actual	forward-2	User .zshenv	693.67
actual	forward-2	User .zshrc	270.368
actual	forward-2	History substring search	3.136
actual	forward-2	Autosuggestions	0.353
actual	forward-2	Syntax highlighting	0.398
actual	forward-2	Wsh integration	2.532
actual	forward-2	First precmd	0.355
actual	forward-2	Runtime ready	974.66
actual	forward-2	Repository discovery	0.027
actual	forward-2	Git process	11.134
actual	forward-2	Git output parsing	0.031
actual	forward-2	Provider total	11.727
actual	forward-2	Prompt rendering	0.009
actual	forward-2	Response write	0.01
actual	forward-2	Snapshot published	1048.093
actual	forward-2	Snapshot applied and repainted	1049.052
actual	forward-3	First editable prompt	1078.13
actual	forward-3	Launcher to Zsh startup	2.598
actual	forward-3	User .zshenv	721.837
actual	forward-3	User .zshrc	281.565
actual	forward-3	History substring search	3.37
actual	forward-3	Autosuggestions	0.368
actual	forward-3	Syntax highlighting	0.398
actual	forward-3	Wsh integration	2.948
actual	forward-3	First precmd	1.715
actual	forward-3	Runtime ready	1014.906
actual	forward-3	Repository discovery	0.028
actual	forward-3	Git process	12.441
actual	forward-3	Git output parsing	0.033
actual	forward-3	Provider total	13.081
actual	forward-3	Prompt rendering	0.009
actual	forward-3	Response write	0.01
actual	forward-3	Snapshot published	1093.426
actual	forward-3	Snapshot applied and repainted	1094.456
actual	forward-4	First editable prompt	1042.96
actual	forward-4	Launcher to Zsh startup	2.836
actual	forward-4	User .zshenv	703.468
actual	forward-4	User .zshrc	269.019
actual	forward-4	History substring search	3.104
actual	forward-4	Autosuggestions	0.359
actual	forward-4	Syntax highlighting	0.399
actual	forward-4	Wsh integration	2.432
actual	forward-4	First precmd	0.346
actual	forward-4	Runtime ready	983.38
actual	forward-4	Repository discovery	0.027
actual	forward-4	Git process	11.293
actual	forward-4	Git output parsing	0.032
actual	forward-4	Provider total	11.865
actual	forward-4	Prompt rendering	0.009
actual	forward-4	Response write	0.01
actual	forward-4	Snapshot published	1056.698
actual	forward-4	Snapshot applied and repainted	1057.687
actual	forward-5	First editable prompt	1035.019
actual	forward-5	Launcher to Zsh startup	2.448
actual	forward-5	User .zshenv	694.702
actual	forward-5	User .zshrc	270.207
actual	forward-5	History substring search	3.159
actual	forward-5	Autosuggestions	0.358
actual	forward-5	Syntax highlighting	0.402
actual	forward-5	Wsh integration	2.495
actual	forward-5	First precmd	0.356
actual	forward-5	Runtime ready	975.518
actual	forward-5	Repository discovery	0.032
actual	forward-5	Git process	11.192
actual	forward-5	Git output parsing	0.031
actual	forward-5	Provider total	11.782
actual	forward-5	Prompt rendering	0.014
actual	forward-5	Response write	0.009
actual	forward-5	Snapshot published	1048.678
actual	forward-5	Snapshot applied and repainted	1049.69
actual	forward-6	First editable prompt	1038.198
actual	forward-6	Launcher to Zsh startup	2.42
actual	forward-6	User .zshenv	692.437
actual	forward-6	User .zshrc	273.951
actual	forward-6	History substring search	3.15
actual	forward-6	Autosuggestions	0.364
actual	forward-6	Syntax highlighting	0.415
actual	forward-6	Wsh integration	2.555
actual	forward-6	First precmd	0.359
actual	forward-6	Runtime ready	977.063
actual	forward-6	Repository discovery	0.028
actual	forward-6	Git process	7.56
actual	forward-6	Git output parsing	0.039
actual	forward-6	Provider total	12.124
actual	forward-6	Prompt rendering	0.008
actual	forward-6	Response write	0.011
actual	forward-6	Snapshot published	1052.203
actual	forward-6	Snapshot applied and repainted	1053.192
actual	forward-7	First editable prompt	1040.192
actual	forward-7	Launcher to Zsh startup	2.458
actual	forward-7	User .zshenv	700.421
actual	forward-7	User .zshrc	268.89
actual	forward-7	History substring search	3.094
actual	forward-7	Autosuggestions	0.366
actual	forward-7	Syntax highlighting	0.399
actual	forward-7	Wsh integration	2.572
actual	forward-7	First precmd	0.35
actual	forward-7	Runtime ready	978.965
actual	forward-7	Repository discovery	0.027
actual	forward-7	Git process	11.241
actual	forward-7	Git output parsing	0.034
actual	forward-7	Provider total	11.812
actual	forward-7	Prompt rendering	0.009
actual	forward-7	Response write	0.01
actual	forward-7	Snapshot published	1053.875
actual	forward-7	Snapshot applied and repainted	1054.86
actual	forward-8	First editable prompt	1023.379
actual	forward-8	Launcher to Zsh startup	2.411
actual	forward-8	User .zshenv	687.462
actual	forward-8	User .zshrc	265.257
actual	forward-8	History substring search	3.085
actual	forward-8	Autosuggestions	0.355
actual	forward-8	Syntax highlighting	0.402
actual	forward-8	Wsh integration	2.481
actual	forward-8	First precmd	0.342
actual	forward-8	Runtime ready	963.22
actual	forward-8	Repository discovery	0.028
actual	forward-8	Git process	11.192
actual	forward-8	Git output parsing	0.034
actual	forward-8	Provider total	11.763
actual	forward-8	Prompt rendering	0.01
actual	forward-8	Response write	0.01
actual	forward-8	Snapshot published	1037.019
actual	forward-8	Snapshot applied and repainted	1037.992
actual	forward-9	First editable prompt	1042.436
actual	forward-9	Launcher to Zsh startup	2.497
actual	forward-9	User .zshenv	697.146
actual	forward-9	User .zshrc	271.432
actual	forward-9	History substring search	3.261
actual	forward-9	Autosuggestions	0.459
actual	forward-9	Syntax highlighting	0.403
actual	forward-9	Wsh integration	3.128
actual	forward-9	First precmd	0.358
actual	forward-9	Runtime ready	980.683
actual	forward-9	Repository discovery	0.029
actual	forward-9	Git process	11.702
actual	forward-9	Git output parsing	0.034
actual	forward-9	Provider total	12.315
actual	forward-9	Prompt rendering	0.008
actual	forward-9	Response write	0.011
actual	forward-9	Snapshot published	1056.955
actual	forward-9	Snapshot applied and repainted	1057.974
actual	reverse-0	First editable prompt	1047.381
actual	reverse-0	Launcher to Zsh startup	2.476
actual	reverse-0	User .zshenv	703.488
actual	reverse-0	User .zshrc	272.822
actual	reverse-0	History substring search	3.123
actual	reverse-0	Autosuggestions	0.363
actual	reverse-0	Syntax highlighting	0.388
actual	reverse-0	Wsh integration	2.491
actual	reverse-0	First precmd	0.366
actual	reverse-0	Runtime ready	986.886
actual	reverse-0	Repository discovery	0.028
actual	reverse-0	Git process	11.563
actual	reverse-0	Git output parsing	0.04
actual	reverse-0	Provider total	12.164
actual	reverse-0	Prompt rendering	0.008
actual	reverse-0	Response write	0.01
actual	reverse-0	Snapshot published	1061.782
actual	reverse-0	Snapshot applied and repainted	1062.774
actual	reverse-1	First editable prompt	1037.747
actual	reverse-1	Launcher to Zsh startup	2.422
actual	reverse-1	User .zshenv	691.255
actual	reverse-1	User .zshrc	274.758
actual	reverse-1	History substring search	3.117
actual	reverse-1	Autosuggestions	0.373
actual	reverse-1	Syntax highlighting	0.442
actual	reverse-1	Wsh integration	2.543
actual	reverse-1	First precmd	0.361
actual	reverse-1	Runtime ready	976.685
actual	reverse-1	Repository discovery	0.03
actual	reverse-1	Git process	8.445
actual	reverse-1	Git output parsing	0.031
actual	reverse-1	Provider total	11.627
actual	reverse-1	Prompt rendering	0.009
actual	reverse-1	Response write	0.011
actual	reverse-1	Snapshot published	1050.641
actual	reverse-1	Snapshot applied and repainted	1051.67
actual	reverse-10	First editable prompt	1040.412
actual	reverse-10	Launcher to Zsh startup	2.451
actual	reverse-10	User .zshenv	699.058
actual	reverse-10	User .zshrc	270.477
actual	reverse-10	History substring search	3.126
actual	reverse-10	Autosuggestions	0.358
actual	reverse-10	Syntax highlighting	0.404
actual	reverse-10	Wsh integration	2.413
actual	reverse-10	First precmd	0.357
actual	reverse-10	Runtime ready	980.016
actual	reverse-10	Repository discovery	0.026
actual	reverse-10	Git process	11.746
actual	reverse-10	Git output parsing	0.032
actual	reverse-10	Provider total	12.341
actual	reverse-10	Prompt rendering	0.009
actual	reverse-10	Response write	0.011
actual	reverse-10	Snapshot published	1054.931
actual	reverse-10	Snapshot applied and repainted	1055.919
actual	reverse-11	First editable prompt	1040.262
actual	reverse-11	Launcher to Zsh startup	2.486
actual	reverse-11	User .zshenv	697.434
actual	reverse-11	User .zshrc	272.06
actual	reverse-11	History substring search	3.091
actual	reverse-11	Autosuggestions	0.361
actual	reverse-11	Syntax highlighting	0.398
actual	reverse-11	Wsh integration	2.51
actual	reverse-11	First precmd	0.347
actual	reverse-11	Runtime ready	980.095
actual	reverse-11	Repository discovery	0.028
actual	reverse-11	Git process	11.815
actual	reverse-11	Git output parsing	0.029
actual	reverse-11	Provider total	12.396
actual	reverse-11	Prompt rendering	0.008
actual	reverse-11	Response write	0.01
actual	reverse-11	Snapshot published	1055.399
actual	reverse-11	Snapshot applied and repainted	1056.403
actual	reverse-12	First editable prompt	1040.048
actual	reverse-12	Launcher to Zsh startup	2.433
actual	reverse-12	User .zshenv	700.125
actual	reverse-12	User .zshrc	269.137
actual	reverse-12	History substring search	3.124
actual	reverse-12	Autosuggestions	0.369
actual	reverse-12	Syntax highlighting	0.408
actual	reverse-12	Wsh integration	2.559
actual	reverse-12	First precmd	0.353
actual	reverse-12	Runtime ready	979.9
actual	reverse-12	Repository discovery	0.028
actual	reverse-12	Git process	11.339
actual	reverse-12	Git output parsing	0.032
actual	reverse-12	Provider total	11.947
actual	reverse-12	Prompt rendering	0.009
actual	reverse-12	Response write	0.01
actual	reverse-12	Snapshot published	1054.167
actual	reverse-12	Snapshot applied and repainted	1055.151
actual	reverse-13	First editable prompt	1088.37
actual	reverse-13	Launcher to Zsh startup	2.547
actual	reverse-13	User .zshenv	734.772
actual	reverse-13	User .zshrc	279.095
actual	reverse-13	History substring search	3.263
actual	reverse-13	Autosuggestions	0.372
actual	reverse-13	Syntax highlighting	0.399
actual	reverse-13	Wsh integration	2.545
actual	reverse-13	First precmd	0.352
actual	reverse-13	Runtime ready	1024.828
actual	reverse-13	Repository discovery	0.029
actual	reverse-13	Git process	10.837
actual	reverse-13	Git output parsing	0.035
actual	reverse-13	Provider total	11.462
actual	reverse-13	Prompt rendering	0.009
actual	reverse-13	Response write	0.011
actual	reverse-13	Snapshot published	1102.071
actual	reverse-13	Snapshot applied and repainted	1103.127
actual	reverse-14	First editable prompt	1053.047
actual	reverse-14	Launcher to Zsh startup	2.537
actual	reverse-14	User .zshenv	707.944
actual	reverse-14	User .zshrc	274.311
actual	reverse-14	History substring search	3.266
actual	reverse-14	Autosuggestions	0.356
actual	reverse-14	Syntax highlighting	0.393
actual	reverse-14	Wsh integration	2.506
actual	reverse-14	First precmd	0.344
actual	reverse-14	Runtime ready	993.086
actual	reverse-14	Repository discovery	0.028
actual	reverse-14	Git process	11.325
actual	reverse-14	Git output parsing	0.031
actual	reverse-14	Provider total	11.894
actual	reverse-14	Prompt rendering	0.009
actual	reverse-14	Response write	0.01
actual	reverse-14	Snapshot published	1067.109
actual	reverse-14	Snapshot applied and repainted	1068.126
actual	reverse-15	First editable prompt	1029.999
actual	reverse-15	Launcher to Zsh startup	2.491
actual	reverse-15	User .zshenv	694.17
actual	reverse-15	User .zshrc	266.63
actual	reverse-15	History substring search	3.015
actual	reverse-15	Autosuggestions	0.348
actual	reverse-15	Syntax highlighting	0.396
actual	reverse-15	Wsh integration	2.357
actual	reverse-15	First precmd	0.341
actual	reverse-15	Runtime ready	971.206
actual	reverse-15	Repository discovery	0.028
actual	reverse-15	Git process	3.971
actual	reverse-15	Git output parsing	0.03
actual	reverse-15	Provider total	9.663
actual	reverse-15	Prompt rendering	0.008
actual	reverse-15	Response write	0.01
actual	reverse-15	Snapshot published	1042.365
actual	reverse-15	Snapshot applied and repainted	1043.357
actual	reverse-16	First editable prompt	1039.229
actual	reverse-16	Launcher to Zsh startup	2.469
actual	reverse-16	User .zshenv	694.792
actual	reverse-16	User .zshrc	272.776
actual	reverse-16	History substring search	3.117
actual	reverse-16	Autosuggestions	0.371
actual	reverse-16	Syntax highlighting	0.391
actual	reverse-16	Wsh integration	2.627
actual	reverse-16	First precmd	0.371
actual	reverse-16	Runtime ready	978.306
actual	reverse-16	Repository discovery	0.028
actual	reverse-16	Git process	11.854
actual	reverse-16	Git output parsing	0.034
actual	reverse-16	Provider total	12.469
actual	reverse-16	Prompt rendering	0.009
actual	reverse-16	Response write	0.01
actual	reverse-16	Snapshot published	1053.599
actual	reverse-16	Snapshot applied and repainted	1054.618
actual	reverse-17	First editable prompt	1041.006
actual	reverse-17	Launcher to Zsh startup	2.457
actual	reverse-17	User .zshenv	698.067
actual	reverse-17	User .zshrc	272.763
actual	reverse-17	History substring search	3.123
actual	reverse-17	Autosuggestions	0.366
actual	reverse-17	Syntax highlighting	0.408
actual	reverse-17	Wsh integration	2.559
actual	reverse-17	First precmd	0.422
actual	reverse-17	Runtime ready	981.53
actual	reverse-17	Repository discovery	0.027
actual	reverse-17	Git process	8.131
actual	reverse-17	Git output parsing	0.03
actual	reverse-17	Provider total	11.264
actual	reverse-17	Prompt rendering	0.008
actual	reverse-17	Response write	0.01
actual	reverse-17	Snapshot published	1053.543
actual	reverse-17	Snapshot applied and repainted	1054.523
actual	reverse-18	First editable prompt	1039.387
actual	reverse-18	Launcher to Zsh startup	2.487
actual	reverse-18	User .zshenv	698.458
actual	reverse-18	User .zshrc	270.953
actual	reverse-18	History substring search	3.206
actual	reverse-18	Autosuggestions	0.368
actual	reverse-18	Syntax highlighting	0.406
actual	reverse-18	Wsh integration	2.431
actual	reverse-18	First precmd	0.348
actual	reverse-18	Runtime ready	980.047
actual	reverse-18	Repository discovery	0.027
actual	reverse-18	Git process	11.019
actual	reverse-18	Git output parsing	0.032
actual	reverse-18	Provider total	11.589
actual	reverse-18	Prompt rendering	0.009
actual	reverse-18	Response write	0.01
actual	reverse-18	Snapshot published	1053.73
actual	reverse-18	Snapshot applied and repainted	1054.76
actual	reverse-19	First editable prompt	1096.174
actual	reverse-19	Launcher to Zsh startup	3.31
actual	reverse-19	User .zshenv	744.413
actual	reverse-19	User .zshrc	277.583
actual	reverse-19	History substring search	3.226
actual	reverse-19	Autosuggestions	0.365
actual	reverse-19	Syntax highlighting	0.396
actual	reverse-19	Wsh integration	2.635
actual	reverse-19	First precmd	0.37
actual	reverse-19	Runtime ready	1033.834
actual	reverse-19	Repository discovery	0.034
actual	reverse-19	Git process	11.845
actual	reverse-19	Git output parsing	0.032
actual	reverse-19	Provider total	12.439
actual	reverse-19	Prompt rendering	0.009
actual	reverse-19	Response write	0.01
actual	reverse-19	Snapshot published	1110.84
actual	reverse-19	Snapshot applied and repainted	1111.866
actual	reverse-2	First editable prompt	1062.577
actual	reverse-2	Launcher to Zsh startup	2.508
actual	reverse-2	User .zshenv	716.804
actual	reverse-2	User .zshrc	275.147
actual	reverse-2	History substring search	3.191
actual	reverse-2	Autosuggestions	0.363
actual	reverse-2	Syntax highlighting	0.411
actual	reverse-2	Wsh integration	2.458
actual	reverse-2	First precmd	0.353
actual	reverse-2	Runtime ready	1002.638
actual	reverse-2	Repository discovery	0.027
actual	reverse-2	Git process	7.177
actual	reverse-2	Git output parsing	0.032
actual	reverse-2	Provider total	11.759
actual	reverse-2	Prompt rendering	0.008
actual	reverse-2	Response write	0.011
actual	reverse-2	Snapshot published	1077.056
actual	reverse-2	Snapshot applied and repainted	1078.055
actual	reverse-3	First editable prompt	1080.041
actual	reverse-3	Launcher to Zsh startup	2.663
actual	reverse-3	User .zshenv	725.675
actual	reverse-3	User .zshrc	281.055
actual	reverse-3	History substring search	3.235
actual	reverse-3	Autosuggestions	0.448
actual	reverse-3	Syntax highlighting	0.402
actual	reverse-3	Wsh integration	2.533
actual	reverse-3	First precmd	0.365
actual	reverse-3	Runtime ready	1017.794
actual	reverse-3	Repository discovery	0.031
actual	reverse-3	Git process	11.878
actual	reverse-3	Git output parsing	0.033
actual	reverse-3	Provider total	12.483
actual	reverse-3	Prompt rendering	0.01
actual	reverse-3	Response write	0.01
actual	reverse-3	Snapshot published	1094.74
actual	reverse-3	Snapshot applied and repainted	1095.762
actual	reverse-4	First editable prompt	1085.679
actual	reverse-4	Launcher to Zsh startup	2.48
actual	reverse-4	User .zshenv	731.68
actual	reverse-4	User .zshrc	280.231
actual	reverse-4	History substring search	3.304
actual	reverse-4	Autosuggestions	0.364
actual	reverse-4	Syntax highlighting	0.445
actual	reverse-4	Wsh integration	2.657
actual	reverse-4	First precmd	0.357
actual	reverse-4	Runtime ready	1024.006
actual	reverse-4	Repository discovery	0.033
actual	reverse-4	Git process	6.882
actual	reverse-4	Git output parsing	0.034
actual	reverse-4	Provider total	11.301
actual	reverse-4	Prompt rendering	0.008
actual	reverse-4	Response write	0.01
actual	reverse-4	Snapshot published	1102.02
actual	reverse-4	Snapshot applied and repainted	1103.019
actual	reverse-5	First editable prompt	1051.989
actual	reverse-5	Launcher to Zsh startup	2.52
actual	reverse-5	User .zshenv	704.703
actual	reverse-5	User .zshrc	275.489
actual	reverse-5	History substring search	3.17
actual	reverse-5	Autosuggestions	0.356
actual	reverse-5	Syntax highlighting	0.398
actual	reverse-5	Wsh integration	2.455
actual	reverse-5	First precmd	0.416
actual	reverse-5	Runtime ready	990.836
actual	reverse-5	Repository discovery	0.029
actual	reverse-5	Git process	12.664
actual	reverse-5	Git output parsing	0.035
actual	reverse-5	Provider total	13.304
actual	reverse-5	Prompt rendering	0.009
actual	reverse-5	Response write	0.011
actual	reverse-5	Snapshot published	1067.547
actual	reverse-5	Snapshot applied and repainted	1068.603
actual	reverse-6	First editable prompt	1044.858
actual	reverse-6	Launcher to Zsh startup	2.46
actual	reverse-6	User .zshenv	700.918
actual	reverse-6	User .zshrc	273.32
actual	reverse-6	History substring search	3.164
actual	reverse-6	Autosuggestions	0.358
actual	reverse-6	Syntax highlighting	0.404
actual	reverse-6	Wsh integration	2.482
actual	reverse-6	First precmd	0.343
actual	reverse-6	Runtime ready	984.34
actual	reverse-6	Repository discovery	0.028
actual	reverse-6	Git process	10.276
actual	reverse-6	Git output parsing	0.031
actual	reverse-6	Provider total	12.015
actual	reverse-6	Prompt rendering	0.008
actual	reverse-6	Response write	0.011
actual	reverse-6	Snapshot published	1058.775
actual	reverse-6	Snapshot applied and repainted	1059.747
actual	reverse-7	First editable prompt	1072.88
actual	reverse-7	Launcher to Zsh startup	2.453
actual	reverse-7	User .zshenv	725.455
actual	reverse-7	User .zshrc	275.136
actual	reverse-7	History substring search	3.199
actual	reverse-7	Autosuggestions	0.367
actual	reverse-7	Syntax highlighting	0.391
actual	reverse-7	Wsh integration	2.555
actual	reverse-7	First precmd	0.363
actual	reverse-7	Runtime ready	1011.318
actual	reverse-7	Repository discovery	0.029
actual	reverse-7	Git process	11.596
actual	reverse-7	Git output parsing	0.034
actual	reverse-7	Provider total	12.192
actual	reverse-7	Prompt rendering	0.009
actual	reverse-7	Response write	0.011
actual	reverse-7	Snapshot published	1087.306
actual	reverse-7	Snapshot applied and repainted	1088.339
actual	reverse-8	First editable prompt	1031.155
actual	reverse-8	Launcher to Zsh startup	2.522
actual	reverse-8	User .zshenv	687.773
actual	reverse-8	User .zshrc	272.452
actual	reverse-8	History substring search	3.139
actual	reverse-8	Autosuggestions	0.353
actual	reverse-8	Syntax highlighting	0.397
actual	reverse-8	Wsh integration	2.432
actual	reverse-8	First precmd	0.37
actual	reverse-8	Runtime ready	970.825
actual	reverse-8	Repository discovery	0.029
actual	reverse-8	Git process	11.394
actual	reverse-8	Git output parsing	0.032
actual	reverse-8	Provider total	11.989
actual	reverse-8	Prompt rendering	0.009
actual	reverse-8	Response write	0.01
actual	reverse-8	Snapshot published	1045.36
actual	reverse-8	Snapshot applied and repainted	1046.365
actual	reverse-9	First editable prompt	1063.337
actual	reverse-9	Launcher to Zsh startup	2.501
actual	reverse-9	User .zshenv	713.051
actual	reverse-9	User .zshrc	277.571
actual	reverse-9	History substring search	3.121
actual	reverse-9	Autosuggestions	0.365
actual	reverse-9	Syntax highlighting	0.398
actual	reverse-9	Wsh integration	2.49
actual	reverse-9	First precmd	0.364
actual	reverse-9	Runtime ready	1001.254
actual	reverse-9	Repository discovery	0.028
actual	reverse-9	Git process	12.565
actual	reverse-9	Git output parsing	0.036
actual	reverse-9	Provider total	13.183
actual	reverse-9	Prompt rendering	0.009
actual	reverse-9	Response write	0.013
actual	reverse-9	Snapshot published	1078.407
actual	reverse-9	Snapshot applied and repainted	1079.418
agnoster	forward-0	First editable prompt	70.861
agnoster	forward-0	Launcher to Zsh startup	2.575
agnoster	forward-0	User .zshenv	0.124
agnoster	forward-0	User .zshrc	40.27
agnoster	forward-0	History substring search	3.176
agnoster	forward-0	Autosuggestions	0.659
agnoster	forward-0	Syntax highlighting	0.391
agnoster	forward-0	Wsh integration	2.314
agnoster	forward-0	First precmd	0.622
agnoster	forward-0	Runtime ready	50.237
agnoster	forward-0	Repository discovery	0.032
agnoster	forward-0	Git process	3.864
agnoster	forward-0	Git output parsing	0.03
agnoster	forward-0	Provider total	5.246
agnoster	forward-0	Prompt rendering	0.009
agnoster	forward-0	Response write	0.01
agnoster	forward-0	Snapshot published	75.393
agnoster	forward-0	Snapshot applied and repainted	76.338
agnoster	forward-1	First editable prompt	70.896
agnoster	forward-1	Launcher to Zsh startup	2.535
agnoster	forward-1	User .zshenv	0.119
agnoster	forward-1	User .zshrc	40.254
agnoster	forward-1	History substring search	3.181
agnoster	forward-1	Autosuggestions	0.669
agnoster	forward-1	Syntax highlighting	0.393
agnoster	forward-1	Wsh integration	2.183
agnoster	forward-1	First precmd	0.622
agnoster	forward-1	Runtime ready	50.887
agnoster	forward-1	Repository discovery	0.027
agnoster	forward-1	Git process	3.813
agnoster	forward-1	Git output parsing	0.037
agnoster	forward-1	Provider total	5.168
agnoster	forward-1	Prompt rendering	0.009
agnoster	forward-1	Response write	0.009
agnoster	forward-1	Snapshot published	75.365
agnoster	forward-1	Snapshot applied and repainted	76.291
agnoster	forward-10	First editable prompt	70.5
agnoster	forward-10	Launcher to Zsh startup	2.551
agnoster	forward-10	User .zshenv	0.119
agnoster	forward-10	User .zshrc	39.971
agnoster	forward-10	History substring search	3.151
agnoster	forward-10	Autosuggestions	0.665
agnoster	forward-10	Syntax highlighting	0.393
agnoster	forward-10	Wsh integration	2.168
agnoster	forward-10	First precmd	0.623
agnoster	forward-10	Runtime ready	50.587
agnoster	forward-10	Repository discovery	0.027
agnoster	forward-10	Git process	3.785
agnoster	forward-10	Git output parsing	0.029
agnoster	forward-10	Provider total	5.158
agnoster	forward-10	Prompt rendering	0.009
agnoster	forward-10	Response write	0.022
agnoster	forward-10	Snapshot published	74.945
agnoster	forward-10	Snapshot applied and repainted	75.884
agnoster	forward-11	First editable prompt	70.933
agnoster	forward-11	Launcher to Zsh startup	2.603
agnoster	forward-11	User .zshenv	0.12
agnoster	forward-11	User .zshrc	40.017
agnoster	forward-11	History substring search	3.213
agnoster	forward-11	Autosuggestions	0.655
agnoster	forward-11	Syntax highlighting	0.391
agnoster	forward-11	Wsh integration	2.156
agnoster	forward-11	First precmd	0.616
agnoster	forward-11	Runtime ready	50.731
agnoster	forward-11	Repository discovery	0.027
agnoster	forward-11	Git process	3.808
agnoster	forward-11	Git output parsing	0.03
agnoster	forward-11	Provider total	5.173
agnoster	forward-11	Prompt rendering	0.009
agnoster	forward-11	Response write	0.011
agnoster	forward-11	Snapshot published	75.392
agnoster	forward-11	Snapshot applied and repainted	76.35
agnoster	forward-12	First editable prompt	71.026
agnoster	forward-12	Launcher to Zsh startup	2.528
agnoster	forward-12	User .zshenv	0.119
agnoster	forward-12	User .zshrc	40.385
agnoster	forward-12	History substring search	3.237
agnoster	forward-12	Autosuggestions	0.671
agnoster	forward-12	Syntax highlighting	0.394
agnoster	forward-12	Wsh integration	2.282
agnoster	forward-12	First precmd	0.617
agnoster	forward-12	Runtime ready	51.217
agnoster	forward-12	Repository discovery	0.027
agnoster	forward-12	Git process	3.964
agnoster	forward-12	Git output parsing	0.041
agnoster	forward-12	Provider total	5.333
agnoster	forward-12	Prompt rendering	0.013
agnoster	forward-12	Response write	0.013
agnoster	forward-12	Snapshot published	75.663
agnoster	forward-12	Snapshot applied and repainted	76.655
agnoster	forward-13	First editable prompt	70.113
agnoster	forward-13	Launcher to Zsh startup	2.496
agnoster	forward-13	User .zshenv	0.119
agnoster	forward-13	User .zshrc	39.668
agnoster	forward-13	History substring search	3.125
agnoster	forward-13	Autosuggestions	0.653
agnoster	forward-13	Syntax highlighting	0.391
agnoster	forward-13	Wsh integration	2.133
agnoster	forward-13	First precmd	0.636
agnoster	forward-13	Runtime ready	50.166
agnoster	forward-13	Repository discovery	0.027
agnoster	forward-13	Git process	3.802
agnoster	forward-13	Git output parsing	0.029
agnoster	forward-13	Provider total	5.137
agnoster	forward-13	Prompt rendering	0.009
agnoster	forward-13	Response write	0.009
agnoster	forward-13	Snapshot published	74.552
agnoster	forward-13	Snapshot applied and repainted	75.477
agnoster	forward-14	First editable prompt	70.696
agnoster	forward-14	Launcher to Zsh startup	2.571
agnoster	forward-14	User .zshenv	0.119
agnoster	forward-14	User .zshrc	40.142
agnoster	forward-14	History substring search	3.186
agnoster	forward-14	Autosuggestions	0.676
agnoster	forward-14	Syntax highlighting	0.398
agnoster	forward-14	Wsh integration	2.152
agnoster	forward-14	First precmd	0.628
agnoster	forward-14	Runtime ready	50.806
agnoster	forward-14	Repository discovery	0.027
agnoster	forward-14	Git process	3.917
agnoster	forward-14	Git output parsing	0.03
agnoster	forward-14	Provider total	5.275
agnoster	forward-14	Prompt rendering	0.009
agnoster	forward-14	Response write	0.009
agnoster	forward-14	Snapshot published	75.26
agnoster	forward-14	Snapshot applied and repainted	76.193
agnoster	forward-15	First editable prompt	69.713
agnoster	forward-15	Launcher to Zsh startup	2.545
agnoster	forward-15	User .zshenv	0.12
agnoster	forward-15	User .zshrc	39.238
agnoster	forward-15	History substring search	3.2
agnoster	forward-15	Autosuggestions	0.665
agnoster	forward-15	Syntax highlighting	0.394
agnoster	forward-15	Wsh integration	2.128
agnoster	forward-15	First precmd	0.602
agnoster	forward-15	Runtime ready	49.851
agnoster	forward-15	Repository discovery	0.026
agnoster	forward-15	Git process	3.872
agnoster	forward-15	Git output parsing	0.029
agnoster	forward-15	Provider total	5.197
agnoster	forward-15	Prompt rendering	0.008
agnoster	forward-15	Response write	0.01
agnoster	forward-15	Snapshot published	74.218
agnoster	forward-15	Snapshot applied and repainted	75.151
agnoster	forward-16	First editable prompt	70.816
agnoster	forward-16	Launcher to Zsh startup	2.589
agnoster	forward-16	User .zshenv	0.127
agnoster	forward-16	User .zshrc	40.264
agnoster	forward-16	History substring search	3.159
agnoster	forward-16	Autosuggestions	0.662
agnoster	forward-16	Syntax highlighting	0.423
agnoster	forward-16	Wsh integration	2.146
agnoster	forward-16	First precmd	0.638
agnoster	forward-16	Runtime ready	50.939
agnoster	forward-16	Repository discovery	0.028
agnoster	forward-16	Git process	3.844
agnoster	forward-16	Git output parsing	0.03
agnoster	forward-16	Provider total	5.245
agnoster	forward-16	Prompt rendering	0.009
agnoster	forward-16	Response write	0.01
agnoster	forward-16	Snapshot published	75.333
agnoster	forward-16	Snapshot applied and repainted	76.272
agnoster	forward-17	First editable prompt	70.846
agnoster	forward-17	Launcher to Zsh startup	2.544
agnoster	forward-17	User .zshenv	0.127
agnoster	forward-17	User .zshrc	40.245
agnoster	forward-17	History substring search	3.191
agnoster	forward-17	Autosuggestions	0.658
agnoster	forward-17	Syntax highlighting	0.403
agnoster	forward-17	Wsh integration	2.14
agnoster	forward-17	First precmd	0.614
agnoster	forward-17	Runtime ready	50.897
agnoster	forward-17	Repository discovery	0.026
agnoster	forward-17	Git process	3.807
agnoster	forward-17	Git output parsing	0.03
agnoster	forward-17	Provider total	5.167
agnoster	forward-17	Prompt rendering	0.008
agnoster	forward-17	Response write	0.01
agnoster	forward-17	Snapshot published	75.304
agnoster	forward-17	Snapshot applied and repainted	76.246
agnoster	forward-18	First editable prompt	71.466
agnoster	forward-18	Launcher to Zsh startup	2.562
agnoster	forward-18	User .zshenv	0.12
agnoster	forward-18	User .zshrc	40.809
agnoster	forward-18	History substring search	3.309
agnoster	forward-18	Autosuggestions	0.793
agnoster	forward-18	Syntax highlighting	0.406
agnoster	forward-18	Wsh integration	2.317
agnoster	forward-18	First precmd	0.336
agnoster	forward-18	Runtime ready	51.605
agnoster	forward-18	Repository discovery	0.027
agnoster	forward-18	Git process	3.834
agnoster	forward-18	Git output parsing	0.029
agnoster	forward-18	Provider total	4.501
agnoster	forward-18	Prompt rendering	0.008
agnoster	forward-18	Response write	0.009
agnoster	forward-18	Snapshot published	76.259
agnoster	forward-18	Snapshot applied and repainted	77.206
agnoster	forward-19	First editable prompt	70.866
agnoster	forward-19	Launcher to Zsh startup	2.667
agnoster	forward-19	User .zshenv	0.126
agnoster	forward-19	User .zshrc	40.245
agnoster	forward-19	History substring search	3.158
agnoster	forward-19	Autosuggestions	0.672
agnoster	forward-19	Syntax highlighting	0.393
agnoster	forward-19	Wsh integration	2.146
agnoster	forward-19	First precmd	0.637
agnoster	forward-19	Runtime ready	51.008
agnoster	forward-19	Repository discovery	0.029
agnoster	forward-19	Git process	3.94
agnoster	forward-19	Git output parsing	0.032
agnoster	forward-19	Provider total	5.367
agnoster	forward-19	Prompt rendering	0.012
agnoster	forward-19	Response write	0.01
agnoster	forward-19	Snapshot published	75.473
agnoster	forward-19	Snapshot applied and repainted	76.463
agnoster	forward-2	First editable prompt	72.184
agnoster	forward-2	Launcher to Zsh startup	2.769
agnoster	forward-2	User .zshenv	0.122
agnoster	forward-2	User .zshrc	41.004
agnoster	forward-2	History substring search	3.152
agnoster	forward-2	Autosuggestions	0.718
agnoster	forward-2	Syntax highlighting	0.399
agnoster	forward-2	Wsh integration	2.168
agnoster	forward-2	First precmd	0.676
agnoster	forward-2	Runtime ready	51.946
agnoster	forward-2	Repository discovery	0.029
agnoster	forward-2	Git process	3.84
agnoster	forward-2	Git output parsing	0.029
agnoster	forward-2	Provider total	5.34
agnoster	forward-2	Prompt rendering	0.009
agnoster	forward-2	Response write	0.01
agnoster	forward-2	Snapshot published	76.77
agnoster	forward-2	Snapshot applied and repainted	77.701
agnoster	forward-3	First editable prompt	71.181
agnoster	forward-3	Launcher to Zsh startup	2.65
agnoster	forward-3	User .zshenv	0.12
agnoster	forward-3	User .zshrc	40.485
agnoster	forward-3	History substring search	3.193
agnoster	forward-3	Autosuggestions	0.664
agnoster	forward-3	Syntax highlighting	0.401
agnoster	forward-3	Wsh integration	2.142
agnoster	forward-3	First precmd	0.617
agnoster	forward-3	Runtime ready	51.235
agnoster	forward-3	Repository discovery	0.027
agnoster	forward-3	Git process	3.811
agnoster	forward-3	Git output parsing	0.03
agnoster	forward-3	Provider total	5.162
agnoster	forward-3	Prompt rendering	0.009
agnoster	forward-3	Response write	0.009
agnoster	forward-3	Snapshot published	75.632
agnoster	forward-3	Snapshot applied and repainted	76.586
agnoster	forward-4	First editable prompt	71.073
agnoster	forward-4	Launcher to Zsh startup	2.604
agnoster	forward-4	User .zshenv	0.12
agnoster	forward-4	User .zshrc	40.414
agnoster	forward-4	History substring search	3.174
agnoster	forward-4	Autosuggestions	0.663
agnoster	forward-4	Syntax highlighting	0.395
agnoster	forward-4	Wsh integration	2.149
agnoster	forward-4	First precmd	0.622
agnoster	forward-4	Runtime ready	51.179
agnoster	forward-4	Repository discovery	0.027
agnoster	forward-4	Git process	3.845
agnoster	forward-4	Git output parsing	0.029
agnoster	forward-4	Provider total	5.189
agnoster	forward-4	Prompt rendering	0.008
agnoster	forward-4	Response write	0.009
agnoster	forward-4	Snapshot published	75.559
agnoster	forward-4	Snapshot applied and repainted	76.497
agnoster	forward-5	First editable prompt	71.568
agnoster	forward-5	Launcher to Zsh startup	2.754
agnoster	forward-5	User .zshenv	0.122
agnoster	forward-5	User .zshrc	40.237
agnoster	forward-5	History substring search	3.263
agnoster	forward-5	Autosuggestions	0.666
agnoster	forward-5	Syntax highlighting	0.4
agnoster	forward-5	Wsh integration	2.19
agnoster	forward-5	First precmd	0.641
agnoster	forward-5	Runtime ready	51.213
agnoster	forward-5	Repository discovery	0.031
agnoster	forward-5	Git process	3.902
agnoster	forward-5	Git output parsing	0.03
agnoster	forward-5	Provider total	5.35
agnoster	forward-5	Prompt rendering	0.009
agnoster	forward-5	Response write	0.01
agnoster	forward-5	Snapshot published	76.142
agnoster	forward-5	Snapshot applied and repainted	77.11
agnoster	forward-6	First editable prompt	71.139
agnoster	forward-6	Launcher to Zsh startup	2.667
agnoster	forward-6	User .zshenv	0.12
agnoster	forward-6	User .zshrc	40.19
agnoster	forward-6	History substring search	3.296
agnoster	forward-6	Autosuggestions	0.662
agnoster	forward-6	Syntax highlighting	0.394
agnoster	forward-6	Wsh integration	2.177
agnoster	forward-6	First precmd	0.613
agnoster	forward-6	Runtime ready	51.084
agnoster	forward-6	Repository discovery	0.027
agnoster	forward-6	Git process	4.181
agnoster	forward-6	Git output parsing	0.029
agnoster	forward-6	Provider total	5.54
agnoster	forward-6	Prompt rendering	0.009
agnoster	forward-6	Response write	0.009
agnoster	forward-6	Snapshot published	75.98
agnoster	forward-6	Snapshot applied and repainted	76.96
agnoster	forward-7	First editable prompt	70.905
agnoster	forward-7	Launcher to Zsh startup	2.568
agnoster	forward-7	User .zshenv	0.119
agnoster	forward-7	User .zshrc	40.067
agnoster	forward-7	History substring search	3.193
agnoster	forward-7	Autosuggestions	0.684
agnoster	forward-7	Syntax highlighting	0.399
agnoster	forward-7	Wsh integration	2.227
agnoster	forward-7	First precmd	0.641
agnoster	forward-7	Runtime ready	50.853
agnoster	forward-7	Repository discovery	0.027
agnoster	forward-7	Git process	3.826
agnoster	forward-7	Git output parsing	0.029
agnoster	forward-7	Provider total	5.197
agnoster	forward-7	Prompt rendering	0.01
agnoster	forward-7	Response write	0.009
agnoster	forward-7	Snapshot published	75.389
agnoster	forward-7	Snapshot applied and repainted	76.339
agnoster	forward-8	First editable prompt	70.739
agnoster	forward-8	Launcher to Zsh startup	2.541
agnoster	forward-8	User .zshenv	0.119
agnoster	forward-8	User .zshrc	40.07
agnoster	forward-8	History substring search	3.151
agnoster	forward-8	Autosuggestions	0.661
agnoster	forward-8	Syntax highlighting	0.401
agnoster	forward-8	Wsh integration	2.208
agnoster	forward-8	First precmd	0.644
agnoster	forward-8	Runtime ready	50.754
agnoster	forward-8	Repository discovery	0.027
agnoster	forward-8	Git process	3.841
agnoster	forward-8	Git output parsing	0.03
agnoster	forward-8	Provider total	5.221
agnoster	forward-8	Prompt rendering	0.008
agnoster	forward-8	Response write	0.009
agnoster	forward-8	Snapshot published	75.232
agnoster	forward-8	Snapshot applied and repainted	76.174
agnoster	forward-9	First editable prompt	71.258
agnoster	forward-9	Launcher to Zsh startup	2.585
agnoster	forward-9	User .zshenv	0.119
agnoster	forward-9	User .zshrc	40.401
agnoster	forward-9	History substring search	3.169
agnoster	forward-9	Autosuggestions	0.733
agnoster	forward-9	Syntax highlighting	0.403
agnoster	forward-9	Wsh integration	2.189
agnoster	forward-9	First precmd	0.635
agnoster	forward-9	Runtime ready	51.197
agnoster	forward-9	Repository discovery	0.027
agnoster	forward-9	Git process	3.862
agnoster	forward-9	Git output parsing	0.03
agnoster	forward-9	Provider total	5.221
agnoster	forward-9	Prompt rendering	0.009
agnoster	forward-9	Response write	0.009
agnoster	forward-9	Snapshot published	75.751
agnoster	forward-9	Snapshot applied and repainted	76.698
agnoster	reverse-0	First editable prompt	71.035
agnoster	reverse-0	Launcher to Zsh startup	2.566
agnoster	reverse-0	User .zshenv	0.119
agnoster	reverse-0	User .zshrc	40.319
agnoster	reverse-0	History substring search	3.195
agnoster	reverse-0	Autosuggestions	0.683
agnoster	reverse-0	Syntax highlighting	0.423
agnoster	reverse-0	Wsh integration	2.224
agnoster	reverse-0	First precmd	0.625
agnoster	reverse-0	Runtime ready	51.105
agnoster	reverse-0	Repository discovery	0.026
agnoster	reverse-0	Git process	3.782
agnoster	reverse-0	Git output parsing	0.035
agnoster	reverse-0	Provider total	5.176
agnoster	reverse-0	Prompt rendering	0.009
agnoster	reverse-0	Response write	0.009
agnoster	reverse-0	Snapshot published	75.465
agnoster	reverse-0	Snapshot applied and repainted	76.391
agnoster	reverse-1	First editable prompt	70.11
agnoster	reverse-1	Launcher to Zsh startup	2.569
agnoster	reverse-1	User .zshenv	0.121
agnoster	reverse-1	User .zshrc	39.819
agnoster	reverse-1	History substring search	3.182
agnoster	reverse-1	Autosuggestions	0.661
agnoster	reverse-1	Syntax highlighting	0.391
agnoster	reverse-1	Wsh integration	2.2
agnoster	reverse-1	First precmd	0.383
agnoster	reverse-1	Runtime ready	53.112
agnoster	reverse-1	Repository discovery	0.026
agnoster	reverse-1	Git process	3.782
agnoster	reverse-1	Git output parsing	0.037
agnoster	reverse-1	Provider total	4.378
agnoster	reverse-1	Prompt rendering	0.009
agnoster	reverse-1	Response write	1.038
agnoster	reverse-1	Snapshot published	75.831
agnoster	reverse-1	Snapshot applied and repainted	75.765
agnoster	reverse-10	First editable prompt	70.39
agnoster	reverse-10	Launcher to Zsh startup	2.493
agnoster	reverse-10	User .zshenv	0.121
agnoster	reverse-10	User .zshrc	40.166
agnoster	reverse-10	History substring search	3.173
agnoster	reverse-10	Autosuggestions	0.686
agnoster	reverse-10	Syntax highlighting	0.4
agnoster	reverse-10	Wsh integration	2.15
agnoster	reverse-10	First precmd	0.374
agnoster	reverse-10	Runtime ready	53.376
agnoster	reverse-10	Repository discovery	0.027
agnoster	reverse-10	Git process	3.848
agnoster	reverse-10	Git output parsing	0.029
agnoster	reverse-10	Provider total	4.443
agnoster	reverse-10	Prompt rendering	0.008
agnoster	reverse-10	Response write	0.01
agnoster	reverse-10	Snapshot published	75.154
agnoster	reverse-10	Snapshot applied and repainted	76.104
agnoster	reverse-11	First editable prompt	70.991
agnoster	reverse-11	Launcher to Zsh startup	2.629
agnoster	reverse-11	User .zshenv	0.119
agnoster	reverse-11	User .zshrc	40.132
agnoster	reverse-11	History substring search	3.213
agnoster	reverse-11	Autosuggestions	0.673
agnoster	reverse-11	Syntax highlighting	0.403
agnoster	reverse-11	Wsh integration	2.209
agnoster	reverse-11	First precmd	0.653
agnoster	reverse-11	Runtime ready	50.953
agnoster	reverse-11	Repository discovery	0.027
agnoster	reverse-11	Git process	3.845
agnoster	reverse-11	Git output parsing	0.029
agnoster	reverse-11	Provider total	5.215
agnoster	reverse-11	Prompt rendering	0.009
agnoster	reverse-11	Response write	0.009
agnoster	reverse-11	Snapshot published	75.479
agnoster	reverse-11	Snapshot applied and repainted	76.412
agnoster	reverse-12	First editable prompt	71.647
agnoster	reverse-12	Launcher to Zsh startup	2.574
agnoster	reverse-12	User .zshenv	0.121
agnoster	reverse-12	User .zshrc	40.509
agnoster	reverse-12	History substring search	3.191
agnoster	reverse-12	Autosuggestions	0.662
agnoster	reverse-12	Syntax highlighting	0.397
agnoster	reverse-12	Wsh integration	2.212
agnoster	reverse-12	First precmd	0.626
agnoster	reverse-12	Runtime ready	50.389
agnoster	reverse-12	Repository discovery	0.028
agnoster	reverse-12	Git process	3.865
agnoster	reverse-12	Git output parsing	0.032
agnoster	reverse-12	Provider total	5.3
agnoster	reverse-12	Prompt rendering	0.009
agnoster	reverse-12	Response write	0.01
agnoster	reverse-12	Snapshot published	76.195
agnoster	reverse-12	Snapshot applied and repainted	77.166
agnoster	reverse-13	First editable prompt	70.583
agnoster	reverse-13	Launcher to Zsh startup	2.549
agnoster	reverse-13	User .zshenv	0.12
agnoster	reverse-13	User .zshrc	39.985
agnoster	reverse-13	History substring search	3.134
agnoster	reverse-13	Autosuggestions	0.683
agnoster	reverse-13	Syntax highlighting	0.396
agnoster	reverse-13	Wsh integration	2.126
agnoster	reverse-13	First precmd	0.638
agnoster	reverse-13	Runtime ready	50.568
agnoster	reverse-13	Repository discovery	0.028
agnoster	reverse-13	Git process	3.878
agnoster	reverse-13	Git output parsing	0.03
agnoster	reverse-13	Provider total	5.303
agnoster	reverse-13	Prompt rendering	0.009
agnoster	reverse-13	Response write	0.009
agnoster	reverse-13	Snapshot published	75.146
agnoster	reverse-13	Snapshot applied and repainted	76.091
agnoster	reverse-14	First editable prompt	70.509
agnoster	reverse-14	Launcher to Zsh startup	2.526
agnoster	reverse-14	User .zshenv	0.135
agnoster	reverse-14	User .zshrc	40.158
agnoster	reverse-14	History substring search	3.126
agnoster	reverse-14	Autosuggestions	0.656
agnoster	reverse-14	Syntax highlighting	0.417
agnoster	reverse-14	Wsh integration	2.121
agnoster	reverse-14	First precmd	0.633
agnoster	reverse-14	Runtime ready	50.686
agnoster	reverse-14	Repository discovery	0.027
agnoster	reverse-14	Git process	3.831
agnoster	reverse-14	Git output parsing	0.032
agnoster	reverse-14	Provider total	5.194
agnoster	reverse-14	Prompt rendering	0.011
agnoster	reverse-14	Response write	0.011
agnoster	reverse-14	Snapshot published	74.991
agnoster	reverse-14	Snapshot applied and repainted	75.952
agnoster	reverse-15	First editable prompt	70.299
agnoster	reverse-15	Launcher to Zsh startup	2.603
agnoster	reverse-15	User .zshenv	0.12
agnoster	reverse-15	User .zshrc	39.999
agnoster	reverse-15	History substring search	3.111
agnoster	reverse-15	Autosuggestions	0.647
agnoster	reverse-15	Syntax highlighting	0.398
agnoster	reverse-15	Wsh integration	2.148
agnoster	reverse-15	First precmd	0.633
agnoster	reverse-15	Runtime ready	50.589
agnoster	reverse-15	Repository discovery	0.026
agnoster	reverse-15	Git process	3.814
agnoster	reverse-15	Git output parsing	0.029
agnoster	reverse-15	Provider total	5.182
agnoster	reverse-15	Prompt rendering	0.009
agnoster	reverse-15	Response write	0.009
agnoster	reverse-15	Snapshot published	74.766
agnoster	reverse-15	Snapshot applied and repainted	75.713
agnoster	reverse-16	First editable prompt	70.064
agnoster	reverse-16	Launcher to Zsh startup	2.525
agnoster	reverse-16	User .zshenv	0.12
agnoster	reverse-16	User .zshrc	40.061
agnoster	reverse-16	History substring search	3.118
agnoster	reverse-16	Autosuggestions	0.648
agnoster	reverse-16	Syntax highlighting	0.399
agnoster	reverse-16	Wsh integration	2.113
agnoster	reverse-16	First precmd	0.598
agnoster	reverse-16	Runtime ready	50.555
agnoster	reverse-16	Repository discovery	0.027
agnoster	reverse-16	Git process	3.831
agnoster	reverse-16	Git output parsing	0.029
agnoster	reverse-16	Provider total	5.158
agnoster	reverse-16	Prompt rendering	0.009
agnoster	reverse-16	Response write	0.01
agnoster	reverse-16	Snapshot published	74.527
agnoster	reverse-16	Snapshot applied and repainted	75.495
agnoster	reverse-17	First editable prompt	70.7
agnoster	reverse-17	Launcher to Zsh startup	2.6
agnoster	reverse-17	User .zshenv	0.121
agnoster	reverse-17	User .zshrc	40.088
agnoster	reverse-17	History substring search	3.257
agnoster	reverse-17	Autosuggestions	0.653
agnoster	reverse-17	Syntax highlighting	0.397
agnoster	reverse-17	Wsh integration	2.154
agnoster	reverse-17	First precmd	0.639
agnoster	reverse-17	Runtime ready	50.862
agnoster	reverse-17	Repository discovery	0.028
agnoster	reverse-17	Git process	3.859
agnoster	reverse-17	Git output parsing	0.03
agnoster	reverse-17	Provider total	5.228
agnoster	reverse-17	Prompt rendering	0.009
agnoster	reverse-17	Response write	0.01
agnoster	reverse-17	Snapshot published	75.21
agnoster	reverse-17	Snapshot applied and repainted	76.142
agnoster	reverse-18	First editable prompt	71.387
agnoster	reverse-18	Launcher to Zsh startup	2.545
agnoster	reverse-18	User .zshenv	0.135
agnoster	reverse-18	User .zshrc	40.53
agnoster	reverse-18	History substring search	3.166
agnoster	reverse-18	Autosuggestions	0.659
agnoster	reverse-18	Syntax highlighting	0.44
agnoster	reverse-18	Wsh integration	2.168
agnoster	reverse-18	First precmd	0.664
agnoster	reverse-18	Runtime ready	51.21
agnoster	reverse-18	Repository discovery	0.028
agnoster	reverse-18	Git process	4.032
agnoster	reverse-18	Git output parsing	0.03
agnoster	reverse-18	Provider total	5.437
agnoster	reverse-18	Prompt rendering	0.01
agnoster	reverse-18	Response write	0.009
agnoster	reverse-18	Snapshot published	76.088
agnoster	reverse-18	Snapshot applied and repainted	77.055
agnoster	reverse-19	First editable prompt	71.072
agnoster	reverse-19	Launcher to Zsh startup	2.59
agnoster	reverse-19	User .zshenv	0.121
agnoster	reverse-19	User .zshrc	40.38
agnoster	reverse-19	History substring search	3.186
agnoster	reverse-19	Autosuggestions	0.676
agnoster	reverse-19	Syntax highlighting	0.395
agnoster	reverse-19	Wsh integration	2.16
agnoster	reverse-19	First precmd	0.634
agnoster	reverse-19	Runtime ready	51.095
agnoster	reverse-19	Repository discovery	0.027
agnoster	reverse-19	Git process	3.894
agnoster	reverse-19	Git output parsing	0.03
agnoster	reverse-19	Provider total	5.271
agnoster	reverse-19	Prompt rendering	0.009
agnoster	reverse-19	Response write	0.01
agnoster	reverse-19	Snapshot published	75.634
agnoster	reverse-19	Snapshot applied and repainted	76.564
agnoster	reverse-2	First editable prompt	70.149
agnoster	reverse-2	Launcher to Zsh startup	2.559
agnoster	reverse-2	User .zshenv	0.121
agnoster	reverse-2	User .zshrc	40.032
agnoster	reverse-2	History substring search	3.151
agnoster	reverse-2	Autosuggestions	0.661
agnoster	reverse-2	Syntax highlighting	0.393
agnoster	reverse-2	Wsh integration	2.165
agnoster	reverse-2	First precmd	0.335
agnoster	reverse-2	Runtime ready	50.333
agnoster	reverse-2	Repository discovery	0.026
agnoster	reverse-2	Git process	3.899
agnoster	reverse-2	Git output parsing	0.033
agnoster	reverse-2	Provider total	4.487
agnoster	reverse-2	Prompt rendering	0.008
agnoster	reverse-2	Response write	0.009
agnoster	reverse-2	Snapshot published	74.974
agnoster	reverse-2	Snapshot applied and repainted	75.933
agnoster	reverse-3	First editable prompt	70.152
agnoster	reverse-3	Launcher to Zsh startup	2.553
agnoster	reverse-3	User .zshenv	0.118
agnoster	reverse-3	User .zshrc	39.685
agnoster	reverse-3	History substring search	3.203
agnoster	reverse-3	Autosuggestions	0.646
agnoster	reverse-3	Syntax highlighting	0.397
agnoster	reverse-3	Wsh integration	2.16
agnoster	reverse-3	First precmd	0.65
agnoster	reverse-3	Runtime ready	50.327
agnoster	reverse-3	Repository discovery	0.027
agnoster	reverse-3	Git process	3.801
agnoster	reverse-3	Git output parsing	0.03
agnoster	reverse-3	Provider total	5.139
agnoster	reverse-3	Prompt rendering	0.009
agnoster	reverse-3	Response write	0.009
agnoster	reverse-3	Snapshot published	74.587
agnoster	reverse-3	Snapshot applied and repainted	75.522
agnoster	reverse-4	First editable prompt	70.279
agnoster	reverse-4	Launcher to Zsh startup	2.496
agnoster	reverse-4	User .zshenv	0.127
agnoster	reverse-4	User .zshrc	39.891
agnoster	reverse-4	History substring search	3.147
agnoster	reverse-4	Autosuggestions	0.664
agnoster	reverse-4	Syntax highlighting	0.4
agnoster	reverse-4	Wsh integration	2.145
agnoster	reverse-4	First precmd	0.619
agnoster	reverse-4	Runtime ready	50.438
agnoster	reverse-4	Repository discovery	0.027
agnoster	reverse-4	Git process	3.815
agnoster	reverse-4	Git output parsing	0.029
agnoster	reverse-4	Provider total	5.166
agnoster	reverse-4	Prompt rendering	0.009
agnoster	reverse-4	Response write	0.009
agnoster	reverse-4	Snapshot published	74.738
agnoster	reverse-4	Snapshot applied and repainted	75.685
agnoster	reverse-5	First editable prompt	70.57
agnoster	reverse-5	Launcher to Zsh startup	2.56
agnoster	reverse-5	User .zshenv	0.121
agnoster	reverse-5	User .zshrc	39.921
agnoster	reverse-5	History substring search	3.208
agnoster	reverse-5	Autosuggestions	0.651
agnoster	reverse-5	Syntax highlighting	0.398
agnoster	reverse-5	Wsh integration	2.142
agnoster	reverse-5	First precmd	0.65
agnoster	reverse-5	Runtime ready	50.557
agnoster	reverse-5	Repository discovery	0.028
agnoster	reverse-5	Git process	3.883
agnoster	reverse-5	Git output parsing	0.03
agnoster	reverse-5	Provider total	5.279
agnoster	reverse-5	Prompt rendering	0.009
agnoster	reverse-5	Response write	0.009
agnoster	reverse-5	Snapshot published	75.111
agnoster	reverse-5	Snapshot applied and repainted	76.036
agnoster	reverse-6	First editable prompt	72.521
agnoster	reverse-6	Launcher to Zsh startup	2.773
agnoster	reverse-6	User .zshenv	0.142
agnoster	reverse-6	User .zshrc	41.437
agnoster	reverse-6	History substring search	3.221
agnoster	reverse-6	Autosuggestions	0.662
agnoster	reverse-6	Syntax highlighting	0.401
agnoster	reverse-6	Wsh integration	2.206
agnoster	reverse-6	First precmd	0.635
agnoster	reverse-6	Runtime ready	52.579
agnoster	reverse-6	Repository discovery	0.028
agnoster	reverse-6	Git process	3.955
agnoster	reverse-6	Git output parsing	0.03
agnoster	reverse-6	Provider total	5.368
agnoster	reverse-6	Prompt rendering	0.009
agnoster	reverse-6	Response write	0.009
agnoster	reverse-6	Snapshot published	77.173
agnoster	reverse-6	Snapshot applied and repainted	78.132
agnoster	reverse-7	First editable prompt	71.842
agnoster	reverse-7	Launcher to Zsh startup	2.589
agnoster	reverse-7	User .zshenv	0.12
agnoster	reverse-7	User .zshrc	40.692
agnoster	reverse-7	History substring search	3.36
agnoster	reverse-7	Autosuggestions	0.651
agnoster	reverse-7	Syntax highlighting	0.4
agnoster	reverse-7	Wsh integration	2.21
agnoster	reverse-7	First precmd	0.676
agnoster	reverse-7	Runtime ready	51.59
agnoster	reverse-7	Repository discovery	0.034
agnoster	reverse-7	Git process	3.931
agnoster	reverse-7	Git output parsing	0.039
agnoster	reverse-7	Provider total	5.41
agnoster	reverse-7	Prompt rendering	0.011
agnoster	reverse-7	Response write	0.012
agnoster	reverse-7	Snapshot published	76.469
agnoster	reverse-7	Snapshot applied and repainted	77.521
agnoster	reverse-8	First editable prompt	73.072
agnoster	reverse-8	Launcher to Zsh startup	2.58
agnoster	reverse-8	User .zshenv	0.121
agnoster	reverse-8	User .zshrc	41.455
agnoster	reverse-8	History substring search	3.23
agnoster	reverse-8	Autosuggestions	0.724
agnoster	reverse-8	Syntax highlighting	0.401
agnoster	reverse-8	Wsh integration	2.38
agnoster	reverse-8	First precmd	0.664
agnoster	reverse-8	Runtime ready	51.607
agnoster	reverse-8	Repository discovery	0.029
agnoster	reverse-8	Git process	3.925
agnoster	reverse-8	Git output parsing	0.031
agnoster	reverse-8	Provider total	5.361
agnoster	reverse-8	Prompt rendering	0.009
agnoster	reverse-8	Response write	0.01
agnoster	reverse-8	Snapshot published	77.67
agnoster	reverse-8	Snapshot applied and repainted	78.675
agnoster	reverse-9	First editable prompt	70.613
agnoster	reverse-9	Launcher to Zsh startup	2.573
agnoster	reverse-9	User .zshenv	0.127
agnoster	reverse-9	User .zshrc	40.144
agnoster	reverse-9	History substring search	3.211
agnoster	reverse-9	Autosuggestions	0.659
agnoster	reverse-9	Syntax highlighting	0.401
agnoster	reverse-9	Wsh integration	2.127
agnoster	reverse-9	First precmd	0.613
agnoster	reverse-9	Runtime ready	50.857
agnoster	reverse-9	Repository discovery	0.028
agnoster	reverse-9	Git process	3.777
agnoster	reverse-9	Git output parsing	0.03
agnoster	reverse-9	Provider total	5.147
agnoster	reverse-9	Prompt rendering	0.008
agnoster	reverse-9	Response write	0.009
agnoster	reverse-9	Snapshot published	75.018
agnoster	reverse-9	Snapshot applied and repainted	75.953
empty	forward-0	First editable prompt	27.711
empty	forward-0	Launcher to Zsh startup	2.536
empty	forward-0	User .zshenv	0.123
empty	forward-0	User .zshrc	0.235
empty	forward-0	History substring search	3.423
empty	forward-0	Autosuggestions	0.704
empty	forward-0	Syntax highlighting	0.385
empty	forward-0	Wsh integration	2.054
empty	forward-0	First precmd	0.6
empty	forward-0	Runtime ready	11.071
empty	forward-0	Repository discovery	0.026
empty	forward-0	Git process	3.753
empty	forward-0	Git output parsing	0.029
empty	forward-0	Provider total	4.859
empty	forward-0	Prompt rendering	0.009
empty	forward-0	Response write	0.009
empty	forward-0	Snapshot published	32.078
empty	forward-0	Snapshot applied and repainted	33.029
empty	forward-1	First editable prompt	27.506
empty	forward-1	Launcher to Zsh startup	2.506
empty	forward-1	User .zshenv	0.12
empty	forward-1	User .zshrc	0.232
empty	forward-1	History substring search	3.395
empty	forward-1	Autosuggestions	0.698
empty	forward-1	Syntax highlighting	0.39
empty	forward-1	Wsh integration	2.04
empty	forward-1	First precmd	0.601
empty	forward-1	Runtime ready	10.98
empty	forward-1	Repository discovery	0.026
empty	forward-1	Git process	3.745
empty	forward-1	Git output parsing	0.029
empty	forward-1	Provider total	4.859
empty	forward-1	Prompt rendering	0.009
empty	forward-1	Response write	0.009
empty	forward-1	Snapshot published	31.872
empty	forward-1	Snapshot applied and repainted	32.813
empty	forward-10	First editable prompt	29.723
empty	forward-10	Launcher to Zsh startup	2.922
empty	forward-10	User .zshenv	0.122
empty	forward-10	User .zshrc	0.234
empty	forward-10	History substring search	3.577
empty	forward-10	Autosuggestions	0.822
empty	forward-10	Syntax highlighting	0.395
empty	forward-10	Wsh integration	2.178
empty	forward-10	First precmd	0.708
empty	forward-10	Runtime ready	11.969
empty	forward-10	Repository discovery	0.03
empty	forward-10	Git process	4.119
empty	forward-10	Git output parsing	0.031
empty	forward-10	Provider total	5.329
empty	forward-10	Prompt rendering	0.009
empty	forward-10	Response write	0.01
empty	forward-10	Snapshot published	34.541
empty	forward-10	Snapshot applied and repainted	35.677
empty	forward-11	First editable prompt	28.291
empty	forward-11	Launcher to Zsh startup	2.615
empty	forward-11	User .zshenv	0.119
empty	forward-11	User .zshrc	0.233
empty	forward-11	History substring search	3.461
empty	forward-11	Autosuggestions	0.706
empty	forward-11	Syntax highlighting	0.394
empty	forward-11	Wsh integration	2.085
empty	forward-11	First precmd	0.658
empty	forward-11	Runtime ready	11.205
empty	forward-11	Repository discovery	0.027
empty	forward-11	Git process	3.909
empty	forward-11	Git output parsing	0.03
empty	forward-11	Provider total	5.076
empty	forward-11	Prompt rendering	0.01
empty	forward-11	Response write	0.009
empty	forward-11	Snapshot published	32.854
empty	forward-11	Snapshot applied and repainted	33.812
empty	forward-12	First editable prompt	28.403
empty	forward-12	Launcher to Zsh startup	2.58
empty	forward-12	User .zshenv	0.122
empty	forward-12	User .zshrc	0.299
empty	forward-12	History substring search	3.576
empty	forward-12	Autosuggestions	0.699
empty	forward-12	Syntax highlighting	0.387
empty	forward-12	Wsh integration	2.12
empty	forward-12	First precmd	0.707
empty	forward-12	Runtime ready	11.454
empty	forward-12	Repository discovery	0.028
empty	forward-12	Git process	1.631
empty	forward-12	Git output parsing	0.03
empty	forward-12	Provider total	5.078
empty	forward-12	Prompt rendering	0.009
empty	forward-12	Response write	0.011
empty	forward-12	Snapshot published	32.963
empty	forward-12	Snapshot applied and repainted	33.912
empty	forward-13	First editable prompt	28.025
empty	forward-13	Launcher to Zsh startup	2.531
empty	forward-13	User .zshenv	0.121
empty	forward-13	User .zshrc	0.253
empty	forward-13	History substring search	3.408
empty	forward-13	Autosuggestions	0.701
empty	forward-13	Syntax highlighting	0.385
empty	forward-13	Wsh integration	2.051
empty	forward-13	First precmd	0.681
empty	forward-13	Runtime ready	11.09
empty	forward-13	Repository discovery	0.028
empty	forward-13	Git process	3.866
empty	forward-13	Git output parsing	0.031
empty	forward-13	Provider total	5.113
empty	forward-13	Prompt rendering	0.009
empty	forward-13	Response write	0.01
empty	forward-13	Snapshot published	32.569
empty	forward-13	Snapshot applied and repainted	33.528
empty	forward-14	First editable prompt	28.146
empty	forward-14	Launcher to Zsh startup	2.538
empty	forward-14	User .zshenv	0.119
empty	forward-14	User .zshrc	0.234
empty	forward-14	History substring search	3.491
empty	forward-14	Autosuggestions	0.69
empty	forward-14	Syntax highlighting	0.391
empty	forward-14	Wsh integration	2.145
empty	forward-14	First precmd	0.627
empty	forward-14	Runtime ready	11.218
empty	forward-14	Repository discovery	0.027
empty	forward-14	Git process	3.801
empty	forward-14	Git output parsing	0.029
empty	forward-14	Provider total	4.979
empty	forward-14	Prompt rendering	0.01
empty	forward-14	Response write	0.009
empty	forward-14	Snapshot published	32.592
empty	forward-14	Snapshot applied and repainted	33.535
empty	forward-15	First editable prompt	27.878
empty	forward-15	Launcher to Zsh startup	2.537
empty	forward-15	User .zshenv	0.125
empty	forward-15	User .zshrc	0.233
empty	forward-15	History substring search	3.444
empty	forward-15	Autosuggestions	0.689
empty	forward-15	Syntax highlighting	0.409
empty	forward-15	Wsh integration	2.104
empty	forward-15	First precmd	0.639
empty	forward-15	Runtime ready	11.142
empty	forward-15	Repository discovery	0.027
empty	forward-15	Git process	3.851
empty	forward-15	Git output parsing	0.031
empty	forward-15	Provider total	5.017
empty	forward-15	Prompt rendering	0.009
empty	forward-15	Response write	0.01
empty	forward-15	Snapshot published	32.377
empty	forward-15	Snapshot applied and repainted	33.334
empty	forward-16	First editable prompt	27.777
empty	forward-16	Launcher to Zsh startup	2.572
empty	forward-16	User .zshenv	0.12
empty	forward-16	User .zshrc	0.234
empty	forward-16	History substring search	3.448
empty	forward-16	Autosuggestions	0.702
empty	forward-16	Syntax highlighting	0.384
empty	forward-16	Wsh integration	2.106
empty	forward-16	First precmd	0.603
empty	forward-16	Runtime ready	11.204
empty	forward-16	Repository discovery	0.026
empty	forward-16	Git process	3.862
empty	forward-16	Git output parsing	0.031
empty	forward-16	Provider total	5.049
empty	forward-16	Prompt rendering	0.009
empty	forward-16	Response write	0.009
empty	forward-16	Snapshot published	32.312
empty	forward-16	Snapshot applied and repainted	33.297
empty	forward-17	First editable prompt	27.696
empty	forward-17	Launcher to Zsh startup	2.532
empty	forward-17	User .zshenv	0.141
empty	forward-17	User .zshrc	0.233
empty	forward-17	History substring search	3.43
empty	forward-17	Autosuggestions	0.696
empty	forward-17	Syntax highlighting	0.392
empty	forward-17	Wsh integration	2.066
empty	forward-17	First precmd	0.65
empty	forward-17	Runtime ready	11.094
empty	forward-17	Repository discovery	0.026
empty	forward-17	Git process	3.865
empty	forward-17	Git output parsing	0.036
empty	forward-17	Provider total	4.999
empty	forward-17	Prompt rendering	0.009
empty	forward-17	Response write	0.009
empty	forward-17	Snapshot published	32.203
empty	forward-17	Snapshot applied and repainted	33.151
empty	forward-18	First editable prompt	27.757
empty	forward-18	Launcher to Zsh startup	2.534
empty	forward-18	User .zshenv	0.12
empty	forward-18	User .zshrc	0.232
empty	forward-18	History substring search	3.436
empty	forward-18	Autosuggestions	0.7
empty	forward-18	Syntax highlighting	0.395
empty	forward-18	Wsh integration	2.04
empty	forward-18	First precmd	0.638
empty	forward-18	Runtime ready	11.057
empty	forward-18	Repository discovery	0.028
empty	forward-18	Git process	3.817
empty	forward-18	Git output parsing	0.029
empty	forward-18	Provider total	5.043
empty	forward-18	Prompt rendering	0.009
empty	forward-18	Response write	0.009
empty	forward-18	Snapshot published	32.277
empty	forward-18	Snapshot applied and repainted	33.212
empty	forward-19	First editable prompt	27.715
empty	forward-19	Launcher to Zsh startup	2.547
empty	forward-19	User .zshenv	0.119
empty	forward-19	User .zshrc	0.233
empty	forward-19	History substring search	3.437
empty	forward-19	Autosuggestions	0.708
empty	forward-19	Syntax highlighting	0.386
empty	forward-19	Wsh integration	2.065
empty	forward-19	First precmd	0.61
empty	forward-19	Runtime ready	11.119
empty	forward-19	Repository discovery	0.027
empty	forward-19	Git process	3.808
empty	forward-19	Git output parsing	0.033
empty	forward-19	Provider total	4.969
empty	forward-19	Prompt rendering	0.009
empty	forward-19	Response write	0.01
empty	forward-19	Snapshot published	32.168
empty	forward-19	Snapshot applied and repainted	33.129
empty	forward-2	First editable prompt	27.517
empty	forward-2	Launcher to Zsh startup	2.485
empty	forward-2	User .zshenv	0.12
empty	forward-2	User .zshrc	0.235
empty	forward-2	History substring search	3.383
empty	forward-2	Autosuggestions	0.697
empty	forward-2	Syntax highlighting	0.395
empty	forward-2	Wsh integration	2.035
empty	forward-2	First precmd	0.608
empty	forward-2	Runtime ready	10.95
empty	forward-2	Repository discovery	0.032
empty	forward-2	Git process	3.774
empty	forward-2	Git output parsing	0.03
empty	forward-2	Provider total	4.885
empty	forward-2	Prompt rendering	0.008
empty	forward-2	Response write	0.009
empty	forward-2	Snapshot published	31.938
empty	forward-2	Snapshot applied and repainted	32.889
empty	forward-3	First editable prompt	28.052
empty	forward-3	Launcher to Zsh startup	2.513
empty	forward-3	User .zshenv	0.129
empty	forward-3	User .zshrc	0.234
empty	forward-3	History substring search	3.439
empty	forward-3	Autosuggestions	0.693
empty	forward-3	Syntax highlighting	0.4
empty	forward-3	Wsh integration	2.072
empty	forward-3	First precmd	0.604
empty	forward-3	Runtime ready	11.096
empty	forward-3	Repository discovery	0.027
empty	forward-3	Git process	3.8
empty	forward-3	Git output parsing	0.032
empty	forward-3	Provider total	4.966
empty	forward-3	Prompt rendering	0.009
empty	forward-3	Response write	0.01
empty	forward-3	Snapshot published	32.509
empty	forward-3	Snapshot applied and repainted	33.489
empty	forward-4	First editable prompt	27.729
empty	forward-4	Launcher to Zsh startup	2.508
empty	forward-4	User .zshenv	0.119
empty	forward-4	User .zshrc	0.234
empty	forward-4	History substring search	3.42
empty	forward-4	Autosuggestions	0.695
empty	forward-4	Syntax highlighting	0.384
empty	forward-4	Wsh integration	2.04
empty	forward-4	First precmd	0.605
empty	forward-4	Runtime ready	10.991
empty	forward-4	Repository discovery	0.027
empty	forward-4	Git process	3.789
empty	forward-4	Git output parsing	0.03
empty	forward-4	Provider total	4.942
empty	forward-4	Prompt rendering	0.008
empty	forward-4	Response write	0.009
empty	forward-4	Snapshot published	32.141
empty	forward-4	Snapshot applied and repainted	33.098
empty	forward-5	First editable prompt	27.971
empty	forward-5	Launcher to Zsh startup	2.673
empty	forward-5	User .zshenv	0.118
empty	forward-5	User .zshrc	0.24
empty	forward-5	History substring search	3.406
empty	forward-5	Autosuggestions	0.707
empty	forward-5	Syntax highlighting	0.482
empty	forward-5	Wsh integration	2.037
empty	forward-5	First precmd	0.645
empty	forward-5	Runtime ready	11.244
empty	forward-5	Repository discovery	0.027
empty	forward-5	Git process	3.783
empty	forward-5	Git output parsing	0.03
empty	forward-5	Provider total	4.932
empty	forward-5	Prompt rendering	0.009
empty	forward-5	Response write	0.014
empty	forward-5	Snapshot published	32.399
empty	forward-5	Snapshot applied and repainted	33.334
empty	forward-6	First editable prompt	28.369
empty	forward-6	Launcher to Zsh startup	2.575
empty	forward-6	User .zshenv	0.118
empty	forward-6	User .zshrc	0.242
empty	forward-6	History substring search	3.418
empty	forward-6	Autosuggestions	0.699
empty	forward-6	Syntax highlighting	0.395
empty	forward-6	Wsh integration	2.104
empty	forward-6	First precmd	0.621
empty	forward-6	Runtime ready	11.148
empty	forward-6	Repository discovery	0.026
empty	forward-6	Git process	3.802
empty	forward-6	Git output parsing	0.029
empty	forward-6	Provider total	4.935
empty	forward-6	Prompt rendering	0.008
empty	forward-6	Response write	0.009
empty	forward-6	Snapshot published	32.797
empty	forward-6	Snapshot applied and repainted	33.741
empty	forward-7	First editable prompt	27.716
empty	forward-7	Launcher to Zsh startup	2.559
empty	forward-7	User .zshenv	0.121
empty	forward-7	User .zshrc	0.238
empty	forward-7	History substring search	3.452
empty	forward-7	Autosuggestions	0.689
empty	forward-7	Syntax highlighting	0.406
empty	forward-7	Wsh integration	2.055
empty	forward-7	First precmd	0.616
empty	forward-7	Runtime ready	11.162
empty	forward-7	Repository discovery	0.027
empty	forward-7	Git process	3.73
empty	forward-7	Git output parsing	0.043
empty	forward-7	Provider total	4.878
empty	forward-7	Prompt rendering	0.008
empty	forward-7	Response write	0.009
empty	forward-7	Snapshot published	32.104
empty	forward-7	Snapshot applied and repainted	33.033
empty	forward-8	First editable prompt	27.685
empty	forward-8	Launcher to Zsh startup	2.553
empty	forward-8	User .zshenv	0.12
empty	forward-8	User .zshrc	0.238
empty	forward-8	History substring search	3.4
empty	forward-8	Autosuggestions	0.698
empty	forward-8	Syntax highlighting	0.407
empty	forward-8	Wsh integration	2.035
empty	forward-8	First precmd	0.618
empty	forward-8	Runtime ready	14.367
empty	forward-8	Repository discovery	0.027
empty	forward-8	Git process	3.849
empty	forward-8	Git output parsing	0.03
empty	forward-8	Provider total	4.987
empty	forward-8	Prompt rendering	0.009
empty	forward-8	Response write	0.009
empty	forward-8	Snapshot published	32.194
empty	forward-8	Snapshot applied and repainted	33.131
empty	forward-9	First editable prompt	28.419
empty	forward-9	Launcher to Zsh startup	2.752
empty	forward-9	User .zshenv	0.12
empty	forward-9	User .zshrc	0.243
empty	forward-9	History substring search	3.488
empty	forward-9	Autosuggestions	0.691
empty	forward-9	Syntax highlighting	0.4
empty	forward-9	Wsh integration	2.123
empty	forward-9	First precmd	0.653
empty	forward-9	Runtime ready	11.466
empty	forward-9	Repository discovery	0.028
empty	forward-9	Git process	3.999
empty	forward-9	Git output parsing	0.03
empty	forward-9	Provider total	5.203
empty	forward-9	Prompt rendering	0.01
empty	forward-9	Response write	0.01
empty	forward-9	Snapshot published	33.09
empty	forward-9	Snapshot applied and repainted	34.09
empty	reverse-0	First editable prompt	28.625
empty	reverse-0	Launcher to Zsh startup	2.604
empty	reverse-0	User .zshenv	0.128
empty	reverse-0	User .zshrc	0.235
empty	reverse-0	History substring search	3.649
empty	reverse-0	Autosuggestions	0.723
empty	reverse-0	Syntax highlighting	0.384
empty	reverse-0	Wsh integration	2.102
empty	reverse-0	First precmd	0.666
empty	reverse-0	Runtime ready	11.449
empty	reverse-0	Repository discovery	0.032
empty	reverse-0	Git process	3.91
empty	reverse-0	Git output parsing	0.03
empty	reverse-0	Provider total	5.155
empty	reverse-0	Prompt rendering	0.009
empty	reverse-0	Response write	0.01
empty	reverse-0	Snapshot published	33.242
empty	reverse-0	Snapshot applied and repainted	34.207
empty	reverse-1	First editable prompt	27.669
empty	reverse-1	Launcher to Zsh startup	2.584
empty	reverse-1	User .zshenv	0.12
empty	reverse-1	User .zshrc	0.241
empty	reverse-1	History substring search	3.409
empty	reverse-1	Autosuggestions	0.702
empty	reverse-1	Syntax highlighting	0.392
empty	reverse-1	Wsh integration	2.053
empty	reverse-1	First precmd	0.619
empty	reverse-1	Runtime ready	11.085
empty	reverse-1	Repository discovery	0.027
empty	reverse-1	Git process	3.78
empty	reverse-1	Git output parsing	0.029
empty	reverse-1	Provider total	4.938
empty	reverse-1	Prompt rendering	0.009
empty	reverse-1	Response write	0.009
empty	reverse-1	Snapshot published	32.102
empty	reverse-1	Snapshot applied and repainted	33.053
empty	reverse-10	First editable prompt	27.867
empty	reverse-10	Launcher to Zsh startup	2.636
empty	reverse-10	User .zshenv	0.123
empty	reverse-10	User .zshrc	0.234
empty	reverse-10	History substring search	3.463
empty	reverse-10	Autosuggestions	0.694
empty	reverse-10	Syntax highlighting	0.39
empty	reverse-10	Wsh integration	2.081
empty	reverse-10	First precmd	0.62
empty	reverse-10	Runtime ready	11.306
empty	reverse-10	Repository discovery	0.026
empty	reverse-10	Git process	3.842
empty	reverse-10	Git output parsing	0.029
empty	reverse-10	Provider total	4.974
empty	reverse-10	Prompt rendering	0.009
empty	reverse-10	Response write	0.009
empty	reverse-10	Snapshot published	32.348
empty	reverse-10	Snapshot applied and repainted	33.339
empty	reverse-11	First editable prompt	27.89
empty	reverse-11	Launcher to Zsh startup	2.584
empty	reverse-11	User .zshenv	0.118
empty	reverse-11	User .zshrc	0.24
empty	reverse-11	History substring search	3.523
empty	reverse-11	Autosuggestions	0.703
empty	reverse-11	Syntax highlighting	0.389
empty	reverse-11	Wsh integration	2.07
empty	reverse-11	First precmd	0.619
empty	reverse-11	Runtime ready	11.292
empty	reverse-11	Repository discovery	0.027
empty	reverse-11	Git process	3.895
empty	reverse-11	Git output parsing	0.032
empty	reverse-11	Provider total	5.043
empty	reverse-11	Prompt rendering	0.009
empty	reverse-11	Response write	0.01
empty	reverse-11	Snapshot published	32.423
empty	reverse-11	Snapshot applied and repainted	33.415
empty	reverse-12	First editable prompt	28.447
empty	reverse-12	Launcher to Zsh startup	2.575
empty	reverse-12	User .zshenv	0.12
empty	reverse-12	User .zshrc	0.238
empty	reverse-12	History substring search	3.433
empty	reverse-12	Autosuggestions	0.717
empty	reverse-12	Syntax highlighting	0.418
empty	reverse-12	Wsh integration	2.24
empty	reverse-12	First precmd	0.635
empty	reverse-12	Runtime ready	11.376
empty	reverse-12	Repository discovery	0.027
empty	reverse-12	Git process	3.922
empty	reverse-12	Git output parsing	0.03
empty	reverse-12	Provider total	5.085
empty	reverse-12	Prompt rendering	0.02
empty	reverse-12	Response write	0.01
empty	reverse-12	Snapshot published	33.021
empty	reverse-12	Snapshot applied and repainted	33.981
empty	reverse-13	First editable prompt	27.782
empty	reverse-13	Launcher to Zsh startup	2.624
empty	reverse-13	User .zshenv	0.119
empty	reverse-13	User .zshrc	0.235
empty	reverse-13	History substring search	3.487
empty	reverse-13	Autosuggestions	0.699
empty	reverse-13	Syntax highlighting	0.416
empty	reverse-13	Wsh integration	2.049
empty	reverse-13	First precmd	0.611
empty	reverse-13	Runtime ready	11.249
empty	reverse-13	Repository discovery	0.026
empty	reverse-13	Git process	3.844
empty	reverse-13	Git output parsing	0.029
empty	reverse-13	Provider total	4.967
empty	reverse-13	Prompt rendering	0.008
empty	reverse-13	Response write	0.009
empty	reverse-13	Snapshot published	32.248
empty	reverse-13	Snapshot applied and repainted	33.194
empty	reverse-14	First editable prompt	28.12
empty	reverse-14	Launcher to Zsh startup	2.586
empty	reverse-14	User .zshenv	0.119
empty	reverse-14	User .zshrc	0.239
empty	reverse-14	History substring search	3.508
empty	reverse-14	Autosuggestions	0.696
empty	reverse-14	Syntax highlighting	0.434
empty	reverse-14	Wsh integration	2.06
empty	reverse-14	First precmd	0.633
empty	reverse-14	Runtime ready	11.284
empty	reverse-14	Repository discovery	0.031
empty	reverse-14	Git process	3.845
empty	reverse-14	Git output parsing	0.031
empty	reverse-14	Provider total	4.979
empty	reverse-14	Prompt rendering	0.009
empty	reverse-14	Response write	0.009
empty	reverse-14	Snapshot published	32.601
empty	reverse-14	Snapshot applied and repainted	33.566
empty	reverse-15	First editable prompt	28.219
empty	reverse-15	Launcher to Zsh startup	2.623
empty	reverse-15	User .zshenv	0.132
empty	reverse-15	User .zshrc	0.235
empty	reverse-15	History substring search	3.51
empty	reverse-15	Autosuggestions	0.702
empty	reverse-15	Syntax highlighting	0.387
empty	reverse-15	Wsh integration	2.108
empty	reverse-15	First precmd	0.627
empty	reverse-15	Runtime ready	11.328
empty	reverse-15	Repository discovery	0.027
empty	reverse-15	Git process	3.876
empty	reverse-15	Git output parsing	0.031
empty	reverse-15	Provider total	5.02
empty	reverse-15	Prompt rendering	0.009
empty	reverse-15	Response write	0.009
empty	reverse-15	Snapshot published	32.726
empty	reverse-15	Snapshot applied and repainted	33.687
empty	reverse-16	First editable prompt	28.033
empty	reverse-16	Launcher to Zsh startup	2.578
empty	reverse-16	User .zshenv	0.12
empty	reverse-16	User .zshrc	0.244
empty	reverse-16	History substring search	3.463
empty	reverse-16	Autosuggestions	0.791
empty	reverse-16	Syntax highlighting	0.398
empty	reverse-16	Wsh integration	2.059
empty	reverse-16	First precmd	0.646
empty	reverse-16	Runtime ready	11.281
empty	reverse-16	Repository discovery	0.028
empty	reverse-16	Git process	3.799
empty	reverse-16	Git output parsing	0.03
empty	reverse-16	Provider total	4.967
empty	reverse-16	Prompt rendering	0.009
empty	reverse-16	Response write	0.009
empty	reverse-16	Snapshot published	32.479
empty	reverse-16	Snapshot applied and repainted	33.451
empty	reverse-17	First editable prompt	27.91
empty	reverse-17	Launcher to Zsh startup	2.568
empty	reverse-17	User .zshenv	0.12
empty	reverse-17	User .zshrc	0.232
empty	reverse-17	History substring search	3.417
empty	reverse-17	Autosuggestions	0.692
empty	reverse-17	Syntax highlighting	0.419
empty	reverse-17	Wsh integration	2.076
empty	reverse-17	First precmd	0.622
empty	reverse-17	Runtime ready	11.182
empty	reverse-17	Repository discovery	0.026
empty	reverse-17	Git process	3.825
empty	reverse-17	Git output parsing	0.031
empty	reverse-17	Provider total	4.949
empty	reverse-17	Prompt rendering	0.01
empty	reverse-17	Response write	0.01
empty	reverse-17	Snapshot published	32.374
empty	reverse-17	Snapshot applied and repainted	33.357
empty	reverse-18	First editable prompt	28.146
empty	reverse-18	Launcher to Zsh startup	2.639
empty	reverse-18	User .zshenv	0.119
empty	reverse-18	User .zshrc	0.233
empty	reverse-18	History substring search	3.465
empty	reverse-18	Autosuggestions	0.693
empty	reverse-18	Syntax highlighting	0.412
empty	reverse-18	Wsh integration	2.118
empty	reverse-18	First precmd	0.615
empty	reverse-18	Runtime ready	11.346
empty	reverse-18	Repository discovery	0.027
empty	reverse-18	Git process	3.836
empty	reverse-18	Git output parsing	0.029
empty	reverse-18	Provider total	4.971
empty	reverse-18	Prompt rendering	0.009
empty	reverse-18	Response write	0.009
empty	reverse-18	Snapshot published	32.616
empty	reverse-18	Snapshot applied and repainted	33.611
empty	reverse-19	First editable prompt	28.014
empty	reverse-19	Launcher to Zsh startup	2.585
empty	reverse-19	User .zshenv	0.12
empty	reverse-19	User .zshrc	0.234
empty	reverse-19	History substring search	3.409
empty	reverse-19	Autosuggestions	0.699
empty	reverse-19	Syntax highlighting	0.401
empty	reverse-19	Wsh integration	2.069
empty	reverse-19	First precmd	0.64
empty	reverse-19	Runtime ready	11.12
empty	reverse-19	Repository discovery	0.028
empty	reverse-19	Git process	3.936
empty	reverse-19	Git output parsing	0.031
empty	reverse-19	Provider total	5.15
empty	reverse-19	Prompt rendering	0.01
empty	reverse-19	Response write	0.01
empty	reverse-19	Snapshot published	32.65
empty	reverse-19	Snapshot applied and repainted	33.653
empty	reverse-2	First editable prompt	27.613
empty	reverse-2	Launcher to Zsh startup	2.557
empty	reverse-2	User .zshenv	0.121
empty	reverse-2	User .zshrc	0.241
empty	reverse-2	History substring search	3.42
empty	reverse-2	Autosuggestions	0.698
empty	reverse-2	Syntax highlighting	0.398
empty	reverse-2	Wsh integration	2.054
empty	reverse-2	First precmd	0.616
empty	reverse-2	Runtime ready	11.09
empty	reverse-2	Repository discovery	0.027
empty	reverse-2	Git process	3.823
empty	reverse-2	Git output parsing	0.031
empty	reverse-2	Provider total	4.944
empty	reverse-2	Prompt rendering	0.009
empty	reverse-2	Response write	0.009
empty	reverse-2	Snapshot published	32.061
empty	reverse-2	Snapshot applied and repainted	33.018
empty	reverse-3	First editable prompt	27.886
empty	reverse-3	Launcher to Zsh startup	2.613
empty	reverse-3	User .zshenv	0.12
empty	reverse-3	User .zshrc	0.24
empty	reverse-3	History substring search	3.567
empty	reverse-3	Autosuggestions	0.701
empty	reverse-3	Syntax highlighting	0.393
empty	reverse-3	Wsh integration	2.075
empty	reverse-3	First precmd	0.621
empty	reverse-3	Runtime ready	11.312
empty	reverse-3	Repository discovery	0.031
empty	reverse-3	Git process	3.817
empty	reverse-3	Git output parsing	0.031
empty	reverse-3	Provider total	4.942
empty	reverse-3	Prompt rendering	0.008
empty	reverse-3	Response write	0.009
empty	reverse-3	Snapshot published	32.332
empty	reverse-3	Snapshot applied and repainted	33.288
empty	reverse-4	First editable prompt	28.12
empty	reverse-4	Launcher to Zsh startup	2.505
empty	reverse-4	User .zshenv	0.121
empty	reverse-4	User .zshrc	0.232
empty	reverse-4	History substring search	3.449
empty	reverse-4	Autosuggestions	0.708
empty	reverse-4	Syntax highlighting	0.388
empty	reverse-4	Wsh integration	2.048
empty	reverse-4	First precmd	0.675
empty	reverse-4	Runtime ready	11.051
empty	reverse-4	Repository discovery	0.028
empty	reverse-4	Git process	3.836
empty	reverse-4	Git output parsing	0.03
empty	reverse-4	Provider total	5.046
empty	reverse-4	Prompt rendering	0.014
empty	reverse-4	Response write	0.01
empty	reverse-4	Snapshot published	32.616
empty	reverse-4	Snapshot applied and repainted	33.576
empty	reverse-5	First editable prompt	27.741
empty	reverse-5	Launcher to Zsh startup	2.57
empty	reverse-5	User .zshenv	0.127
empty	reverse-5	User .zshrc	0.231
empty	reverse-5	History substring search	3.459
empty	reverse-5	Autosuggestions	0.69
empty	reverse-5	Syntax highlighting	0.395
empty	reverse-5	Wsh integration	2.124
empty	reverse-5	First precmd	0.62
empty	reverse-5	Runtime ready	11.198
empty	reverse-5	Repository discovery	0.026
empty	reverse-5	Git process	3.819
empty	reverse-5	Git output parsing	0.03
empty	reverse-5	Provider total	4.951
empty	reverse-5	Prompt rendering	0.009
empty	reverse-5	Response write	0.009
empty	reverse-5	Snapshot published	32.194
empty	reverse-5	Snapshot applied and repainted	33.14
empty	reverse-6	First editable prompt	28.067
empty	reverse-6	Launcher to Zsh startup	2.62
empty	reverse-6	User .zshenv	0.122
empty	reverse-6	User .zshrc	0.241
empty	reverse-6	History substring search	3.525
empty	reverse-6	Autosuggestions	0.697
empty	reverse-6	Syntax highlighting	0.409
empty	reverse-6	Wsh integration	2.09
empty	reverse-6	First precmd	0.617
empty	reverse-6	Runtime ready	11.366
empty	reverse-6	Repository discovery	0.026
empty	reverse-6	Git process	3.843
empty	reverse-6	Git output parsing	0.03
empty	reverse-6	Provider total	4.988
empty	reverse-6	Prompt rendering	0.009
empty	reverse-6	Response write	0.009
empty	reverse-6	Snapshot published	32.544
empty	reverse-6	Snapshot applied and repainted	33.494
empty	reverse-7	First editable prompt	27.691
empty	reverse-7	Launcher to Zsh startup	2.525
empty	reverse-7	User .zshenv	0.12
empty	reverse-7	User .zshrc	0.232
empty	reverse-7	History substring search	3.451
empty	reverse-7	Autosuggestions	0.695
empty	reverse-7	Syntax highlighting	0.397
empty	reverse-7	Wsh integration	2.064
empty	reverse-7	First precmd	0.619
empty	reverse-7	Runtime ready	11.078
empty	reverse-7	Repository discovery	0.026
empty	reverse-7	Git process	3.793
empty	reverse-7	Git output parsing	0.029
empty	reverse-7	Provider total	4.945
empty	reverse-7	Prompt rendering	0.009
empty	reverse-7	Response write	0.009
empty	reverse-7	Snapshot published	32.126
empty	reverse-7	Snapshot applied and repainted	33.075
empty	reverse-8	First editable prompt	27.688
empty	reverse-8	Launcher to Zsh startup	2.561
empty	reverse-8	User .zshenv	0.119
empty	reverse-8	User .zshrc	0.234
empty	reverse-8	History substring search	3.44
empty	reverse-8	Autosuggestions	0.701
empty	reverse-8	Syntax highlighting	0.385
empty	reverse-8	Wsh integration	2.067
empty	reverse-8	First precmd	0.619
empty	reverse-8	Runtime ready	11.113
empty	reverse-8	Repository discovery	0.027
empty	reverse-8	Git process	3.838
empty	reverse-8	Git output parsing	0.03
empty	reverse-8	Provider total	4.979
empty	reverse-8	Prompt rendering	0.009
empty	reverse-8	Response write	0.01
empty	reverse-8	Snapshot published	32.159
empty	reverse-8	Snapshot applied and repainted	33.114
empty	reverse-9	First editable prompt	27.956
empty	reverse-9	Launcher to Zsh startup	2.609
empty	reverse-9	User .zshenv	0.129
empty	reverse-9	User .zshrc	0.232
empty	reverse-9	History substring search	3.445
empty	reverse-9	Autosuggestions	0.701
empty	reverse-9	Syntax highlighting	0.395
empty	reverse-9	Wsh integration	2.132
empty	reverse-9	First precmd	0.618
empty	reverse-9	Runtime ready	11.257
empty	reverse-9	Repository discovery	0.027
empty	reverse-9	Git process	3.926
empty	reverse-9	Git output parsing	0.03
empty	reverse-9	Provider total	5.064
empty	reverse-9	Prompt rendering	0.008
empty	reverse-9	Response write	0.009
empty	reverse-9	Snapshot published	32.517
empty	reverse-9	Snapshot applied and repainted	33.508
omz-none	forward-0	First editable prompt	69.628
omz-none	forward-0	Launcher to Zsh startup	2.512
omz-none	forward-0	User .zshenv	0.12
omz-none	forward-0	User .zshrc	39.107
omz-none	forward-0	History substring search	3.19
omz-none	forward-0	Autosuggestions	0.662
omz-none	forward-0	Syntax highlighting	0.392
omz-none	forward-0	Wsh integration	2.205
omz-none	forward-0	First precmd	0.642
omz-none	forward-0	Runtime ready	49.785
omz-none	forward-0	Repository discovery	0.027
omz-none	forward-0	Git process	3.945
omz-none	forward-0	Git output parsing	0.029
omz-none	forward-0	Provider total	5.291
omz-none	forward-0	Prompt rendering	0.009
omz-none	forward-0	Response write	0.01
omz-none	forward-0	Snapshot published	74.203
omz-none	forward-0	Snapshot applied and repainted	75.14
omz-none	forward-1	First editable prompt	71.408
omz-none	forward-1	Launcher to Zsh startup	2.62
omz-none	forward-1	User .zshenv	0.125
omz-none	forward-1	User .zshrc	40.225
omz-none	forward-1	History substring search	3.201
omz-none	forward-1	Autosuggestions	0.658
omz-none	forward-1	Syntax highlighting	0.392
omz-none	forward-1	Wsh integration	2.16
omz-none	forward-1	First precmd	0.717
omz-none	forward-1	Runtime ready	50.983
omz-none	forward-1	Repository discovery	0.029
omz-none	forward-1	Git process	3.925
omz-none	forward-1	Git output parsing	0.03
omz-none	forward-1	Provider total	5.404
omz-none	forward-1	Prompt rendering	0.009
omz-none	forward-1	Response write	0.01
omz-none	forward-1	Snapshot published	76.058
omz-none	forward-1	Snapshot applied and repainted	77.009
omz-none	forward-10	First editable prompt	69.914
omz-none	forward-10	Launcher to Zsh startup	2.538
omz-none	forward-10	User .zshenv	0.128
omz-none	forward-10	User .zshrc	39.014
omz-none	forward-10	History substring search	3.33
omz-none	forward-10	Autosuggestions	0.693
omz-none	forward-10	Syntax highlighting	0.412
omz-none	forward-10	Wsh integration	2.225
omz-none	forward-10	First precmd	0.638
omz-none	forward-10	Runtime ready	49.919
omz-none	forward-10	Repository discovery	0.027
omz-none	forward-10	Git process	3.855
omz-none	forward-10	Git output parsing	0.03
omz-none	forward-10	Provider total	5.246
omz-none	forward-10	Prompt rendering	0.009
omz-none	forward-10	Response write	0.01
omz-none	forward-10	Snapshot published	74.415
omz-none	forward-10	Snapshot applied and repainted	75.399
omz-none	forward-11	First editable prompt	69.798
omz-none	forward-11	Launcher to Zsh startup	2.53
omz-none	forward-11	User .zshenv	0.129
omz-none	forward-11	User .zshrc	39.326
omz-none	forward-11	History substring search	3.303
omz-none	forward-11	Autosuggestions	0.658
omz-none	forward-11	Syntax highlighting	0.4
omz-none	forward-11	Wsh integration	2.151
omz-none	forward-11	First precmd	0.621
omz-none	forward-11	Runtime ready	50.063
omz-none	forward-11	Repository discovery	0.026
omz-none	forward-11	Git process	3.898
omz-none	forward-11	Git output parsing	0.03
omz-none	forward-11	Provider total	5.238
omz-none	forward-11	Prompt rendering	0.008
omz-none	forward-11	Response write	0.009
omz-none	forward-11	Snapshot published	74.338
omz-none	forward-11	Snapshot applied and repainted	75.296
omz-none	forward-12	First editable prompt	71.713
omz-none	forward-12	Launcher to Zsh startup	2.595
omz-none	forward-12	User .zshenv	0.127
omz-none	forward-12	User .zshrc	40.422
omz-none	forward-12	History substring search	3.33
omz-none	forward-12	Autosuggestions	0.717
omz-none	forward-12	Syntax highlighting	0.402
omz-none	forward-12	Wsh integration	2.272
omz-none	forward-12	First precmd	0.691
omz-none	forward-12	Runtime ready	51.485
omz-none	forward-12	Repository discovery	0.073
omz-none	forward-12	Git process	4.221
omz-none	forward-12	Git output parsing	0.031
omz-none	forward-12	Provider total	5.645
omz-none	forward-12	Prompt rendering	0.008
omz-none	forward-12	Response write	0.01
omz-none	forward-12	Snapshot published	76.618
omz-none	forward-12	Snapshot applied and repainted	77.551
omz-none	forward-13	First editable prompt	71.111
omz-none	forward-13	Launcher to Zsh startup	2.727
omz-none	forward-13	User .zshenv	0.119
omz-none	forward-13	User .zshrc	40.19
omz-none	forward-13	History substring search	3.226
omz-none	forward-13	Autosuggestions	0.662
omz-none	forward-13	Syntax highlighting	0.399
omz-none	forward-13	Wsh integration	2.158
omz-none	forward-13	First precmd	0.634
omz-none	forward-13	Runtime ready	51.071
omz-none	forward-13	Repository discovery	0.027
omz-none	forward-13	Git process	3.893
omz-none	forward-13	Git output parsing	0.039
omz-none	forward-13	Provider total	5.288
omz-none	forward-13	Prompt rendering	0.011
omz-none	forward-13	Response write	0.013
omz-none	forward-13	Snapshot published	75.704
omz-none	forward-13	Snapshot applied and repainted	76.668
omz-none	forward-14	First editable prompt	70.44
omz-none	forward-14	Launcher to Zsh startup	2.538
omz-none	forward-14	User .zshenv	0.12
omz-none	forward-14	User .zshrc	39.422
omz-none	forward-14	History substring search	3.3
omz-none	forward-14	Autosuggestions	0.659
omz-none	forward-14	Syntax highlighting	0.398
omz-none	forward-14	Wsh integration	2.184
omz-none	forward-14	First precmd	0.656
omz-none	forward-14	Runtime ready	50.242
omz-none	forward-14	Repository discovery	0.032
omz-none	forward-14	Git process	3.801
omz-none	forward-14	Git output parsing	0.03
omz-none	forward-14	Provider total	5.181
omz-none	forward-14	Prompt rendering	0.008
omz-none	forward-14	Response write	0.009
omz-none	forward-14	Snapshot published	74.918
omz-none	forward-14	Snapshot applied and repainted	75.85
omz-none	forward-15	First editable prompt	70.244
omz-none	forward-15	Launcher to Zsh startup	2.611
omz-none	forward-15	User .zshenv	0.119
omz-none	forward-15	User .zshrc	39.55
omz-none	forward-15	History substring search	3.201
omz-none	forward-15	Autosuggestions	0.661
omz-none	forward-15	Syntax highlighting	0.39
omz-none	forward-15	Wsh integration	2.224
omz-none	forward-15	First precmd	0.664
omz-none	forward-15	Runtime ready	50.336
omz-none	forward-15	Repository discovery	0.031
omz-none	forward-15	Git process	4.475
omz-none	forward-15	Git output parsing	0.032
omz-none	forward-15	Provider total	5.981
omz-none	forward-15	Prompt rendering	0.012
omz-none	forward-15	Response write	0.011
omz-none	forward-15	Snapshot published	75.437
omz-none	forward-15	Snapshot applied and repainted	76.41
omz-none	forward-16	First editable prompt	69.826
omz-none	forward-16	Launcher to Zsh startup	2.563
omz-none	forward-16	User .zshenv	0.119
omz-none	forward-16	User .zshrc	39.216
omz-none	forward-16	History substring search	3.19
omz-none	forward-16	Autosuggestions	0.656
omz-none	forward-16	Syntax highlighting	0.392
omz-none	forward-16	Wsh integration	2.16
omz-none	forward-16	First precmd	0.616
omz-none	forward-16	Runtime ready	49.949
omz-none	forward-16	Repository discovery	0.026
omz-none	forward-16	Git process	3.849
omz-none	forward-16	Git output parsing	0.03
omz-none	forward-16	Provider total	5.217
omz-none	forward-16	Prompt rendering	0.008
omz-none	forward-16	Response write	0.009
omz-none	forward-16	Snapshot published	74.324
omz-none	forward-16	Snapshot applied and repainted	75.291
omz-none	forward-17	First editable prompt	68.991
omz-none	forward-17	Launcher to Zsh startup	2.553
omz-none	forward-17	User .zshenv	0.119
omz-none	forward-17	User .zshrc	38.718
omz-none	forward-17	History substring search	3.193
omz-none	forward-17	Autosuggestions	0.649
omz-none	forward-17	Syntax highlighting	0.396
omz-none	forward-17	Wsh integration	2.124
omz-none	forward-17	First precmd	0.612
omz-none	forward-17	Runtime ready	49.329
omz-none	forward-17	Repository discovery	0.027
omz-none	forward-17	Git process	3.876
omz-none	forward-17	Git output parsing	0.029
omz-none	forward-17	Provider total	5.21
omz-none	forward-17	Prompt rendering	0.008
omz-none	forward-17	Response write	0.009
omz-none	forward-17	Snapshot published	73.518
omz-none	forward-17	Snapshot applied and repainted	74.461
omz-none	forward-18	First editable prompt	70.271
omz-none	forward-18	Launcher to Zsh startup	2.524
omz-none	forward-18	User .zshenv	0.121
omz-none	forward-18	User .zshrc	39.375
omz-none	forward-18	History substring search	3.252
omz-none	forward-18	Autosuggestions	0.677
omz-none	forward-18	Syntax highlighting	0.397
omz-none	forward-18	Wsh integration	2.21
omz-none	forward-18	First precmd	0.648
omz-none	forward-18	Runtime ready	50.152
omz-none	forward-18	Repository discovery	0.027
omz-none	forward-18	Git process	3.946
omz-none	forward-18	Git output parsing	0.03
omz-none	forward-18	Provider total	5.338
omz-none	forward-18	Prompt rendering	0.009
omz-none	forward-18	Response write	0.01
omz-none	forward-18	Snapshot published	74.885
omz-none	forward-18	Snapshot applied and repainted	75.86
omz-none	forward-19	First editable prompt	70.016
omz-none	forward-19	Launcher to Zsh startup	2.587
omz-none	forward-19	User .zshenv	0.12
omz-none	forward-19	User .zshrc	39.302
omz-none	forward-19	History substring search	3.186
omz-none	forward-19	Autosuggestions	0.666
omz-none	forward-19	Syntax highlighting	0.391
omz-none	forward-19	Wsh integration	2.197
omz-none	forward-19	First precmd	0.688
omz-none	forward-19	Runtime ready	50.023
omz-none	forward-19	Repository discovery	0.028
omz-none	forward-19	Git process	3.867
omz-none	forward-19	Git output parsing	0.029
omz-none	forward-19	Provider total	5.251
omz-none	forward-19	Prompt rendering	0.008
omz-none	forward-19	Response write	0.01
omz-none	forward-19	Snapshot published	74.533
omz-none	forward-19	Snapshot applied and repainted	75.484
omz-none	forward-2	First editable prompt	70.989
omz-none	forward-2	Launcher to Zsh startup	2.544
omz-none	forward-2	User .zshenv	0.127
omz-none	forward-2	User .zshrc	40.082
omz-none	forward-2	History substring search	3.329
omz-none	forward-2	Autosuggestions	0.66
omz-none	forward-2	Syntax highlighting	0.4
omz-none	forward-2	Wsh integration	2.17
omz-none	forward-2	First precmd	0.626
omz-none	forward-2	Runtime ready	50.928
omz-none	forward-2	Repository discovery	0.026
omz-none	forward-2	Git process	3.984
omz-none	forward-2	Git output parsing	0.031
omz-none	forward-2	Provider total	5.333
omz-none	forward-2	Prompt rendering	0.009
omz-none	forward-2	Response write	0.009
omz-none	forward-2	Snapshot published	75.621
omz-none	forward-2	Snapshot applied and repainted	76.603
omz-none	forward-3	First editable prompt	70.711
omz-none	forward-3	Launcher to Zsh startup	2.564
omz-none	forward-3	User .zshenv	0.12
omz-none	forward-3	User .zshrc	39.952
omz-none	forward-3	History substring search	3.213
omz-none	forward-3	Autosuggestions	0.669
omz-none	forward-3	Syntax highlighting	0.412
omz-none	forward-3	Wsh integration	2.172
omz-none	forward-3	First precmd	0.665
omz-none	forward-3	Runtime ready	50.705
omz-none	forward-3	Repository discovery	0.028
omz-none	forward-3	Git process	3.858
omz-none	forward-3	Git output parsing	0.03
omz-none	forward-3	Provider total	5.248
omz-none	forward-3	Prompt rendering	0.009
omz-none	forward-3	Response write	0.01
omz-none	forward-3	Snapshot published	75.239
omz-none	forward-3	Snapshot applied and repainted	76.184
omz-none	forward-4	First editable prompt	70.215
omz-none	forward-4	Launcher to Zsh startup	2.602
omz-none	forward-4	User .zshenv	0.121
omz-none	forward-4	User .zshrc	39.354
omz-none	forward-4	History substring search	3.182
omz-none	forward-4	Autosuggestions	0.677
omz-none	forward-4	Syntax highlighting	0.395
omz-none	forward-4	Wsh integration	2.157
omz-none	forward-4	First precmd	0.61
omz-none	forward-4	Runtime ready	50.077
omz-none	forward-4	Repository discovery	0.026
omz-none	forward-4	Git process	3.749
omz-none	forward-4	Git output parsing	0.029
omz-none	forward-4	Provider total	5.081
omz-none	forward-4	Prompt rendering	0.009
omz-none	forward-4	Response write	0.009
omz-none	forward-4	Snapshot published	74.616
omz-none	forward-4	Snapshot applied and repainted	75.554
omz-none	forward-5	First editable prompt	69.721
omz-none	forward-5	Launcher to Zsh startup	2.535
omz-none	forward-5	User .zshenv	0.122
omz-none	forward-5	User .zshrc	39.21
omz-none	forward-5	History substring search	3.176
omz-none	forward-5	Autosuggestions	0.664
omz-none	forward-5	Syntax highlighting	0.408
omz-none	forward-5	Wsh integration	2.172
omz-none	forward-5	First precmd	0.615
omz-none	forward-5	Runtime ready	49.875
omz-none	forward-5	Repository discovery	0.026
omz-none	forward-5	Git process	3.896
omz-none	forward-5	Git output parsing	0.03
omz-none	forward-5	Provider total	5.318
omz-none	forward-5	Prompt rendering	0.009
omz-none	forward-5	Response write	0.01
omz-none	forward-5	Snapshot published	74.317
omz-none	forward-5	Snapshot applied and repainted	75.289
omz-none	forward-6	First editable prompt	69.477
omz-none	forward-6	Launcher to Zsh startup	2.593
omz-none	forward-6	User .zshenv	0.118
omz-none	forward-6	User .zshrc	39.104
omz-none	forward-6	History substring search	3.19
omz-none	forward-6	Autosuggestions	0.719
omz-none	forward-6	Syntax highlighting	0.39
omz-none	forward-6	Wsh integration	2.167
omz-none	forward-6	First precmd	0.597
omz-none	forward-6	Runtime ready	49.851
omz-none	forward-6	Repository discovery	0.026
omz-none	forward-6	Git process	3.865
omz-none	forward-6	Git output parsing	0.04
omz-none	forward-6	Provider total	5.199
omz-none	forward-6	Prompt rendering	0.011
omz-none	forward-6	Response write	0.012
omz-none	forward-6	Snapshot published	73.989
omz-none	forward-6	Snapshot applied and repainted	74.973
omz-none	forward-7	First editable prompt	69.139
omz-none	forward-7	Launcher to Zsh startup	2.544
omz-none	forward-7	User .zshenv	0.12
omz-none	forward-7	User .zshrc	38.786
omz-none	forward-7	History substring search	3.152
omz-none	forward-7	Autosuggestions	0.66
omz-none	forward-7	Syntax highlighting	0.394
omz-none	forward-7	Wsh integration	2.126
omz-none	forward-7	First precmd	0.609
omz-none	forward-7	Runtime ready	49.43
omz-none	forward-7	Repository discovery	0.026
omz-none	forward-7	Git process	3.764
omz-none	forward-7	Git output parsing	0.032
omz-none	forward-7	Provider total	5.088
omz-none	forward-7	Prompt rendering	0.008
omz-none	forward-7	Response write	0.009
omz-none	forward-7	Snapshot published	73.526
omz-none	forward-7	Snapshot applied and repainted	74.491
omz-none	forward-8	First editable prompt	69.487
omz-none	forward-8	Launcher to Zsh startup	2.518
omz-none	forward-8	User .zshenv	0.12
omz-none	forward-8	User .zshrc	38.975
omz-none	forward-8	History substring search	3.17
omz-none	forward-8	Autosuggestions	0.659
omz-none	forward-8	Syntax highlighting	0.414
omz-none	forward-8	Wsh integration	2.206
omz-none	forward-8	First precmd	0.63
omz-none	forward-8	Runtime ready	48.797
omz-none	forward-8	Repository discovery	0.032
omz-none	forward-8	Git process	3.795
omz-none	forward-8	Git output parsing	0.031
omz-none	forward-8	Provider total	5.148
omz-none	forward-8	Prompt rendering	0.009
omz-none	forward-8	Response write	0.01
omz-none	forward-8	Snapshot published	73.927
omz-none	forward-8	Snapshot applied and repainted	74.89
omz-none	forward-9	First editable prompt	69.646
omz-none	forward-9	Launcher to Zsh startup	2.558
omz-none	forward-9	User .zshenv	0.126
omz-none	forward-9	User .zshrc	39.222
omz-none	forward-9	History substring search	3.224
omz-none	forward-9	Autosuggestions	0.661
omz-none	forward-9	Syntax highlighting	0.393
omz-none	forward-9	Wsh integration	2.144
omz-none	forward-9	First precmd	0.612
omz-none	forward-9	Runtime ready	49.884
omz-none	forward-9	Repository discovery	0.026
omz-none	forward-9	Git process	3.775
omz-none	forward-9	Git output parsing	0.03
omz-none	forward-9	Provider total	5.094
omz-none	forward-9	Prompt rendering	0.009
omz-none	forward-9	Response write	0.01
omz-none	forward-9	Snapshot published	74.047
omz-none	forward-9	Snapshot applied and repainted	75.0
omz-none	reverse-0	First editable prompt	70.031
omz-none	reverse-0	Launcher to Zsh startup	2.593
omz-none	reverse-0	User .zshenv	0.12
omz-none	reverse-0	User .zshrc	39.461
omz-none	reverse-0	History substring search	3.206
omz-none	reverse-0	Autosuggestions	0.657
omz-none	reverse-0	Syntax highlighting	0.403
omz-none	reverse-0	Wsh integration	2.288
omz-none	reverse-0	First precmd	0.616
omz-none	reverse-0	Runtime ready	50.319
omz-none	reverse-0	Repository discovery	0.027
omz-none	reverse-0	Git process	3.824
omz-none	reverse-0	Git output parsing	0.03
omz-none	reverse-0	Provider total	5.207
omz-none	reverse-0	Prompt rendering	0.008
omz-none	reverse-0	Response write	0.009
omz-none	reverse-0	Snapshot published	74.507
omz-none	reverse-0	Snapshot applied and repainted	75.448
omz-none	reverse-1	First editable prompt	71.631
omz-none	reverse-1	Launcher to Zsh startup	2.727
omz-none	reverse-1	User .zshenv	0.124
omz-none	reverse-1	User .zshrc	40.193
omz-none	reverse-1	History substring search	3.286
omz-none	reverse-1	Autosuggestions	0.662
omz-none	reverse-1	Syntax highlighting	0.405
omz-none	reverse-1	Wsh integration	2.211
omz-none	reverse-1	First precmd	0.645
omz-none	reverse-1	Runtime ready	51.217
omz-none	reverse-1	Repository discovery	0.029
omz-none	reverse-1	Git process	3.933
omz-none	reverse-1	Git output parsing	0.032
omz-none	reverse-1	Provider total	5.316
omz-none	reverse-1	Prompt rendering	0.009
omz-none	reverse-1	Response write	0.01
omz-none	reverse-1	Snapshot published	76.248
omz-none	reverse-1	Snapshot applied and repainted	77.318
omz-none	reverse-10	First editable prompt	69.258
omz-none	reverse-10	Launcher to Zsh startup	2.538
omz-none	reverse-10	User .zshenv	0.118
omz-none	reverse-10	User .zshrc	39.009
omz-none	reverse-10	History substring search	3.194
omz-none	reverse-10	Autosuggestions	0.651
omz-none	reverse-10	Syntax highlighting	0.398
omz-none	reverse-10	Wsh integration	2.169
omz-none	reverse-10	First precmd	0.613
omz-none	reverse-10	Runtime ready	49.634
omz-none	reverse-10	Repository discovery	0.026
omz-none	reverse-10	Git process	3.769
omz-none	reverse-10	Git output parsing	0.029
omz-none	reverse-10	Provider total	5.083
omz-none	reverse-10	Prompt rendering	0.009
omz-none	reverse-10	Response write	0.01
omz-none	reverse-10	Snapshot published	73.649
omz-none	reverse-10	Snapshot applied and repainted	74.584
omz-none	reverse-11	First editable prompt	69.976
omz-none	reverse-11	Launcher to Zsh startup	2.547
omz-none	reverse-11	User .zshenv	0.119
omz-none	reverse-11	User .zshrc	39.213
omz-none	reverse-11	History substring search	3.21
omz-none	reverse-11	Autosuggestions	0.664
omz-none	reverse-11	Syntax highlighting	0.392
omz-none	reverse-11	Wsh integration	2.188
omz-none	reverse-11	First precmd	0.614
omz-none	reverse-11	Runtime ready	50.024
omz-none	reverse-11	Repository discovery	0.026
omz-none	reverse-11	Git process	3.857
omz-none	reverse-11	Git output parsing	0.029
omz-none	reverse-11	Provider total	5.187
omz-none	reverse-11	Prompt rendering	0.009
omz-none	reverse-11	Response write	0.01
omz-none	reverse-11	Snapshot published	74.461
omz-none	reverse-11	Snapshot applied and repainted	75.412
omz-none	reverse-12	First editable prompt	69.296
omz-none	reverse-12	Launcher to Zsh startup	2.523
omz-none	reverse-12	User .zshenv	0.12
omz-none	reverse-12	User .zshrc	38.919
omz-none	reverse-12	History substring search	3.16
omz-none	reverse-12	Autosuggestions	0.649
omz-none	reverse-12	Syntax highlighting	0.4
omz-none	reverse-12	Wsh integration	2.149
omz-none	reverse-12	First precmd	0.621
omz-none	reverse-12	Runtime ready	49.494
omz-none	reverse-12	Repository discovery	0.026
omz-none	reverse-12	Git process	3.791
omz-none	reverse-12	Git output parsing	0.029
omz-none	reverse-12	Provider total	5.101
omz-none	reverse-12	Prompt rendering	0.009
omz-none	reverse-12	Response write	0.009
omz-none	reverse-12	Snapshot published	73.711
omz-none	reverse-12	Snapshot applied and repainted	74.645
omz-none	reverse-13	First editable prompt	68.121
omz-none	reverse-13	Launcher to Zsh startup	2.489
omz-none	reverse-13	User .zshenv	0.117
omz-none	reverse-13	User .zshrc	38.241
omz-none	reverse-13	History substring search	3.091
omz-none	reverse-13	Autosuggestions	0.651
omz-none	reverse-13	Syntax highlighting	0.389
omz-none	reverse-13	Wsh integration	2.166
omz-none	reverse-13	First precmd	0.658
omz-none	reverse-13	Runtime ready	48.696
omz-none	reverse-13	Repository discovery	0.026
omz-none	reverse-13	Git process	3.754
omz-none	reverse-13	Git output parsing	0.029
omz-none	reverse-13	Provider total	5.087
omz-none	reverse-13	Prompt rendering	0.009
omz-none	reverse-13	Response write	0.009
omz-none	reverse-13	Snapshot published	72.511
omz-none	reverse-13	Snapshot applied and repainted	73.434
omz-none	reverse-14	First editable prompt	69.529
omz-none	reverse-14	Launcher to Zsh startup	2.559
omz-none	reverse-14	User .zshenv	0.121
omz-none	reverse-14	User .zshrc	39.075
omz-none	reverse-14	History substring search	3.205
omz-none	reverse-14	Autosuggestions	0.651
omz-none	reverse-14	Syntax highlighting	0.399
omz-none	reverse-14	Wsh integration	2.155
omz-none	reverse-14	First precmd	0.625
omz-none	reverse-14	Runtime ready	49.779
omz-none	reverse-14	Repository discovery	0.026
omz-none	reverse-14	Git process	3.854
omz-none	reverse-14	Git output parsing	0.03
omz-none	reverse-14	Provider total	5.206
omz-none	reverse-14	Prompt rendering	0.009
omz-none	reverse-14	Response write	0.009
omz-none	reverse-14	Snapshot published	74.039
omz-none	reverse-14	Snapshot applied and repainted	74.983
omz-none	reverse-15	First editable prompt	69.633
omz-none	reverse-15	Launcher to Zsh startup	2.531
omz-none	reverse-15	User .zshenv	0.118
omz-none	reverse-15	User .zshrc	39.146
omz-none	reverse-15	History substring search	3.266
omz-none	reverse-15	Autosuggestions	0.652
omz-none	reverse-15	Syntax highlighting	0.399
omz-none	reverse-15	Wsh integration	2.16
omz-none	reverse-15	First precmd	0.636
omz-none	reverse-15	Runtime ready	49.834
omz-none	reverse-15	Repository discovery	0.027
omz-none	reverse-15	Git process	3.848
omz-none	reverse-15	Git output parsing	0.029
omz-none	reverse-15	Provider total	5.24
omz-none	reverse-15	Prompt rendering	0.009
omz-none	reverse-15	Response write	0.009
omz-none	reverse-15	Snapshot published	74.145
omz-none	reverse-15	Snapshot applied and repainted	75.098
omz-none	reverse-16	First editable prompt	69.971
omz-none	reverse-16	Launcher to Zsh startup	2.575
omz-none	reverse-16	User .zshenv	0.121
omz-none	reverse-16	User .zshrc	39.388
omz-none	reverse-16	History substring search	3.191
omz-none	reverse-16	Autosuggestions	0.667
omz-none	reverse-16	Syntax highlighting	0.4
omz-none	reverse-16	Wsh integration	2.215
omz-none	reverse-16	First precmd	0.45
omz-none	reverse-16	Runtime ready	51.851
omz-none	reverse-16	Repository discovery	0.029
omz-none	reverse-16	Git process	3.913
omz-none	reverse-16	Git output parsing	0.029
omz-none	reverse-16	Provider total	4.516
omz-none	reverse-16	Prompt rendering	0.01
omz-none	reverse-16	Response write	1.028
omz-none	reverse-16	Snapshot published	75.818
omz-none	reverse-16	Snapshot applied and repainted	75.754
omz-none	reverse-17	First editable prompt	69.963
omz-none	reverse-17	Launcher to Zsh startup	2.566
omz-none	reverse-17	User .zshenv	0.131
omz-none	reverse-17	User .zshrc	39.391
omz-none	reverse-17	History substring search	3.192
omz-none	reverse-17	Autosuggestions	0.678
omz-none	reverse-17	Syntax highlighting	0.4
omz-none	reverse-17	Wsh integration	2.215
omz-none	reverse-17	First precmd	0.623
omz-none	reverse-17	Runtime ready	50.218
omz-none	reverse-17	Repository discovery	0.027
omz-none	reverse-17	Git process	3.812
omz-none	reverse-17	Git output parsing	0.03
omz-none	reverse-17	Provider total	5.201
omz-none	reverse-17	Prompt rendering	0.009
omz-none	reverse-17	Response write	0.01
omz-none	reverse-17	Snapshot published	74.43
omz-none	reverse-17	Snapshot applied and repainted	75.4
omz-none	reverse-18	First editable prompt	69.968
omz-none	reverse-18	Launcher to Zsh startup	2.592
omz-none	reverse-18	User .zshenv	0.159
omz-none	reverse-18	User .zshrc	39.438
omz-none	reverse-18	History substring search	3.162
omz-none	reverse-18	Autosuggestions	0.718
omz-none	reverse-18	Syntax highlighting	0.394
omz-none	reverse-18	Wsh integration	2.17
omz-none	reverse-18	First precmd	0.619
omz-none	reverse-18	Runtime ready	50.279
omz-none	reverse-18	Repository discovery	0.027
omz-none	reverse-18	Git process	3.844
omz-none	reverse-18	Git output parsing	0.03
omz-none	reverse-18	Provider total	5.194
omz-none	reverse-18	Prompt rendering	0.008
omz-none	reverse-18	Response write	0.01
omz-none	reverse-18	Snapshot published	74.451
omz-none	reverse-18	Snapshot applied and repainted	75.374
omz-none	reverse-19	First editable prompt	69.927
omz-none	reverse-19	Launcher to Zsh startup	2.571
omz-none	reverse-19	User .zshenv	0.12
omz-none	reverse-19	User .zshrc	39.168
omz-none	reverse-19	History substring search	3.162
omz-none	reverse-19	Autosuggestions	0.651
omz-none	reverse-19	Syntax highlighting	0.454
omz-none	reverse-19	Wsh integration	2.152
omz-none	reverse-19	First precmd	0.621
omz-none	reverse-19	Runtime ready	49.851
omz-none	reverse-19	Repository discovery	0.026
omz-none	reverse-19	Git process	3.848
omz-none	reverse-19	Git output parsing	0.029
omz-none	reverse-19	Provider total	5.19
omz-none	reverse-19	Prompt rendering	0.009
omz-none	reverse-19	Response write	0.01
omz-none	reverse-19	Snapshot published	74.411
omz-none	reverse-19	Snapshot applied and repainted	75.346
omz-none	reverse-2	First editable prompt	69.583
omz-none	reverse-2	Launcher to Zsh startup	2.564
omz-none	reverse-2	User .zshenv	0.119
omz-none	reverse-2	User .zshrc	39.141
omz-none	reverse-2	History substring search	3.184
omz-none	reverse-2	Autosuggestions	0.658
omz-none	reverse-2	Syntax highlighting	0.406
omz-none	reverse-2	Wsh integration	2.283
omz-none	reverse-2	First precmd	0.624
omz-none	reverse-2	Runtime ready	49.095
omz-none	reverse-2	Repository discovery	0.028
omz-none	reverse-2	Git process	3.804
omz-none	reverse-2	Git output parsing	0.029
omz-none	reverse-2	Provider total	5.134
omz-none	reverse-2	Prompt rendering	0.008
omz-none	reverse-2	Response write	0.009
omz-none	reverse-2	Snapshot published	74.018
omz-none	reverse-2	Snapshot applied and repainted	74.948
omz-none	reverse-3	First editable prompt	71.49
omz-none	reverse-3	Launcher to Zsh startup	2.588
omz-none	reverse-3	User .zshenv	0.119
omz-none	reverse-3	User .zshrc	40.401
omz-none	reverse-3	History substring search	3.176
omz-none	reverse-3	Autosuggestions	0.655
omz-none	reverse-3	Syntax highlighting	0.394
omz-none	reverse-3	Wsh integration	2.404
omz-none	reverse-3	First precmd	0.642
omz-none	reverse-3	Runtime ready	51.316
omz-none	reverse-3	Repository discovery	0.027
omz-none	reverse-3	Git process	3.039
omz-none	reverse-3	Git output parsing	0.031
omz-none	reverse-3	Provider total	5.583
omz-none	reverse-3	Prompt rendering	0.009
omz-none	reverse-3	Response write	1.033
omz-none	reverse-3	Snapshot published	77.352
omz-none	reverse-3	Snapshot applied and repainted	77.293
omz-none	reverse-4	First editable prompt	69.388
omz-none	reverse-4	Launcher to Zsh startup	2.543
omz-none	reverse-4	User .zshenv	0.152
omz-none	reverse-4	User .zshrc	38.803
omz-none	reverse-4	History substring search	3.231
omz-none	reverse-4	Autosuggestions	0.658
omz-none	reverse-4	Syntax highlighting	0.394
omz-none	reverse-4	Wsh integration	2.134
omz-none	reverse-4	First precmd	0.619
omz-none	reverse-4	Runtime ready	49.486
omz-none	reverse-4	Repository discovery	0.027
omz-none	reverse-4	Git process	3.836
omz-none	reverse-4	Git output parsing	0.03
omz-none	reverse-4	Provider total	5.199
omz-none	reverse-4	Prompt rendering	0.009
omz-none	reverse-4	Response write	0.01
omz-none	reverse-4	Snapshot published	73.906
omz-none	reverse-4	Snapshot applied and repainted	74.852
omz-none	reverse-5	First editable prompt	69.796
omz-none	reverse-5	Launcher to Zsh startup	2.603
omz-none	reverse-5	User .zshenv	0.121
omz-none	reverse-5	User .zshrc	39.441
omz-none	reverse-5	History substring search	3.201
omz-none	reverse-5	Autosuggestions	0.659
omz-none	reverse-5	Syntax highlighting	0.405
omz-none	reverse-5	Wsh integration	2.175
omz-none	reverse-5	First precmd	0.494
omz-none	reverse-5	Runtime ready	50.18
omz-none	reverse-5	Repository discovery	0.865
omz-none	reverse-5	Git process	3.8
omz-none	reverse-5	Git output parsing	0.03
omz-none	reverse-5	Provider total	5.211
omz-none	reverse-5	Prompt rendering	0.008
omz-none	reverse-5	Response write	0.009
omz-none	reverse-5	Snapshot published	74.409
omz-none	reverse-5	Snapshot applied and repainted	75.362
omz-none	reverse-6	First editable prompt	70.549
omz-none	reverse-6	Launcher to Zsh startup	2.543
omz-none	reverse-6	User .zshenv	0.119
omz-none	reverse-6	User .zshrc	39.947
omz-none	reverse-6	History substring search	3.2
omz-none	reverse-6	Autosuggestions	0.656
omz-none	reverse-6	Syntax highlighting	0.397
omz-none	reverse-6	Wsh integration	2.164
omz-none	reverse-6	First precmd	0.624
omz-none	reverse-6	Runtime ready	50.577
omz-none	reverse-6	Repository discovery	0.026
omz-none	reverse-6	Git process	3.873
omz-none	reverse-6	Git output parsing	0.03
omz-none	reverse-6	Provider total	5.226
omz-none	reverse-6	Prompt rendering	0.009
omz-none	reverse-6	Response write	0.009
omz-none	reverse-6	Snapshot published	75.068
omz-none	reverse-6	Snapshot applied and repainted	75.999
omz-none	reverse-7	First editable prompt	70.491
omz-none	reverse-7	Launcher to Zsh startup	2.549
omz-none	reverse-7	User .zshenv	0.121
omz-none	reverse-7	User .zshrc	39.647
omz-none	reverse-7	History substring search	3.319
omz-none	reverse-7	Autosuggestions	0.68
omz-none	reverse-7	Syntax highlighting	0.41
omz-none	reverse-7	Wsh integration	2.285
omz-none	reverse-7	First precmd	0.622
omz-none	reverse-7	Runtime ready	50.601
omz-none	reverse-7	Repository discovery	0.026
omz-none	reverse-7	Git process	3.877
omz-none	reverse-7	Git output parsing	0.03
omz-none	reverse-7	Provider total	5.25
omz-none	reverse-7	Prompt rendering	0.009
omz-none	reverse-7	Response write	0.01
omz-none	reverse-7	Snapshot published	75.066
omz-none	reverse-7	Snapshot applied and repainted	76.345
omz-none	reverse-8	First editable prompt	69.59
omz-none	reverse-8	Launcher to Zsh startup	2.609
omz-none	reverse-8	User .zshenv	0.12
omz-none	reverse-8	User .zshrc	39.109
omz-none	reverse-8	History substring search	3.186
omz-none	reverse-8	Autosuggestions	0.661
omz-none	reverse-8	Syntax highlighting	0.4
omz-none	reverse-8	Wsh integration	2.154
omz-none	reverse-8	First precmd	0.651
omz-none	reverse-8	Runtime ready	49.88
omz-none	reverse-8	Repository discovery	0.027
omz-none	reverse-8	Git process	3.9
omz-none	reverse-8	Git output parsing	0.03
omz-none	reverse-8	Provider total	5.318
omz-none	reverse-8	Prompt rendering	0.009
omz-none	reverse-8	Response write	0.009
omz-none	reverse-8	Snapshot published	74.179
omz-none	reverse-8	Snapshot applied and repainted	75.171
omz-none	reverse-9	First editable prompt	69.953
omz-none	reverse-9	Launcher to Zsh startup	2.564
omz-none	reverse-9	User .zshenv	0.119
omz-none	reverse-9	User .zshrc	39.225
omz-none	reverse-9	History substring search	3.23
omz-none	reverse-9	Autosuggestions	0.655
omz-none	reverse-9	Syntax highlighting	0.409
omz-none	reverse-9	Wsh integration	2.183
omz-none	reverse-9	First precmd	0.621
omz-none	reverse-9	Runtime ready	49.957
omz-none	reverse-9	Repository discovery	0.026
omz-none	reverse-9	Git process	3.783
omz-none	reverse-9	Git output parsing	0.03
omz-none	reverse-9	Provider total	5.12
omz-none	reverse-9	Prompt rendering	0.008
omz-none	reverse-9	Response write	0.009
omz-none	reverse-9	Snapshot published	74.37
omz-none	reverse-9	Snapshot applied and repainted	75.298
plain	forward-0	First editable prompt	30.629
plain	forward-0	Launcher to Zsh startup	3.109
plain	forward-0	User .zshenv	0.152
plain	forward-0	User .zshrc	0.306
plain	forward-0	History substring search	4.235
plain	forward-0	Autosuggestions	0.883
plain	forward-0	Syntax highlighting	0.49
plain	forward-0	Wsh integration	2.606
plain	forward-0	First precmd	0.683
plain	forward-0	Runtime ready	13.735
plain	forward-0	Repository discovery	0.029
plain	forward-0	Git process	3.894
plain	forward-0	Git output parsing	0.037
plain	forward-0	Provider total	5.109
plain	forward-0	Prompt rendering	0.009
plain	forward-0	Response write	0.01
plain	forward-0	Snapshot published	35.191
plain	forward-0	Snapshot applied and repainted	36.165
plain	forward-1	First editable prompt	27.581
plain	forward-1	Launcher to Zsh startup	2.537
plain	forward-1	User .zshenv	0.118
plain	forward-1	User .zshrc	0.241
plain	forward-1	History substring search	3.426
plain	forward-1	Autosuggestions	0.697
plain	forward-1	Syntax highlighting	0.393
plain	forward-1	Wsh integration	2.055
plain	forward-1	First precmd	0.602
plain	forward-1	Runtime ready	11.086
plain	forward-1	Repository discovery	0.026
plain	forward-1	Git process	3.795
plain	forward-1	Git output parsing	0.029
plain	forward-1	Provider total	4.916
plain	forward-1	Prompt rendering	0.008
plain	forward-1	Response write	0.009
plain	forward-1	Snapshot published	32.001
plain	forward-1	Snapshot applied and repainted	32.94
plain	forward-10	First editable prompt	27.922
plain	forward-10	Launcher to Zsh startup	2.567
plain	forward-10	User .zshenv	0.119
plain	forward-10	User .zshrc	0.241
plain	forward-10	History substring search	3.413
plain	forward-10	Autosuggestions	0.699
plain	forward-10	Syntax highlighting	0.392
plain	forward-10	Wsh integration	2.068
plain	forward-10	First precmd	0.681
plain	forward-10	Runtime ready	11.107
plain	forward-10	Repository discovery	0.028
plain	forward-10	Git process	3.887
plain	forward-10	Git output parsing	0.029
plain	forward-10	Provider total	5.06
plain	forward-10	Prompt rendering	0.01
plain	forward-10	Response write	0.009
plain	forward-10	Snapshot published	32.461
plain	forward-10	Snapshot applied and repainted	33.412
plain	forward-11	First editable prompt	27.797
plain	forward-11	Launcher to Zsh startup	2.525
plain	forward-11	User .zshenv	0.12
plain	forward-11	User .zshrc	0.241
plain	forward-11	History substring search	3.464
plain	forward-11	Autosuggestions	0.698
plain	forward-11	Syntax highlighting	0.385
plain	forward-11	Wsh integration	2.083
plain	forward-11	First precmd	0.652
plain	forward-11	Runtime ready	11.126
plain	forward-11	Repository discovery	0.03
plain	forward-11	Git process	3.846
plain	forward-11	Git output parsing	0.031
plain	forward-11	Provider total	5.047
plain	forward-11	Prompt rendering	0.009
plain	forward-11	Response write	0.01
plain	forward-11	Snapshot published	32.307
plain	forward-11	Snapshot applied and repainted	33.278
plain	forward-12	First editable prompt	28.642
plain	forward-12	Launcher to Zsh startup	2.534
plain	forward-12	User .zshenv	0.135
plain	forward-12	User .zshrc	0.242
plain	forward-12	History substring search	3.574
plain	forward-12	Autosuggestions	0.746
plain	forward-12	Syntax highlighting	0.4
plain	forward-12	Wsh integration	2.147
plain	forward-12	First precmd	0.661
plain	forward-12	Runtime ready	11.428
plain	forward-12	Repository discovery	0.028
plain	forward-12	Git process	3.884
plain	forward-12	Git output parsing	0.03
plain	forward-12	Provider total	5.092
plain	forward-12	Prompt rendering	0.02
plain	forward-12	Response write	0.01
plain	forward-12	Snapshot published	33.233
plain	forward-12	Snapshot applied and repainted	34.24
plain	forward-13	First editable prompt	27.867
plain	forward-13	Launcher to Zsh startup	2.556
plain	forward-13	User .zshenv	0.126
plain	forward-13	User .zshrc	0.246
plain	forward-13	History substring search	3.496
plain	forward-13	Autosuggestions	0.724
plain	forward-13	Syntax highlighting	0.386
plain	forward-13	Wsh integration	2.048
plain	forward-13	First precmd	0.618
plain	forward-13	Runtime ready	11.194
plain	forward-13	Repository discovery	0.027
plain	forward-13	Git process	3.833
plain	forward-13	Git output parsing	0.029
plain	forward-13	Provider total	4.982
plain	forward-13	Prompt rendering	0.009
plain	forward-13	Response write	0.009
plain	forward-13	Snapshot published	32.341
plain	forward-13	Snapshot applied and repainted	33.294
plain	forward-14	First editable prompt	27.783
plain	forward-14	Launcher to Zsh startup	2.571
plain	forward-14	User .zshenv	0.119
plain	forward-14	User .zshrc	0.25
plain	forward-14	History substring search	3.424
plain	forward-14	Autosuggestions	0.711
plain	forward-14	Syntax highlighting	0.393
plain	forward-14	Wsh integration	2.066
plain	forward-14	First precmd	0.613
plain	forward-14	Runtime ready	14.439
plain	forward-14	Repository discovery	0.027
plain	forward-14	Git process	3.853
plain	forward-14	Git output parsing	0.03
plain	forward-14	Provider total	4.969
plain	forward-14	Prompt rendering	0.009
plain	forward-14	Response write	0.008
plain	forward-14	Snapshot published	32.26
plain	forward-14	Snapshot applied and repainted	33.209
plain	forward-15	First editable prompt	28.0
plain	forward-15	Launcher to Zsh startup	2.571
plain	forward-15	User .zshenv	0.14
plain	forward-15	User .zshrc	0.24
plain	forward-15	History substring search	3.459
plain	forward-15	Autosuggestions	0.699
plain	forward-15	Syntax highlighting	0.388
plain	forward-15	Wsh integration	2.102
plain	forward-15	First precmd	0.618
plain	forward-15	Runtime ready	11.223
plain	forward-15	Repository discovery	0.026
plain	forward-15	Git process	3.927
plain	forward-15	Git output parsing	0.031
plain	forward-15	Provider total	5.066
plain	forward-15	Prompt rendering	0.009
plain	forward-15	Response write	0.01
plain	forward-15	Snapshot published	32.563
plain	forward-15	Snapshot applied and repainted	33.521
plain	forward-16	First editable prompt	28.051
plain	forward-16	Launcher to Zsh startup	2.59
plain	forward-16	User .zshenv	0.122
plain	forward-16	User .zshrc	0.244
plain	forward-16	History substring search	3.451
plain	forward-16	Autosuggestions	0.722
plain	forward-16	Syntax highlighting	0.418
plain	forward-16	Wsh integration	2.144
plain	forward-16	First precmd	0.615
plain	forward-16	Runtime ready	11.366
plain	forward-16	Repository discovery	0.027
plain	forward-16	Git process	3.824
plain	forward-16	Git output parsing	0.03
plain	forward-16	Provider total	4.956
plain	forward-16	Prompt rendering	0.009
plain	forward-16	Response write	0.009
plain	forward-16	Snapshot published	32.51
plain	forward-16	Snapshot applied and repainted	33.464
plain	forward-17	First editable prompt	28.257
plain	forward-17	Launcher to Zsh startup	2.722
plain	forward-17	User .zshenv	0.12
plain	forward-17	User .zshrc	0.247
plain	forward-17	History substring search	3.564
plain	forward-17	Autosuggestions	0.744
plain	forward-17	Syntax highlighting	0.445
plain	forward-17	Wsh integration	2.107
plain	forward-17	First precmd	0.618
plain	forward-17	Runtime ready	11.602
plain	forward-17	Repository discovery	0.026
plain	forward-17	Git process	3.867
plain	forward-17	Git output parsing	0.032
plain	forward-17	Provider total	5.029
plain	forward-17	Prompt rendering	0.009
plain	forward-17	Response write	0.01
plain	forward-17	Snapshot published	32.795
plain	forward-17	Snapshot applied and repainted	33.988
plain	forward-18	First editable prompt	28.126
plain	forward-18	Launcher to Zsh startup	2.564
plain	forward-18	User .zshenv	0.12
plain	forward-18	User .zshrc	0.249
plain	forward-18	History substring search	3.427
plain	forward-18	Autosuggestions	0.701
plain	forward-18	Syntax highlighting	0.392
plain	forward-18	Wsh integration	2.066
plain	forward-18	First precmd	0.663
plain	forward-18	Runtime ready	11.126
plain	forward-18	Repository discovery	0.028
plain	forward-18	Git process	3.866
plain	forward-18	Git output parsing	0.03
plain	forward-18	Provider total	5.051
plain	forward-18	Prompt rendering	0.009
plain	forward-18	Response write	0.009
plain	forward-18	Snapshot published	32.656
plain	forward-18	Snapshot applied and repainted	33.611
plain	forward-19	First editable prompt	28.56
plain	forward-19	Launcher to Zsh startup	2.613
plain	forward-19	User .zshenv	0.119
plain	forward-19	User .zshrc	0.242
plain	forward-19	History substring search	3.476
plain	forward-19	Autosuggestions	0.7
plain	forward-19	Syntax highlighting	0.393
plain	forward-19	Wsh integration	2.083
plain	forward-19	First precmd	0.634
plain	forward-19	Runtime ready	11.285
plain	forward-19	Repository discovery	0.027
plain	forward-19	Git process	3.936
plain	forward-19	Git output parsing	0.037
plain	forward-19	Provider total	5.103
plain	forward-19	Prompt rendering	0.01
plain	forward-19	Response write	0.01
plain	forward-19	Snapshot published	33.152
plain	forward-19	Snapshot applied and repainted	34.162
plain	forward-2	First editable prompt	28.402
plain	forward-2	Launcher to Zsh startup	2.548
plain	forward-2	User .zshenv	0.122
plain	forward-2	User .zshrc	0.24
plain	forward-2	History substring search	3.509
plain	forward-2	Autosuggestions	0.696
plain	forward-2	Syntax highlighting	0.382
plain	forward-2	Wsh integration	2.061
plain	forward-2	First precmd	0.684
plain	forward-2	Runtime ready	11.161
plain	forward-2	Repository discovery	0.028
plain	forward-2	Git process	3.831
plain	forward-2	Git output parsing	0.029
plain	forward-2	Provider total	4.992
plain	forward-2	Prompt rendering	0.009
plain	forward-2	Response write	0.009
plain	forward-2	Snapshot published	32.879
plain	forward-2	Snapshot applied and repainted	33.826
plain	forward-3	First editable prompt	27.735
plain	forward-3	Launcher to Zsh startup	2.562
plain	forward-3	User .zshenv	0.121
plain	forward-3	User .zshrc	0.241
plain	forward-3	History substring search	3.417
plain	forward-3	Autosuggestions	0.7
plain	forward-3	Syntax highlighting	0.386
plain	forward-3	Wsh integration	2.047
plain	forward-3	First precmd	0.643
plain	forward-3	Runtime ready	11.09
plain	forward-3	Repository discovery	0.026
plain	forward-3	Git process	3.804
plain	forward-3	Git output parsing	0.03
plain	forward-3	Provider total	4.949
plain	forward-3	Prompt rendering	0.008
plain	forward-3	Response write	0.01
plain	forward-3	Snapshot published	32.169
plain	forward-3	Snapshot applied and repainted	33.152
plain	forward-4	First editable prompt	28.341
plain	forward-4	Launcher to Zsh startup	2.571
plain	forward-4	User .zshenv	0.127
plain	forward-4	User .zshrc	0.245
plain	forward-4	History substring search	3.442
plain	forward-4	Autosuggestions	0.691
plain	forward-4	Syntax highlighting	0.388
plain	forward-4	Wsh integration	2.099
plain	forward-4	First precmd	0.618
plain	forward-4	Runtime ready	11.164
plain	forward-4	Repository discovery	0.031
plain	forward-4	Git process	3.776
plain	forward-4	Git output parsing	0.029
plain	forward-4	Provider total	4.938
plain	forward-4	Prompt rendering	0.008
plain	forward-4	Response write	0.009
plain	forward-4	Snapshot published	32.777
plain	forward-4	Snapshot applied and repainted	33.721
plain	forward-5	First editable prompt	27.818
plain	forward-5	Launcher to Zsh startup	2.518
plain	forward-5	User .zshenv	0.119
plain	forward-5	User .zshrc	0.239
plain	forward-5	History substring search	3.406
plain	forward-5	Autosuggestions	0.698
plain	forward-5	Syntax highlighting	0.386
plain	forward-5	Wsh integration	2.065
plain	forward-5	First precmd	0.626
plain	forward-5	Runtime ready	11.042
plain	forward-5	Repository discovery	0.027
plain	forward-5	Git process	3.833
plain	forward-5	Git output parsing	0.029
plain	forward-5	Provider total	4.997
plain	forward-5	Prompt rendering	0.009
plain	forward-5	Response write	0.009
plain	forward-5	Snapshot published	32.294
plain	forward-5	Snapshot applied and repainted	33.25
plain	forward-6	First editable prompt	27.932
plain	forward-6	Launcher to Zsh startup	2.612
plain	forward-6	User .zshenv	0.122
plain	forward-6	User .zshrc	0.242
plain	forward-6	History substring search	3.434
plain	forward-6	Autosuggestions	0.697
plain	forward-6	Syntax highlighting	0.395
plain	forward-6	Wsh integration	2.067
plain	forward-6	First precmd	0.612
plain	forward-6	Runtime ready	11.167
plain	forward-6	Repository discovery	0.026
plain	forward-6	Git process	3.829
plain	forward-6	Git output parsing	0.029
plain	forward-6	Provider total	4.964
plain	forward-6	Prompt rendering	0.008
plain	forward-6	Response write	0.009
plain	forward-6	Snapshot published	32.393
plain	forward-6	Snapshot applied and repainted	33.374
plain	forward-7	First editable prompt	27.623
plain	forward-7	Launcher to Zsh startup	2.558
plain	forward-7	User .zshenv	0.119
plain	forward-7	User .zshrc	0.241
plain	forward-7	History substring search	3.382
plain	forward-7	Autosuggestions	0.697
plain	forward-7	Syntax highlighting	0.385
plain	forward-7	Wsh integration	2.04
plain	forward-7	First precmd	0.604
plain	forward-7	Runtime ready	11.033
plain	forward-7	Repository discovery	0.026
plain	forward-7	Git process	3.825
plain	forward-7	Git output parsing	0.03
plain	forward-7	Provider total	4.967
plain	forward-7	Prompt rendering	0.008
plain	forward-7	Response write	0.009
plain	forward-7	Snapshot published	32.069
plain	forward-7	Snapshot applied and repainted	33.014
plain	forward-8	First editable prompt	27.654
plain	forward-8	Launcher to Zsh startup	2.56
plain	forward-8	User .zshenv	0.119
plain	forward-8	User .zshrc	0.241
plain	forward-8	History substring search	3.423
plain	forward-8	Autosuggestions	0.692
plain	forward-8	Syntax highlighting	0.391
plain	forward-8	Wsh integration	2.056
plain	forward-8	First precmd	0.652
plain	forward-8	Runtime ready	11.087
plain	forward-8	Repository discovery	0.037
plain	forward-8	Git process	3.8
plain	forward-8	Git output parsing	0.03
plain	forward-8	Provider total	4.975
plain	forward-8	Prompt rendering	0.009
plain	forward-8	Response write	0.009
plain	forward-8	Snapshot published	32.09
plain	forward-8	Snapshot applied and repainted	33.045
plain	forward-9	First editable prompt	27.854
plain	forward-9	Launcher to Zsh startup	2.533
plain	forward-9	User .zshenv	0.119
plain	forward-9	User .zshrc	0.248
plain	forward-9	History substring search	3.464
plain	forward-9	Autosuggestions	0.732
plain	forward-9	Syntax highlighting	0.39
plain	forward-9	Wsh integration	2.071
plain	forward-9	First precmd	0.601
plain	forward-9	Runtime ready	11.239
plain	forward-9	Repository discovery	0.026
plain	forward-9	Git process	3.838
plain	forward-9	Git output parsing	0.031
plain	forward-9	Provider total	4.954
plain	forward-9	Prompt rendering	0.009
plain	forward-9	Response write	0.009
plain	forward-9	Snapshot published	32.318
plain	forward-9	Snapshot applied and repainted	33.299
plain	reverse-0	First editable prompt	28.135
plain	reverse-0	Launcher to Zsh startup	2.583
plain	reverse-0	User .zshenv	0.118
plain	reverse-0	User .zshrc	0.241
plain	reverse-0	History substring search	3.468
plain	reverse-0	Autosuggestions	0.709
plain	reverse-0	Syntax highlighting	0.384
plain	reverse-0	Wsh integration	2.055
plain	reverse-0	First precmd	0.667
plain	reverse-0	Runtime ready	11.229
plain	reverse-0	Repository discovery	0.03
plain	reverse-0	Git process	3.844
plain	reverse-0	Git output parsing	0.03
plain	reverse-0	Provider total	5.017
plain	reverse-0	Prompt rendering	0.008
plain	reverse-0	Response write	0.009
plain	reverse-0	Snapshot published	32.618
plain	reverse-0	Snapshot applied and repainted	33.589
plain	reverse-1	First editable prompt	28.051
plain	reverse-1	Launcher to Zsh startup	2.519
plain	reverse-1	User .zshenv	0.119
plain	reverse-1	User .zshrc	0.246
plain	reverse-1	History substring search	3.435
plain	reverse-1	Autosuggestions	0.698
plain	reverse-1	Syntax highlighting	0.386
plain	reverse-1	Wsh integration	2.042
plain	reverse-1	First precmd	0.657
plain	reverse-1	Runtime ready	11.037
plain	reverse-1	Repository discovery	0.027
plain	reverse-1	Git process	3.951
plain	reverse-1	Git output parsing	0.031
plain	reverse-1	Provider total	5.165
plain	reverse-1	Prompt rendering	0.009
plain	reverse-1	Response write	0.01
plain	reverse-1	Snapshot published	32.68
plain	reverse-1	Snapshot applied and repainted	33.677
plain	reverse-10	First editable prompt	28.525
plain	reverse-10	Launcher to Zsh startup	2.68
plain	reverse-10	User .zshenv	0.123
plain	reverse-10	User .zshrc	0.242
plain	reverse-10	History substring search	3.633
plain	reverse-10	Autosuggestions	0.728
plain	reverse-10	Syntax highlighting	0.39
plain	reverse-10	Wsh integration	2.269
plain	reverse-10	First precmd	0.661
plain	reverse-10	Runtime ready	10.801
plain	reverse-10	Repository discovery	0.027
plain	reverse-10	Git process	4.119
plain	reverse-10	Git output parsing	0.031
plain	reverse-10	Provider total	5.315
plain	reverse-10	Prompt rendering	0.02
plain	reverse-10	Response write	0.01
plain	reverse-10	Snapshot published	33.311
plain	reverse-10	Snapshot applied and repainted	34.273
plain	reverse-11	First editable prompt	28.256
plain	reverse-11	Launcher to Zsh startup	2.688
plain	reverse-11	User .zshenv	0.12
plain	reverse-11	User .zshrc	0.251
plain	reverse-11	History substring search	3.556
plain	reverse-11	Autosuggestions	0.702
plain	reverse-11	Syntax highlighting	0.468
plain	reverse-11	Wsh integration	2.233
plain	reverse-11	First precmd	0.345
plain	reverse-11	Runtime ready	11.233
plain	reverse-11	Repository discovery	0.029
plain	reverse-11	Git process	3.961
plain	reverse-11	Git output parsing	0.031
plain	reverse-11	Provider total	4.548
plain	reverse-11	Prompt rendering	0.009
plain	reverse-11	Response write	0.01
plain	reverse-11	Snapshot published	33.157
plain	reverse-11	Snapshot applied and repainted	34.403
plain	reverse-12	First editable prompt	28.225
plain	reverse-12	Launcher to Zsh startup	2.598
plain	reverse-12	User .zshenv	0.12
plain	reverse-12	User .zshrc	0.247
plain	reverse-12	History substring search	3.501
plain	reverse-12	Autosuggestions	0.698
plain	reverse-12	Syntax highlighting	0.395
plain	reverse-12	Wsh integration	2.11
plain	reverse-12	First precmd	0.632
plain	reverse-12	Runtime ready	11.294
plain	reverse-12	Repository discovery	0.027
plain	reverse-12	Git process	3.813
plain	reverse-12	Git output parsing	0.03
plain	reverse-12	Provider total	4.977
plain	reverse-12	Prompt rendering	0.009
plain	reverse-12	Response write	0.01
plain	reverse-12	Snapshot published	32.683
plain	reverse-12	Snapshot applied and repainted	33.65
plain	reverse-13	First editable prompt	27.992
plain	reverse-13	Launcher to Zsh startup	2.572
plain	reverse-13	User .zshenv	0.12
plain	reverse-13	User .zshrc	0.248
plain	reverse-13	History substring search	3.422
plain	reverse-13	Autosuggestions	0.707
plain	reverse-13	Syntax highlighting	0.403
plain	reverse-13	Wsh integration	2.055
plain	reverse-13	First precmd	0.625
plain	reverse-13	Runtime ready	11.142
plain	reverse-13	Repository discovery	0.027
plain	reverse-13	Git process	3.966
plain	reverse-13	Git output parsing	0.034
plain	reverse-13	Provider total	5.144
plain	reverse-13	Prompt rendering	0.01
plain	reverse-13	Response write	0.011
plain	reverse-13	Snapshot published	32.636
plain	reverse-13	Snapshot applied and repainted	33.687
plain	reverse-14	First editable prompt	27.684
plain	reverse-14	Launcher to Zsh startup	2.553
plain	reverse-14	User .zshenv	0.12
plain	reverse-14	User .zshrc	0.241
plain	reverse-14	History substring search	3.422
plain	reverse-14	Autosuggestions	0.707
plain	reverse-14	Syntax highlighting	0.393
plain	reverse-14	Wsh integration	2.103
plain	reverse-14	First precmd	0.619
plain	reverse-14	Runtime ready	11.14
plain	reverse-14	Repository discovery	0.026
plain	reverse-14	Git process	3.805
plain	reverse-14	Git output parsing	0.031
plain	reverse-14	Provider total	4.933
plain	reverse-14	Prompt rendering	0.01
plain	reverse-14	Response write	0.009
plain	reverse-14	Snapshot published	32.115
plain	reverse-14	Snapshot applied and repainted	33.056
plain	reverse-15	First editable prompt	28.022
plain	reverse-15	Launcher to Zsh startup	2.58
plain	reverse-15	User .zshenv	0.12
plain	reverse-15	User .zshrc	0.254
plain	reverse-15	History substring search	3.515
plain	reverse-15	Autosuggestions	0.712
plain	reverse-15	Syntax highlighting	0.385
plain	reverse-15	Wsh integration	2.117
plain	reverse-15	First precmd	0.63
plain	reverse-15	Runtime ready	14.602
plain	reverse-15	Repository discovery	0.031
plain	reverse-15	Git process	1.608
plain	reverse-15	Git output parsing	0.03
plain	reverse-15	Provider total	4.992
plain	reverse-15	Prompt rendering	0.009
plain	reverse-15	Response write	0.009
plain	reverse-15	Snapshot published	32.505
plain	reverse-15	Snapshot applied and repainted	33.457
plain	reverse-16	First editable prompt	27.446
plain	reverse-16	Launcher to Zsh startup	2.581
plain	reverse-16	User .zshenv	0.119
plain	reverse-16	User .zshrc	0.256
plain	reverse-16	History substring search	3.433
plain	reverse-16	Autosuggestions	0.699
plain	reverse-16	Syntax highlighting	0.399
plain	reverse-16	Wsh integration	2.058
plain	reverse-16	First precmd	0.34
plain	reverse-16	Runtime ready	11.175
plain	reverse-16	Repository discovery	0.026
plain	reverse-16	Git process	3.861
plain	reverse-16	Git output parsing	0.029
plain	reverse-16	Provider total	4.436
plain	reverse-16	Prompt rendering	0.009
plain	reverse-16	Response write	0.009
plain	reverse-16	Snapshot published	32.218
plain	reverse-16	Snapshot applied and repainted	33.168
plain	reverse-17	First editable prompt	27.74
plain	reverse-17	Launcher to Zsh startup	2.554
plain	reverse-17	User .zshenv	0.119
plain	reverse-17	User .zshrc	0.246
plain	reverse-17	History substring search	3.419
plain	reverse-17	Autosuggestions	0.698
plain	reverse-17	Syntax highlighting	0.392
plain	reverse-17	Wsh integration	2.024
plain	reverse-17	First precmd	0.628
plain	reverse-17	Runtime ready	11.042
plain	reverse-17	Repository discovery	0.027
plain	reverse-17	Git process	3.886
plain	reverse-17	Git output parsing	0.029
plain	reverse-17	Provider total	5.021
plain	reverse-17	Prompt rendering	0.009
plain	reverse-17	Response write	0.009
plain	reverse-17	Snapshot published	32.251
plain	reverse-17	Snapshot applied and repainted	33.204
plain	reverse-18	First editable prompt	27.706
plain	reverse-18	Launcher to Zsh startup	2.569
plain	reverse-18	User .zshenv	0.12
plain	reverse-18	User .zshrc	0.242
plain	reverse-18	History substring search	3.441
plain	reverse-18	Autosuggestions	0.722
plain	reverse-18	Syntax highlighting	0.386
plain	reverse-18	Wsh integration	2.072
plain	reverse-18	First precmd	0.603
plain	reverse-18	Runtime ready	11.158
plain	reverse-18	Repository discovery	0.026
plain	reverse-18	Git process	3.828
plain	reverse-18	Git output parsing	0.029
plain	reverse-18	Provider total	4.974
plain	reverse-18	Prompt rendering	0.008
plain	reverse-18	Response write	0.009
plain	reverse-18	Snapshot published	32.184
plain	reverse-18	Snapshot applied and repainted	33.179
plain	reverse-19	First editable prompt	28.363
plain	reverse-19	Launcher to Zsh startup	2.55
plain	reverse-19	User .zshenv	0.12
plain	reverse-19	User .zshrc	0.246
plain	reverse-19	History substring search	3.427
plain	reverse-19	Autosuggestions	0.738
plain	reverse-19	Syntax highlighting	0.41
plain	reverse-19	Wsh integration	2.104
plain	reverse-19	First precmd	0.612
plain	reverse-19	Runtime ready	11.207
plain	reverse-19	Repository discovery	0.026
plain	reverse-19	Git process	3.82
plain	reverse-19	Git output parsing	0.03
plain	reverse-19	Provider total	4.957
plain	reverse-19	Prompt rendering	0.009
plain	reverse-19	Response write	0.009
plain	reverse-19	Snapshot published	32.814
plain	reverse-19	Snapshot applied and repainted	33.762
plain	reverse-2	First editable prompt	27.917
plain	reverse-2	Launcher to Zsh startup	2.571
plain	reverse-2	User .zshenv	0.119
plain	reverse-2	User .zshrc	0.243
plain	reverse-2	History substring search	3.425
plain	reverse-2	Autosuggestions	0.693
plain	reverse-2	Syntax highlighting	0.396
plain	reverse-2	Wsh integration	2.071
plain	reverse-2	First precmd	0.627
plain	reverse-2	Runtime ready	11.197
plain	reverse-2	Repository discovery	0.026
plain	reverse-2	Git process	3.964
plain	reverse-2	Git output parsing	0.029
plain	reverse-2	Provider total	5.156
plain	reverse-2	Prompt rendering	0.009
plain	reverse-2	Response write	0.01
plain	reverse-2	Snapshot published	32.574
plain	reverse-2	Snapshot applied and repainted	33.719
plain	reverse-3	First editable prompt	27.682
plain	reverse-3	Launcher to Zsh startup	2.561
plain	reverse-3	User .zshenv	0.119
plain	reverse-3	User .zshrc	0.239
plain	reverse-3	History substring search	3.412
plain	reverse-3	Autosuggestions	0.703
plain	reverse-3	Syntax highlighting	0.387
plain	reverse-3	Wsh integration	2.073
plain	reverse-3	First precmd	0.622
plain	reverse-3	Runtime ready	11.118
plain	reverse-3	Repository discovery	0.026
plain	reverse-3	Git process	3.857
plain	reverse-3	Git output parsing	0.029
plain	reverse-3	Provider total	5.013
plain	reverse-3	Prompt rendering	0.008
plain	reverse-3	Response write	0.009
plain	reverse-3	Snapshot published	32.165
plain	reverse-3	Snapshot applied and repainted	33.107
plain	reverse-4	First editable prompt	28.295
plain	reverse-4	Launcher to Zsh startup	2.648
plain	reverse-4	User .zshenv	0.12
plain	reverse-4	User .zshrc	0.25
plain	reverse-4	History substring search	3.462
plain	reverse-4	Autosuggestions	0.706
plain	reverse-4	Syntax highlighting	0.393
plain	reverse-4	Wsh integration	2.144
plain	reverse-4	First precmd	0.643
plain	reverse-4	Runtime ready	10.444
plain	reverse-4	Repository discovery	0.027
plain	reverse-4	Git process	4.013
plain	reverse-4	Git output parsing	0.03
plain	reverse-4	Provider total	5.23
plain	reverse-4	Prompt rendering	0.02
plain	reverse-4	Response write	0.01
plain	reverse-4	Snapshot published	33.013
plain	reverse-4	Snapshot applied and repainted	34.002
plain	reverse-5	First editable prompt	28.264
plain	reverse-5	Launcher to Zsh startup	2.701
plain	reverse-5	User .zshenv	0.12
plain	reverse-5	User .zshrc	0.242
plain	reverse-5	History substring search	3.464
plain	reverse-5	Autosuggestions	0.707
plain	reverse-5	Syntax highlighting	0.434
plain	reverse-5	Wsh integration	2.225
plain	reverse-5	First precmd	0.64
plain	reverse-5	Runtime ready	11.55
plain	reverse-5	Repository discovery	0.026
plain	reverse-5	Git process	3.829
plain	reverse-5	Git output parsing	0.028
plain	reverse-5	Provider total	4.991
plain	reverse-5	Prompt rendering	0.009
plain	reverse-5	Response write	0.009
plain	reverse-5	Snapshot published	32.749
plain	reverse-5	Snapshot applied and repainted	33.691
plain	reverse-6	First editable prompt	28.786
plain	reverse-6	Launcher to Zsh startup	2.582
plain	reverse-6	User .zshenv	0.125
plain	reverse-6	User .zshrc	0.265
plain	reverse-6	History substring search	3.417
plain	reverse-6	Autosuggestions	0.691
plain	reverse-6	Syntax highlighting	0.386
plain	reverse-6	Wsh integration	2.055
plain	reverse-6	First precmd	0.684
plain	reverse-6	Runtime ready	11.186
plain	reverse-6	Repository discovery	0.027
plain	reverse-6	Git process	3.818
plain	reverse-6	Git output parsing	0.029
plain	reverse-6	Provider total	4.992
plain	reverse-6	Prompt rendering	0.01
plain	reverse-6	Response write	0.01
plain	reverse-6	Snapshot published	33.257
plain	reverse-6	Snapshot applied and repainted	34.213
plain	reverse-7	First editable prompt	28.193
plain	reverse-7	Launcher to Zsh startup	2.63
plain	reverse-7	User .zshenv	0.125
plain	reverse-7	User .zshrc	0.247
plain	reverse-7	History substring search	3.476
plain	reverse-7	Autosuggestions	0.744
plain	reverse-7	Syntax highlighting	0.39
plain	reverse-7	Wsh integration	2.112
plain	reverse-7	First precmd	0.626
plain	reverse-7	Runtime ready	11.365
plain	reverse-7	Repository discovery	0.027
plain	reverse-7	Git process	3.853
plain	reverse-7	Git output parsing	0.031
plain	reverse-7	Provider total	4.997
plain	reverse-7	Prompt rendering	0.009
plain	reverse-7	Response write	0.01
plain	reverse-7	Snapshot published	32.677
plain	reverse-7	Snapshot applied and repainted	33.669
plain	reverse-8	First editable prompt	27.959
plain	reverse-8	Launcher to Zsh startup	2.613
plain	reverse-8	User .zshenv	0.119
plain	reverse-8	User .zshrc	0.239
plain	reverse-8	History substring search	3.529
plain	reverse-8	Autosuggestions	0.7
plain	reverse-8	Syntax highlighting	0.388
plain	reverse-8	Wsh integration	2.071
plain	reverse-8	First precmd	0.612
plain	reverse-8	Runtime ready	10.326
plain	reverse-8	Repository discovery	0.027
plain	reverse-8	Git process	3.805
plain	reverse-8	Git output parsing	0.032
plain	reverse-8	Provider total	4.979
plain	reverse-8	Prompt rendering	0.009
plain	reverse-8	Response write	0.009
plain	reverse-8	Snapshot published	32.428
plain	reverse-8	Snapshot applied and repainted	33.38
plain	reverse-9	First editable prompt	29.018
plain	reverse-9	Launcher to Zsh startup	2.65
plain	reverse-9	User .zshenv	0.131
plain	reverse-9	User .zshrc	0.269
plain	reverse-9	History substring search	3.52
plain	reverse-9	Autosuggestions	0.697
plain	reverse-9	Syntax highlighting	0.434
plain	reverse-9	Wsh integration	2.194
plain	reverse-9	First precmd	0.731
plain	reverse-9	Runtime ready	11.567
plain	reverse-9	Repository discovery	0.033
plain	reverse-9	Git process	3.924
plain	reverse-9	Git output parsing	0.03
plain	reverse-9	Provider total	5.203
plain	reverse-9	Prompt rendering	0.01
plain	reverse-9	Response write	0.01
plain	reverse-9	Snapshot published	33.641
plain	reverse-9	Snapshot applied and repainted	34.65
plugins	forward-0	First editable prompt	80.403
plugins	forward-0	Launcher to Zsh startup	2.68
plugins	forward-0	User .zshenv	0.119
plugins	forward-0	User .zshrc	50.06
plugins	forward-0	History substring search	2.781
plugins	forward-0	Autosuggestions	1.148
plugins	forward-0	Syntax highlighting	1.727
plugins	forward-0	Wsh integration	2.289
plugins	forward-0	First precmd	0.649
plugins	forward-0	Runtime ready	62.429
plugins	forward-0	Repository discovery	0.029
plugins	forward-0	Git process	3.852
plugins	forward-0	Git output parsing	0.03
plugins	forward-0	Provider total	5.232
plugins	forward-0	Prompt rendering	0.008
plugins	forward-0	Response write	0.009
plugins	forward-0	Snapshot published	84.898
plugins	forward-0	Snapshot applied and repainted	85.844
plugins	forward-1	First editable prompt	80.715
plugins	forward-1	Launcher to Zsh startup	2.636
plugins	forward-1	User .zshenv	0.119
plugins	forward-1	User .zshrc	50.132
plugins	forward-1	History substring search	2.792
plugins	forward-1	Autosuggestions	1.137
plugins	forward-1	Syntax highlighting	1.695
plugins	forward-1	Wsh integration	2.269
plugins	forward-1	First precmd	0.71
plugins	forward-1	Runtime ready	62.372
plugins	forward-1	Repository discovery	0.03
plugins	forward-1	Git process	3.892
plugins	forward-1	Git output parsing	0.031
plugins	forward-1	Provider total	5.331
plugins	forward-1	Prompt rendering	0.009
plugins	forward-1	Response write	0.009
plugins	forward-1	Snapshot published	85.268
plugins	forward-1	Snapshot applied and repainted	86.249
plugins	forward-10	First editable prompt	79.472
plugins	forward-10	Launcher to Zsh startup	2.564
plugins	forward-10	User .zshenv	0.12
plugins	forward-10	User .zshrc	49.51
plugins	forward-10	History substring search	2.868
plugins	forward-10	Autosuggestions	1.08
plugins	forward-10	Syntax highlighting	1.696
plugins	forward-10	Wsh integration	2.231
plugins	forward-10	First precmd	0.682
plugins	forward-10	Runtime ready	61.672
plugins	forward-10	Repository discovery	0.03
plugins	forward-10	Git process	3.876
plugins	forward-10	Git output parsing	0.03
plugins	forward-10	Provider total	5.294
plugins	forward-10	Prompt rendering	0.008
plugins	forward-10	Response write	0.009
plugins	forward-10	Snapshot published	84.013
plugins	forward-10	Snapshot applied and repainted	84.949
plugins	forward-11	First editable prompt	80.709
plugins	forward-11	Launcher to Zsh startup	2.555
plugins	forward-11	User .zshenv	0.139
plugins	forward-11	User .zshrc	50.324
plugins	forward-11	History substring search	2.924
plugins	forward-11	Autosuggestions	1.098
plugins	forward-11	Syntax highlighting	1.723
plugins	forward-11	Wsh integration	2.41
plugins	forward-11	First precmd	0.639
plugins	forward-11	Runtime ready	62.88
plugins	forward-11	Repository discovery	0.027
plugins	forward-11	Git process	3.892
plugins	forward-11	Git output parsing	0.039
plugins	forward-11	Provider total	5.276
plugins	forward-11	Prompt rendering	0.01
plugins	forward-11	Response write	0.011
plugins	forward-11	Snapshot published	85.3
plugins	forward-11	Snapshot applied and repainted	86.442
plugins	forward-12	First editable prompt	79.321
plugins	forward-12	Launcher to Zsh startup	2.568
plugins	forward-12	User .zshenv	0.119
plugins	forward-12	User .zshrc	49.384
plugins	forward-12	History substring search	2.777
plugins	forward-12	Autosuggestions	1.094
plugins	forward-12	Syntax highlighting	1.691
plugins	forward-12	Wsh integration	2.292
plugins	forward-12	First precmd	0.65
plugins	forward-12	Runtime ready	60.709
plugins	forward-12	Repository discovery	0.027
plugins	forward-12	Git process	3.793
plugins	forward-12	Git output parsing	0.03
plugins	forward-12	Provider total	5.2
plugins	forward-12	Prompt rendering	0.008
plugins	forward-12	Response write	0.01
plugins	forward-12	Snapshot published	83.778
plugins	forward-12	Snapshot applied and repainted	84.712
plugins	forward-13	First editable prompt	80.003
plugins	forward-13	Launcher to Zsh startup	2.578
plugins	forward-13	User .zshenv	0.119
plugins	forward-13	User .zshrc	50.138
plugins	forward-13	History substring search	2.771
plugins	forward-13	Autosuggestions	1.08
plugins	forward-13	Syntax highlighting	1.767
plugins	forward-13	Wsh integration	2.317
plugins	forward-13	First precmd	0.649
plugins	forward-13	Runtime ready	61.477
plugins	forward-13	Repository discovery	0.027
plugins	forward-13	Git process	3.797
plugins	forward-13	Git output parsing	0.051
plugins	forward-13	Provider total	5.18
plugins	forward-13	Prompt rendering	0.009
plugins	forward-13	Response write	0.009
plugins	forward-13	Snapshot published	84.467
plugins	forward-13	Snapshot applied and repainted	85.44
plugins	forward-14	First editable prompt	79.464
plugins	forward-14	Launcher to Zsh startup	2.524
plugins	forward-14	User .zshenv	0.119
plugins	forward-14	User .zshrc	49.628
plugins	forward-14	History substring search	2.787
plugins	forward-14	Autosuggestions	1.071
plugins	forward-14	Syntax highlighting	1.69
plugins	forward-14	Wsh integration	2.224
plugins	forward-14	First precmd	0.657
plugins	forward-14	Runtime ready	61.654
plugins	forward-14	Repository discovery	0.027
plugins	forward-14	Git process	3.81
plugins	forward-14	Git output parsing	0.031
plugins	forward-14	Provider total	5.158
plugins	forward-14	Prompt rendering	0.009
plugins	forward-14	Response write	0.009
plugins	forward-14	Snapshot published	83.918
plugins	forward-14	Snapshot applied and repainted	84.863
plugins	forward-15	First editable prompt	79.971
plugins	forward-15	Launcher to Zsh startup	2.522
plugins	forward-15	User .zshenv	0.119
plugins	forward-15	User .zshrc	49.939
plugins	forward-15	History substring search	2.81
plugins	forward-15	Autosuggestions	1.08
plugins	forward-15	Syntax highlighting	1.703
plugins	forward-15	Wsh integration	2.283
plugins	forward-15	First precmd	0.626
plugins	forward-15	Runtime ready	62.033
plugins	forward-15	Repository discovery	0.026
plugins	forward-15	Git process	3.776
plugins	forward-15	Git output parsing	0.029
plugins	forward-15	Provider total	5.304
plugins	forward-15	Prompt rendering	0.008
plugins	forward-15	Response write	0.009
plugins	forward-15	Snapshot published	84.526
plugins	forward-15	Snapshot applied and repainted	85.475
plugins	forward-16	First editable prompt	81.201
plugins	forward-16	Launcher to Zsh startup	2.571
plugins	forward-16	User .zshenv	0.119
plugins	forward-16	User .zshrc	50.407
plugins	forward-16	History substring search	2.951
plugins	forward-16	Autosuggestions	1.18
plugins	forward-16	Syntax highlighting	1.789
plugins	forward-16	Wsh integration	2.269
plugins	forward-16	First precmd	0.684
plugins	forward-16	Runtime ready	62.921
plugins	forward-16	Repository discovery	0.028
plugins	forward-16	Git process	3.806
plugins	forward-16	Git output parsing	0.032
plugins	forward-16	Provider total	5.21
plugins	forward-16	Prompt rendering	0.009
plugins	forward-16	Response write	0.009
plugins	forward-16	Snapshot published	85.672
plugins	forward-16	Snapshot applied and repainted	86.618
plugins	forward-17	First editable prompt	79.879
plugins	forward-17	Launcher to Zsh startup	2.551
plugins	forward-17	User .zshenv	0.122
plugins	forward-17	User .zshrc	49.699
plugins	forward-17	History substring search	2.951
plugins	forward-17	Autosuggestions	1.11
plugins	forward-17	Syntax highlighting	1.704
plugins	forward-17	Wsh integration	2.417
plugins	forward-17	First precmd	0.64
plugins	forward-17	Runtime ready	62.156
plugins	forward-17	Repository discovery	0.027
plugins	forward-17	Git process	3.807
plugins	forward-17	Git output parsing	0.029
plugins	forward-17	Provider total	5.176
plugins	forward-17	Prompt rendering	0.009
plugins	forward-17	Response write	0.009
plugins	forward-17	Snapshot published	84.333
plugins	forward-17	Snapshot applied and repainted	85.287
plugins	forward-18	First editable prompt	80.399
plugins	forward-18	Launcher to Zsh startup	2.521
plugins	forward-18	User .zshenv	0.124
plugins	forward-18	User .zshrc	49.94
plugins	forward-18	History substring search	2.845
plugins	forward-18	Autosuggestions	1.082
plugins	forward-18	Syntax highlighting	1.756
plugins	forward-18	Wsh integration	2.411
plugins	forward-18	First precmd	0.705
plugins	forward-18	Runtime ready	62.331
plugins	forward-18	Repository discovery	0.03
plugins	forward-18	Git process	3.907
plugins	forward-18	Git output parsing	0.031
plugins	forward-18	Provider total	5.448
plugins	forward-18	Prompt rendering	0.009
plugins	forward-18	Response write	0.009
plugins	forward-18	Snapshot published	85.012
plugins	forward-18	Snapshot applied and repainted	85.967
plugins	forward-19	First editable prompt	80.955
plugins	forward-19	Launcher to Zsh startup	2.548
plugins	forward-19	User .zshenv	0.118
plugins	forward-19	User .zshrc	49.772
plugins	forward-19	History substring search	2.828
plugins	forward-19	Autosuggestions	1.11
plugins	forward-19	Syntax highlighting	1.75
plugins	forward-19	Wsh integration	2.248
plugins	forward-19	First precmd	0.674
plugins	forward-19	Runtime ready	61.989
plugins	forward-19	Repository discovery	0.029
plugins	forward-19	Git process	3.905
plugins	forward-19	Git output parsing	0.029
plugins	forward-19	Provider total	5.311
plugins	forward-19	Prompt rendering	0.009
plugins	forward-19	Response write	0.009
plugins	forward-19	Snapshot published	85.525
plugins	forward-19	Snapshot applied and repainted	86.475
plugins	forward-2	First editable prompt	80.498
plugins	forward-2	Launcher to Zsh startup	2.635
plugins	forward-2	User .zshenv	0.12
plugins	forward-2	User .zshrc	50.394
plugins	forward-2	History substring search	2.828
plugins	forward-2	Autosuggestions	1.136
plugins	forward-2	Syntax highlighting	1.687
plugins	forward-2	Wsh integration	2.265
plugins	forward-2	First precmd	0.678
plugins	forward-2	Runtime ready	62.659
plugins	forward-2	Repository discovery	0.028
plugins	forward-2	Git process	3.823
plugins	forward-2	Git output parsing	0.03
plugins	forward-2	Provider total	5.216
plugins	forward-2	Prompt rendering	0.008
plugins	forward-2	Response write	0.009
plugins	forward-2	Snapshot published	84.983
plugins	forward-2	Snapshot applied and repainted	85.919
plugins	forward-3	First editable prompt	79.933
plugins	forward-3	Launcher to Zsh startup	2.573
plugins	forward-3	User .zshenv	0.119
plugins	forward-3	User .zshrc	49.958
plugins	forward-3	History substring search	2.806
plugins	forward-3	Autosuggestions	1.18
plugins	forward-3	Syntax highlighting	1.688
plugins	forward-3	Wsh integration	2.22
plugins	forward-3	First precmd	0.645
plugins	forward-3	Runtime ready	62.144
plugins	forward-3	Repository discovery	0.027
plugins	forward-3	Git process	3.924
plugins	forward-3	Git output parsing	0.03
plugins	forward-3	Provider total	5.309
plugins	forward-3	Prompt rendering	0.009
plugins	forward-3	Response write	0.01
plugins	forward-3	Snapshot published	84.539
plugins	forward-3	Snapshot applied and repainted	85.479
plugins	forward-4	First editable prompt	79.842
plugins	forward-4	Launcher to Zsh startup	2.613
plugins	forward-4	User .zshenv	0.12
plugins	forward-4	User .zshrc	49.884
plugins	forward-4	History substring search	2.79
plugins	forward-4	Autosuggestions	1.076
plugins	forward-4	Syntax highlighting	1.747
plugins	forward-4	Wsh integration	2.295
plugins	forward-4	First precmd	0.641
plugins	forward-4	Runtime ready	61.264
plugins	forward-4	Repository discovery	0.027
plugins	forward-4	Git process	3.873
plugins	forward-4	Git output parsing	0.029
plugins	forward-4	Provider total	5.25
plugins	forward-4	Prompt rendering	0.008
plugins	forward-4	Response write	0.009
plugins	forward-4	Snapshot published	84.374
plugins	forward-4	Snapshot applied and repainted	85.314
plugins	forward-5	First editable prompt	80.539
plugins	forward-5	Launcher to Zsh startup	2.628
plugins	forward-5	User .zshenv	0.12
plugins	forward-5	User .zshrc	50.708
plugins	forward-5	History substring search	2.838
plugins	forward-5	Autosuggestions	1.078
plugins	forward-5	Syntax highlighting	1.761
plugins	forward-5	Wsh integration	2.253
plugins	forward-5	First precmd	0.356
plugins	forward-5	Runtime ready	62.654
plugins	forward-5	Repository discovery	0.029
plugins	forward-5	Git process	3.92
plugins	forward-5	Git output parsing	0.03
plugins	forward-5	Provider total	4.75
plugins	forward-5	Prompt rendering	0.009
plugins	forward-5	Response write	1.018
plugins	forward-5	Snapshot published	86.492
plugins	forward-5	Snapshot applied and repainted	86.434
plugins	forward-6	First editable prompt	80.116
plugins	forward-6	Launcher to Zsh startup	2.611
plugins	forward-6	User .zshenv	0.118
plugins	forward-6	User .zshrc	49.918
plugins	forward-6	History substring search	2.849
plugins	forward-6	Autosuggestions	1.081
plugins	forward-6	Syntax highlighting	1.697
plugins	forward-6	Wsh integration	2.272
plugins	forward-6	First precmd	0.688
plugins	forward-6	Runtime ready	62.156
plugins	forward-6	Repository discovery	0.03
plugins	forward-6	Git process	2.811
plugins	forward-6	Git output parsing	0.03
plugins	forward-6	Provider total	5.302
plugins	forward-6	Prompt rendering	0.009
plugins	forward-6	Response write	0.979
plugins	forward-6	Snapshot published	85.644
plugins	forward-6	Snapshot applied and repainted	85.592
plugins	forward-7	First editable prompt	80.318
plugins	forward-7	Launcher to Zsh startup	2.632
plugins	forward-7	User .zshenv	0.12
plugins	forward-7	User .zshrc	50.143
plugins	forward-7	History substring search	2.851
plugins	forward-7	Autosuggestions	1.086
plugins	forward-7	Syntax highlighting	1.712
plugins	forward-7	Wsh integration	2.315
plugins	forward-7	First precmd	0.666
plugins	forward-7	Runtime ready	62.445
plugins	forward-7	Repository discovery	0.029
plugins	forward-7	Git process	3.93
plugins	forward-7	Git output parsing	0.031
plugins	forward-7	Provider total	5.358
plugins	forward-7	Prompt rendering	0.01
plugins	forward-7	Response write	0.01
plugins	forward-7	Snapshot published	84.949
plugins	forward-7	Snapshot applied and repainted	85.921
plugins	forward-8	First editable prompt	80.282
plugins	forward-8	Launcher to Zsh startup	2.617
plugins	forward-8	User .zshenv	0.12
plugins	forward-8	User .zshrc	50.237
plugins	forward-8	History substring search	2.804
plugins	forward-8	Autosuggestions	1.137
plugins	forward-8	Syntax highlighting	1.698
plugins	forward-8	Wsh integration	2.391
plugins	forward-8	First precmd	0.635
plugins	forward-8	Runtime ready	61.736
plugins	forward-8	Repository discovery	0.026
plugins	forward-8	Git process	3.799
plugins	forward-8	Git output parsing	0.03
plugins	forward-8	Provider total	5.149
plugins	forward-8	Prompt rendering	0.008
plugins	forward-8	Response write	0.009
plugins	forward-8	Snapshot published	84.724
plugins	forward-8	Snapshot applied and repainted	85.667
plugins	forward-9	First editable prompt	81.194
plugins	forward-9	Launcher to Zsh startup	2.54
plugins	forward-9	User .zshenv	0.119
plugins	forward-9	User .zshrc	50.496
plugins	forward-9	History substring search	2.969
plugins	forward-9	Autosuggestions	1.195
plugins	forward-9	Syntax highlighting	1.72
plugins	forward-9	Wsh integration	2.351
plugins	forward-9	First precmd	0.676
plugins	forward-9	Runtime ready	63.021
plugins	forward-9	Repository discovery	0.029
plugins	forward-9	Git process	3.968
plugins	forward-9	Git output parsing	0.031
plugins	forward-9	Provider total	5.431
plugins	forward-9	Prompt rendering	0.01
plugins	forward-9	Response write	0.01
plugins	forward-9	Snapshot published	85.868
plugins	forward-9	Snapshot applied and repainted	86.824
plugins	reverse-0	First editable prompt	80.393
plugins	reverse-0	Launcher to Zsh startup	2.653
plugins	reverse-0	User .zshenv	0.119
plugins	reverse-0	User .zshrc	50.371
plugins	reverse-0	History substring search	2.817
plugins	reverse-0	Autosuggestions	1.078
plugins	reverse-0	Syntax highlighting	1.79
plugins	reverse-0	Wsh integration	2.286
plugins	reverse-0	First precmd	0.627
plugins	reverse-0	Runtime ready	62.684
plugins	reverse-0	Repository discovery	0.026
plugins	reverse-0	Git process	2.699
plugins	reverse-0	Git output parsing	0.03
plugins	reverse-0	Provider total	5.005
plugins	reverse-0	Prompt rendering	0.009
plugins	reverse-0	Response write	0.982
plugins	reverse-0	Snapshot published	85.685
plugins	reverse-0	Snapshot applied and repainted	85.631
plugins	reverse-1	First editable prompt	79.697
plugins	reverse-1	Launcher to Zsh startup	2.55
plugins	reverse-1	User .zshenv	0.12
plugins	reverse-1	User .zshrc	49.934
plugins	reverse-1	History substring search	2.758
plugins	reverse-1	Autosuggestions	1.073
plugins	reverse-1	Syntax highlighting	1.692
plugins	reverse-1	Wsh integration	2.179
plugins	reverse-1	First precmd	0.634
plugins	reverse-1	Runtime ready	61.942
plugins	reverse-1	Repository discovery	0.026
plugins	reverse-1	Git process	3.767
plugins	reverse-1	Git output parsing	0.032
plugins	reverse-1	Provider total	5.1
plugins	reverse-1	Prompt rendering	0.008
plugins	reverse-1	Response write	0.009
plugins	reverse-1	Snapshot published	84.089
plugins	reverse-1	Snapshot applied and repainted	85.036
plugins	reverse-10	First editable prompt	80.587
plugins	reverse-10	Launcher to Zsh startup	2.563
plugins	reverse-10	User .zshenv	0.123
plugins	reverse-10	User .zshrc	50.28
plugins	reverse-10	History substring search	2.844
plugins	reverse-10	Autosuggestions	1.088
plugins	reverse-10	Syntax highlighting	1.691
plugins	reverse-10	Wsh integration	2.333
plugins	reverse-10	First precmd	0.698
plugins	reverse-10	Runtime ready	62.537
plugins	reverse-10	Repository discovery	0.03
plugins	reverse-10	Git process	3.947
plugins	reverse-10	Git output parsing	0.031
plugins	reverse-10	Provider total	5.441
plugins	reverse-10	Prompt rendering	0.009
plugins	reverse-10	Response write	0.009
plugins	reverse-10	Snapshot published	85.246
plugins	reverse-10	Snapshot applied and repainted	86.197
plugins	reverse-11	First editable prompt	80.41
plugins	reverse-11	Launcher to Zsh startup	2.652
plugins	reverse-11	User .zshenv	0.127
plugins	reverse-11	User .zshrc	50.237
plugins	reverse-11	History substring search	2.795
plugins	reverse-11	Autosuggestions	1.071
plugins	reverse-11	Syntax highlighting	1.751
plugins	reverse-11	Wsh integration	2.23
plugins	reverse-11	First precmd	0.648
plugins	reverse-11	Runtime ready	62.487
plugins	reverse-11	Repository discovery	0.028
plugins	reverse-11	Git process	3.8
plugins	reverse-11	Git output parsing	0.03
plugins	reverse-11	Provider total	5.192
plugins	reverse-11	Prompt rendering	0.008
plugins	reverse-11	Response write	0.009
plugins	reverse-11	Snapshot published	84.854
plugins	reverse-11	Snapshot applied and repainted	85.788
plugins	reverse-12	First editable prompt	81.137
plugins	reverse-12	Launcher to Zsh startup	2.563
plugins	reverse-12	User .zshenv	0.118
plugins	reverse-12	User .zshrc	50.667
plugins	reverse-12	History substring search	2.868
plugins	reverse-12	Autosuggestions	1.101
plugins	reverse-12	Syntax highlighting	1.727
plugins	reverse-12	Wsh integration	2.463
plugins	reverse-12	First precmd	0.658
plugins	reverse-12	Runtime ready	63.159
plugins	reverse-12	Repository discovery	0.028
plugins	reverse-12	Git process	3.868
plugins	reverse-12	Git output parsing	0.031
plugins	reverse-12	Provider total	5.298
plugins	reverse-12	Prompt rendering	0.009
plugins	reverse-12	Response write	0.011
plugins	reverse-12	Snapshot published	85.721
plugins	reverse-12	Snapshot applied and repainted	86.695
plugins	reverse-13	First editable prompt	81.352
plugins	reverse-13	Launcher to Zsh startup	2.65
plugins	reverse-13	User .zshenv	0.118
plugins	reverse-13	User .zshrc	50.504
plugins	reverse-13	History substring search	3.004
plugins	reverse-13	Autosuggestions	1.081
plugins	reverse-13	Syntax highlighting	1.71
plugins	reverse-13	Wsh integration	2.298
plugins	reverse-13	First precmd	0.727
plugins	reverse-13	Runtime ready	62.951
plugins	reverse-13	Repository discovery	0.029
plugins	reverse-13	Git process	3.015
plugins	reverse-13	Git output parsing	0.031
plugins	reverse-13	Provider total	5.602
plugins	reverse-13	Prompt rendering	0.01
plugins	reverse-13	Response write	1.046
plugins	reverse-13	Snapshot published	87.229
plugins	reverse-13	Snapshot applied and repainted	87.16
plugins	reverse-14	First editable prompt	78.908
plugins	reverse-14	Launcher to Zsh startup	2.534
plugins	reverse-14	User .zshenv	0.118
plugins	reverse-14	User .zshrc	49.223
plugins	reverse-14	History substring search	2.773
plugins	reverse-14	Autosuggestions	1.064
plugins	reverse-14	Syntax highlighting	1.699
plugins	reverse-14	Wsh integration	2.253
plugins	reverse-14	First precmd	0.658
plugins	reverse-14	Runtime ready	61.233
plugins	reverse-14	Repository discovery	0.026
plugins	reverse-14	Git process	3.959
plugins	reverse-14	Git output parsing	0.03
plugins	reverse-14	Provider total	5.415
plugins	reverse-14	Prompt rendering	0.009
plugins	reverse-14	Response write	0.01
plugins	reverse-14	Snapshot published	83.581
plugins	reverse-14	Snapshot applied and repainted	84.563
plugins	reverse-15	First editable prompt	82.692
plugins	reverse-15	Launcher to Zsh startup	2.652
plugins	reverse-15	User .zshenv	0.147
plugins	reverse-15	User .zshrc	50.21
plugins	reverse-15	History substring search	2.924
plugins	reverse-15	Autosuggestions	1.094
plugins	reverse-15	Syntax highlighting	1.728
plugins	reverse-15	Wsh integration	2.27
plugins	reverse-15	First precmd	0.672
plugins	reverse-15	Runtime ready	62.671
plugins	reverse-15	Repository discovery	0.028
plugins	reverse-15	Git process	2.893
plugins	reverse-15	Git output parsing	0.038
plugins	reverse-15	Provider total	5.42
plugins	reverse-15	Prompt rendering	0.013
plugins	reverse-15	Response write	0.991
plugins	reverse-15	Snapshot published	86.918
plugins	reverse-15	Snapshot applied and repainted	86.863
plugins	reverse-16	First editable prompt	79.923
plugins	reverse-16	Launcher to Zsh startup	2.553
plugins	reverse-16	User .zshenv	0.119
plugins	reverse-16	User .zshrc	50.046
plugins	reverse-16	History substring search	2.803
plugins	reverse-16	Autosuggestions	1.072
plugins	reverse-16	Syntax highlighting	1.717
plugins	reverse-16	Wsh integration	2.331
plugins	reverse-16	First precmd	0.645
plugins	reverse-16	Runtime ready	61.361
plugins	reverse-16	Repository discovery	0.028
plugins	reverse-16	Git process	4.006
plugins	reverse-16	Git output parsing	0.031
plugins	reverse-16	Provider total	5.387
plugins	reverse-16	Prompt rendering	0.009
plugins	reverse-16	Response write	0.01
plugins	reverse-16	Snapshot published	84.597
plugins	reverse-16	Snapshot applied and repainted	85.665
plugins	reverse-17	First editable prompt	81.464
plugins	reverse-17	Launcher to Zsh startup	3.069
plugins	reverse-17	User .zshenv	0.157
plugins	reverse-17	User .zshrc	50.611
plugins	reverse-17	History substring search	2.854
plugins	reverse-17	Autosuggestions	1.106
plugins	reverse-17	Syntax highlighting	1.769
plugins	reverse-17	Wsh integration	2.288
plugins	reverse-17	First precmd	0.66
plugins	reverse-17	Runtime ready	63.555
plugins	reverse-17	Repository discovery	0.027
plugins	reverse-17	Git process	3.861
plugins	reverse-17	Git output parsing	0.031
plugins	reverse-17	Provider total	5.186
plugins	reverse-17	Prompt rendering	0.009
plugins	reverse-17	Response write	0.01
plugins	reverse-17	Snapshot published	85.952
plugins	reverse-17	Snapshot applied and repainted	86.885
plugins	reverse-18	First editable prompt	83.597
plugins	reverse-18	Launcher to Zsh startup	2.668
plugins	reverse-18	User .zshenv	0.12
plugins	reverse-18	User .zshrc	51.93
plugins	reverse-18	History substring search	2.999
plugins	reverse-18	Autosuggestions	1.082
plugins	reverse-18	Syntax highlighting	1.76
plugins	reverse-18	Wsh integration	2.423
plugins	reverse-18	First precmd	0.739
plugins	reverse-18	Runtime ready	64.742
plugins	reverse-18	Repository discovery	0.03
plugins	reverse-18	Git process	3.132
plugins	reverse-18	Git output parsing	0.085
plugins	reverse-18	Provider total	5.76
plugins	reverse-18	Prompt rendering	0.011
plugins	reverse-18	Response write	0.011
plugins	reverse-18	Snapshot published	88.585
plugins	reverse-18	Snapshot applied and repainted	89.883
plugins	reverse-19	First editable prompt	82.546
plugins	reverse-19	Launcher to Zsh startup	2.578
plugins	reverse-19	User .zshenv	0.12
plugins	reverse-19	User .zshrc	51.394
plugins	reverse-19	History substring search	2.949
plugins	reverse-19	Autosuggestions	1.085
plugins	reverse-19	Syntax highlighting	1.772
plugins	reverse-19	Wsh integration	2.301
plugins	reverse-19	First precmd	0.685
plugins	reverse-19	Runtime ready	63.842
plugins	reverse-19	Repository discovery	0.029
plugins	reverse-19	Git process	2.91
plugins	reverse-19	Git output parsing	0.03
plugins	reverse-19	Provider total	5.339
plugins	reverse-19	Prompt rendering	0.009
plugins	reverse-19	Response write	1.058
plugins	reverse-19	Snapshot published	88.184
plugins	reverse-19	Snapshot applied and repainted	88.13
plugins	reverse-2	First editable prompt	83.673
plugins	reverse-2	Launcher to Zsh startup	2.644
plugins	reverse-2	User .zshenv	0.119
plugins	reverse-2	User .zshrc	52.101
plugins	reverse-2	History substring search	2.859
plugins	reverse-2	Autosuggestions	1.108
plugins	reverse-2	Syntax highlighting	1.937
plugins	reverse-2	Wsh integration	2.501
plugins	reverse-2	First precmd	0.752
plugins	reverse-2	Runtime ready	64.942
plugins	reverse-2	Repository discovery	0.031
plugins	reverse-2	Git process	3.974
plugins	reverse-2	Git output parsing	0.034
plugins	reverse-2	Provider total	5.63
plugins	reverse-2	Prompt rendering	0.01
plugins	reverse-2	Response write	0.011
plugins	reverse-2	Snapshot published	88.508
plugins	reverse-2	Snapshot applied and repainted	89.535
plugins	reverse-3	First editable prompt	82.859
plugins	reverse-3	Launcher to Zsh startup	2.729
plugins	reverse-3	User .zshenv	0.12
plugins	reverse-3	User .zshrc	52.358
plugins	reverse-3	History substring search	2.929
plugins	reverse-3	Autosuggestions	1.095
plugins	reverse-3	Syntax highlighting	1.715
plugins	reverse-3	Wsh integration	2.365
plugins	reverse-3	First precmd	0.665
plugins	reverse-3	Runtime ready	64.902
plugins	reverse-3	Repository discovery	0.028
plugins	reverse-3	Git process	3.888
plugins	reverse-3	Git output parsing	0.031
plugins	reverse-3	Provider total	5.279
plugins	reverse-3	Prompt rendering	0.01
plugins	reverse-3	Response write	0.01
plugins	reverse-3	Snapshot published	87.408
plugins	reverse-3	Snapshot applied and repainted	88.396
plugins	reverse-4	First editable prompt	83.002
plugins	reverse-4	Launcher to Zsh startup	2.758
plugins	reverse-4	User .zshenv	0.122
plugins	reverse-4	User .zshrc	52.506
plugins	reverse-4	History substring search	3.001
plugins	reverse-4	Autosuggestions	1.087
plugins	reverse-4	Syntax highlighting	1.693
plugins	reverse-4	Wsh integration	2.338
plugins	reverse-4	First precmd	0.64
plugins	reverse-4	Runtime ready	65.15
plugins	reverse-4	Repository discovery	0.03
plugins	reverse-4	Git process	3.862
plugins	reverse-4	Git output parsing	0.03
plugins	reverse-4	Provider total	5.27
plugins	reverse-4	Prompt rendering	0.009
plugins	reverse-4	Response write	0.009
plugins	reverse-4	Snapshot published	87.526
plugins	reverse-4	Snapshot applied and repainted	88.457
plugins	reverse-5	First editable prompt	80.154
plugins	reverse-5	Launcher to Zsh startup	2.624
plugins	reverse-5	User .zshenv	0.119
plugins	reverse-5	User .zshrc	49.973
plugins	reverse-5	History substring search	2.865
plugins	reverse-5	Autosuggestions	1.079
plugins	reverse-5	Syntax highlighting	1.704
plugins	reverse-5	Wsh integration	2.235
plugins	reverse-5	First precmd	0.639
plugins	reverse-5	Runtime ready	62.186
plugins	reverse-5	Repository discovery	0.028
plugins	reverse-5	Git process	3.752
plugins	reverse-5	Git output parsing	0.032
plugins	reverse-5	Provider total	5.164
plugins	reverse-5	Prompt rendering	0.008
plugins	reverse-5	Response write	0.009
plugins	reverse-5	Snapshot published	84.572
plugins	reverse-5	Snapshot applied and repainted	85.52
plugins	reverse-6	First editable prompt	81.407
plugins	reverse-6	Launcher to Zsh startup	2.657
plugins	reverse-6	User .zshenv	0.129
plugins	reverse-6	User .zshrc	50.917
plugins	reverse-6	History substring search	2.952
plugins	reverse-6	Autosuggestions	1.139
plugins	reverse-6	Syntax highlighting	1.737
plugins	reverse-6	Wsh integration	2.327
plugins	reverse-6	First precmd	0.66
plugins	reverse-6	Runtime ready	63.484
plugins	reverse-6	Repository discovery	0.027
plugins	reverse-6	Git process	3.874
plugins	reverse-6	Git output parsing	0.029
plugins	reverse-6	Provider total	5.267
plugins	reverse-6	Prompt rendering	0.008
plugins	reverse-6	Response write	0.009
plugins	reverse-6	Snapshot published	85.927
plugins	reverse-6	Snapshot applied and repainted	86.865
plugins	reverse-7	First editable prompt	79.827
plugins	reverse-7	Launcher to Zsh startup	2.543
plugins	reverse-7	User .zshenv	0.12
plugins	reverse-7	User .zshrc	50.056
plugins	reverse-7	History substring search	2.775
plugins	reverse-7	Autosuggestions	1.118
plugins	reverse-7	Syntax highlighting	1.68
plugins	reverse-7	Wsh integration	2.228
plugins	reverse-7	First precmd	0.631
plugins	reverse-7	Runtime ready	62.102
plugins	reverse-7	Repository discovery	0.027
plugins	reverse-7	Git process	3.829
plugins	reverse-7	Git output parsing	0.03
plugins	reverse-7	Provider total	5.157
plugins	reverse-7	Prompt rendering	0.009
plugins	reverse-7	Response write	0.009
plugins	reverse-7	Snapshot published	84.285
plugins	reverse-7	Snapshot applied and repainted	85.218
plugins	reverse-8	First editable prompt	81.204
plugins	reverse-8	Launcher to Zsh startup	2.59
plugins	reverse-8	User .zshenv	0.119
plugins	reverse-8	User .zshrc	50.461
plugins	reverse-8	History substring search	2.881
plugins	reverse-8	Autosuggestions	1.077
plugins	reverse-8	Syntax highlighting	1.825
plugins	reverse-8	Wsh integration	2.538
plugins	reverse-8	First precmd	0.687
plugins	reverse-8	Runtime ready	63.132
plugins	reverse-8	Repository discovery	0.03
plugins	reverse-8	Git process	3.924
plugins	reverse-8	Git output parsing	0.032
plugins	reverse-8	Provider total	5.352
plugins	reverse-8	Prompt rendering	0.009
plugins	reverse-8	Response write	0.01
plugins	reverse-8	Snapshot published	85.802
plugins	reverse-8	Snapshot applied and repainted	86.762
plugins	reverse-9	First editable prompt	80.979
plugins	reverse-9	Launcher to Zsh startup	2.594
plugins	reverse-9	User .zshenv	0.153
plugins	reverse-9	User .zshrc	50.334
plugins	reverse-9	History substring search	2.845
plugins	reverse-9	Autosuggestions	1.091
plugins	reverse-9	Syntax highlighting	1.787
plugins	reverse-9	Wsh integration	2.314
plugins	reverse-9	First precmd	0.635
plugins	reverse-9	Runtime ready	61.941
plugins	reverse-9	Repository discovery	0.027
plugins	reverse-9	Git process	2.878
plugins	reverse-9	Git output parsing	0.032
plugins	reverse-9	Provider total	5.35
plugins	reverse-9	Prompt rendering	0.01
plugins	reverse-9	Response write	0.009
plugins	reverse-9	Snapshot published	85.623
plugins	reverse-9	Snapshot applied and repainted	86.555
robbyrussell	forward-0	First editable prompt	89.589
robbyrussell	forward-0	Launcher to Zsh startup	2.623
robbyrussell	forward-0	User .zshenv	0.13
robbyrussell	forward-0	User .zshrc	40.327
robbyrussell	forward-0	History substring search	3.285
robbyrussell	forward-0	Autosuggestions	0.681
robbyrussell	forward-0	Syntax highlighting	0.389
robbyrussell	forward-0	Wsh integration	2.269
robbyrussell	forward-0	First precmd	0.679
robbyrussell	forward-0	Runtime ready	51.534
robbyrussell	forward-0	Repository discovery	0.031
robbyrussell	forward-0	Git process	1.606
robbyrussell	forward-0	Git output parsing	0.031
robbyrussell	forward-0	Provider total	5.435
robbyrussell	forward-0	Prompt rendering	0.009
robbyrussell	forward-0	Response write	0.987
robbyrussell	forward-0	Snapshot published	95.181
robbyrussell	forward-0	Snapshot applied and repainted	95.124
robbyrussell	forward-1	First editable prompt	87.28
robbyrussell	forward-1	Launcher to Zsh startup	2.574
robbyrussell	forward-1	User .zshenv	0.119
robbyrussell	forward-1	User .zshrc	39.218
robbyrussell	forward-1	History substring search	3.215
robbyrussell	forward-1	Autosuggestions	0.661
robbyrussell	forward-1	Syntax highlighting	0.395
robbyrussell	forward-1	Wsh integration	2.156
robbyrussell	forward-1	First precmd	0.636
robbyrussell	forward-1	Runtime ready	50.109
robbyrussell	forward-1	Repository discovery	0.025
robbyrussell	forward-1	Git process	1.68
robbyrussell	forward-1	Git output parsing	0.037
robbyrussell	forward-1	Provider total	5.351
robbyrussell	forward-1	Prompt rendering	0.01
robbyrussell	forward-1	Response write	0.01
robbyrussell	forward-1	Snapshot published	91.93
robbyrussell	forward-1	Snapshot applied and repainted	92.924
robbyrussell	forward-10	First editable prompt	87.082
robbyrussell	forward-10	Launcher to Zsh startup	2.536
robbyrussell	forward-10	User .zshenv	0.118
robbyrussell	forward-10	User .zshrc	39.257
robbyrussell	forward-10	History substring search	3.168
robbyrussell	forward-10	Autosuggestions	0.653
robbyrussell	forward-10	Syntax highlighting	0.386
robbyrussell	forward-10	Wsh integration	2.171
robbyrussell	forward-10	First precmd	0.634
robbyrussell	forward-10	Runtime ready	50.105
robbyrussell	forward-10	Repository discovery	0.025
robbyrussell	forward-10	Git process	3.629
robbyrussell	forward-10	Git output parsing	0.03
robbyrussell	forward-10	Provider total	5.145
robbyrussell	forward-10	Prompt rendering	0.009
robbyrussell	forward-10	Response write	0.01
robbyrussell	forward-10	Snapshot published	91.519
robbyrussell	forward-10	Snapshot applied and repainted	92.449
robbyrussell	forward-11	First editable prompt	87.087
robbyrussell	forward-11	Launcher to Zsh startup	2.494
robbyrussell	forward-11	User .zshenv	0.121
robbyrussell	forward-11	User .zshrc	39.734
robbyrussell	forward-11	History substring search	3.191
robbyrussell	forward-11	Autosuggestions	0.671
robbyrussell	forward-11	Syntax highlighting	0.384
robbyrussell	forward-11	Wsh integration	2.155
robbyrussell	forward-11	First precmd	0.639
robbyrussell	forward-11	Runtime ready	50.529
robbyrussell	forward-11	Repository discovery	0.026
robbyrussell	forward-11	Git process	3.752
robbyrussell	forward-11	Git output parsing	0.03
robbyrussell	forward-11	Provider total	5.231
robbyrussell	forward-11	Prompt rendering	0.009
robbyrussell	forward-11	Response write	0.01
robbyrussell	forward-11	Snapshot published	91.588
robbyrussell	forward-11	Snapshot applied and repainted	92.525
robbyrussell	forward-12	First editable prompt	88.33
robbyrussell	forward-12	Launcher to Zsh startup	2.577
robbyrussell	forward-12	User .zshenv	0.122
robbyrussell	forward-12	User .zshrc	39.696
robbyrussell	forward-12	History substring search	3.248
robbyrussell	forward-12	Autosuggestions	0.665
robbyrussell	forward-12	Syntax highlighting	0.383
robbyrussell	forward-12	Wsh integration	2.173
robbyrussell	forward-12	First precmd	0.715
robbyrussell	forward-12	Runtime ready	53.652
robbyrussell	forward-12	Repository discovery	0.027
robbyrussell	forward-12	Git process	3.876
robbyrussell	forward-12	Git output parsing	0.03
robbyrussell	forward-12	Provider total	5.482
robbyrussell	forward-12	Prompt rendering	0.009
robbyrussell	forward-12	Response write	0.009
robbyrussell	forward-12	Snapshot published	92.983
robbyrussell	forward-12	Snapshot applied and repainted	93.93
robbyrussell	forward-13	First editable prompt	86.8
robbyrussell	forward-13	Launcher to Zsh startup	2.535
robbyrussell	forward-13	User .zshenv	0.126
robbyrussell	forward-13	User .zshrc	39.323
robbyrussell	forward-13	History substring search	3.18
robbyrussell	forward-13	Autosuggestions	0.65
robbyrussell	forward-13	Syntax highlighting	0.393
robbyrussell	forward-13	Wsh integration	2.148
robbyrussell	forward-13	First precmd	0.64
robbyrussell	forward-13	Runtime ready	50.178
robbyrussell	forward-13	Repository discovery	0.025
robbyrussell	forward-13	Git process	1.454
robbyrussell	forward-13	Git output parsing	0.03
robbyrussell	forward-13	Provider total	5.043
robbyrussell	forward-13	Prompt rendering	0.011
robbyrussell	forward-13	Response write	1.009
robbyrussell	forward-13	Snapshot published	92.116
robbyrussell	forward-13	Snapshot applied and repainted	92.058
robbyrussell	forward-14	First editable prompt	88.16
robbyrussell	forward-14	Launcher to Zsh startup	2.6
robbyrussell	forward-14	User .zshenv	0.12
robbyrussell	forward-14	User .zshrc	40.24
robbyrussell	forward-14	History substring search	3.153
robbyrussell	forward-14	Autosuggestions	0.662
robbyrussell	forward-14	Syntax highlighting	0.388
robbyrussell	forward-14	Wsh integration	2.158
robbyrussell	forward-14	First precmd	0.405
robbyrussell	forward-14	Runtime ready	54.125
robbyrussell	forward-14	Repository discovery	0.027
robbyrussell	forward-14	Git process	3.761
robbyrussell	forward-14	Git output parsing	0.031
robbyrussell	forward-14	Provider total	4.356
robbyrussell	forward-14	Prompt rendering	0.009
robbyrussell	forward-14	Response write	0.986
robbyrussell	forward-14	Snapshot published	93.896
robbyrussell	forward-14	Snapshot applied and repainted	93.833
robbyrussell	forward-15	First editable prompt	87.708
robbyrussell	forward-15	Launcher to Zsh startup	2.56
robbyrussell	forward-15	User .zshenv	0.121
robbyrussell	forward-15	User .zshrc	39.895
robbyrussell	forward-15	History substring search	3.199
robbyrussell	forward-15	Autosuggestions	0.654
robbyrussell	forward-15	Syntax highlighting	0.399
robbyrussell	forward-15	Wsh integration	2.158
robbyrussell	forward-15	First precmd	0.64
robbyrussell	forward-15	Runtime ready	50.877
robbyrussell	forward-15	Repository discovery	0.025
robbyrussell	forward-15	Git process	3.815
robbyrussell	forward-15	Git output parsing	0.032
robbyrussell	forward-15	Provider total	5.289
robbyrussell	forward-15	Prompt rendering	0.009
robbyrussell	forward-15	Response write	0.009
robbyrussell	forward-15	Snapshot published	92.279
robbyrussell	forward-15	Snapshot applied and repainted	93.261
robbyrussell	forward-16	First editable prompt	87.587
robbyrussell	forward-16	Launcher to Zsh startup	2.601
robbyrussell	forward-16	User .zshenv	0.127
robbyrussell	forward-16	User .zshrc	39.53
robbyrussell	forward-16	History substring search	3.25
robbyrussell	forward-16	Autosuggestions	0.659
robbyrussell	forward-16	Syntax highlighting	0.388
robbyrussell	forward-16	Wsh integration	2.181
robbyrussell	forward-16	First precmd	0.673
robbyrussell	forward-16	Runtime ready	50.512
robbyrussell	forward-16	Repository discovery	0.026
robbyrussell	forward-16	Git process	1.583
robbyrussell	forward-16	Git output parsing	0.03
robbyrussell	forward-16	Provider total	5.181
robbyrussell	forward-16	Prompt rendering	0.009
robbyrussell	forward-16	Response write	0.984
robbyrussell	forward-16	Snapshot published	93.026
robbyrussell	forward-16	Snapshot applied and repainted	92.969
robbyrussell	forward-17	First editable prompt	86.453
robbyrussell	forward-17	Launcher to Zsh startup	2.536
robbyrussell	forward-17	User .zshenv	0.12
robbyrussell	forward-17	User .zshrc	39.001
robbyrussell	forward-17	History substring search	3.262
robbyrussell	forward-17	Autosuggestions	0.661
robbyrussell	forward-17	Syntax highlighting	0.424
robbyrussell	forward-17	Wsh integration	2.15
robbyrussell	forward-17	First precmd	0.633
robbyrussell	forward-17	Runtime ready	49.925
robbyrussell	forward-17	Repository discovery	0.026
robbyrussell	forward-17	Git process	3.601
robbyrussell	forward-17	Git output parsing	0.03
robbyrussell	forward-17	Provider total	5.07
robbyrussell	forward-17	Prompt rendering	0.009
robbyrussell	forward-17	Response write	0.009
robbyrussell	forward-17	Snapshot published	90.802
robbyrussell	forward-17	Snapshot applied and repainted	91.896
robbyrussell	forward-18	First editable prompt	87.266
robbyrussell	forward-18	Launcher to Zsh startup	2.591
robbyrussell	forward-18	User .zshenv	0.12
robbyrussell	forward-18	User .zshrc	39.39
robbyrussell	forward-18	History substring search	3.231
robbyrussell	forward-18	Autosuggestions	0.651
robbyrussell	forward-18	Syntax highlighting	0.39
robbyrussell	forward-18	Wsh integration	2.145
robbyrussell	forward-18	First precmd	0.63
robbyrussell	forward-18	Runtime ready	50.315
robbyrussell	forward-18	Repository discovery	0.025
robbyrussell	forward-18	Git process	3.727
robbyrussell	forward-18	Git output parsing	0.03
robbyrussell	forward-18	Provider total	5.211
robbyrussell	forward-18	Prompt rendering	0.009
robbyrussell	forward-18	Response write	0.01
robbyrussell	forward-18	Snapshot published	91.744
robbyrussell	forward-18	Snapshot applied and repainted	92.737
robbyrussell	forward-19	First editable prompt	87.456
robbyrussell	forward-19	Launcher to Zsh startup	2.548
robbyrussell	forward-19	User .zshenv	0.121
robbyrussell	forward-19	User .zshrc	39.457
robbyrussell	forward-19	History substring search	3.235
robbyrussell	forward-19	Autosuggestions	0.659
robbyrussell	forward-19	Syntax highlighting	0.392
robbyrussell	forward-19	Wsh integration	2.16
robbyrussell	forward-19	First precmd	0.668
robbyrussell	forward-19	Runtime ready	50.35
robbyrussell	forward-19	Repository discovery	0.026
robbyrussell	forward-19	Git process	1.65
robbyrussell	forward-19	Git output parsing	0.031
robbyrussell	forward-19	Provider total	5.359
robbyrussell	forward-19	Prompt rendering	0.009
robbyrussell	forward-19	Response write	0.99
robbyrussell	forward-19	Snapshot published	93.081
robbyrussell	forward-19	Snapshot applied and repainted	93.024
robbyrussell	forward-2	First editable prompt	86.713
robbyrussell	forward-2	Launcher to Zsh startup	2.531
robbyrussell	forward-2	User .zshenv	0.121
robbyrussell	forward-2	User .zshrc	39.301
robbyrussell	forward-2	History substring search	3.152
robbyrussell	forward-2	Autosuggestions	0.763
robbyrussell	forward-2	Syntax highlighting	0.385
robbyrussell	forward-2	Wsh integration	2.144
robbyrussell	forward-2	First precmd	0.64
robbyrussell	forward-2	Runtime ready	53.878
robbyrussell	forward-2	Repository discovery	0.025
robbyrussell	forward-2	Git process	3.63
robbyrussell	forward-2	Git output parsing	0.03
robbyrussell	forward-2	Provider total	5.109
robbyrussell	forward-2	Prompt rendering	0.008
robbyrussell	forward-2	Response write	0.01
robbyrussell	forward-2	Snapshot published	91.1
robbyrussell	forward-2	Snapshot applied and repainted	92.077
robbyrussell	forward-3	First editable prompt	87.645
robbyrussell	forward-3	Launcher to Zsh startup	2.556
robbyrussell	forward-3	User .zshenv	0.119
robbyrussell	forward-3	User .zshrc	39.555
robbyrussell	forward-3	History substring search	3.168
robbyrussell	forward-3	Autosuggestions	0.66
robbyrussell	forward-3	Syntax highlighting	0.392
robbyrussell	forward-3	Wsh integration	2.159
robbyrussell	forward-3	First precmd	0.691
robbyrussell	forward-3	Runtime ready	50.405
robbyrussell	forward-3	Repository discovery	0.027
robbyrussell	forward-3	Git process	1.684
robbyrussell	forward-3	Git output parsing	0.032
robbyrussell	forward-3	Provider total	5.638
robbyrussell	forward-3	Prompt rendering	0.009
robbyrussell	forward-3	Response write	0.01
robbyrussell	forward-3	Snapshot published	92.527
robbyrussell	forward-3	Snapshot applied and repainted	93.514
robbyrussell	forward-4	First editable prompt	86.14
robbyrussell	forward-4	Launcher to Zsh startup	2.498
robbyrussell	forward-4	User .zshenv	0.125
robbyrussell	forward-4	User .zshrc	38.899
robbyrussell	forward-4	History substring search	3.186
robbyrussell	forward-4	Autosuggestions	0.668
robbyrussell	forward-4	Syntax highlighting	0.381
robbyrussell	forward-4	Wsh integration	2.167
robbyrussell	forward-4	First precmd	0.624
robbyrussell	forward-4	Runtime ready	49.694
robbyrussell	forward-4	Repository discovery	0.025
robbyrussell	forward-4	Git process	1.558
robbyrussell	forward-4	Git output parsing	0.03
robbyrussell	forward-4	Provider total	5.134
robbyrussell	forward-4	Prompt rendering	0.008
robbyrussell	forward-4	Response write	0.991
robbyrussell	forward-4	Snapshot published	91.52
robbyrussell	forward-4	Snapshot applied and repainted	91.463
robbyrussell	forward-5	First editable prompt	86.507
robbyrussell	forward-5	Launcher to Zsh startup	2.512
robbyrussell	forward-5	User .zshenv	0.12
robbyrussell	forward-5	User .zshrc	39.246
robbyrussell	forward-5	History substring search	3.184
robbyrussell	forward-5	Autosuggestions	0.662
robbyrussell	forward-5	Syntax highlighting	0.382
robbyrussell	forward-5	Wsh integration	2.146
robbyrussell	forward-5	First precmd	0.634
robbyrussell	forward-5	Runtime ready	50.098
robbyrussell	forward-5	Repository discovery	0.025
robbyrussell	forward-5	Git process	3.659
robbyrussell	forward-5	Git output parsing	0.032
robbyrussell	forward-5	Provider total	5.138
robbyrussell	forward-5	Prompt rendering	0.008
robbyrussell	forward-5	Response write	0.009
robbyrussell	forward-5	Snapshot published	90.923
robbyrussell	forward-5	Snapshot applied and repainted	91.879
robbyrussell	forward-6	First editable prompt	86.396
robbyrussell	forward-6	Launcher to Zsh startup	2.565
robbyrussell	forward-6	User .zshenv	0.133
robbyrussell	forward-6	User .zshrc	39.088
robbyrussell	forward-6	History substring search	3.24
robbyrussell	forward-6	Autosuggestions	0.655
robbyrussell	forward-6	Syntax highlighting	0.386
robbyrussell	forward-6	Wsh integration	2.146
robbyrussell	forward-6	First precmd	0.628
robbyrussell	forward-6	Runtime ready	49.964
robbyrussell	forward-6	Repository discovery	0.026
robbyrussell	forward-6	Git process	3.766
robbyrussell	forward-6	Git output parsing	0.03
robbyrussell	forward-6	Provider total	5.224
robbyrussell	forward-6	Prompt rendering	0.01
robbyrussell	forward-6	Response write	0.009
robbyrussell	forward-6	Snapshot published	90.911
robbyrussell	forward-6	Snapshot applied and repainted	91.864
robbyrussell	forward-7	First editable prompt	87.009
robbyrussell	forward-7	Launcher to Zsh startup	2.528
robbyrussell	forward-7	User .zshenv	0.119
robbyrussell	forward-7	User .zshrc	39.144
robbyrussell	forward-7	History substring search	3.195
robbyrussell	forward-7	Autosuggestions	0.657
robbyrussell	forward-7	Syntax highlighting	0.409
robbyrussell	forward-7	Wsh integration	2.204
robbyrussell	forward-7	First precmd	0.671
robbyrussell	forward-7	Runtime ready	50.045
robbyrussell	forward-7	Repository discovery	0.025
robbyrussell	forward-7	Git process	1.618
robbyrussell	forward-7	Git output parsing	0.031
robbyrussell	forward-7	Provider total	5.319
robbyrussell	forward-7	Prompt rendering	0.009
robbyrussell	forward-7	Response write	1.059
robbyrussell	forward-7	Snapshot published	92.663
robbyrussell	forward-7	Snapshot applied and repainted	92.607
robbyrussell	forward-8	First editable prompt	86.871
robbyrussell	forward-8	Launcher to Zsh startup	2.506
robbyrussell	forward-8	User .zshenv	0.119
robbyrussell	forward-8	User .zshrc	39.262
robbyrussell	forward-8	History substring search	3.198
robbyrussell	forward-8	Autosuggestions	0.662
robbyrussell	forward-8	Syntax highlighting	0.406
robbyrussell	forward-8	Wsh integration	2.13
robbyrussell	forward-8	First precmd	0.694
robbyrussell	forward-8	Runtime ready	50.154
robbyrussell	forward-8	Repository discovery	0.025
robbyrussell	forward-8	Git process	1.558
robbyrussell	forward-8	Git output parsing	0.03
robbyrussell	forward-8	Provider total	5.154
robbyrussell	forward-8	Prompt rendering	0.011
robbyrussell	forward-8	Response write	0.994
robbyrussell	forward-8	Snapshot published	92.278
robbyrussell	forward-8	Snapshot applied and repainted	92.221
robbyrussell	forward-9	First editable prompt	86.467
robbyrussell	forward-9	Launcher to Zsh startup	2.54
robbyrussell	forward-9	User .zshenv	0.12
robbyrussell	forward-9	User .zshrc	39.348
robbyrussell	forward-9	History substring search	3.148
robbyrussell	forward-9	Autosuggestions	0.65
robbyrussell	forward-9	Syntax highlighting	0.419
robbyrussell	forward-9	Wsh integration	2.143
robbyrussell	forward-9	First precmd	0.642
robbyrussell	forward-9	Runtime ready	50.141
robbyrussell	forward-9	Repository discovery	0.033
robbyrussell	forward-9	Git process	3.771
robbyrussell	forward-9	Git output parsing	0.031
robbyrussell	forward-9	Provider total	5.284
robbyrussell	forward-9	Prompt rendering	0.009
robbyrussell	forward-9	Response write	0.009
robbyrussell	forward-9	Snapshot published	91.043
robbyrussell	forward-9	Snapshot applied and repainted	91.998
robbyrussell	reverse-0	First editable prompt	86.699
robbyrussell	reverse-0	Launcher to Zsh startup	2.535
robbyrussell	reverse-0	User .zshenv	0.119
robbyrussell	reverse-0	User .zshrc	39.388
robbyrussell	reverse-0	History substring search	3.167
robbyrussell	reverse-0	Autosuggestions	0.66
robbyrussell	reverse-0	Syntax highlighting	0.397
robbyrussell	reverse-0	Wsh integration	2.173
robbyrussell	reverse-0	First precmd	0.629
robbyrussell	reverse-0	Runtime ready	50.195
robbyrussell	reverse-0	Repository discovery	0.025
robbyrussell	reverse-0	Git process	3.639
robbyrussell	reverse-0	Git output parsing	0.031
robbyrussell	reverse-0	Provider total	5.124
robbyrussell	reverse-0	Prompt rendering	0.009
robbyrussell	reverse-0	Response write	0.01
robbyrussell	reverse-0	Snapshot published	91.118
robbyrussell	reverse-0	Snapshot applied and repainted	92.082
robbyrussell	reverse-1	First editable prompt	85.55
robbyrussell	reverse-1	Launcher to Zsh startup	2.528
robbyrussell	reverse-1	User .zshenv	0.12
robbyrussell	reverse-1	User .zshrc	38.706
robbyrussell	reverse-1	History substring search	3.149
robbyrussell	reverse-1	Autosuggestions	0.65
robbyrussell	reverse-1	Syntax highlighting	0.392
robbyrussell	reverse-1	Wsh integration	2.153
robbyrussell	reverse-1	First precmd	0.628
robbyrussell	reverse-1	Runtime ready	49.469
robbyrussell	reverse-1	Repository discovery	0.025
robbyrussell	reverse-1	Git process	3.576
robbyrussell	reverse-1	Git output parsing	0.03
robbyrussell	reverse-1	Provider total	5.056
robbyrussell	reverse-1	Prompt rendering	0.009
robbyrussell	reverse-1	Response write	0.009
robbyrussell	reverse-1	Snapshot published	89.876
robbyrussell	reverse-1	Snapshot applied and repainted	90.806
robbyrussell	reverse-10	First editable prompt	86.998
robbyrussell	reverse-10	Launcher to Zsh startup	2.565
robbyrussell	reverse-10	User .zshenv	0.12
robbyrussell	reverse-10	User .zshrc	39.398
robbyrussell	reverse-10	History substring search	3.255
robbyrussell	reverse-10	Autosuggestions	0.66
robbyrussell	reverse-10	Syntax highlighting	0.397
robbyrussell	reverse-10	Wsh integration	2.217
robbyrussell	reverse-10	First precmd	0.681
robbyrussell	reverse-10	Runtime ready	50.388
robbyrussell	reverse-10	Repository discovery	0.025
robbyrussell	reverse-10	Git process	1.943
robbyrussell	reverse-10	Git output parsing	0.032
robbyrussell	reverse-10	Provider total	6.154
robbyrussell	reverse-10	Prompt rendering	0.01
robbyrussell	reverse-10	Response write	1.013
robbyrussell	reverse-10	Snapshot published	93.418
robbyrussell	reverse-10	Snapshot applied and repainted	93.361
robbyrussell	reverse-11	First editable prompt	87.392
robbyrussell	reverse-11	Launcher to Zsh startup	2.535
robbyrussell	reverse-11	User .zshenv	0.119
robbyrussell	reverse-11	User .zshrc	39.537
robbyrussell	reverse-11	History substring search	3.24
robbyrussell	reverse-11	Autosuggestions	0.685
robbyrussell	reverse-11	Syntax highlighting	0.416
robbyrussell	reverse-11	Wsh integration	2.208
robbyrussell	reverse-11	First precmd	0.687
robbyrussell	reverse-11	Runtime ready	50.548
robbyrussell	reverse-11	Repository discovery	0.026
robbyrussell	reverse-11	Git process	1.627
robbyrussell	reverse-11	Git output parsing	0.03
robbyrussell	reverse-11	Provider total	5.311
robbyrussell	reverse-11	Prompt rendering	0.009
robbyrussell	reverse-11	Response write	0.988
robbyrussell	reverse-11	Snapshot published	92.937
robbyrussell	reverse-11	Snapshot applied and repainted	92.88
robbyrussell	reverse-12	First editable prompt	87.253
robbyrussell	reverse-12	Launcher to Zsh startup	2.535
robbyrussell	reverse-12	User .zshenv	0.136
robbyrussell	reverse-12	User .zshrc	39.735
robbyrussell	reverse-12	History substring search	3.155
robbyrussell	reverse-12	Autosuggestions	0.661
robbyrussell	reverse-12	Syntax highlighting	0.386
robbyrussell	reverse-12	Wsh integration	2.218
robbyrussell	reverse-12	First precmd	0.636
robbyrussell	reverse-12	Runtime ready	50.637
robbyrussell	reverse-12	Repository discovery	0.026
robbyrussell	reverse-12	Git process	3.615
robbyrussell	reverse-12	Git output parsing	0.03
robbyrussell	reverse-12	Provider total	5.168
robbyrussell	reverse-12	Prompt rendering	0.009
robbyrussell	reverse-12	Response write	0.01
robbyrussell	reverse-12	Snapshot published	91.675
robbyrussell	reverse-12	Snapshot applied and repainted	92.632
robbyrussell	reverse-13	First editable prompt	87.532
robbyrussell	reverse-13	Launcher to Zsh startup	2.54
robbyrussell	reverse-13	User .zshenv	0.119
robbyrussell	reverse-13	User .zshrc	39.89
robbyrussell	reverse-13	History substring search	3.185
robbyrussell	reverse-13	Autosuggestions	0.659
robbyrussell	reverse-13	Syntax highlighting	0.392
robbyrussell	reverse-13	Wsh integration	2.171
robbyrussell	reverse-13	First precmd	0.645
robbyrussell	reverse-13	Runtime ready	50.737
robbyrussell	reverse-13	Repository discovery	0.026
robbyrussell	reverse-13	Git process	3.816
robbyrussell	reverse-13	Git output parsing	0.038
robbyrussell	reverse-13	Provider total	5.315
robbyrussell	reverse-13	Prompt rendering	0.01
robbyrussell	reverse-13	Response write	0.01
robbyrussell	reverse-13	Snapshot published	92.144
robbyrussell	reverse-13	Snapshot applied and repainted	93.107
robbyrussell	reverse-14	First editable prompt	88.595
robbyrussell	reverse-14	Launcher to Zsh startup	2.511
robbyrussell	reverse-14	User .zshenv	0.123
robbyrussell	reverse-14	User .zshrc	40.248
robbyrussell	reverse-14	History substring search	3.24
robbyrussell	reverse-14	Autosuggestions	0.66
robbyrussell	reverse-14	Syntax highlighting	0.388
robbyrussell	reverse-14	Wsh integration	2.176
robbyrussell	reverse-14	First precmd	0.637
robbyrussell	reverse-14	Runtime ready	51.163
robbyrussell	reverse-14	Repository discovery	0.026
robbyrussell	reverse-14	Git process	3.757
robbyrussell	reverse-14	Git output parsing	0.03
robbyrussell	reverse-14	Provider total	5.227
robbyrussell	reverse-14	Prompt rendering	0.009
robbyrussell	reverse-14	Response write	0.009
robbyrussell	reverse-14	Snapshot published	93.09
robbyrussell	reverse-14	Snapshot applied and repainted	94.034
robbyrussell	reverse-15	First editable prompt	87.207
robbyrussell	reverse-15	Launcher to Zsh startup	2.541
robbyrussell	reverse-15	User .zshenv	0.118
robbyrussell	reverse-15	User .zshrc	39.498
robbyrussell	reverse-15	History substring search	3.162
robbyrussell	reverse-15	Autosuggestions	0.717
robbyrussell	reverse-15	Syntax highlighting	0.386
robbyrussell	reverse-15	Wsh integration	2.221
robbyrussell	reverse-15	First precmd	0.652
robbyrussell	reverse-15	Runtime ready	50.416
robbyrussell	reverse-15	Repository discovery	0.026
robbyrussell	reverse-15	Git process	3.758
robbyrussell	reverse-15	Git output parsing	0.03
robbyrussell	reverse-15	Provider total	5.239
robbyrussell	reverse-15	Prompt rendering	0.01
robbyrussell	reverse-15	Response write	0.009
robbyrussell	reverse-15	Snapshot published	91.719
robbyrussell	reverse-15	Snapshot applied and repainted	92.679
robbyrussell	reverse-16	First editable prompt	86.124
robbyrussell	reverse-16	Launcher to Zsh startup	2.526
robbyrussell	reverse-16	User .zshenv	0.12
robbyrussell	reverse-16	User .zshrc	38.871
robbyrussell	reverse-16	History substring search	3.151
robbyrussell	reverse-16	Autosuggestions	0.658
robbyrussell	reverse-16	Syntax highlighting	0.38
robbyrussell	reverse-16	Wsh integration	2.154
robbyrussell	reverse-16	First precmd	0.642
robbyrussell	reverse-16	Runtime ready	49.635
robbyrussell	reverse-16	Repository discovery	0.026
robbyrussell	reverse-16	Git process	3.784
robbyrussell	reverse-16	Git output parsing	0.031
robbyrussell	reverse-16	Provider total	5.35
robbyrussell	reverse-16	Prompt rendering	0.009
robbyrussell	reverse-16	Response write	0.01
robbyrussell	reverse-16	Snapshot published	90.681
robbyrussell	reverse-16	Snapshot applied and repainted	91.62
robbyrussell	reverse-17	First editable prompt	87.491
robbyrussell	reverse-17	Launcher to Zsh startup	2.53
robbyrussell	reverse-17	User .zshenv	0.121
robbyrussell	reverse-17	User .zshrc	39.473
robbyrussell	reverse-17	History substring search	3.243
robbyrussell	reverse-17	Autosuggestions	0.654
robbyrussell	reverse-17	Syntax highlighting	0.383
robbyrussell	reverse-17	Wsh integration	2.224
robbyrussell	reverse-17	First precmd	0.693
robbyrussell	reverse-17	Runtime ready	50.408
robbyrussell	reverse-17	Repository discovery	0.026
robbyrussell	reverse-17	Git process	1.588
robbyrussell	reverse-17	Git output parsing	0.03
robbyrussell	reverse-17	Provider total	5.248
robbyrussell	reverse-17	Prompt rendering	0.009
robbyrussell	reverse-17	Response write	0.978
robbyrussell	reverse-17	Snapshot published	92.987
robbyrussell	reverse-17	Snapshot applied and repainted	92.931
robbyrussell	reverse-18	First editable prompt	86.354
robbyrussell	reverse-18	Launcher to Zsh startup	2.54
robbyrussell	reverse-18	User .zshenv	0.119
robbyrussell	reverse-18	User .zshrc	39.005
robbyrussell	reverse-18	History substring search	3.116
robbyrussell	reverse-18	Autosuggestions	0.67
robbyrussell	reverse-18	Syntax highlighting	0.382
robbyrussell	reverse-18	Wsh integration	2.13
robbyrussell	reverse-18	First precmd	0.642
robbyrussell	reverse-18	Runtime ready	49.837
robbyrussell	reverse-18	Repository discovery	0.025
robbyrussell	reverse-18	Git process	1.582
robbyrussell	reverse-18	Git output parsing	0.031
robbyrussell	reverse-18	Provider total	5.243
robbyrussell	reverse-18	Prompt rendering	0.009
robbyrussell	reverse-18	Response write	0.982
robbyrussell	reverse-18	Snapshot published	91.793
robbyrussell	reverse-18	Snapshot applied and repainted	91.738
robbyrussell	reverse-19	First editable prompt	88.628
robbyrussell	reverse-19	Launcher to Zsh startup	2.572
robbyrussell	reverse-19	User .zshenv	0.127
robbyrussell	reverse-19	User .zshrc	40.418
robbyrussell	reverse-19	History substring search	3.276
robbyrussell	reverse-19	Autosuggestions	0.658
robbyrussell	reverse-19	Syntax highlighting	0.39
robbyrussell	reverse-19	Wsh integration	2.204
robbyrussell	reverse-19	First precmd	0.644
robbyrussell	reverse-19	Runtime ready	51.437
robbyrussell	reverse-19	Repository discovery	0.025
robbyrussell	reverse-19	Git process	3.752
robbyrussell	reverse-19	Git output parsing	0.032
robbyrussell	reverse-19	Provider total	5.217
robbyrussell	reverse-19	Prompt rendering	0.009
robbyrussell	reverse-19	Response write	0.01
robbyrussell	reverse-19	Snapshot published	93.156
robbyrussell	reverse-19	Snapshot applied and repainted	94.106
robbyrussell	reverse-2	First editable prompt	87.384
robbyrussell	reverse-2	Launcher to Zsh startup	2.581
robbyrussell	reverse-2	User .zshenv	0.12
robbyrussell	reverse-2	User .zshrc	39.629
robbyrussell	reverse-2	History substring search	3.24
robbyrussell	reverse-2	Autosuggestions	0.653
robbyrussell	reverse-2	Syntax highlighting	0.394
robbyrussell	reverse-2	Wsh integration	2.184
robbyrussell	reverse-2	First precmd	0.639
robbyrussell	reverse-2	Runtime ready	50.607
robbyrussell	reverse-2	Repository discovery	0.025
robbyrussell	reverse-2	Git process	1.573
robbyrussell	reverse-2	Git output parsing	0.03
robbyrussell	reverse-2	Provider total	5.265
robbyrussell	reverse-2	Prompt rendering	0.01
robbyrussell	reverse-2	Response write	0.983
robbyrussell	reverse-2	Snapshot published	92.897
robbyrussell	reverse-2	Snapshot applied and repainted	92.841
robbyrussell	reverse-3	First editable prompt	85.145
robbyrussell	reverse-3	Launcher to Zsh startup	2.494
robbyrussell	reverse-3	User .zshenv	0.119
robbyrussell	reverse-3	User .zshrc	38.537
robbyrussell	reverse-3	History substring search	3.106
robbyrussell	reverse-3	Autosuggestions	0.653
robbyrussell	reverse-3	Syntax highlighting	0.387
robbyrussell	reverse-3	Wsh integration	2.127
robbyrussell	reverse-3	First precmd	0.634
robbyrussell	reverse-3	Runtime ready	49.156
robbyrussell	reverse-3	Repository discovery	0.025
robbyrussell	reverse-3	Git process	3.583
robbyrussell	reverse-3	Git output parsing	0.029
robbyrussell	reverse-3	Provider total	5.061
robbyrussell	reverse-3	Prompt rendering	0.015
robbyrussell	reverse-3	Response write	0.01
robbyrussell	reverse-3	Snapshot published	89.488
robbyrussell	reverse-3	Snapshot applied and repainted	90.432
robbyrussell	reverse-4	First editable prompt	88.953
robbyrussell	reverse-4	Launcher to Zsh startup	2.574
robbyrussell	reverse-4	User .zshenv	0.121
robbyrussell	reverse-4	User .zshrc	39.993
robbyrussell	reverse-4	History substring search	3.226
robbyrussell	reverse-4	Autosuggestions	0.659
robbyrussell	reverse-4	Syntax highlighting	0.387
robbyrussell	reverse-4	Wsh integration	2.184
robbyrussell	reverse-4	First precmd	0.665
robbyrussell	reverse-4	Runtime ready	51.114
robbyrussell	reverse-4	Repository discovery	0.027
robbyrussell	reverse-4	Git process	1.716
robbyrussell	reverse-4	Git output parsing	0.032
robbyrussell	reverse-4	Provider total	5.492
robbyrussell	reverse-4	Prompt rendering	0.009
robbyrussell	reverse-4	Response write	1.004
robbyrussell	reverse-4	Snapshot published	94.703
robbyrussell	reverse-4	Snapshot applied and repainted	94.646
robbyrussell	reverse-5	First editable prompt	86.971
robbyrussell	reverse-5	Launcher to Zsh startup	2.59
robbyrussell	reverse-5	User .zshenv	0.124
robbyrussell	reverse-5	User .zshrc	39.192
robbyrussell	reverse-5	History substring search	3.167
robbyrussell	reverse-5	Autosuggestions	0.655
robbyrussell	reverse-5	Syntax highlighting	0.44
robbyrussell	reverse-5	Wsh integration	2.172
robbyrussell	reverse-5	First precmd	0.651
robbyrussell	reverse-5	Runtime ready	50.138
robbyrussell	reverse-5	Repository discovery	0.025
robbyrussell	reverse-5	Git process	1.545
robbyrussell	reverse-5	Git output parsing	0.031
robbyrussell	reverse-5	Provider total	5.199
robbyrussell	reverse-5	Prompt rendering	0.009
robbyrussell	reverse-5	Response write	1.023
robbyrussell	reverse-5	Snapshot published	92.403
robbyrussell	reverse-5	Snapshot applied and repainted	92.347
robbyrussell	reverse-6	First editable prompt	88.123
robbyrussell	reverse-6	Launcher to Zsh startup	2.557
robbyrussell	reverse-6	User .zshenv	0.177
robbyrussell	reverse-6	User .zshrc	39.807
robbyrussell	reverse-6	History substring search	3.262
robbyrussell	reverse-6	Autosuggestions	0.661
robbyrussell	reverse-6	Syntax highlighting	0.407
robbyrussell	reverse-6	Wsh integration	2.196
robbyrussell	reverse-6	First precmd	0.64
robbyrussell	reverse-6	Runtime ready	50.944
robbyrussell	reverse-6	Repository discovery	0.026
robbyrussell	reverse-6	Git process	3.799
robbyrussell	reverse-6	Git output parsing	0.03
robbyrussell	reverse-6	Provider total	5.296
robbyrussell	reverse-6	Prompt rendering	0.009
robbyrussell	reverse-6	Response write	0.009
robbyrussell	reverse-6	Snapshot published	92.679
robbyrussell	reverse-6	Snapshot applied and repainted	93.622
robbyrussell	reverse-7	First editable prompt	87.137
robbyrussell	reverse-7	Launcher to Zsh startup	2.65
robbyrussell	reverse-7	User .zshenv	0.12
robbyrussell	reverse-7	User .zshrc	39.451
robbyrussell	reverse-7	History substring search	3.183
robbyrussell	reverse-7	Autosuggestions	0.661
robbyrussell	reverse-7	Syntax highlighting	0.39
robbyrussell	reverse-7	Wsh integration	2.159
robbyrussell	reverse-7	First precmd	0.647
robbyrussell	reverse-7	Runtime ready	50.422
robbyrussell	reverse-7	Repository discovery	0.025
robbyrussell	reverse-7	Git process	3.761
robbyrussell	reverse-7	Git output parsing	0.033
robbyrussell	reverse-7	Provider total	5.293
robbyrussell	reverse-7	Prompt rendering	0.009
robbyrussell	reverse-7	Response write	0.01
robbyrussell	reverse-7	Snapshot published	91.699
robbyrussell	reverse-7	Snapshot applied and repainted	92.646
robbyrussell	reverse-8	First editable prompt	87.685
robbyrussell	reverse-8	Launcher to Zsh startup	2.512
robbyrussell	reverse-8	User .zshenv	0.121
robbyrussell	reverse-8	User .zshrc	39.882
robbyrussell	reverse-8	History substring search	3.165
robbyrussell	reverse-8	Autosuggestions	0.663
robbyrussell	reverse-8	Syntax highlighting	0.381
robbyrussell	reverse-8	Wsh integration	2.221
robbyrussell	reverse-8	First precmd	0.675
robbyrussell	reverse-8	Runtime ready	50.762
robbyrussell	reverse-8	Repository discovery	0.026
robbyrussell	reverse-8	Git process	3.758
robbyrussell	reverse-8	Git output parsing	0.03
robbyrussell	reverse-8	Provider total	5.214
robbyrussell	reverse-8	Prompt rendering	0.009
robbyrussell	reverse-8	Response write	0.01
robbyrussell	reverse-8	Snapshot published	92.18
robbyrussell	reverse-8	Snapshot applied and repainted	93.192
robbyrussell	reverse-9	First editable prompt	88.841
robbyrussell	reverse-9	Launcher to Zsh startup	2.556
robbyrussell	reverse-9	User .zshenv	0.12
robbyrussell	reverse-9	User .zshrc	40.325
robbyrussell	reverse-9	History substring search	3.166
robbyrussell	reverse-9	Autosuggestions	0.662
robbyrussell	reverse-9	Syntax highlighting	0.383
robbyrussell	reverse-9	Wsh integration	2.15
robbyrussell	reverse-9	First precmd	0.69
robbyrussell	reverse-9	Runtime ready	51.173
robbyrussell	reverse-9	Repository discovery	0.027
robbyrussell	reverse-9	Git process	1.614
robbyrussell	reverse-9	Git output parsing	0.032
robbyrussell	reverse-9	Provider total	5.428
robbyrussell	reverse-9	Prompt rendering	0.008
robbyrussell	reverse-9	Response write	0.01
robbyrussell	reverse-9	Snapshot published	93.56
robbyrussell	reverse-9	Snapshot applied and repainted	94.501
wakamex-plugins	forward-0	First editable prompt	86.871
wakamex-plugins	forward-0	Launcher to Zsh startup	2.558
wakamex-plugins	forward-0	User .zshenv	0.12
wakamex-plugins	forward-0	User .zshrc	51.196
wakamex-plugins	forward-0	History substring search	7.314
wakamex-plugins	forward-0	Autosuggestions	1.168
wakamex-plugins	forward-0	Syntax highlighting	2.498
wakamex-plugins	forward-0	Wsh integration	2.278
wakamex-plugins	forward-0	First precmd	0.629
wakamex-plugins	forward-0	Runtime ready	68.769
wakamex-plugins	forward-0	Repository discovery	0.025
wakamex-plugins	forward-0	Git process	3.905
wakamex-plugins	forward-0	Git output parsing	0.031
wakamex-plugins	forward-0	Provider total	5.259
wakamex-plugins	forward-0	Prompt rendering	0.009
wakamex-plugins	forward-0	Response write	0.009
wakamex-plugins	forward-0	Snapshot published	91.424
wakamex-plugins	forward-0	Snapshot applied and repainted	92.37
wakamex-plugins	forward-1	First editable prompt	87.656
wakamex-plugins	forward-1	Launcher to Zsh startup	2.555
wakamex-plugins	forward-1	User .zshenv	0.119
wakamex-plugins	forward-1	User .zshrc	51.453
wakamex-plugins	forward-1	History substring search	8.224
wakamex-plugins	forward-1	Autosuggestions	1.109
wakamex-plugins	forward-1	Syntax highlighting	2.113
wakamex-plugins	forward-1	Wsh integration	2.281
wakamex-plugins	forward-1	First precmd	0.618
wakamex-plugins	forward-1	Runtime ready	69.522
wakamex-plugins	forward-1	Repository discovery	0.025
wakamex-plugins	forward-1	Git process	3.755
wakamex-plugins	forward-1	Git output parsing	0.03
wakamex-plugins	forward-1	Provider total	5.116
wakamex-plugins	forward-1	Prompt rendering	0.009
wakamex-plugins	forward-1	Response write	0.009
wakamex-plugins	forward-1	Snapshot published	92.049
wakamex-plugins	forward-1	Snapshot applied and repainted	92.995
wakamex-plugins	forward-10	First editable prompt	87.767
wakamex-plugins	forward-10	Launcher to Zsh startup	2.726
wakamex-plugins	forward-10	User .zshenv	0.12
wakamex-plugins	forward-10	User .zshrc	53.993
wakamex-plugins	forward-10	History substring search	5.907
wakamex-plugins	forward-10	Autosuggestions	1.087
wakamex-plugins	forward-10	Syntax highlighting	1.727
wakamex-plugins	forward-10	Wsh integration	2.289
wakamex-plugins	forward-10	First precmd	0.639
wakamex-plugins	forward-10	Runtime ready	69.52
wakamex-plugins	forward-10	Repository discovery	0.026
wakamex-plugins	forward-10	Git process	1.675
wakamex-plugins	forward-10	Git output parsing	0.031
wakamex-plugins	forward-10	Provider total	5.193
wakamex-plugins	forward-10	Prompt rendering	0.009
wakamex-plugins	forward-10	Response write	0.01
wakamex-plugins	forward-10	Snapshot published	92.287
wakamex-plugins	forward-10	Snapshot applied and repainted	93.233
wakamex-plugins	forward-11	First editable prompt	88.867
wakamex-plugins	forward-11	Launcher to Zsh startup	2.643
wakamex-plugins	forward-11	User .zshenv	0.12
wakamex-plugins	forward-11	User .zshrc	53.726
wakamex-plugins	forward-11	History substring search	5.995
wakamex-plugins	forward-11	Autosuggestions	1.121
wakamex-plugins	forward-11	Syntax highlighting	1.709
wakamex-plugins	forward-11	Wsh integration	2.298
wakamex-plugins	forward-11	First precmd	0.632
wakamex-plugins	forward-11	Runtime ready	69.247
wakamex-plugins	forward-11	Repository discovery	0.026
wakamex-plugins	forward-11	Git process	2.766
wakamex-plugins	forward-11	Git output parsing	0.029
wakamex-plugins	forward-11	Provider total	5.184
wakamex-plugins	forward-11	Prompt rendering	0.008
wakamex-plugins	forward-11	Response write	0.009
wakamex-plugins	forward-11	Snapshot published	91.988
wakamex-plugins	forward-11	Snapshot applied and repainted	92.943
wakamex-plugins	forward-12	First editable prompt	88.511
wakamex-plugins	forward-12	Launcher to Zsh startup	2.562
wakamex-plugins	forward-12	User .zshenv	0.12
wakamex-plugins	forward-12	User .zshrc	52.399
wakamex-plugins	forward-12	History substring search	7.364
wakamex-plugins	forward-12	Autosuggestions	1.163
wakamex-plugins	forward-12	Syntax highlighting	2.526
wakamex-plugins	forward-12	Wsh integration	2.292
wakamex-plugins	forward-12	First precmd	0.655
wakamex-plugins	forward-12	Runtime ready	70.06
wakamex-plugins	forward-12	Repository discovery	0.026
wakamex-plugins	forward-12	Git process	3.816
wakamex-plugins	forward-12	Git output parsing	0.031
wakamex-plugins	forward-12	Provider total	5.168
wakamex-plugins	forward-12	Prompt rendering	0.01
wakamex-plugins	forward-12	Response write	0.009
wakamex-plugins	forward-12	Snapshot published	92.985
wakamex-plugins	forward-12	Snapshot applied and repainted	93.926
wakamex-plugins	forward-13	First editable prompt	87.415
wakamex-plugins	forward-13	Launcher to Zsh startup	2.525
wakamex-plugins	forward-13	User .zshenv	0.122
wakamex-plugins	forward-13	User .zshrc	53.957
wakamex-plugins	forward-13	History substring search	5.947
wakamex-plugins	forward-13	Autosuggestions	1.103
wakamex-plugins	forward-13	Syntax highlighting	1.705
wakamex-plugins	forward-13	Wsh integration	2.284
wakamex-plugins	forward-13	First precmd	0.616
wakamex-plugins	forward-13	Runtime ready	69.275
wakamex-plugins	forward-13	Repository discovery	0.025
wakamex-plugins	forward-13	Git process	3.712
wakamex-plugins	forward-13	Git output parsing	0.032
wakamex-plugins	forward-13	Provider total	5.048
wakamex-plugins	forward-13	Prompt rendering	0.008
wakamex-plugins	forward-13	Response write	0.009
wakamex-plugins	forward-13	Snapshot published	91.774
wakamex-plugins	forward-13	Snapshot applied and repainted	92.716
wakamex-plugins	forward-14	First editable prompt	88.357
wakamex-plugins	forward-14	Launcher to Zsh startup	2.562
wakamex-plugins	forward-14	User .zshenv	0.119
wakamex-plugins	forward-14	User .zshrc	52.226
wakamex-plugins	forward-14	History substring search	7.218
wakamex-plugins	forward-14	Autosuggestions	1.18
wakamex-plugins	forward-14	Syntax highlighting	2.64
wakamex-plugins	forward-14	Wsh integration	2.363
wakamex-plugins	forward-14	First precmd	0.621
wakamex-plugins	forward-14	Runtime ready	69.063
wakamex-plugins	forward-14	Repository discovery	0.026
wakamex-plugins	forward-14	Git process	3.774
wakamex-plugins	forward-14	Git output parsing	0.03
wakamex-plugins	forward-14	Provider total	5.122
wakamex-plugins	forward-14	Prompt rendering	0.008
wakamex-plugins	forward-14	Response write	0.01
wakamex-plugins	forward-14	Snapshot published	92.768
wakamex-plugins	forward-14	Snapshot applied and repainted	93.745
wakamex-plugins	forward-15	First editable prompt	87.179
wakamex-plugins	forward-15	Launcher to Zsh startup	2.61
wakamex-plugins	forward-15	User .zshenv	0.122
wakamex-plugins	forward-15	User .zshrc	51.627
wakamex-plugins	forward-15	History substring search	7.148
wakamex-plugins	forward-15	Autosuggestions	1.113
wakamex-plugins	forward-15	Syntax highlighting	2.484
wakamex-plugins	forward-15	Wsh integration	2.293
wakamex-plugins	forward-15	First precmd	0.629
wakamex-plugins	forward-15	Runtime ready	69.031
wakamex-plugins	forward-15	Repository discovery	0.026
wakamex-plugins	forward-15	Git process	3.954
wakamex-plugins	forward-15	Git output parsing	0.031
wakamex-plugins	forward-15	Provider total	5.329
wakamex-plugins	forward-15	Prompt rendering	0.009
wakamex-plugins	forward-15	Response write	0.009
wakamex-plugins	forward-15	Snapshot published	91.812
wakamex-plugins	forward-15	Snapshot applied and repainted	92.754
wakamex-plugins	forward-16	First editable prompt	90.793
wakamex-plugins	forward-16	Launcher to Zsh startup	2.644
wakamex-plugins	forward-16	User .zshenv	0.12
wakamex-plugins	forward-16	User .zshrc	52.492
wakamex-plugins	forward-16	History substring search	7.776
wakamex-plugins	forward-16	Autosuggestions	1.126
wakamex-plugins	forward-16	Syntax highlighting	2.224
wakamex-plugins	forward-16	Wsh integration	2.308
wakamex-plugins	forward-16	First precmd	0.698
wakamex-plugins	forward-16	Runtime ready	70.331
wakamex-plugins	forward-16	Repository discovery	0.029
wakamex-plugins	forward-16	Git process	2.931
wakamex-plugins	forward-16	Git output parsing	0.032
wakamex-plugins	forward-16	Provider total	5.503
wakamex-plugins	forward-16	Prompt rendering	0.009
wakamex-plugins	forward-16	Response write	0.01
wakamex-plugins	forward-16	Snapshot published	94.095
wakamex-plugins	forward-16	Snapshot applied and repainted	95.046
wakamex-plugins	forward-17	First editable prompt	88.516
wakamex-plugins	forward-17	Launcher to Zsh startup	2.558
wakamex-plugins	forward-17	User .zshenv	0.125
wakamex-plugins	forward-17	User .zshrc	52.067
wakamex-plugins	forward-17	History substring search	7.25
wakamex-plugins	forward-17	Autosuggestions	1.13
wakamex-plugins	forward-17	Syntax highlighting	2.705
wakamex-plugins	forward-17	Wsh integration	2.397
wakamex-plugins	forward-17	First precmd	0.69
wakamex-plugins	forward-17	Runtime ready	69.88
wakamex-plugins	forward-17	Repository discovery	0.029
wakamex-plugins	forward-17	Git process	3.909
wakamex-plugins	forward-17	Git output parsing	0.03
wakamex-plugins	forward-17	Provider total	5.35
wakamex-plugins	forward-17	Prompt rendering	0.01
wakamex-plugins	forward-17	Response write	0.01
wakamex-plugins	forward-17	Snapshot published	93.124
wakamex-plugins	forward-17	Snapshot applied and repainted	94.064
wakamex-plugins	forward-18	First editable prompt	91.518
wakamex-plugins	forward-18	Launcher to Zsh startup	3.355
wakamex-plugins	forward-18	User .zshenv	0.166
wakamex-plugins	forward-18	User .zshrc	54.06
wakamex-plugins	forward-18	History substring search	7.66
wakamex-plugins	forward-18	Autosuggestions	1.119
wakamex-plugins	forward-18	Syntax highlighting	2.178
wakamex-plugins	forward-18	Wsh integration	2.321
wakamex-plugins	forward-18	First precmd	0.72
wakamex-plugins	forward-18	Runtime ready	72.768
wakamex-plugins	forward-18	Repository discovery	0.029
wakamex-plugins	forward-18	Git process	3.858
wakamex-plugins	forward-18	Git output parsing	0.031
wakamex-plugins	forward-18	Provider total	5.354
wakamex-plugins	forward-18	Prompt rendering	0.01
wakamex-plugins	forward-18	Response write	0.009
wakamex-plugins	forward-18	Snapshot published	96.092
wakamex-plugins	forward-18	Snapshot applied and repainted	97.036
wakamex-plugins	forward-19	First editable prompt	87.847
wakamex-plugins	forward-19	Launcher to Zsh startup	2.624
wakamex-plugins	forward-19	User .zshenv	0.121
wakamex-plugins	forward-19	User .zshrc	52.088
wakamex-plugins	forward-19	History substring search	7.205
wakamex-plugins	forward-19	Autosuggestions	1.141
wakamex-plugins	forward-19	Syntax highlighting	2.544
wakamex-plugins	forward-19	Wsh integration	2.323
wakamex-plugins	forward-19	First precmd	0.658
wakamex-plugins	forward-19	Runtime ready	69.662
wakamex-plugins	forward-19	Repository discovery	0.028
wakamex-plugins	forward-19	Git process	2.802
wakamex-plugins	forward-19	Git output parsing	0.031
wakamex-plugins	forward-19	Provider total	5.224
wakamex-plugins	forward-19	Prompt rendering	0.009
wakamex-plugins	forward-19	Response write	0.985
wakamex-plugins	forward-19	Snapshot published	93.326
wakamex-plugins	forward-19	Snapshot applied and repainted	93.273
wakamex-plugins	forward-2	First editable prompt	87.82
wakamex-plugins	forward-2	Launcher to Zsh startup	2.569
wakamex-plugins	forward-2	User .zshenv	0.12
wakamex-plugins	forward-2	User .zshrc	51.823
wakamex-plugins	forward-2	History substring search	7.743
wakamex-plugins	forward-2	Autosuggestions	1.11
wakamex-plugins	forward-2	Syntax highlighting	2.175
wakamex-plugins	forward-2	Wsh integration	2.267
wakamex-plugins	forward-2	First precmd	0.655
wakamex-plugins	forward-2	Runtime ready	69.427
wakamex-plugins	forward-2	Repository discovery	0.028
wakamex-plugins	forward-2	Git process	3.861
wakamex-plugins	forward-2	Git output parsing	0.037
wakamex-plugins	forward-2	Provider total	5.243
wakamex-plugins	forward-2	Prompt rendering	0.009
wakamex-plugins	forward-2	Response write	0.01
wakamex-plugins	forward-2	Snapshot published	92.344
wakamex-plugins	forward-2	Snapshot applied and repainted	93.304
wakamex-plugins	forward-3	First editable prompt	87.197
wakamex-plugins	forward-3	Launcher to Zsh startup	2.616
wakamex-plugins	forward-3	User .zshenv	0.12
wakamex-plugins	forward-3	User .zshrc	51.783
wakamex-plugins	forward-3	History substring search	7.111
wakamex-plugins	forward-3	Autosuggestions	1.13
wakamex-plugins	forward-3	Syntax highlighting	2.452
wakamex-plugins	forward-3	Wsh integration	2.235
wakamex-plugins	forward-3	First precmd	0.615
wakamex-plugins	forward-3	Runtime ready	69.084
wakamex-plugins	forward-3	Repository discovery	0.025
wakamex-plugins	forward-3	Git process	3.727
wakamex-plugins	forward-3	Git output parsing	0.034
wakamex-plugins	forward-3	Provider total	5.06
wakamex-plugins	forward-3	Prompt rendering	0.009
wakamex-plugins	forward-3	Response write	0.009
wakamex-plugins	forward-3	Snapshot published	91.572
wakamex-plugins	forward-3	Snapshot applied and repainted	92.512
wakamex-plugins	forward-4	First editable prompt	87.249
wakamex-plugins	forward-4	Launcher to Zsh startup	2.516
wakamex-plugins	forward-4	User .zshenv	0.119
wakamex-plugins	forward-4	User .zshrc	51.796
wakamex-plugins	forward-4	History substring search	7.087
wakamex-plugins	forward-4	Autosuggestions	1.129
wakamex-plugins	forward-4	Syntax highlighting	2.439
wakamex-plugins	forward-4	Wsh integration	2.247
wakamex-plugins	forward-4	First precmd	0.659
wakamex-plugins	forward-4	Runtime ready	68.976
wakamex-plugins	forward-4	Repository discovery	0.028
wakamex-plugins	forward-4	Git process	3.936
wakamex-plugins	forward-4	Git output parsing	0.033
wakamex-plugins	forward-4	Provider total	5.368
wakamex-plugins	forward-4	Prompt rendering	0.01
wakamex-plugins	forward-4	Response write	0.01
wakamex-plugins	forward-4	Snapshot published	91.866
wakamex-plugins	forward-4	Snapshot applied and repainted	92.854
wakamex-plugins	forward-5	First editable prompt	87.679
wakamex-plugins	forward-5	Launcher to Zsh startup	2.61
wakamex-plugins	forward-5	User .zshenv	0.118
wakamex-plugins	forward-5	User .zshrc	52.118
wakamex-plugins	forward-5	History substring search	6.073
wakamex-plugins	forward-5	Autosuggestions	1.114
wakamex-plugins	forward-5	Syntax highlighting	3.511
wakamex-plugins	forward-5	Wsh integration	2.287
wakamex-plugins	forward-5	First precmd	0.629
wakamex-plugins	forward-5	Runtime ready	69.466
wakamex-plugins	forward-5	Repository discovery	0.026
wakamex-plugins	forward-5	Git process	3.779
wakamex-plugins	forward-5	Git output parsing	0.03
wakamex-plugins	forward-5	Provider total	5.114
wakamex-plugins	forward-5	Prompt rendering	0.009
wakamex-plugins	forward-5	Response write	0.009
wakamex-plugins	forward-5	Snapshot published	92.091
wakamex-plugins	forward-5	Snapshot applied and repainted	93.054
wakamex-plugins	forward-6	First editable prompt	88.644
wakamex-plugins	forward-6	Launcher to Zsh startup	2.545
wakamex-plugins	forward-6	User .zshenv	0.119
wakamex-plugins	forward-6	User .zshrc	52.898
wakamex-plugins	forward-6	History substring search	7.319
wakamex-plugins	forward-6	Autosuggestions	1.121
wakamex-plugins	forward-6	Syntax highlighting	2.461
wakamex-plugins	forward-6	Wsh integration	2.319
wakamex-plugins	forward-6	First precmd	0.733
wakamex-plugins	forward-6	Runtime ready	69.51
wakamex-plugins	forward-6	Repository discovery	0.03
wakamex-plugins	forward-6	Git process	3.972
wakamex-plugins	forward-6	Git output parsing	0.03
wakamex-plugins	forward-6	Provider total	5.415
wakamex-plugins	forward-6	Prompt rendering	0.009
wakamex-plugins	forward-6	Response write	0.01
wakamex-plugins	forward-6	Snapshot published	93.308
wakamex-plugins	forward-6	Snapshot applied and repainted	94.254
wakamex-plugins	forward-7	First editable prompt	87.075
wakamex-plugins	forward-7	Launcher to Zsh startup	2.54
wakamex-plugins	forward-7	User .zshenv	0.12
wakamex-plugins	forward-7	User .zshrc	51.74
wakamex-plugins	forward-7	History substring search	7.427
wakamex-plugins	forward-7	Autosuggestions	1.117
wakamex-plugins	forward-7	Syntax highlighting	2.103
wakamex-plugins	forward-7	Wsh integration	2.323
wakamex-plugins	forward-7	First precmd	0.627
wakamex-plugins	forward-7	Runtime ready	68.984
wakamex-plugins	forward-7	Repository discovery	0.027
wakamex-plugins	forward-7	Git process	3.757
wakamex-plugins	forward-7	Git output parsing	0.03
wakamex-plugins	forward-7	Provider total	5.096
wakamex-plugins	forward-7	Prompt rendering	0.009
wakamex-plugins	forward-7	Response write	0.009
wakamex-plugins	forward-7	Snapshot published	91.48
wakamex-plugins	forward-7	Snapshot applied and repainted	92.421
wakamex-plugins	forward-8	First editable prompt	89.042
wakamex-plugins	forward-8	Launcher to Zsh startup	2.567
wakamex-plugins	forward-8	User .zshenv	0.128
wakamex-plugins	forward-8	User .zshrc	52.905
wakamex-plugins	forward-8	History substring search	7.673
wakamex-plugins	forward-8	Autosuggestions	1.121
wakamex-plugins	forward-8	Syntax highlighting	2.184
wakamex-plugins	forward-8	Wsh integration	2.328
wakamex-plugins	forward-8	First precmd	0.721
wakamex-plugins	forward-8	Runtime ready	70.576
wakamex-plugins	forward-8	Repository discovery	0.031
wakamex-plugins	forward-8	Git process	3.936
wakamex-plugins	forward-8	Git output parsing	0.031
wakamex-plugins	forward-8	Provider total	5.383
wakamex-plugins	forward-8	Prompt rendering	0.009
wakamex-plugins	forward-8	Response write	0.01
wakamex-plugins	forward-8	Snapshot published	93.66
wakamex-plugins	forward-8	Snapshot applied and repainted	94.6
wakamex-plugins	forward-9	First editable prompt	90.085
wakamex-plugins	forward-9	Launcher to Zsh startup	2.605
wakamex-plugins	forward-9	User .zshenv	0.128
wakamex-plugins	forward-9	User .zshrc	52.545
wakamex-plugins	forward-9	History substring search	7.276
wakamex-plugins	forward-9	Autosuggestions	1.204
wakamex-plugins	forward-9	Syntax highlighting	2.561
wakamex-plugins	forward-9	Wsh integration	2.358
wakamex-plugins	forward-9	First precmd	0.645
wakamex-plugins	forward-9	Runtime ready	70.312
wakamex-plugins	forward-9	Repository discovery	0.028
wakamex-plugins	forward-9	Git process	2.947
wakamex-plugins	forward-9	Git output parsing	0.032
wakamex-plugins	forward-9	Provider total	5.361
wakamex-plugins	forward-9	Prompt rendering	0.011
wakamex-plugins	forward-9	Response write	0.01
wakamex-plugins	forward-9	Snapshot published	93.4
wakamex-plugins	forward-9	Snapshot applied and repainted	94.392
wakamex-plugins	reverse-0	First editable prompt	88.409
wakamex-plugins	reverse-0	Launcher to Zsh startup	2.515
wakamex-plugins	reverse-0	User .zshenv	0.119
wakamex-plugins	reverse-0	User .zshrc	51.576
wakamex-plugins	reverse-0	History substring search	6.122
wakamex-plugins	reverse-0	Autosuggestions	1.146
wakamex-plugins	reverse-0	Syntax highlighting	3.581
wakamex-plugins	reverse-0	Wsh integration	2.288
wakamex-plugins	reverse-0	First precmd	0.664
wakamex-plugins	reverse-0	Runtime ready	69.015
wakamex-plugins	reverse-0	Repository discovery	0.028
wakamex-plugins	reverse-0	Git process	3.962
wakamex-plugins	reverse-0	Git output parsing	0.031
wakamex-plugins	reverse-0	Provider total	5.326
wakamex-plugins	reverse-0	Prompt rendering	0.009
wakamex-plugins	reverse-0	Response write	0.01
wakamex-plugins	reverse-0	Snapshot published	93.021
wakamex-plugins	reverse-0	Snapshot applied and repainted	93.997
wakamex-plugins	reverse-1	First editable prompt	89.355
wakamex-plugins	reverse-1	Launcher to Zsh startup	2.559
wakamex-plugins	reverse-1	User .zshenv	0.128
wakamex-plugins	reverse-1	User .zshrc	51.662
wakamex-plugins	reverse-1	History substring search	7.187
wakamex-plugins	reverse-1	Autosuggestions	1.151
wakamex-plugins	reverse-1	Syntax highlighting	2.447
wakamex-plugins	reverse-1	Wsh integration	2.247
wakamex-plugins	reverse-1	First precmd	0.677
wakamex-plugins	reverse-1	Runtime ready	69.002
wakamex-plugins	reverse-1	Repository discovery	0.027
wakamex-plugins	reverse-1	Git process	2.791
wakamex-plugins	reverse-1	Git output parsing	0.032
wakamex-plugins	reverse-1	Provider total	5.199
wakamex-plugins	reverse-1	Prompt rendering	0.008
wakamex-plugins	reverse-1	Response write	1.001
wakamex-plugins	reverse-1	Snapshot published	93.497
wakamex-plugins	reverse-1	Snapshot applied and repainted	93.444
wakamex-plugins	reverse-10	First editable prompt	90.665
wakamex-plugins	reverse-10	Launcher to Zsh startup	2.771
wakamex-plugins	reverse-10	User .zshenv	0.12
wakamex-plugins	reverse-10	User .zshrc	53.681
wakamex-plugins	reverse-10	History substring search	7.338
wakamex-plugins	reverse-10	Autosuggestions	1.181
wakamex-plugins	reverse-10	Syntax highlighting	2.751
wakamex-plugins	reverse-10	Wsh integration	2.388
wakamex-plugins	reverse-10	First precmd	0.695
wakamex-plugins	reverse-10	Runtime ready	71.879
wakamex-plugins	reverse-10	Repository discovery	0.03
wakamex-plugins	reverse-10	Git process	2.81
wakamex-plugins	reverse-10	Git output parsing	0.032
wakamex-plugins	reverse-10	Provider total	5.325
wakamex-plugins	reverse-10	Prompt rendering	0.009
wakamex-plugins	reverse-10	Response write	0.997
wakamex-plugins	reverse-10	Snapshot published	96.218
wakamex-plugins	reverse-10	Snapshot applied and repainted	96.165
wakamex-plugins	reverse-11	First editable prompt	87.341
wakamex-plugins	reverse-11	Launcher to Zsh startup	2.562
wakamex-plugins	reverse-11	User .zshenv	0.119
wakamex-plugins	reverse-11	User .zshrc	54.367
wakamex-plugins	reverse-11	History substring search	5.403
wakamex-plugins	reverse-11	Autosuggestions	1.084
wakamex-plugins	reverse-11	Syntax highlighting	1.709
wakamex-plugins	reverse-11	Wsh integration	2.267
wakamex-plugins	reverse-11	First precmd	0.657
wakamex-plugins	reverse-11	Runtime ready	69.143
wakamex-plugins	reverse-11	Repository discovery	0.028
wakamex-plugins	reverse-11	Git process	3.838
wakamex-plugins	reverse-11	Git output parsing	0.031
wakamex-plugins	reverse-11	Provider total	5.24
wakamex-plugins	reverse-11	Prompt rendering	0.008
wakamex-plugins	reverse-11	Response write	0.01
wakamex-plugins	reverse-11	Snapshot published	91.858
wakamex-plugins	reverse-11	Snapshot applied and repainted	92.887
wakamex-plugins	reverse-12	First editable prompt	87.436
wakamex-plugins	reverse-12	Launcher to Zsh startup	2.527
wakamex-plugins	reverse-12	User .zshenv	0.128
wakamex-plugins	reverse-12	User .zshrc	51.849
wakamex-plugins	reverse-12	History substring search	7.115
wakamex-plugins	reverse-12	Autosuggestions	1.155
wakamex-plugins	reverse-12	Syntax highlighting	2.424
wakamex-plugins	reverse-12	Wsh integration	2.262
wakamex-plugins	reverse-12	First precmd	0.634
wakamex-plugins	reverse-12	Runtime ready	69.127
wakamex-plugins	reverse-12	Repository discovery	0.026
wakamex-plugins	reverse-12	Git process	3.778
wakamex-plugins	reverse-12	Git output parsing	0.031
wakamex-plugins	reverse-12	Provider total	5.138
wakamex-plugins	reverse-12	Prompt rendering	0.008
wakamex-plugins	reverse-12	Response write	0.009
wakamex-plugins	reverse-12	Snapshot published	91.861
wakamex-plugins	reverse-12	Snapshot applied and repainted	92.8
wakamex-plugins	reverse-13	First editable prompt	88.514
wakamex-plugins	reverse-13	Launcher to Zsh startup	2.695
wakamex-plugins	reverse-13	User .zshenv	0.133
wakamex-plugins	reverse-13	User .zshrc	52.406
wakamex-plugins	reverse-13	History substring search	5.692
wakamex-plugins	reverse-13	Autosuggestions	1.171
wakamex-plugins	reverse-13	Syntax highlighting	2.344
wakamex-plugins	reverse-13	Wsh integration	2.297
wakamex-plugins	reverse-13	First precmd	0.632
wakamex-plugins	reverse-13	Runtime ready	70.308
wakamex-plugins	reverse-13	Repository discovery	0.027
wakamex-plugins	reverse-13	Git process	4.062
wakamex-plugins	reverse-13	Git output parsing	0.033
wakamex-plugins	reverse-13	Provider total	5.448
wakamex-plugins	reverse-13	Prompt rendering	0.009
wakamex-plugins	reverse-13	Response write	0.009
wakamex-plugins	reverse-13	Snapshot published	93.239
wakamex-plugins	reverse-13	Snapshot applied and repainted	94.209
wakamex-plugins	reverse-14	First editable prompt	87.549
wakamex-plugins	reverse-14	Launcher to Zsh startup	2.566
wakamex-plugins	reverse-14	User .zshenv	0.12
wakamex-plugins	reverse-14	User .zshrc	53.808
wakamex-plugins	reverse-14	History substring search	5.995
wakamex-plugins	reverse-14	Autosuggestions	1.089
wakamex-plugins	reverse-14	Syntax highlighting	1.7
wakamex-plugins	reverse-14	Wsh integration	2.246
wakamex-plugins	reverse-14	First precmd	0.707
wakamex-plugins	reverse-14	Runtime ready	69.175
wakamex-plugins	reverse-14	Repository discovery	0.029
wakamex-plugins	reverse-14	Git process	2.763
wakamex-plugins	reverse-14	Git output parsing	0.031
wakamex-plugins	reverse-14	Provider total	5.183
wakamex-plugins	reverse-14	Prompt rendering	0.009
wakamex-plugins	reverse-14	Response write	0.982
wakamex-plugins	reverse-14	Snapshot published	92.962
wakamex-plugins	reverse-14	Snapshot applied and repainted	92.909
wakamex-plugins	reverse-15	First editable prompt	89.281
wakamex-plugins	reverse-15	Launcher to Zsh startup	2.527
wakamex-plugins	reverse-15	User .zshenv	0.12
wakamex-plugins	reverse-15	User .zshrc	52.154
wakamex-plugins	reverse-15	History substring search	7.067
wakamex-plugins	reverse-15	Autosuggestions	1.126
wakamex-plugins	reverse-15	Syntax highlighting	2.423
wakamex-plugins	reverse-15	Wsh integration	2.303
wakamex-plugins	reverse-15	First precmd	0.883
wakamex-plugins	reverse-15	Runtime ready	69.35
wakamex-plugins	reverse-15	Repository discovery	0.035
wakamex-plugins	reverse-15	Git process	3.409
wakamex-plugins	reverse-15	Git output parsing	0.034
wakamex-plugins	reverse-15	Provider total	6.236
wakamex-plugins	reverse-15	Prompt rendering	0.009
wakamex-plugins	reverse-15	Response write	0.01
wakamex-plugins	reverse-15	Snapshot published	94.595
wakamex-plugins	reverse-15	Snapshot applied and repainted	95.596
wakamex-plugins	reverse-16	First editable prompt	87.882
wakamex-plugins	reverse-16	Launcher to Zsh startup	2.585
wakamex-plugins	reverse-16	User .zshenv	0.12
wakamex-plugins	reverse-16	User .zshrc	52.302
wakamex-plugins	reverse-16	History substring search	7.515
wakamex-plugins	reverse-16	Autosuggestions	1.141
wakamex-plugins	reverse-16	Syntax highlighting	2.178
wakamex-plugins	reverse-16	Wsh integration	2.279
wakamex-plugins	reverse-16	First precmd	0.629
wakamex-plugins	reverse-16	Runtime ready	68.861
wakamex-plugins	reverse-16	Repository discovery	0.026
wakamex-plugins	reverse-16	Git process	3.915
wakamex-plugins	reverse-16	Git output parsing	0.033
wakamex-plugins	reverse-16	Provider total	5.305
wakamex-plugins	reverse-16	Prompt rendering	0.011
wakamex-plugins	reverse-16	Response write	0.01
wakamex-plugins	reverse-16	Snapshot published	92.474
wakamex-plugins	reverse-16	Snapshot applied and repainted	93.463
wakamex-plugins	reverse-17	First editable prompt	90.174
wakamex-plugins	reverse-17	Launcher to Zsh startup	2.566
wakamex-plugins	reverse-17	User .zshenv	0.122
wakamex-plugins	reverse-17	User .zshrc	55.418
wakamex-plugins	reverse-17	History substring search	6.114
wakamex-plugins	reverse-17	Autosuggestions	1.225
wakamex-plugins	reverse-17	Syntax highlighting	1.795
wakamex-plugins	reverse-17	Wsh integration	2.446
wakamex-plugins	reverse-17	First precmd	0.691
wakamex-plugins	reverse-17	Runtime ready	71.487
wakamex-plugins	reverse-17	Repository discovery	0.029
wakamex-plugins	reverse-17	Git process	2.833
wakamex-plugins	reverse-17	Git output parsing	0.03
wakamex-plugins	reverse-17	Provider total	5.323
wakamex-plugins	reverse-17	Prompt rendering	0.009
wakamex-plugins	reverse-17	Response write	0.01
wakamex-plugins	reverse-17	Snapshot published	94.759
wakamex-plugins	reverse-17	Snapshot applied and repainted	95.744
wakamex-plugins	reverse-18	First editable prompt	87.555
wakamex-plugins	reverse-18	Launcher to Zsh startup	2.57
wakamex-plugins	reverse-18	User .zshenv	0.12
wakamex-plugins	reverse-18	User .zshrc	53.764
wakamex-plugins	reverse-18	History substring search	6.001
wakamex-plugins	reverse-18	Autosuggestions	1.094
wakamex-plugins	reverse-18	Syntax highlighting	1.728
wakamex-plugins	reverse-18	Wsh integration	2.292
wakamex-plugins	reverse-18	First precmd	0.663
wakamex-plugins	reverse-18	Runtime ready	69.179
wakamex-plugins	reverse-18	Repository discovery	0.029
wakamex-plugins	reverse-18	Git process	2.832
wakamex-plugins	reverse-18	Git output parsing	0.033
wakamex-plugins	reverse-18	Provider total	5.308
wakamex-plugins	reverse-18	Prompt rendering	0.009
wakamex-plugins	reverse-18	Response write	0.993
wakamex-plugins	reverse-18	Snapshot published	93.12
wakamex-plugins	reverse-18	Snapshot applied and repainted	93.066
wakamex-plugins	reverse-19	First editable prompt	90.326
wakamex-plugins	reverse-19	Launcher to Zsh startup	2.601
wakamex-plugins	reverse-19	User .zshenv	0.126
wakamex-plugins	reverse-19	User .zshrc	54.148
wakamex-plugins	reverse-19	History substring search	7.402
wakamex-plugins	reverse-19	Autosuggestions	1.118
wakamex-plugins	reverse-19	Syntax highlighting	2.473
wakamex-plugins	reverse-19	Wsh integration	2.335
wakamex-plugins	reverse-19	First precmd	0.644
wakamex-plugins	reverse-19	Runtime ready	70.948
wakamex-plugins	reverse-19	Repository discovery	0.027
wakamex-plugins	reverse-19	Git process	3.918
wakamex-plugins	reverse-19	Git output parsing	0.03
wakamex-plugins	reverse-19	Provider total	5.353
wakamex-plugins	reverse-19	Prompt rendering	0.009
wakamex-plugins	reverse-19	Response write	0.01
wakamex-plugins	reverse-19	Snapshot published	94.934
wakamex-plugins	reverse-19	Snapshot applied and repainted	95.895
wakamex-plugins	reverse-2	First editable prompt	87.311
wakamex-plugins	reverse-2	Launcher to Zsh startup	2.561
wakamex-plugins	reverse-2	User .zshenv	0.12
wakamex-plugins	reverse-2	User .zshrc	51.538
wakamex-plugins	reverse-2	History substring search	7.119
wakamex-plugins	reverse-2	Autosuggestions	1.159
wakamex-plugins	reverse-2	Syntax highlighting	2.471
wakamex-plugins	reverse-2	Wsh integration	2.261
wakamex-plugins	reverse-2	First precmd	0.704
wakamex-plugins	reverse-2	Runtime ready	68.875
wakamex-plugins	reverse-2	Repository discovery	0.03
wakamex-plugins	reverse-2	Git process	3.929
wakamex-plugins	reverse-2	Git output parsing	0.032
wakamex-plugins	reverse-2	Provider total	5.403
wakamex-plugins	reverse-2	Prompt rendering	0.009
wakamex-plugins	reverse-2	Response write	0.01
wakamex-plugins	reverse-2	Snapshot published	91.963
wakamex-plugins	reverse-2	Snapshot applied and repainted	92.927
wakamex-plugins	reverse-3	First editable prompt	87.388
wakamex-plugins	reverse-3	Launcher to Zsh startup	2.579
wakamex-plugins	reverse-3	User .zshenv	0.12
wakamex-plugins	reverse-3	User .zshrc	51.737
wakamex-plugins	reverse-3	History substring search	7.143
wakamex-plugins	reverse-3	Autosuggestions	1.123
wakamex-plugins	reverse-3	Syntax highlighting	2.479
wakamex-plugins	reverse-3	Wsh integration	2.251
wakamex-plugins	reverse-3	First precmd	0.648
wakamex-plugins	reverse-3	Runtime ready	69.068
wakamex-plugins	reverse-3	Repository discovery	0.027
wakamex-plugins	reverse-3	Git process	3.807
wakamex-plugins	reverse-3	Git output parsing	0.031
wakamex-plugins	reverse-3	Provider total	5.181
wakamex-plugins	reverse-3	Prompt rendering	0.009
wakamex-plugins	reverse-3	Response write	0.01
wakamex-plugins	reverse-3	Snapshot published	91.856
wakamex-plugins	reverse-3	Snapshot applied and repainted	92.806
wakamex-plugins	reverse-4	First editable prompt	89.603
wakamex-plugins	reverse-4	Launcher to Zsh startup	2.579
wakamex-plugins	reverse-4	User .zshenv	0.129
wakamex-plugins	reverse-4	User .zshrc	52.436
wakamex-plugins	reverse-4	History substring search	7.827
wakamex-plugins	reverse-4	Autosuggestions	1.146
wakamex-plugins	reverse-4	Syntax highlighting	2.167
wakamex-plugins	reverse-4	Wsh integration	2.348
wakamex-plugins	reverse-4	First precmd	0.74
wakamex-plugins	reverse-4	Runtime ready	70.343
wakamex-plugins	reverse-4	Repository discovery	0.039
wakamex-plugins	reverse-4	Git process	3.845
wakamex-plugins	reverse-4	Git output parsing	0.032
wakamex-plugins	reverse-4	Provider total	5.334
wakamex-plugins	reverse-4	Prompt rendering	0.01
wakamex-plugins	reverse-4	Response write	0.01
wakamex-plugins	reverse-4	Snapshot published	94.175
wakamex-plugins	reverse-4	Snapshot applied and repainted	95.165
wakamex-plugins	reverse-5	First editable prompt	87.5
wakamex-plugins	reverse-5	Launcher to Zsh startup	2.554
wakamex-plugins	reverse-5	User .zshenv	0.119
wakamex-plugins	reverse-5	User .zshrc	53.746
wakamex-plugins	reverse-5	History substring search	5.95
wakamex-plugins	reverse-5	Autosuggestions	1.103
wakamex-plugins	reverse-5	Syntax highlighting	1.738
wakamex-plugins	reverse-5	Wsh integration	2.294
wakamex-plugins	reverse-5	First precmd	0.631
wakamex-plugins	reverse-5	Runtime ready	69.158
wakamex-plugins	reverse-5	Repository discovery	0.027
wakamex-plugins	reverse-5	Git process	3.772
wakamex-plugins	reverse-5	Git output parsing	0.03
wakamex-plugins	reverse-5	Provider total	5.11
wakamex-plugins	reverse-5	Prompt rendering	0.009
wakamex-plugins	reverse-5	Response write	0.009
wakamex-plugins	reverse-5	Snapshot published	91.91
wakamex-plugins	reverse-5	Snapshot applied and repainted	92.87
wakamex-plugins	reverse-6	First editable prompt	89.197
wakamex-plugins	reverse-6	Launcher to Zsh startup	2.535
wakamex-plugins	reverse-6	User .zshenv	0.119
wakamex-plugins	reverse-6	User .zshrc	52.813
wakamex-plugins	reverse-6	History substring search	7.506
wakamex-plugins	reverse-6	Autosuggestions	1.112
wakamex-plugins	reverse-6	Syntax highlighting	2.613
wakamex-plugins	reverse-6	Wsh integration	2.287
wakamex-plugins	reverse-6	First precmd	0.361
wakamex-plugins	reverse-6	Runtime ready	70.39
wakamex-plugins	reverse-6	Repository discovery	0.038
wakamex-plugins	reverse-6	Git process	3.861
wakamex-plugins	reverse-6	Git output parsing	0.042
wakamex-plugins	reverse-6	Provider total	5.221
wakamex-plugins	reverse-6	Prompt rendering	0.01
wakamex-plugins	reverse-6	Response write	0.01
wakamex-plugins	reverse-6	Snapshot published	93.763
wakamex-plugins	reverse-6	Snapshot applied and repainted	94.72
wakamex-plugins	reverse-7	First editable prompt	88.238
wakamex-plugins	reverse-7	Launcher to Zsh startup	2.604
wakamex-plugins	reverse-7	User .zshenv	0.12
wakamex-plugins	reverse-7	User .zshrc	54.024
wakamex-plugins	reverse-7	History substring search	6.134
wakamex-plugins	reverse-7	Autosuggestions	1.092
wakamex-plugins	reverse-7	Syntax highlighting	1.763
wakamex-plugins	reverse-7	Wsh integration	2.307
wakamex-plugins	reverse-7	First precmd	0.63
wakamex-plugins	reverse-7	Runtime ready	69.739
wakamex-plugins	reverse-7	Repository discovery	0.027
wakamex-plugins	reverse-7	Git process	3.843
wakamex-plugins	reverse-7	Git output parsing	0.032
wakamex-plugins	reverse-7	Provider total	5.192
wakamex-plugins	reverse-7	Prompt rendering	0.008
wakamex-plugins	reverse-7	Response write	0.009
wakamex-plugins	reverse-7	Snapshot published	92.717
wakamex-plugins	reverse-7	Snapshot applied and repainted	93.66
wakamex-plugins	reverse-8	First editable prompt	88.115
wakamex-plugins	reverse-8	Launcher to Zsh startup	2.617
wakamex-plugins	reverse-8	User .zshenv	0.12
wakamex-plugins	reverse-8	User .zshrc	52.342
wakamex-plugins	reverse-8	History substring search	7.143
wakamex-plugins	reverse-8	Autosuggestions	1.113
wakamex-plugins	reverse-8	Syntax highlighting	2.43
wakamex-plugins	reverse-8	Wsh integration	2.31
wakamex-plugins	reverse-8	First precmd	0.64
wakamex-plugins	reverse-8	Runtime ready	69.771
wakamex-plugins	reverse-8	Repository discovery	0.027
wakamex-plugins	reverse-8	Git process	3.82
wakamex-plugins	reverse-8	Git output parsing	0.03
wakamex-plugins	reverse-8	Provider total	5.212
wakamex-plugins	reverse-8	Prompt rendering	0.009
wakamex-plugins	reverse-8	Response write	0.01
wakamex-plugins	reverse-8	Snapshot published	92.565
wakamex-plugins	reverse-8	Snapshot applied and repainted	93.498
wakamex-plugins	reverse-9	First editable prompt	87.085
wakamex-plugins	reverse-9	Launcher to Zsh startup	2.528
wakamex-plugins	reverse-9	User .zshenv	0.121
wakamex-plugins	reverse-9	User .zshrc	53.7
wakamex-plugins	reverse-9	History substring search	5.935
wakamex-plugins	reverse-9	Autosuggestions	1.096
wakamex-plugins	reverse-9	Syntax highlighting	1.704
wakamex-plugins	reverse-9	Wsh integration	2.263
wakamex-plugins	reverse-9	First precmd	0.625
wakamex-plugins	reverse-9	Runtime ready	68.968
wakamex-plugins	reverse-9	Repository discovery	0.026
wakamex-plugins	reverse-9	Git process	3.712
wakamex-plugins	reverse-9	Git output parsing	0.03
wakamex-plugins	reverse-9	Provider total	5.089
wakamex-plugins	reverse-9	Prompt rendering	0.009
wakamex-plugins	reverse-9	Response write	0.01
wakamex-plugins	reverse-9	Snapshot published	91.462
wakamex-plugins	reverse-9	Snapshot applied and repainted	92.405
wakamex	forward-0	First editable prompt	76.814
wakamex	forward-0	Launcher to Zsh startup	2.572
wakamex	forward-0	User .zshenv	0.119
wakamex	forward-0	User .zshrc	40.623
wakamex	forward-0	History substring search	5.624
wakamex	forward-0	Autosuggestions	0.666
wakamex	forward-0	Syntax highlighting	0.44
wakamex	forward-0	Wsh integration	2.191
wakamex	forward-0	First precmd	0.626
wakamex	forward-0	Runtime ready	56.334
wakamex	forward-0	Repository discovery	0.027
wakamex	forward-0	Git process	3.823
wakamex	forward-0	Git output parsing	0.031
wakamex	forward-0	Provider total	5.268
wakamex	forward-0	Prompt rendering	0.009
wakamex	forward-0	Response write	0.01
wakamex	forward-0	Snapshot published	81.355
wakamex	forward-0	Snapshot applied and repainted	82.306
wakamex	forward-1	First editable prompt	76.774
wakamex	forward-1	Launcher to Zsh startup	2.558
wakamex	forward-1	User .zshenv	0.119
wakamex	forward-1	User .zshrc	40.693
wakamex	forward-1	History substring search	5.867
wakamex	forward-1	Autosuggestions	0.651
wakamex	forward-1	Syntax highlighting	0.382
wakamex	forward-1	Wsh integration	2.249
wakamex	forward-1	First precmd	0.611
wakamex	forward-1	Runtime ready	56.513
wakamex	forward-1	Repository discovery	0.026
wakamex	forward-1	Git process	3.77
wakamex	forward-1	Git output parsing	0.03
wakamex	forward-1	Provider total	5.135
wakamex	forward-1	Prompt rendering	0.008
wakamex	forward-1	Response write	0.009
wakamex	forward-1	Snapshot published	81.19
wakamex	forward-1	Snapshot applied and repainted	82.142
wakamex	forward-10	First editable prompt	78.827
wakamex	forward-10	Launcher to Zsh startup	2.595
wakamex	forward-10	User .zshenv	0.12
wakamex	forward-10	User .zshrc	43.906
wakamex	forward-10	History substring search	6.562
wakamex	forward-10	Autosuggestions	0.66
wakamex	forward-10	Syntax highlighting	0.404
wakamex	forward-10	Wsh integration	2.273
wakamex	forward-10	First precmd	0.685
wakamex	forward-10	Runtime ready	58.189
wakamex	forward-10	Repository discovery	0.029
wakamex	forward-10	Git process	3.888
wakamex	forward-10	Git output parsing	0.03
wakamex	forward-10	Provider total	5.286
wakamex	forward-10	Prompt rendering	0.009
wakamex	forward-10	Response write	0.01
wakamex	forward-10	Snapshot published	83.38
wakamex	forward-10	Snapshot applied and repainted	84.323
wakamex	forward-11	First editable prompt	77.192
wakamex	forward-11	Launcher to Zsh startup	2.543
wakamex	forward-11	User .zshenv	0.119
wakamex	forward-11	User .zshrc	41.602
wakamex	forward-11	History substring search	5.656
wakamex	forward-11	Autosuggestions	0.661
wakamex	forward-11	Syntax highlighting	0.394
wakamex	forward-11	Wsh integration	2.286
wakamex	forward-11	First precmd	0.639
wakamex	forward-11	Runtime ready	56.918
wakamex	forward-11	Repository discovery	0.025
wakamex	forward-11	Git process	3.807
wakamex	forward-11	Git output parsing	0.03
wakamex	forward-11	Provider total	5.139
wakamex	forward-11	Prompt rendering	0.008
wakamex	forward-11	Response write	0.009
wakamex	forward-11	Snapshot published	81.631
wakamex	forward-11	Snapshot applied and repainted	82.568
wakamex	forward-12	First editable prompt	76.864
wakamex	forward-12	Launcher to Zsh startup	2.543
wakamex	forward-12	User .zshenv	0.119
wakamex	forward-12	User .zshrc	40.943
wakamex	forward-12	History substring search	5.109
wakamex	forward-12	Autosuggestions	0.673
wakamex	forward-12	Syntax highlighting	0.382
wakamex	forward-12	Wsh integration	2.208
wakamex	forward-12	First precmd	0.618
wakamex	forward-12	Runtime ready	56.612
wakamex	forward-12	Repository discovery	0.026
wakamex	forward-12	Git process	1.624
wakamex	forward-12	Git output parsing	0.03
wakamex	forward-12	Provider total	5.16
wakamex	forward-12	Prompt rendering	0.009
wakamex	forward-12	Response write	0.981
wakamex	forward-12	Snapshot published	82.306
wakamex	forward-12	Snapshot applied and repainted	82.253
wakamex	forward-13	First editable prompt	77.209
wakamex	forward-13	Launcher to Zsh startup	2.541
wakamex	forward-13	User .zshenv	0.12
wakamex	forward-13	User .zshrc	40.927
wakamex	forward-13	History substring search	6.32
wakamex	forward-13	Autosuggestions	0.667
wakamex	forward-13	Syntax highlighting	0.4
wakamex	forward-13	Wsh integration	2.262
wakamex	forward-13	First precmd	0.65
wakamex	forward-13	Runtime ready	56.742
wakamex	forward-13	Repository discovery	0.027
wakamex	forward-13	Git process	3.843
wakamex	forward-13	Git output parsing	0.03
wakamex	forward-13	Provider total	5.217
wakamex	forward-13	Prompt rendering	0.009
wakamex	forward-13	Response write	0.009
wakamex	forward-13	Snapshot published	81.7
wakamex	forward-13	Snapshot applied and repainted	82.646
wakamex	forward-14	First editable prompt	78.468
wakamex	forward-14	Launcher to Zsh startup	2.584
wakamex	forward-14	User .zshenv	0.119
wakamex	forward-14	User .zshrc	43.968
wakamex	forward-14	History substring search	6.274
wakamex	forward-14	Autosuggestions	0.669
wakamex	forward-14	Syntax highlighting	0.388
wakamex	forward-14	Wsh integration	2.309
wakamex	forward-14	First precmd	0.634
wakamex	forward-14	Runtime ready	57.941
wakamex	forward-14	Repository discovery	0.026
wakamex	forward-14	Git process	4.038
wakamex	forward-14	Git output parsing	0.031
wakamex	forward-14	Provider total	5.469
wakamex	forward-14	Prompt rendering	0.009
wakamex	forward-14	Response write	0.01
wakamex	forward-14	Snapshot published	83.245
wakamex	forward-14	Snapshot applied and repainted	84.196
wakamex	forward-15	First editable prompt	77.393
wakamex	forward-15	Launcher to Zsh startup	2.555
wakamex	forward-15	User .zshenv	0.13
wakamex	forward-15	User .zshrc	40.843
wakamex	forward-15	History substring search	6.354
wakamex	forward-15	Autosuggestions	0.656
wakamex	forward-15	Syntax highlighting	0.432
wakamex	forward-15	Wsh integration	2.206
wakamex	forward-15	First precmd	0.626
wakamex	forward-15	Runtime ready	56.687
wakamex	forward-15	Repository discovery	0.027
wakamex	forward-15	Git process	3.893
wakamex	forward-15	Git output parsing	0.032
wakamex	forward-15	Provider total	5.242
wakamex	forward-15	Prompt rendering	0.009
wakamex	forward-15	Response write	0.009
wakamex	forward-15	Snapshot published	81.935
wakamex	forward-15	Snapshot applied and repainted	82.875
wakamex	forward-16	First editable prompt	77.401
wakamex	forward-16	Launcher to Zsh startup	2.606
wakamex	forward-16	User .zshenv	0.119
wakamex	forward-16	User .zshrc	41.449
wakamex	forward-16	History substring search	6.192
wakamex	forward-16	Autosuggestions	0.664
wakamex	forward-16	Syntax highlighting	0.381
wakamex	forward-16	Wsh integration	2.198
wakamex	forward-16	First precmd	0.622
wakamex	forward-16	Runtime ready	57.114
wakamex	forward-16	Repository discovery	0.025
wakamex	forward-16	Git process	3.761
wakamex	forward-16	Git output parsing	0.031
wakamex	forward-16	Provider total	5.108
wakamex	forward-16	Prompt rendering	0.009
wakamex	forward-16	Response write	0.009
wakamex	forward-16	Snapshot published	81.812
wakamex	forward-16	Snapshot applied and repainted	82.749
wakamex	forward-17	First editable prompt	78.989
wakamex	forward-17	Launcher to Zsh startup	2.599
wakamex	forward-17	User .zshenv	0.12
wakamex	forward-17	User .zshrc	42.194
wakamex	forward-17	History substring search	8.071
wakamex	forward-17	Autosuggestions	0.676
wakamex	forward-17	Syntax highlighting	0.401
wakamex	forward-17	Wsh integration	2.844
wakamex	forward-17	First precmd	0.634
wakamex	forward-17	Runtime ready	57.178
wakamex	forward-17	Repository discovery	0.027
wakamex	forward-17	Git process	3.834
wakamex	forward-17	Git output parsing	0.029
wakamex	forward-17	Provider total	5.223
wakamex	forward-17	Prompt rendering	0.009
wakamex	forward-17	Response write	0.01
wakamex	forward-17	Snapshot published	83.518
wakamex	forward-17	Snapshot applied and repainted	84.53
wakamex	forward-18	First editable prompt	79.973
wakamex	forward-18	Launcher to Zsh startup	2.651
wakamex	forward-18	User .zshenv	0.154
wakamex	forward-18	User .zshrc	42.572
wakamex	forward-18	History substring search	8.136
wakamex	forward-18	Autosuggestions	0.673
wakamex	forward-18	Syntax highlighting	0.383
wakamex	forward-18	Wsh integration	2.794
wakamex	forward-18	First precmd	0.664
wakamex	forward-18	Runtime ready	57.589
wakamex	forward-18	Repository discovery	0.029
wakamex	forward-18	Git process	3.96
wakamex	forward-18	Git output parsing	0.032
wakamex	forward-18	Provider total	5.376
wakamex	forward-18	Prompt rendering	0.01
wakamex	forward-18	Response write	0.01
wakamex	forward-18	Snapshot published	84.635
wakamex	forward-18	Snapshot applied and repainted	85.857
wakamex	forward-19	First editable prompt	78.557
wakamex	forward-19	Launcher to Zsh startup	2.554
wakamex	forward-19	User .zshenv	0.12
wakamex	forward-19	User .zshrc	43.552
wakamex	forward-19	History substring search	6.343
wakamex	forward-19	Autosuggestions	0.755
wakamex	forward-19	Syntax highlighting	0.385
wakamex	forward-19	Wsh integration	2.249
wakamex	forward-19	First precmd	0.62
wakamex	forward-19	Runtime ready	57.554
wakamex	forward-19	Repository discovery	0.026
wakamex	forward-19	Git process	3.827
wakamex	forward-19	Git output parsing	0.03
wakamex	forward-19	Provider total	5.189
wakamex	forward-19	Prompt rendering	0.009
wakamex	forward-19	Response write	0.009
wakamex	forward-19	Snapshot published	83.038
wakamex	forward-19	Snapshot applied and repainted	84.007
wakamex	forward-2	First editable prompt	77.905
wakamex	forward-2	Launcher to Zsh startup	2.573
wakamex	forward-2	User .zshenv	0.119
wakamex	forward-2	User .zshrc	40.812
wakamex	forward-2	History substring search	5.756
wakamex	forward-2	Autosuggestions	0.66
wakamex	forward-2	Syntax highlighting	0.399
wakamex	forward-2	Wsh integration	2.196
wakamex	forward-2	First precmd	0.655
wakamex	forward-2	Runtime ready	56.611
wakamex	forward-2	Repository discovery	0.034
wakamex	forward-2	Git process	4.031
wakamex	forward-2	Git output parsing	0.045
wakamex	forward-2	Provider total	5.508
wakamex	forward-2	Prompt rendering	0.011
wakamex	forward-2	Response write	0.01
wakamex	forward-2	Snapshot published	82.656
wakamex	forward-2	Snapshot applied and repainted	83.778
wakamex	forward-3	First editable prompt	78.048
wakamex	forward-3	Launcher to Zsh startup	2.557
wakamex	forward-3	User .zshenv	0.12
wakamex	forward-3	User .zshrc	41.617
wakamex	forward-3	History substring search	7.797
wakamex	forward-3	Autosuggestions	0.679
wakamex	forward-3	Syntax highlighting	0.388
wakamex	forward-3	Wsh integration	2.681
wakamex	forward-3	First precmd	0.414
wakamex	forward-3	Runtime ready	58.211
wakamex	forward-3	Repository discovery	0.03
wakamex	forward-3	Git process	3.93
wakamex	forward-3	Git output parsing	0.03
wakamex	forward-3	Provider total	4.549
wakamex	forward-3	Prompt rendering	0.009
wakamex	forward-3	Response write	0.13
wakamex	forward-3	Snapshot published	83.037
wakamex	forward-3	Snapshot applied and repainted	83.941
wakamex	forward-4	First editable prompt	79.439
wakamex	forward-4	Launcher to Zsh startup	2.657
wakamex	forward-4	User .zshenv	0.12
wakamex	forward-4	User .zshrc	42.174
wakamex	forward-4	History substring search	8.093
wakamex	forward-4	Autosuggestions	0.694
wakamex	forward-4	Syntax highlighting	0.387
wakamex	forward-4	Wsh integration	2.886
wakamex	forward-4	First precmd	0.699
wakamex	forward-4	Runtime ready	57.372
wakamex	forward-4	Repository discovery	0.029
wakamex	forward-4	Git process	3.923
wakamex	forward-4	Git output parsing	0.032
wakamex	forward-4	Provider total	5.34
wakamex	forward-4	Prompt rendering	0.009
wakamex	forward-4	Response write	0.01
wakamex	forward-4	Snapshot published	84.054
wakamex	forward-4	Snapshot applied and repainted	84.997
wakamex	forward-5	First editable prompt	77.772
wakamex	forward-5	Launcher to Zsh startup	2.598
wakamex	forward-5	User .zshenv	0.119
wakamex	forward-5	User .zshrc	41.675
wakamex	forward-5	History substring search	6.359
wakamex	forward-5	Autosuggestions	0.668
wakamex	forward-5	Syntax highlighting	0.39
wakamex	forward-5	Wsh integration	2.206
wakamex	forward-5	First precmd	0.624
wakamex	forward-5	Runtime ready	57.529
wakamex	forward-5	Repository discovery	0.026
wakamex	forward-5	Git process	3.821
wakamex	forward-5	Git output parsing	0.032
wakamex	forward-5	Provider total	5.21
wakamex	forward-5	Prompt rendering	0.008
wakamex	forward-5	Response write	0.01
wakamex	forward-5	Snapshot published	82.236
wakamex	forward-5	Snapshot applied and repainted	83.17
wakamex	forward-6	First editable prompt	78.123
wakamex	forward-6	Launcher to Zsh startup	2.621
wakamex	forward-6	User .zshenv	0.168
wakamex	forward-6	User .zshrc	41.362
wakamex	forward-6	History substring search	7.936
wakamex	forward-6	Autosuggestions	0.676
wakamex	forward-6	Syntax highlighting	0.389
wakamex	forward-6	Wsh integration	2.642
wakamex	forward-6	First precmd	0.617
wakamex	forward-6	Runtime ready	56.628
wakamex	forward-6	Repository discovery	0.026
wakamex	forward-6	Git process	3.814
wakamex	forward-6	Git output parsing	0.031
wakamex	forward-6	Provider total	5.144
wakamex	forward-6	Prompt rendering	0.009
wakamex	forward-6	Response write	0.01
wakamex	forward-6	Snapshot published	82.568
wakamex	forward-6	Snapshot applied and repainted	83.509
wakamex	forward-7	First editable prompt	77.763
wakamex	forward-7	Launcher to Zsh startup	2.626
wakamex	forward-7	User .zshenv	0.12
wakamex	forward-7	User .zshrc	41.32
wakamex	forward-7	History substring search	5.718
wakamex	forward-7	Autosuggestions	0.67
wakamex	forward-7	Syntax highlighting	0.388
wakamex	forward-7	Wsh integration	2.178
wakamex	forward-7	First precmd	0.661
wakamex	forward-7	Runtime ready	57.219
wakamex	forward-7	Repository discovery	0.028
wakamex	forward-7	Git process	3.814
wakamex	forward-7	Git output parsing	0.03
wakamex	forward-7	Provider total	5.219
wakamex	forward-7	Prompt rendering	0.009
wakamex	forward-7	Response write	0.01
wakamex	forward-7	Snapshot published	82.245
wakamex	forward-7	Snapshot applied and repainted	83.209
wakamex	forward-8	First editable prompt	77.714
wakamex	forward-8	Launcher to Zsh startup	2.629
wakamex	forward-8	User .zshenv	0.119
wakamex	forward-8	User .zshrc	41.493
wakamex	forward-8	History substring search	5.02
wakamex	forward-8	Autosuggestions	0.661
wakamex	forward-8	Syntax highlighting	0.404
wakamex	forward-8	Wsh integration	2.252
wakamex	forward-8	First precmd	0.624
wakamex	forward-8	Runtime ready	57.175
wakamex	forward-8	Repository discovery	0.026
wakamex	forward-8	Git process	3.752
wakamex	forward-8	Git output parsing	0.03
wakamex	forward-8	Provider total	5.111
wakamex	forward-8	Prompt rendering	0.009
wakamex	forward-8	Response write	0.009
wakamex	forward-8	Snapshot published	82.11
wakamex	forward-8	Snapshot applied and repainted	83.046
wakamex	forward-9	First editable prompt	77.378
wakamex	forward-9	Launcher to Zsh startup	2.597
wakamex	forward-9	User .zshenv	0.121
wakamex	forward-9	User .zshrc	40.982
wakamex	forward-9	History substring search	6.564
wakamex	forward-9	Autosuggestions	0.693
wakamex	forward-9	Syntax highlighting	0.381
wakamex	forward-9	Wsh integration	2.257
wakamex	forward-9	First precmd	0.615
wakamex	forward-9	Runtime ready	57.108
wakamex	forward-9	Repository discovery	0.026
wakamex	forward-9	Git process	3.826
wakamex	forward-9	Git output parsing	0.029
wakamex	forward-9	Provider total	5.17
wakamex	forward-9	Prompt rendering	0.009
wakamex	forward-9	Response write	0.009
wakamex	forward-9	Snapshot published	81.855
wakamex	forward-9	Snapshot applied and repainted	82.796
wakamex	reverse-0	First editable prompt	77.032
wakamex	reverse-0	Launcher to Zsh startup	2.521
wakamex	reverse-0	User .zshenv	0.119
wakamex	reverse-0	User .zshrc	41.159
wakamex	reverse-0	History substring search	5.035
wakamex	reverse-0	Autosuggestions	0.659
wakamex	reverse-0	Syntax highlighting	0.413
wakamex	reverse-0	Wsh integration	2.212
wakamex	reverse-0	First precmd	0.619
wakamex	reverse-0	Runtime ready	56.812
wakamex	reverse-0	Repository discovery	0.026
wakamex	reverse-0	Git process	3.818
wakamex	reverse-0	Git output parsing	0.03
wakamex	reverse-0	Provider total	5.154
wakamex	reverse-0	Prompt rendering	0.009
wakamex	reverse-0	Response write	0.009
wakamex	reverse-0	Snapshot published	81.488
wakamex	reverse-0	Snapshot applied and repainted	82.522
wakamex	reverse-1	First editable prompt	76.996
wakamex	reverse-1	Launcher to Zsh startup	2.57
wakamex	reverse-1	User .zshenv	0.122
wakamex	reverse-1	User .zshrc	40.73
wakamex	reverse-1	History substring search	7.695
wakamex	reverse-1	Autosuggestions	0.694
wakamex	reverse-1	Syntax highlighting	0.39
wakamex	reverse-1	Wsh integration	2.553
wakamex	reverse-1	First precmd	0.679
wakamex	reverse-1	Runtime ready	55.491
wakamex	reverse-1	Repository discovery	0.027
wakamex	reverse-1	Git process	3.762
wakamex	reverse-1	Git output parsing	0.03
wakamex	reverse-1	Provider total	5.108
wakamex	reverse-1	Prompt rendering	0.009
wakamex	reverse-1	Response write	0.01
wakamex	reverse-1	Snapshot published	81.429
wakamex	reverse-1	Snapshot applied and repainted	82.374
wakamex	reverse-10	First editable prompt	80.921
wakamex	reverse-10	Launcher to Zsh startup	3.278
wakamex	reverse-10	User .zshenv	0.174
wakamex	reverse-10	User .zshrc	45.097
wakamex	reverse-10	History substring search	6.584
wakamex	reverse-10	Autosuggestions	0.677
wakamex	reverse-10	Syntax highlighting	0.396
wakamex	reverse-10	Wsh integration	2.3
wakamex	reverse-10	First precmd	0.663
wakamex	reverse-10	Runtime ready	60.311
wakamex	reverse-10	Repository discovery	0.028
wakamex	reverse-10	Git process	4.055
wakamex	reverse-10	Git output parsing	0.031
wakamex	reverse-10	Provider total	5.45
wakamex	reverse-10	Prompt rendering	0.011
wakamex	reverse-10	Response write	0.01
wakamex	reverse-10	Snapshot published	85.633
wakamex	reverse-10	Snapshot applied and repainted	86.65
wakamex	reverse-11	First editable prompt	76.98
wakamex	reverse-11	Launcher to Zsh startup	2.544
wakamex	reverse-11	User .zshenv	0.128
wakamex	reverse-11	User .zshrc	40.721
wakamex	reverse-11	History substring search	5.682
wakamex	reverse-11	Autosuggestions	0.661
wakamex	reverse-11	Syntax highlighting	0.397
wakamex	reverse-11	Wsh integration	2.222
wakamex	reverse-11	First precmd	0.615
wakamex	reverse-11	Runtime ready	56.459
wakamex	reverse-11	Repository discovery	0.026
wakamex	reverse-11	Git process	3.816
wakamex	reverse-11	Git output parsing	0.031
wakamex	reverse-11	Provider total	5.153
wakamex	reverse-11	Prompt rendering	0.009
wakamex	reverse-11	Response write	0.009
wakamex	reverse-11	Snapshot published	81.432
wakamex	reverse-11	Snapshot applied and repainted	82.379
wakamex	reverse-12	First editable prompt	76.427
wakamex	reverse-12	Launcher to Zsh startup	2.564
wakamex	reverse-12	User .zshenv	0.125
wakamex	reverse-12	User .zshrc	40.481
wakamex	reverse-12	History substring search	7.72
wakamex	reverse-12	Autosuggestions	0.679
wakamex	reverse-12	Syntax highlighting	0.388
wakamex	reverse-12	Wsh integration	2.598
wakamex	reverse-12	First precmd	0.625
wakamex	reverse-12	Runtime ready	54.854
wakamex	reverse-12	Repository discovery	0.026
wakamex	reverse-12	Git process	3.788
wakamex	reverse-12	Git output parsing	0.03
wakamex	reverse-12	Provider total	5.133
wakamex	reverse-12	Prompt rendering	0.009
wakamex	reverse-12	Response write	0.009
wakamex	reverse-12	Snapshot published	80.855
wakamex	reverse-12	Snapshot applied and repainted	81.789
wakamex	reverse-13	First editable prompt	78.475
wakamex	reverse-13	Launcher to Zsh startup	2.575
wakamex	reverse-13	User .zshenv	0.127
wakamex	reverse-13	User .zshrc	41.509
wakamex	reverse-13	History substring search	6.533
wakamex	reverse-13	Autosuggestions	0.673
wakamex	reverse-13	Syntax highlighting	0.383
wakamex	reverse-13	Wsh integration	2.299
wakamex	reverse-13	First precmd	0.647
wakamex	reverse-13	Runtime ready	57.686
wakamex	reverse-13	Repository discovery	0.028
wakamex	reverse-13	Git process	3.91
wakamex	reverse-13	Git output parsing	0.031
wakamex	reverse-13	Provider total	5.286
wakamex	reverse-13	Prompt rendering	0.009
wakamex	reverse-13	Response write	0.01
wakamex	reverse-13	Snapshot published	83.031
wakamex	reverse-13	Snapshot applied and repainted	83.962
wakamex	reverse-14	First editable prompt	78.523
wakamex	reverse-14	Launcher to Zsh startup	2.594
wakamex	reverse-14	User .zshenv	0.119
wakamex	reverse-14	User .zshrc	43.538
wakamex	reverse-14	History substring search	6.413
wakamex	reverse-14	Autosuggestions	0.696
wakamex	reverse-14	Syntax highlighting	0.399
wakamex	reverse-14	Wsh integration	2.287
wakamex	reverse-14	First precmd	0.647
wakamex	reverse-14	Runtime ready	57.715
wakamex	reverse-14	Repository discovery	0.028
wakamex	reverse-14	Git process	3.882
wakamex	reverse-14	Git output parsing	0.035
wakamex	reverse-14	Provider total	5.279
wakamex	reverse-14	Prompt rendering	0.009
wakamex	reverse-14	Response write	0.01
wakamex	reverse-14	Snapshot published	83.066
wakamex	reverse-14	Snapshot applied and repainted	83.99
wakamex	reverse-15	First editable prompt	80.62
wakamex	reverse-15	Launcher to Zsh startup	2.665
wakamex	reverse-15	User .zshenv	0.122
wakamex	reverse-15	User .zshrc	45.06
wakamex	reverse-15	History substring search	6.705
wakamex	reverse-15	Autosuggestions	0.664
wakamex	reverse-15	Syntax highlighting	0.403
wakamex	reverse-15	Wsh integration	2.356
wakamex	reverse-15	First precmd	0.663
wakamex	reverse-15	Runtime ready	59.687
wakamex	reverse-15	Repository discovery	0.036
wakamex	reverse-15	Git process	2.922
wakamex	reverse-15	Git output parsing	0.031
wakamex	reverse-15	Provider total	5.467
wakamex	reverse-15	Prompt rendering	0.009
wakamex	reverse-15	Response write	0.01
wakamex	reverse-15	Snapshot published	85.289
wakamex	reverse-15	Snapshot applied and repainted	86.263
wakamex	reverse-16	First editable prompt	78.538
wakamex	reverse-16	Launcher to Zsh startup	2.544
wakamex	reverse-16	User .zshenv	0.121
wakamex	reverse-16	User .zshrc	43.709
wakamex	reverse-16	History substring search	6.649
wakamex	reverse-16	Autosuggestions	0.7
wakamex	reverse-16	Syntax highlighting	0.421
wakamex	reverse-16	Wsh integration	2.253
wakamex	reverse-16	First precmd	0.624
wakamex	reverse-16	Runtime ready	58.067
wakamex	reverse-16	Repository discovery	0.026
wakamex	reverse-16	Git process	3.914
wakamex	reverse-16	Git output parsing	0.034
wakamex	reverse-16	Provider total	5.284
wakamex	reverse-16	Prompt rendering	0.011
wakamex	reverse-16	Response write	0.01
wakamex	reverse-16	Snapshot published	83.126
wakamex	reverse-16	Snapshot applied and repainted	84.183
wakamex	reverse-17	First editable prompt	77.11
wakamex	reverse-17	Launcher to Zsh startup	2.54
wakamex	reverse-17	User .zshenv	0.119
wakamex	reverse-17	User .zshrc	41.156
wakamex	reverse-17	History substring search	5.718
wakamex	reverse-17	Autosuggestions	0.674
wakamex	reverse-17	Syntax highlighting	0.391
wakamex	reverse-17	Wsh integration	2.21
wakamex	reverse-17	First precmd	0.599
wakamex	reverse-17	Runtime ready	56.897
wakamex	reverse-17	Repository discovery	0.025
wakamex	reverse-17	Git process	3.747
wakamex	reverse-17	Git output parsing	0.034
wakamex	reverse-17	Provider total	5.069
wakamex	reverse-17	Prompt rendering	0.009
wakamex	reverse-17	Response write	0.01
wakamex	reverse-17	Snapshot published	81.489
wakamex	reverse-17	Snapshot applied and repainted	82.46
wakamex	reverse-18	First editable prompt	77.317
wakamex	reverse-18	Launcher to Zsh startup	2.633
wakamex	reverse-18	User .zshenv	0.127
wakamex	reverse-18	User .zshrc	41.21
wakamex	reverse-18	History substring search	6.229
wakamex	reverse-18	Autosuggestions	0.68
wakamex	reverse-18	Syntax highlighting	0.39
wakamex	reverse-18	Wsh integration	2.191
wakamex	reverse-18	First precmd	0.615
wakamex	reverse-18	Runtime ready	56.951
wakamex	reverse-18	Repository discovery	0.025
wakamex	reverse-18	Git process	3.768
wakamex	reverse-18	Git output parsing	0.031
wakamex	reverse-18	Provider total	5.155
wakamex	reverse-18	Prompt rendering	0.009
wakamex	reverse-18	Response write	0.01
wakamex	reverse-18	Snapshot published	81.728
wakamex	reverse-18	Snapshot applied and repainted	82.663
wakamex	reverse-19	First editable prompt	77.805
wakamex	reverse-19	Launcher to Zsh startup	2.601
wakamex	reverse-19	User .zshenv	0.127
wakamex	reverse-19	User .zshrc	41.315
wakamex	reverse-19	History substring search	6.41
wakamex	reverse-19	Autosuggestions	0.673
wakamex	reverse-19	Syntax highlighting	0.388
wakamex	reverse-19	Wsh integration	2.235
wakamex	reverse-19	First precmd	0.647
wakamex	reverse-19	Runtime ready	57.312
wakamex	reverse-19	Repository discovery	0.027
wakamex	reverse-19	Git process	3.794
wakamex	reverse-19	Git output parsing	0.062
wakamex	reverse-19	Provider total	5.221
wakamex	reverse-19	Prompt rendering	0.008
wakamex	reverse-19	Response write	0.009
wakamex	reverse-19	Snapshot published	82.3
wakamex	reverse-19	Snapshot applied and repainted	83.25
wakamex	reverse-2	First editable prompt	77.132
wakamex	reverse-2	Launcher to Zsh startup	2.553
wakamex	reverse-2	User .zshenv	0.12
wakamex	reverse-2	User .zshrc	43.01
wakamex	reverse-2	History substring search	6.187
wakamex	reverse-2	Autosuggestions	0.688
wakamex	reverse-2	Syntax highlighting	0.4
wakamex	reverse-2	Wsh integration	2.187
wakamex	reverse-2	First precmd	0.627
wakamex	reverse-2	Runtime ready	56.761
wakamex	reverse-2	Repository discovery	0.026
wakamex	reverse-2	Git process	3.777
wakamex	reverse-2	Git output parsing	0.032
wakamex	reverse-2	Provider total	5.198
wakamex	reverse-2	Prompt rendering	0.008
wakamex	reverse-2	Response write	0.009
wakamex	reverse-2	Snapshot published	81.594
wakamex	reverse-2	Snapshot applied and repainted	82.568
wakamex	reverse-3	First editable prompt	77.607
wakamex	reverse-3	Launcher to Zsh startup	2.515
wakamex	reverse-3	User .zshenv	0.121
wakamex	reverse-3	User .zshrc	41.286
wakamex	reverse-3	History substring search	6.275
wakamex	reverse-3	Autosuggestions	0.685
wakamex	reverse-3	Syntax highlighting	0.385
wakamex	reverse-3	Wsh integration	2.408
wakamex	reverse-3	First precmd	0.623
wakamex	reverse-3	Runtime ready	56.273
wakamex	reverse-3	Repository discovery	0.027
wakamex	reverse-3	Git process	3.887
wakamex	reverse-3	Git output parsing	0.04
wakamex	reverse-3	Provider total	5.297
wakamex	reverse-3	Prompt rendering	0.01
wakamex	reverse-3	Response write	0.01
wakamex	reverse-3	Snapshot published	82.186
wakamex	reverse-3	Snapshot applied and repainted	83.127
wakamex	reverse-4	First editable prompt	76.501
wakamex	reverse-4	Launcher to Zsh startup	2.552
wakamex	reverse-4	User .zshenv	0.12
wakamex	reverse-4	User .zshrc	40.661
wakamex	reverse-4	History substring search	4.955
wakamex	reverse-4	Autosuggestions	0.652
wakamex	reverse-4	Syntax highlighting	0.403
wakamex	reverse-4	Wsh integration	2.244
wakamex	reverse-4	First precmd	0.607
wakamex	reverse-4	Runtime ready	56.263
wakamex	reverse-4	Repository discovery	0.026
wakamex	reverse-4	Git process	3.713
wakamex	reverse-4	Git output parsing	0.03
wakamex	reverse-4	Provider total	5.071
wakamex	reverse-4	Prompt rendering	0.009
wakamex	reverse-4	Response write	0.009
wakamex	reverse-4	Snapshot published	80.86
wakamex	reverse-4	Snapshot applied and repainted	81.797
wakamex	reverse-5	First editable prompt	76.714
wakamex	reverse-5	Launcher to Zsh startup	2.531
wakamex	reverse-5	User .zshenv	0.117
wakamex	reverse-5	User .zshrc	40.592
wakamex	reverse-5	History substring search	5.035
wakamex	reverse-5	Autosuggestions	0.66
wakamex	reverse-5	Syntax highlighting	0.43
wakamex	reverse-5	Wsh integration	2.204
wakamex	reverse-5	First precmd	0.615
wakamex	reverse-5	Runtime ready	56.232
wakamex	reverse-5	Repository discovery	0.027
wakamex	reverse-5	Git process	3.784
wakamex	reverse-5	Git output parsing	0.031
wakamex	reverse-5	Provider total	5.187
wakamex	reverse-5	Prompt rendering	0.009
wakamex	reverse-5	Response write	0.01
wakamex	reverse-5	Snapshot published	81.207
wakamex	reverse-5	Snapshot applied and repainted	82.173
wakamex	reverse-6	First editable prompt	76.622
wakamex	reverse-6	Launcher to Zsh startup	2.566
wakamex	reverse-6	User .zshenv	0.12
wakamex	reverse-6	User .zshrc	42.689
wakamex	reverse-6	History substring search	5.59
wakamex	reverse-6	Autosuggestions	0.664
wakamex	reverse-6	Syntax highlighting	0.403
wakamex	reverse-6	Wsh integration	2.265
wakamex	reverse-6	First precmd	0.607
wakamex	reverse-6	Runtime ready	56.544
wakamex	reverse-6	Repository discovery	0.025
wakamex	reverse-6	Git process	3.788
wakamex	reverse-6	Git output parsing	0.032
wakamex	reverse-6	Provider total	5.126
wakamex	reverse-6	Prompt rendering	0.009
wakamex	reverse-6	Response write	0.009
wakamex	reverse-6	Snapshot published	81.049
wakamex	reverse-6	Snapshot applied and repainted	81.999
wakamex	reverse-7	First editable prompt	77.582
wakamex	reverse-7	Launcher to Zsh startup	2.637
wakamex	reverse-7	User .zshenv	0.119
wakamex	reverse-7	User .zshrc	41.402
wakamex	reverse-7	History substring search	5.678
wakamex	reverse-7	Autosuggestions	0.682
wakamex	reverse-7	Syntax highlighting	0.388
wakamex	reverse-7	Wsh integration	2.244
wakamex	reverse-7	First precmd	0.619
wakamex	reverse-7	Runtime ready	57.245
wakamex	reverse-7	Repository discovery	0.026
wakamex	reverse-7	Git process	3.87
wakamex	reverse-7	Git output parsing	0.032
wakamex	reverse-7	Provider total	5.24
wakamex	reverse-7	Prompt rendering	0.01
wakamex	reverse-7	Response write	0.011
wakamex	reverse-7	Snapshot published	82.113
wakamex	reverse-7	Snapshot applied and repainted	83.069
wakamex	reverse-8	First editable prompt	76.848
wakamex	reverse-8	Launcher to Zsh startup	2.594
wakamex	reverse-8	User .zshenv	0.12
wakamex	reverse-8	User .zshrc	42.711
wakamex	reverse-8	History substring search	5.039
wakamex	reverse-8	Autosuggestions	0.653
wakamex	reverse-8	Syntax highlighting	0.408
wakamex	reverse-8	Wsh integration	2.183
wakamex	reverse-8	First precmd	0.647
wakamex	reverse-8	Runtime ready	56.517
wakamex	reverse-8	Repository discovery	0.025
wakamex	reverse-8	Git process	3.79
wakamex	reverse-8	Git output parsing	0.031
wakamex	reverse-8	Provider total	5.183
wakamex	reverse-8	Prompt rendering	0.008
wakamex	reverse-8	Response write	0.009
wakamex	reverse-8	Snapshot published	81.289
wakamex	reverse-8	Snapshot applied and repainted	82.243
wakamex	reverse-9	First editable prompt	77.349
wakamex	reverse-9	Launcher to Zsh startup	2.521
wakamex	reverse-9	User .zshenv	0.118
wakamex	reverse-9	User .zshrc	41.183
wakamex	reverse-9	History substring search	5.043
wakamex	reverse-9	Autosuggestions	0.66
wakamex	reverse-9	Syntax highlighting	0.392
wakamex	reverse-9	Wsh integration	2.307
wakamex	reverse-9	First precmd	0.609
wakamex	reverse-9	Runtime ready	56.004
wakamex	reverse-9	Repository discovery	0.026
wakamex	reverse-9	Git process	3.879
wakamex	reverse-9	Git output parsing	0.03
wakamex	reverse-9	Provider total	5.25
wakamex	reverse-9	Prompt rendering	0.009
wakamex	reverse-9	Response write	0.009
wakamex	reverse-9	Snapshot published	81.884
wakamex	reverse-9	Snapshot applied and repainted	82.849
