snapshot_at_utc	benchmark_commit	runner_sha256	target	target_kind	target_commit	omz_commit	zsh_version	git_version	fixture_files	settle_ms	state	iteration	first_ms	settled_ms	repaints	git_calls	unlocked_calls	semantic_pass	measurement_started_epoch_seconds	measurement_finished_epoch_seconds	cpu_psi_some_total_before	cpu_psi_some_total_after
2026-09-02T13:34:42Z	8dc0b5fea25671d6745a556bffb740d3866e189c	352c096f011eb282f12e6d4c12281340fac96b635a2879cc065d7637a6592872	raw	control	5.9.2	2264a8042763edf2620cfe32d96b096e1f3d26aa	5.9.2	2.55.0	1000	150	clean	1	0.409	0.409	0	0	0	na	1788356082.711978	1788356082.866010	284376768	284377608
2026-09-02T13:34:42Z	8dc0b5fea25671d6745a556bffb740d3866e189c	352c096f011eb282f12e6d4c12281340fac96b635a2879cc065d7637a6592872	raw	control	5.9.2	2264a8042763edf2620cfe32d96b096e1f3d26aa	5.9.2	2.55.0	1000	150	clean	2	0.362	0.362	0	0	0	na	1788356083.019585	1788356083.173465	284378373	284378767
2026-09-02T13:34:42Z	8dc0b5fea25671d6745a556bffb740d3866e189c	352c096f011eb282f12e6d4c12281340fac96b635a2879cc065d7637a6592872	raw	control	5.9.2	2264a8042763edf2620cfe32d96b096e1f3d26aa	5.9.2	2.55.0	1000	150	clean	3	0.374	0.374	0	0	0	na	1788356083.327632	1788356083.482093	284379460	284380033
2026-09-02T13:34:42Z	8dc0b5fea25671d6745a556bffb740d3866e189c	352c096f011eb282f12e6d4c12281340fac96b635a2879cc065d7637a6592872	raw	control	5.9.2	2264a8042763edf2620cfe32d96b096e1f3d26aa	5.9.2	2.55.0	1000	150	clean	4	0.405	0.405	0	0	0	na	1788356083.635998	1788356083.789918	284380617	284380999
2026-09-02T13:34:42Z	8dc0b5fea25671d6745a556bffb740d3866e189c	352c096f011eb282f12e6d4c12281340fac96b635a2879cc065d7637a6592872	raw	control	5.9.2	2264a8042763edf2620cfe32d96b096e1f3d26aa	5.9.2	2.55.0	1000	150	clean	5	0.616	0.616	0	0	0	na	1788356083.944081	1788356084.098940	284381455	284382211
2026-09-02T13:34:42Z	8dc0b5fea25671d6745a556bffb740d3866e189c	352c096f011eb282f12e6d4c12281340fac96b635a2879cc065d7637a6592872	raw	control	5.9.2	2264a8042763edf2620cfe32d96b096e1f3d26aa	5.9.2	2.55.0	1000	150	clean	6	0.529	0.529	0	0	0	na	1788356084.254716	1788356084.410718	284383391	284383989
2026-09-02T13:34:42Z	8dc0b5fea25671d6745a556bffb740d3866e189c	352c096f011eb282f12e6d4c12281340fac96b635a2879cc065d7637a6592872	raw	control	5.9.2	2264a8042763edf2620cfe32d96b096e1f3d26aa	5.9.2	2.55.0	1000	150	clean	7	0.425	0.425	0	0	0	na	1788356084.566321	1788356084.721009	284386135	284387228
2026-09-02T13:34:42Z	8dc0b5fea25671d6745a556bffb740d3866e189c	352c096f011eb282f12e6d4c12281340fac96b635a2879cc065d7637a6592872	raw	control	5.9.2	2264a8042763edf2620cfe32d96b096e1f3d26aa	5.9.2	2.55.0	1000	150	clean	8	0.459	0.459	0	0	0	na	1788356084.880747	1788356085.040506	284403482	284417733
2026-09-02T13:34:42Z	8dc0b5fea25671d6745a556bffb740d3866e189c	352c096f011eb282f12e6d4c12281340fac96b635a2879cc065d7637a6592872	raw	control	5.9.2	2264a8042763edf2620cfe32d96b096e1f3d26aa	5.9.2	2.55.0	1000	150	clean	9	0.654	0.654	0	0	0	na	1788356085.193063	1788356085.347700	284439893	284461161
2026-09-02T13:34:42Z	8dc0b5fea25671d6745a556bffb740d3866e189c	352c096f011eb282f12e6d4c12281340fac96b635a2879cc065d7637a6592872	raw	control	5.9.2	2264a8042763edf2620cfe32d96b096e1f3d26aa	5.9.2	2.55.0	1000	150	clean	10	0.495	0.495	0	0	0	na	1788356085.501914	1788356085.655390	284462880	284463086
2026-09-02T13:34:42Z	8dc0b5fea25671d6745a556bffb740d3866e189c	352c096f011eb282f12e6d4c12281340fac96b635a2879cc065d7637a6592872	raw	control	5.9.2	2264a8042763edf2620cfe32d96b096e1f3d26aa	5.9.2	2.55.0	1000	150	clean	11	0.521	0.521	0	0	0	na	1788356085.808614	1788356085.962372	284463271	284463494
2026-09-02T13:34:42Z	8dc0b5fea25671d6745a556bffb740d3866e189c	352c096f011eb282f12e6d4c12281340fac96b635a2879cc065d7637a6592872	raw	control	5.9.2	2264a8042763edf2620cfe32d96b096e1f3d26aa	5.9.2	2.55.0	1000	150	clean	12	0.451	0.451	0	0	0	na	1788356086.116159	1788356086.270960	284463738	284463935
2026-09-02T13:34:42Z	8dc0b5fea25671d6745a556bffb740d3866e189c	352c096f011eb282f12e6d4c12281340fac96b635a2879cc065d7637a6592872	raw	control	5.9.2	2264a8042763edf2620cfe32d96b096e1f3d26aa	5.9.2	2.55.0	1000	150	clean	13	0.426	0.426	0	0	0	na	1788356086.425430	1788356086.578981	284464195	284464465
2026-09-02T13:34:42Z	8dc0b5fea25671d6745a556bffb740d3866e189c	352c096f011eb282f12e6d4c12281340fac96b635a2879cc065d7637a6592872	raw	control	5.9.2	2264a8042763edf2620cfe32d96b096e1f3d26aa	5.9.2	2.55.0	1000	150	clean	14	0.406	0.406	0	0	0	na	1788356086.732324	1788356086.885872	284464736	284464966
2026-09-02T13:34:42Z	8dc0b5fea25671d6745a556bffb740d3866e189c	352c096f011eb282f12e6d4c12281340fac96b635a2879cc065d7637a6592872	raw	control	5.9.2	2264a8042763edf2620cfe32d96b096e1f3d26aa	5.9.2	2.55.0	1000	150	clean	15	0.455	0.455	0	0	0	na	1788356087.039444	1788356087.192916	284465170	284465381
2026-09-02T13:34:42Z	8dc0b5fea25671d6745a556bffb740d3866e189c	352c096f011eb282f12e6d4c12281340fac96b635a2879cc065d7637a6592872	raw	control	5.9.2	2264a8042763edf2620cfe32d96b096e1f3d26aa	5.9.2	2.55.0	1000	150	clean	16	0.447	0.447	0	0	0	na	1788356087.346274	1788356087.499697	284465581	284465814
2026-09-02T13:34:42Z	8dc0b5fea25671d6745a556bffb740d3866e189c	352c096f011eb282f12e6d4c12281340fac96b635a2879cc065d7637a6592872	raw	control	5.9.2	2264a8042763edf2620cfe32d96b096e1f3d26aa	5.9.2	2.55.0	1000	150	clean	17	0.422	0.422	0	0	0	na	1788356087.653035	1788356087.806581	284466072	284466328
2026-09-02T13:34:42Z	8dc0b5fea25671d6745a556bffb740d3866e189c	352c096f011eb282f12e6d4c12281340fac96b635a2879cc065d7637a6592872	raw	control	5.9.2	2264a8042763edf2620cfe32d96b096e1f3d26aa	5.9.2	2.55.0	1000	150	clean	18	0.405	0.405	0	0	0	na	1788356087.959876	1788356088.113294	284466694	284466930
2026-09-02T13:34:42Z	8dc0b5fea25671d6745a556bffb740d3866e189c	352c096f011eb282f12e6d4c12281340fac96b635a2879cc065d7637a6592872	raw	control	5.9.2	2264a8042763edf2620cfe32d96b096e1f3d26aa	5.9.2	2.55.0	1000	150	clean	19	0.449	0.449	0	0	0	na	1788356088.266815	1788356088.420280	284467184	284467413
2026-09-02T13:34:42Z	8dc0b5fea25671d6745a556bffb740d3866e189c	352c096f011eb282f12e6d4c12281340fac96b635a2879cc065d7637a6592872	raw	control	5.9.2	2264a8042763edf2620cfe32d96b096e1f3d26aa	5.9.2	2.55.0	1000	150	clean	20	0.424	0.424	0	0	0	na	1788356088.573607	1788356088.727404	284467654	284467932
2026-09-02T13:34:42Z	8dc0b5fea25671d6745a556bffb740d3866e189c	352c096f011eb282f12e6d4c12281340fac96b635a2879cc065d7637a6592872	raw	control	5.9.2	2264a8042763edf2620cfe32d96b096e1f3d26aa	5.9.2	2.55.0	1000	150	clean	21	0.465	0.465	0	0	0	na	1788356088.880810	1788356089.034345	284468159	284468437
2026-09-02T13:34:42Z	8dc0b5fea25671d6745a556bffb740d3866e189c	352c096f011eb282f12e6d4c12281340fac96b635a2879cc065d7637a6592872	raw	control	5.9.2	2264a8042763edf2620cfe32d96b096e1f3d26aa	5.9.2	2.55.0	1000	150	clean	22	0.418	0.418	0	0	0	na	1788356089.187855	1788356089.341440	284468668	284468919
2026-09-02T13:34:42Z	8dc0b5fea25671d6745a556bffb740d3866e189c	352c096f011eb282f12e6d4c12281340fac96b635a2879cc065d7637a6592872	raw	control	5.9.2	2264a8042763edf2620cfe32d96b096e1f3d26aa	5.9.2	2.55.0	1000	150	clean	23	0.479	0.479	0	0	0	na	1788356089.494967	1788356089.648628	284469117	284469346
2026-09-02T13:34:42Z	8dc0b5fea25671d6745a556bffb740d3866e189c	352c096f011eb282f12e6d4c12281340fac96b635a2879cc065d7637a6592872	raw	control	5.9.2	2264a8042763edf2620cfe32d96b096e1f3d26aa	5.9.2	2.55.0	1000	150	clean	24	0.410	0.410	0	0	0	na	1788356089.802110	1788356089.955252	284469615	284469854
2026-09-02T13:34:42Z	8dc0b5fea25671d6745a556bffb740d3866e189c	352c096f011eb282f12e6d4c12281340fac96b635a2879cc065d7637a6592872	raw	control	5.9.2	2264a8042763edf2620cfe32d96b096e1f3d26aa	5.9.2	2.55.0	1000	150	clean	25	0.465	0.465	0	0	0	na	1788356090.108468	1788356090.261749	284470140	284470358
2026-09-02T13:34:42Z	8dc0b5fea25671d6745a556bffb740d3866e189c	352c096f011eb282f12e6d4c12281340fac96b635a2879cc065d7637a6592872	raw	control	5.9.2	2264a8042763edf2620cfe32d96b096e1f3d26aa	5.9.2	2.55.0	1000	150	clean	26	0.414	0.414	0	0	0	na	1788356090.414974	1788356090.568279	284470566	284470731
2026-09-02T13:34:42Z	8dc0b5fea25671d6745a556bffb740d3866e189c	352c096f011eb282f12e6d4c12281340fac96b635a2879cc065d7637a6592872	raw	control	5.9.2	2264a8042763edf2620cfe32d96b096e1f3d26aa	5.9.2	2.55.0	1000	150	clean	27	0.427	0.427	0	0	0	na	1788356090.721418	1788356090.874706	284470933	284471122
2026-09-02T13:34:42Z	8dc0b5fea25671d6745a556bffb740d3866e189c	352c096f011eb282f12e6d4c12281340fac96b635a2879cc065d7637a6592872	raw	control	5.9.2	2264a8042763edf2620cfe32d96b096e1f3d26aa	5.9.2	2.55.0	1000	150	clean	28	0.423	0.423	0	0	0	na	1788356091.027893	1788356091.181262	284471356	284471580
2026-09-02T13:34:42Z	8dc0b5fea25671d6745a556bffb740d3866e189c	352c096f011eb282f12e6d4c12281340fac96b635a2879cc065d7637a6592872	raw	control	5.9.2	2264a8042763edf2620cfe32d96b096e1f3d26aa	5.9.2	2.55.0	1000	150	clean	29	0.433	0.433	0	0	0	na	1788356091.334460	1788356091.487924	284471792	284471989
2026-09-02T13:34:42Z	8dc0b5fea25671d6745a556bffb740d3866e189c	352c096f011eb282f12e6d4c12281340fac96b635a2879cc065d7637a6592872	raw	control	5.9.2	2264a8042763edf2620cfe32d96b096e1f3d26aa	5.9.2	2.55.0	1000	150	clean	30	0.415	0.415	0	0	0	na	1788356091.641234	1788356091.794694	284472201	284472396
2026-09-02T13:34:42Z	8dc0b5fea25671d6745a556bffb740d3866e189c	352c096f011eb282f12e6d4c12281340fac96b635a2879cc065d7637a6592872	raw	control	5.9.2	2264a8042763edf2620cfe32d96b096e1f3d26aa	5.9.2	2.55.0	1000	150	clean	31	0.421	0.421	0	0	0	na	1788356091.947934	1788356092.101486	284472624	284472883
2026-09-02T13:34:42Z	8dc0b5fea25671d6745a556bffb740d3866e189c	352c096f011eb282f12e6d4c12281340fac96b635a2879cc065d7637a6592872	raw	control	5.9.2	2264a8042763edf2620cfe32d96b096e1f3d26aa	5.9.2	2.55.0	1000	150	clean	32	0.454	0.454	0	0	0	na	1788356092.254876	1788356092.408433	284473056	284473345
2026-09-02T13:34:42Z	8dc0b5fea25671d6745a556bffb740d3866e189c	352c096f011eb282f12e6d4c12281340fac96b635a2879cc065d7637a6592872	raw	control	5.9.2	2264a8042763edf2620cfe32d96b096e1f3d26aa	5.9.2	2.55.0	1000	150	clean	33	0.400	0.400	0	0	0	na	1788356092.561898	1788356092.715499	284473639	284473834
2026-09-02T13:34:42Z	8dc0b5fea25671d6745a556bffb740d3866e189c	352c096f011eb282f12e6d4c12281340fac96b635a2879cc065d7637a6592872	raw	control	5.9.2	2264a8042763edf2620cfe32d96b096e1f3d26aa	5.9.2	2.55.0	1000	150	clean	34	0.447	0.447	0	0	0	na	1788356092.869268	1788356093.022961	284474039	284474337
2026-09-02T13:34:42Z	8dc0b5fea25671d6745a556bffb740d3866e189c	352c096f011eb282f12e6d4c12281340fac96b635a2879cc065d7637a6592872	raw	control	5.9.2	2264a8042763edf2620cfe32d96b096e1f3d26aa	5.9.2	2.55.0	1000	150	clean	35	0.411	0.411	0	0	0	na	1788356093.176289	1788356093.329561	284474724	284474970
2026-09-02T13:34:42Z	8dc0b5fea25671d6745a556bffb740d3866e189c	352c096f011eb282f12e6d4c12281340fac96b635a2879cc065d7637a6592872	raw	control	5.9.2	2264a8042763edf2620cfe32d96b096e1f3d26aa	5.9.2	2.55.0	1000	150	clean	36	0.392	0.392	0	0	0	na	1788356093.482729	1788356093.636166	284475201	284475431
2026-09-02T13:34:42Z	8dc0b5fea25671d6745a556bffb740d3866e189c	352c096f011eb282f12e6d4c12281340fac96b635a2879cc065d7637a6592872	raw	control	5.9.2	2264a8042763edf2620cfe32d96b096e1f3d26aa	5.9.2	2.55.0	1000	150	clean	37	0.476	0.476	0	0	0	na	1788356093.789645	1788356093.943343	284475668	284475897
2026-09-02T13:34:42Z	8dc0b5fea25671d6745a556bffb740d3866e189c	352c096f011eb282f12e6d4c12281340fac96b635a2879cc065d7637a6592872	raw	control	5.9.2	2264a8042763edf2620cfe32d96b096e1f3d26aa	5.9.2	2.55.0	1000	150	clean	38	0.420	0.420	0	0	0	na	1788356094.096820	1788356094.250482	284476161	284476411
2026-09-02T13:34:42Z	8dc0b5fea25671d6745a556bffb740d3866e189c	352c096f011eb282f12e6d4c12281340fac96b635a2879cc065d7637a6592872	raw	control	5.9.2	2264a8042763edf2620cfe32d96b096e1f3d26aa	5.9.2	2.55.0	1000	150	clean	39	0.469	0.469	0	0	0	na	1788356094.404003	1788356094.557690	284476683	284476916
2026-09-02T13:34:42Z	8dc0b5fea25671d6745a556bffb740d3866e189c	352c096f011eb282f12e6d4c12281340fac96b635a2879cc065d7637a6592872	raw	control	5.9.2	2264a8042763edf2620cfe32d96b096e1f3d26aa	5.9.2	2.55.0	1000	150	clean	40	0.418	0.418	0	0	0	na	1788356094.711060	1788356094.864576	284477278	284477982
2026-09-02T13:34:42Z	8dc0b5fea25671d6745a556bffb740d3866e189c	352c096f011eb282f12e6d4c12281340fac96b635a2879cc065d7637a6592872	raw	control	5.9.2	2264a8042763edf2620cfe32d96b096e1f3d26aa	5.9.2	2.55.0	1000	150	clean	41	0.474	0.474	0	0	0	na	1788356095.017885	1788356095.171530	284478188	284478411
2026-09-02T13:34:42Z	8dc0b5fea25671d6745a556bffb740d3866e189c	352c096f011eb282f12e6d4c12281340fac96b635a2879cc065d7637a6592872	raw	control	5.9.2	2264a8042763edf2620cfe32d96b096e1f3d26aa	5.9.2	2.55.0	1000	150	clean	42	0.459	0.459	0	0	0	na	1788356095.325155	1788356095.478799	284478699	284478887
2026-09-02T13:34:42Z	8dc0b5fea25671d6745a556bffb740d3866e189c	352c096f011eb282f12e6d4c12281340fac96b635a2879cc065d7637a6592872	raw	control	5.9.2	2264a8042763edf2620cfe32d96b096e1f3d26aa	5.9.2	2.55.0	1000	150	clean	43	0.404	0.404	0	0	0	na	1788356095.632265	1788356095.786004	284479111	284480077
2026-09-02T13:34:42Z	8dc0b5fea25671d6745a556bffb740d3866e189c	352c096f011eb282f12e6d4c12281340fac96b635a2879cc065d7637a6592872	raw	control	5.9.2	2264a8042763edf2620cfe32d96b096e1f3d26aa	5.9.2	2.55.0	1000	150	clean	44	0.415	0.415	0	0	0	na	1788356095.939314	1788356096.092933	284480353	284480707
2026-09-02T13:34:42Z	8dc0b5fea25671d6745a556bffb740d3866e189c	352c096f011eb282f12e6d4c12281340fac96b635a2879cc065d7637a6592872	raw	control	5.9.2	2264a8042763edf2620cfe32d96b096e1f3d26aa	5.9.2	2.55.0	1000	150	clean	45	0.429	0.429	0	0	0	na	1788356096.246439	1788356096.399973	284480998	284481226
2026-09-02T13:34:42Z	8dc0b5fea25671d6745a556bffb740d3866e189c	352c096f011eb282f12e6d4c12281340fac96b635a2879cc065d7637a6592872	raw	control	5.9.2	2264a8042763edf2620cfe32d96b096e1f3d26aa	5.9.2	2.55.0	1000	150	clean	46	0.457	0.457	0	0	0	na	1788356096.553330	1788356096.706902	284481446	284481651
2026-09-02T13:34:42Z	8dc0b5fea25671d6745a556bffb740d3866e189c	352c096f011eb282f12e6d4c12281340fac96b635a2879cc065d7637a6592872	raw	control	5.9.2	2264a8042763edf2620cfe32d96b096e1f3d26aa	5.9.2	2.55.0	1000	150	clean	47	0.413	0.413	0	0	0	na	1788356096.860261	1788356097.013758	284482078	284482302
2026-09-02T13:34:42Z	8dc0b5fea25671d6745a556bffb740d3866e189c	352c096f011eb282f12e6d4c12281340fac96b635a2879cc065d7637a6592872	raw	control	5.9.2	2264a8042763edf2620cfe32d96b096e1f3d26aa	5.9.2	2.55.0	1000	150	clean	48	0.499	0.499	0	0	0	na	1788356097.167106	1788356097.320591	284482494	284482698
2026-09-02T13:34:42Z	8dc0b5fea25671d6745a556bffb740d3866e189c	352c096f011eb282f12e6d4c12281340fac96b635a2879cc065d7637a6592872	raw	control	5.9.2	2264a8042763edf2620cfe32d96b096e1f3d26aa	5.9.2	2.55.0	1000	150	clean	49	0.401	0.401	0	0	0	na	1788356097.473732	1788356097.627152	284482884	284483077
2026-09-02T13:34:42Z	8dc0b5fea25671d6745a556bffb740d3866e189c	352c096f011eb282f12e6d4c12281340fac96b635a2879cc065d7637a6592872	raw	control	5.9.2	2264a8042763edf2620cfe32d96b096e1f3d26aa	5.9.2	2.55.0	1000	150	clean	50	0.445	0.445	0	0	0	na	1788356097.780430	1788356097.933948	284483364	284483601
2026-09-02T13:34:42Z	8dc0b5fea25671d6745a556bffb740d3866e189c	352c096f011eb282f12e6d4c12281340fac96b635a2879cc065d7637a6592872	raw	control	5.9.2	2264a8042763edf2620cfe32d96b096e1f3d26aa	5.9.2	2.55.0	1000	150	clean	51	0.484	0.484	0	0	0	na	1788356098.087566	1788356098.241124	284483802	284484018
2026-09-02T13:34:42Z	8dc0b5fea25671d6745a556bffb740d3866e189c	352c096f011eb282f12e6d4c12281340fac96b635a2879cc065d7637a6592872	raw	control	5.9.2	2264a8042763edf2620cfe32d96b096e1f3d26aa	5.9.2	2.55.0	1000	150	clean	52	0.501	0.501	0	0	0	na	1788356098.394750	1788356098.548310	284484252	284484503
2026-09-02T13:34:42Z	8dc0b5fea25671d6745a556bffb740d3866e189c	352c096f011eb282f12e6d4c12281340fac96b635a2879cc065d7637a6592872	raw	control	5.9.2	2264a8042763edf2620cfe32d96b096e1f3d26aa	5.9.2	2.55.0	1000	150	clean	53	0.448	0.448	0	0	0	na	1788356098.701557	1788356098.855080	284484712	284485519
2026-09-02T13:34:42Z	8dc0b5fea25671d6745a556bffb740d3866e189c	352c096f011eb282f12e6d4c12281340fac96b635a2879cc065d7637a6592872	raw	control	5.9.2	2264a8042763edf2620cfe32d96b096e1f3d26aa	5.9.2	2.55.0	1000	150	clean	54	0.451	0.451	0	0	0	na	1788356099.008488	1788356099.161894	284485709	284485885
2026-09-02T13:34:42Z	8dc0b5fea25671d6745a556bffb740d3866e189c	352c096f011eb282f12e6d4c12281340fac96b635a2879cc065d7637a6592872	raw	control	5.9.2	2264a8042763edf2620cfe32d96b096e1f3d26aa	5.9.2	2.55.0	1000	150	clean	55	0.429	0.429	0	0	0	na	1788356099.315154	1788356099.468554	284486071	284486294
2026-09-02T13:34:42Z	8dc0b5fea25671d6745a556bffb740d3866e189c	352c096f011eb282f12e6d4c12281340fac96b635a2879cc065d7637a6592872	raw	control	5.9.2	2264a8042763edf2620cfe32d96b096e1f3d26aa	5.9.2	2.55.0	1000	150	clean	56	0.415	0.415	0	0	0	na	1788356099.621860	1788356099.775281	284486508	284486717
2026-09-02T13:34:42Z	8dc0b5fea25671d6745a556bffb740d3866e189c	352c096f011eb282f12e6d4c12281340fac96b635a2879cc065d7637a6592872	raw	control	5.9.2	2264a8042763edf2620cfe32d96b096e1f3d26aa	5.9.2	2.55.0	1000	150	clean	57	0.443	0.443	0	0	0	na	1788356099.928752	1788356100.082311	284486934	284487196
2026-09-02T13:34:42Z	8dc0b5fea25671d6745a556bffb740d3866e189c	352c096f011eb282f12e6d4c12281340fac96b635a2879cc065d7637a6592872	raw	control	5.9.2	2264a8042763edf2620cfe32d96b096e1f3d26aa	5.9.2	2.55.0	1000	150	clean	58	0.435	0.435	0	0	0	na	1788356100.235839	1788356100.389360	284487478	284487796
2026-09-02T13:34:42Z	8dc0b5fea25671d6745a556bffb740d3866e189c	352c096f011eb282f12e6d4c12281340fac96b635a2879cc065d7637a6592872	raw	control	5.9.2	2264a8042763edf2620cfe32d96b096e1f3d26aa	5.9.2	2.55.0	1000	150	clean	59	0.426	0.426	0	0	0	na	1788356100.542799	1788356100.696849	284488063	284488895
2026-09-02T13:34:42Z	8dc0b5fea25671d6745a556bffb740d3866e189c	352c096f011eb282f12e6d4c12281340fac96b635a2879cc065d7637a6592872	raw	control	5.9.2	2264a8042763edf2620cfe32d96b096e1f3d26aa	5.9.2	2.55.0	1000	150	clean	60	0.420	0.420	0	0	0	na	1788356100.851322	1788356101.005119	284490018	284490722
2026-09-02T13:34:42Z	8dc0b5fea25671d6745a556bffb740d3866e189c	352c096f011eb282f12e6d4c12281340fac96b635a2879cc065d7637a6592872	raw	control	5.9.2	2264a8042763edf2620cfe32d96b096e1f3d26aa	5.9.2	2.55.0	1000	150	clean	61	0.426	0.426	0	0	0	na	1788356101.158564	1788356101.312374	284491018	284491372
2026-09-02T13:34:42Z	8dc0b5fea25671d6745a556bffb740d3866e189c	352c096f011eb282f12e6d4c12281340fac96b635a2879cc065d7637a6592872	raw	control	5.9.2	2264a8042763edf2620cfe32d96b096e1f3d26aa	5.9.2	2.55.0	1000	150	clean	62	0.481	0.481	0	0	0	na	1788356101.465926	1788356101.619619	284491620	284491899
2026-09-02T13:34:42Z	8dc0b5fea25671d6745a556bffb740d3866e189c	352c096f011eb282f12e6d4c12281340fac96b635a2879cc065d7637a6592872	raw	control	5.9.2	2264a8042763edf2620cfe32d96b096e1f3d26aa	5.9.2	2.55.0	1000	150	clean	63	0.431	0.431	0	0	0	na	1788356101.773010	1788356101.926680	284492149	284492412
2026-09-02T13:34:42Z	8dc0b5fea25671d6745a556bffb740d3866e189c	352c096f011eb282f12e6d4c12281340fac96b635a2879cc065d7637a6592872	raw	control	5.9.2	2264a8042763edf2620cfe32d96b096e1f3d26aa	5.9.2	2.55.0	1000	150	clean	64	0.421	0.421	0	0	0	na	1788356102.080439	1788356102.233927	284492685	284492910
2026-09-02T13:34:42Z	8dc0b5fea25671d6745a556bffb740d3866e189c	352c096f011eb282f12e6d4c12281340fac96b635a2879cc065d7637a6592872	raw	control	5.9.2	2264a8042763edf2620cfe32d96b096e1f3d26aa	5.9.2	2.55.0	1000	150	clean	65	0.412	0.412	0	0	0	na	1788356102.387313	1788356102.540791	284493123	284493329
2026-09-02T13:34:42Z	8dc0b5fea25671d6745a556bffb740d3866e189c	352c096f011eb282f12e6d4c12281340fac96b635a2879cc065d7637a6592872	raw	control	5.9.2	2264a8042763edf2620cfe32d96b096e1f3d26aa	5.9.2	2.55.0	1000	150	clean	66	0.467	0.467	0	0	0	na	1788356102.694468	1788356102.848281	284493538	284493735
2026-09-02T13:34:42Z	8dc0b5fea25671d6745a556bffb740d3866e189c	352c096f011eb282f12e6d4c12281340fac96b635a2879cc065d7637a6592872	raw	control	5.9.2	2264a8042763edf2620cfe32d96b096e1f3d26aa	5.9.2	2.55.0	1000	150	clean	67	0.443	0.443	0	0	0	na	1788356103.001600	1788356103.155156	284494031	284494252
2026-09-02T13:34:42Z	8dc0b5fea25671d6745a556bffb740d3866e189c	352c096f011eb282f12e6d4c12281340fac96b635a2879cc065d7637a6592872	raw	control	5.9.2	2264a8042763edf2620cfe32d96b096e1f3d26aa	5.9.2	2.55.0	1000	150	clean	68	0.468	0.468	0	0	0	na	1788356103.308689	1788356103.462122	284494487	284494703
2026-09-02T13:34:42Z	8dc0b5fea25671d6745a556bffb740d3866e189c	352c096f011eb282f12e6d4c12281340fac96b635a2879cc065d7637a6592872	raw	control	5.9.2	2264a8042763edf2620cfe32d96b096e1f3d26aa	5.9.2	2.55.0	1000	150	clean	69	0.396	0.396	0	0	0	na	1788356103.615576	1788356103.768902	284494879	284495092
2026-09-02T13:34:42Z	8dc0b5fea25671d6745a556bffb740d3866e189c	352c096f011eb282f12e6d4c12281340fac96b635a2879cc065d7637a6592872	raw	control	5.9.2	2264a8042763edf2620cfe32d96b096e1f3d26aa	5.9.2	2.55.0	1000	150	clean	70	0.481	0.481	0	0	0	na	1788356103.922309	1788356104.075852	284495321	284495529
2026-09-02T13:34:42Z	8dc0b5fea25671d6745a556bffb740d3866e189c	352c096f011eb282f12e6d4c12281340fac96b635a2879cc065d7637a6592872	raw	control	5.9.2	2264a8042763edf2620cfe32d96b096e1f3d26aa	5.9.2	2.55.0	1000	150	clean	71	0.398	0.398	0	0	0	na	1788356104.229326	1788356104.382783	284495739	284495939
2026-09-02T13:34:42Z	8dc0b5fea25671d6745a556bffb740d3866e189c	352c096f011eb282f12e6d4c12281340fac96b635a2879cc065d7637a6592872	raw	control	5.9.2	2264a8042763edf2620cfe32d96b096e1f3d26aa	5.9.2	2.55.0	1000	150	clean	72	0.406	0.406	0	0	0	na	1788356104.536043	1788356104.689402	284496183	284496420
2026-09-02T13:34:42Z	8dc0b5fea25671d6745a556bffb740d3866e189c	352c096f011eb282f12e6d4c12281340fac96b635a2879cc065d7637a6592872	raw	control	5.9.2	2264a8042763edf2620cfe32d96b096e1f3d26aa	5.9.2	2.55.0	1000	150	clean	73	0.423	0.423	0	0	0	na	1788356104.842914	1788356104.996374	284496665	284496889
2026-09-02T13:34:42Z	8dc0b5fea25671d6745a556bffb740d3866e189c	352c096f011eb282f12e6d4c12281340fac96b635a2879cc065d7637a6592872	raw	control	5.9.2	2264a8042763edf2620cfe32d96b096e1f3d26aa	5.9.2	2.55.0	1000	150	clean	74	0.410	0.410	0	0	0	na	1788356105.149676	1788356105.303097	284497072	284497262
2026-09-02T13:34:42Z	8dc0b5fea25671d6745a556bffb740d3866e189c	352c096f011eb282f12e6d4c12281340fac96b635a2879cc065d7637a6592872	raw	control	5.9.2	2264a8042763edf2620cfe32d96b096e1f3d26aa	5.9.2	2.55.0	1000	150	clean	75	0.443	0.443	0	0	0	na	1788356105.456434	1788356105.610007	284497472	284497652
2026-09-02T13:34:42Z	8dc0b5fea25671d6745a556bffb740d3866e189c	352c096f011eb282f12e6d4c12281340fac96b635a2879cc065d7637a6592872	raw	control	5.9.2	2264a8042763edf2620cfe32d96b096e1f3d26aa	5.9.2	2.55.0	1000	150	clean	76	0.457	0.457	0	0	0	na	1788356105.763535	1788356105.917192	284497875	284498114
2026-09-02T13:34:42Z	8dc0b5fea25671d6745a556bffb740d3866e189c	352c096f011eb282f12e6d4c12281340fac96b635a2879cc065d7637a6592872	raw	control	5.9.2	2264a8042763edf2620cfe32d96b096e1f3d26aa	5.9.2	2.55.0	1000	150	clean	77	0.416	0.416	0	0	0	na	1788356106.070631	1788356106.224318	284498321	284498475
2026-09-02T13:34:42Z	8dc0b5fea25671d6745a556bffb740d3866e189c	352c096f011eb282f12e6d4c12281340fac96b635a2879cc065d7637a6592872	raw	control	5.9.2	2264a8042763edf2620cfe32d96b096e1f3d26aa	5.9.2	2.55.0	1000	150	clean	78	0.404	0.404	0	0	0	na	1788356106.378269	1788356106.531899	284498636	284499077
2026-09-02T13:34:42Z	8dc0b5fea25671d6745a556bffb740d3866e189c	352c096f011eb282f12e6d4c12281340fac96b635a2879cc065d7637a6592872	raw	control	5.9.2	2264a8042763edf2620cfe32d96b096e1f3d26aa	5.9.2	2.55.0	1000	150	clean	79	0.415	0.415	0	0	0	na	1788356106.685551	1788356106.839149	284499407	284499888
2026-09-02T13:34:42Z	8dc0b5fea25671d6745a556bffb740d3866e189c	352c096f011eb282f12e6d4c12281340fac96b635a2879cc065d7637a6592872	raw	control	5.9.2	2264a8042763edf2620cfe32d96b096e1f3d26aa	5.9.2	2.55.0	1000	150	clean	80	0.501	0.501	0	0	0	na	1788356106.992775	1788356107.146660	284500302	284500735
2026-09-02T13:34:42Z	8dc0b5fea25671d6745a556bffb740d3866e189c	352c096f011eb282f12e6d4c12281340fac96b635a2879cc065d7637a6592872	raw	control	5.9.2	2264a8042763edf2620cfe32d96b096e1f3d26aa	5.9.2	2.55.0	1000	150	clean	81	0.408	0.408	0	0	0	na	1788356107.300436	1788356107.454152	284501487	284501847
2026-09-02T13:34:42Z	8dc0b5fea25671d6745a556bffb740d3866e189c	352c096f011eb282f12e6d4c12281340fac96b635a2879cc065d7637a6592872	raw	control	5.9.2	2264a8042763edf2620cfe32d96b096e1f3d26aa	5.9.2	2.55.0	1000	150	clean	82	0.458	0.458	0	0	0	na	1788356107.607626	1788356107.761332	284502011	284502165
2026-09-02T13:34:42Z	8dc0b5fea25671d6745a556bffb740d3866e189c	352c096f011eb282f12e6d4c12281340fac96b635a2879cc065d7637a6592872	raw	control	5.9.2	2264a8042763edf2620cfe32d96b096e1f3d26aa	5.9.2	2.55.0	1000	150	clean	83	0.433	0.433	0	0	0	na	1788356107.914809	1788356108.068563	284502537	284502968
2026-09-02T13:34:42Z	8dc0b5fea25671d6745a556bffb740d3866e189c	352c096f011eb282f12e6d4c12281340fac96b635a2879cc065d7637a6592872	raw	control	5.9.2	2264a8042763edf2620cfe32d96b096e1f3d26aa	5.9.2	2.55.0	1000	150	clean	84	0.432	0.432	0	0	0	na	1788356108.221809	1788356108.375465	284503115	284503299
2026-09-02T13:34:42Z	8dc0b5fea25671d6745a556bffb740d3866e189c	352c096f011eb282f12e6d4c12281340fac96b635a2879cc065d7637a6592872	raw	control	5.9.2	2264a8042763edf2620cfe32d96b096e1f3d26aa	5.9.2	2.55.0	1000	150	clean	85	0.431	0.431	0	0	0	na	1788356108.529520	1788356108.683726	284503502	284504093
2026-09-02T13:34:42Z	8dc0b5fea25671d6745a556bffb740d3866e189c	352c096f011eb282f12e6d4c12281340fac96b635a2879cc065d7637a6592872	raw	control	5.9.2	2264a8042763edf2620cfe32d96b096e1f3d26aa	5.9.2	2.55.0	1000	150	clean	86	0.436	0.436	0	0	0	na	1788356108.837764	1788356108.991656	284504455	284506460
2026-09-02T13:34:42Z	8dc0b5fea25671d6745a556bffb740d3866e189c	352c096f011eb282f12e6d4c12281340fac96b635a2879cc065d7637a6592872	raw	control	5.9.2	2264a8042763edf2620cfe32d96b096e1f3d26aa	5.9.2	2.55.0	1000	150	clean	87	0.413	0.413	0	0	0	na	1788356109.145459	1788356109.299846	284506972	284507391
2026-09-02T13:34:42Z	8dc0b5fea25671d6745a556bffb740d3866e189c	352c096f011eb282f12e6d4c12281340fac96b635a2879cc065d7637a6592872	raw	control	5.9.2	2264a8042763edf2620cfe32d96b096e1f3d26aa	5.9.2	2.55.0	1000	150	clean	88	0.429	0.429	0	0	0	na	1788356109.453917	1788356109.608681	284507666	284508084
2026-09-02T13:34:42Z	8dc0b5fea25671d6745a556bffb740d3866e189c	352c096f011eb282f12e6d4c12281340fac96b635a2879cc065d7637a6592872	raw	control	5.9.2	2264a8042763edf2620cfe32d96b096e1f3d26aa	5.9.2	2.55.0	1000	150	clean	89	0.457	0.457	0	0	0	na	1788356109.763071	1788356109.918558	284508738	284509318
2026-09-02T13:34:42Z	8dc0b5fea25671d6745a556bffb740d3866e189c	352c096f011eb282f12e6d4c12281340fac96b635a2879cc065d7637a6592872	raw	control	5.9.2	2264a8042763edf2620cfe32d96b096e1f3d26aa	5.9.2	2.55.0	1000	150	clean	90	0.430	0.430	0	0	0	na	1788356110.073253	1788356110.227094	284509686	284510018
2026-09-02T13:34:42Z	8dc0b5fea25671d6745a556bffb740d3866e189c	352c096f011eb282f12e6d4c12281340fac96b635a2879cc065d7637a6592872	raw	control	5.9.2	2264a8042763edf2620cfe32d96b096e1f3d26aa	5.9.2	2.55.0	1000	150	clean	91	0.432	0.432	0	0	0	na	1788356110.380879	1788356110.534918	284510427	284511114
2026-09-02T13:34:42Z	8dc0b5fea25671d6745a556bffb740d3866e189c	352c096f011eb282f12e6d4c12281340fac96b635a2879cc065d7637a6592872	raw	control	5.9.2	2264a8042763edf2620cfe32d96b096e1f3d26aa	5.9.2	2.55.0	1000	150	clean	92	0.477	0.477	0	0	0	na	1788356110.689671	1788356110.845510	284512085	284512905
2026-09-02T13:34:42Z	8dc0b5fea25671d6745a556bffb740d3866e189c	352c096f011eb282f12e6d4c12281340fac96b635a2879cc065d7637a6592872	raw	control	5.9.2	2264a8042763edf2620cfe32d96b096e1f3d26aa	5.9.2	2.55.0	1000	150	clean	93	0.560	0.560	0	0	0	na	1788356111.000742	1788356111.156566	284513601	284514411
2026-09-02T13:34:42Z	8dc0b5fea25671d6745a556bffb740d3866e189c	352c096f011eb282f12e6d4c12281340fac96b635a2879cc065d7637a6592872	raw	control	5.9.2	2264a8042763edf2620cfe32d96b096e1f3d26aa	5.9.2	2.55.0	1000	150	clean	94	0.630	0.630	0	0	0	na	1788356111.313471	1788356111.469012	284516359	284517103
2026-09-02T13:34:42Z	8dc0b5fea25671d6745a556bffb740d3866e189c	352c096f011eb282f12e6d4c12281340fac96b635a2879cc065d7637a6592872	raw	control	5.9.2	2264a8042763edf2620cfe32d96b096e1f3d26aa	5.9.2	2.55.0	1000	150	clean	95	0.760	0.760	0	0	0	na	1788356111.624230	1788356111.780120	284517916	284518404
2026-09-02T13:34:42Z	8dc0b5fea25671d6745a556bffb740d3866e189c	352c096f011eb282f12e6d4c12281340fac96b635a2879cc065d7637a6592872	raw	control	5.9.2	2264a8042763edf2620cfe32d96b096e1f3d26aa	5.9.2	2.55.0	1000	150	clean	96	0.502	0.502	0	0	0	na	1788356111.934786	1788356112.089716	284518919	284519358
2026-09-02T13:34:42Z	8dc0b5fea25671d6745a556bffb740d3866e189c	352c096f011eb282f12e6d4c12281340fac96b635a2879cc065d7637a6592872	raw	control	5.9.2	2264a8042763edf2620cfe32d96b096e1f3d26aa	5.9.2	2.55.0	1000	150	clean	97	0.468	0.468	0	0	0	na	1788356112.243794	1788356112.398206	284519650	284519739
2026-09-02T13:34:42Z	8dc0b5fea25671d6745a556bffb740d3866e189c	352c096f011eb282f12e6d4c12281340fac96b635a2879cc065d7637a6592872	raw	control	5.9.2	2264a8042763edf2620cfe32d96b096e1f3d26aa	5.9.2	2.55.0	1000	150	clean	98	0.521	0.521	0	0	0	na	1788356112.552565	1788356112.706251	284520941	284521118
2026-09-02T13:34:42Z	8dc0b5fea25671d6745a556bffb740d3866e189c	352c096f011eb282f12e6d4c12281340fac96b635a2879cc065d7637a6592872	raw	control	5.9.2	2264a8042763edf2620cfe32d96b096e1f3d26aa	5.9.2	2.55.0	1000	150	clean	99	0.457	0.457	0	0	0	na	1788356112.859685	1788356113.013238	284521319	284521578
2026-09-02T13:34:42Z	8dc0b5fea25671d6745a556bffb740d3866e189c	352c096f011eb282f12e6d4c12281340fac96b635a2879cc065d7637a6592872	raw	control	5.9.2	2264a8042763edf2620cfe32d96b096e1f3d26aa	5.9.2	2.55.0	1000	150	clean	100	0.364	0.364	0	0	0	na	1788356113.166627	1788356113.320202	284521787	284522005
2026-09-02T13:34:42Z	8dc0b5fea25671d6745a556bffb740d3866e189c	352c096f011eb282f12e6d4c12281340fac96b635a2879cc065d7637a6592872	raw	control	5.9.2	2264a8042763edf2620cfe32d96b096e1f3d26aa	5.9.2	2.55.0	1000	150	dirty	1	0.377	0.377	0	0	0	na	1788356113.501756	1788356113.654849	284522248	284522494
2026-09-02T13:34:42Z	8dc0b5fea25671d6745a556bffb740d3866e189c	352c096f011eb282f12e6d4c12281340fac96b635a2879cc065d7637a6592872	raw	control	5.9.2	2264a8042763edf2620cfe32d96b096e1f3d26aa	5.9.2	2.55.0	1000	150	dirty	2	0.446	0.446	0	0	0	na	1788356113.807942	1788356113.961418	284522682	284522872
2026-09-02T13:34:42Z	8dc0b5fea25671d6745a556bffb740d3866e189c	352c096f011eb282f12e6d4c12281340fac96b635a2879cc065d7637a6592872	raw	control	5.9.2	2264a8042763edf2620cfe32d96b096e1f3d26aa	5.9.2	2.55.0	1000	150	dirty	3	0.339	0.339	0	0	0	na	1788356114.114848	1788356114.268316	284523083	284523245
2026-09-02T13:34:42Z	8dc0b5fea25671d6745a556bffb740d3866e189c	352c096f011eb282f12e6d4c12281340fac96b635a2879cc065d7637a6592872	raw	control	5.9.2	2264a8042763edf2620cfe32d96b096e1f3d26aa	5.9.2	2.55.0	1000	150	dirty	4	0.323	0.323	0	0	0	na	1788356114.421580	1788356114.574957	284523409	284523584
2026-09-02T13:34:42Z	8dc0b5fea25671d6745a556bffb740d3866e189c	352c096f011eb282f12e6d4c12281340fac96b635a2879cc065d7637a6592872	raw	control	5.9.2	2264a8042763edf2620cfe32d96b096e1f3d26aa	5.9.2	2.55.0	1000	150	dirty	5	0.356	0.356	0	0	0	na	1788356114.728549	1788356114.881948	284523830	284523968
2026-09-02T13:34:42Z	8dc0b5fea25671d6745a556bffb740d3866e189c	352c096f011eb282f12e6d4c12281340fac96b635a2879cc065d7637a6592872	raw	control	5.9.2	2264a8042763edf2620cfe32d96b096e1f3d26aa	5.9.2	2.55.0	1000	150	dirty	6	0.377	0.377	0	0	0	na	1788356115.035513	1788356115.189008	284524183	284524411
2026-09-02T13:34:42Z	8dc0b5fea25671d6745a556bffb740d3866e189c	352c096f011eb282f12e6d4c12281340fac96b635a2879cc065d7637a6592872	raw	control	5.9.2	2264a8042763edf2620cfe32d96b096e1f3d26aa	5.9.2	2.55.0	1000	150	dirty	7	0.371	0.371	0	0	0	na	1788356115.342478	1788356115.496114	284524709	284525168
2026-09-02T13:34:42Z	8dc0b5fea25671d6745a556bffb740d3866e189c	352c096f011eb282f12e6d4c12281340fac96b635a2879cc065d7637a6592872	raw	control	5.9.2	2264a8042763edf2620cfe32d96b096e1f3d26aa	5.9.2	2.55.0	1000	150	dirty	8	0.408	0.408	0	0	0	na	1788356115.650337	1788356115.804109	284525529	284525824
2026-09-02T13:34:42Z	8dc0b5fea25671d6745a556bffb740d3866e189c	352c096f011eb282f12e6d4c12281340fac96b635a2879cc065d7637a6592872	raw	control	5.9.2	2264a8042763edf2620cfe32d96b096e1f3d26aa	5.9.2	2.55.0	1000	150	dirty	9	0.369	0.369	0	0	0	na	1788356115.957896	1788356116.111211	284526255	284526437
2026-09-02T13:34:42Z	8dc0b5fea25671d6745a556bffb740d3866e189c	352c096f011eb282f12e6d4c12281340fac96b635a2879cc065d7637a6592872	raw	control	5.9.2	2264a8042763edf2620cfe32d96b096e1f3d26aa	5.9.2	2.55.0	1000	150	dirty	10	0.400	0.400	0	0	0	na	1788356116.264751	1788356116.418406	284526693	284527109
2026-09-02T13:34:42Z	8dc0b5fea25671d6745a556bffb740d3866e189c	352c096f011eb282f12e6d4c12281340fac96b635a2879cc065d7637a6592872	raw	control	5.9.2	2264a8042763edf2620cfe32d96b096e1f3d26aa	5.9.2	2.55.0	1000	150	dirty	11	0.369	0.369	0	0	0	na	1788356116.572095	1788356116.725793	284527451	284527766
2026-09-02T13:34:42Z	8dc0b5fea25671d6745a556bffb740d3866e189c	352c096f011eb282f12e6d4c12281340fac96b635a2879cc065d7637a6592872	raw	control	5.9.2	2264a8042763edf2620cfe32d96b096e1f3d26aa	5.9.2	2.55.0	1000	150	dirty	12	0.408	0.408	0	0	0	na	1788356116.879423	1788356117.032788	284527993	284528192
2026-09-02T13:34:42Z	8dc0b5fea25671d6745a556bffb740d3866e189c	352c096f011eb282f12e6d4c12281340fac96b635a2879cc065d7637a6592872	raw	control	5.9.2	2264a8042763edf2620cfe32d96b096e1f3d26aa	5.9.2	2.55.0	1000	150	dirty	13	0.348	0.348	0	0	0	na	1788356117.186319	1788356117.339797	284528410	284528637
2026-09-02T13:34:42Z	8dc0b5fea25671d6745a556bffb740d3866e189c	352c096f011eb282f12e6d4c12281340fac96b635a2879cc065d7637a6592872	raw	control	5.9.2	2264a8042763edf2620cfe32d96b096e1f3d26aa	5.9.2	2.55.0	1000	150	dirty	14	0.418	0.418	0	0	0	na	1788356117.493304	1788356117.646996	284528853	284529036
2026-09-02T13:34:42Z	8dc0b5fea25671d6745a556bffb740d3866e189c	352c096f011eb282f12e6d4c12281340fac96b635a2879cc065d7637a6592872	raw	control	5.9.2	2264a8042763edf2620cfe32d96b096e1f3d26aa	5.9.2	2.55.0	1000	150	dirty	15	0.402	0.402	0	0	0	na	1788356117.800922	1788356117.954414	284529368	284529620
2026-09-02T13:34:42Z	8dc0b5fea25671d6745a556bffb740d3866e189c	352c096f011eb282f12e6d4c12281340fac96b635a2879cc065d7637a6592872	raw	control	5.9.2	2264a8042763edf2620cfe32d96b096e1f3d26aa	5.9.2	2.55.0	1000	150	dirty	16	0.405	0.405	0	0	0	na	1788356118.107919	1788356118.261461	284529806	284530039
2026-09-02T13:34:42Z	8dc0b5fea25671d6745a556bffb740d3866e189c	352c096f011eb282f12e6d4c12281340fac96b635a2879cc065d7637a6592872	raw	control	5.9.2	2264a8042763edf2620cfe32d96b096e1f3d26aa	5.9.2	2.55.0	1000	150	dirty	17	0.411	0.411	0	0	0	na	1788356118.414880	1788356118.568279	284530244	284530420
2026-09-02T13:34:42Z	8dc0b5fea25671d6745a556bffb740d3866e189c	352c096f011eb282f12e6d4c12281340fac96b635a2879cc065d7637a6592872	raw	control	5.9.2	2264a8042763edf2620cfe32d96b096e1f3d26aa	5.9.2	2.55.0	1000	150	dirty	18	0.348	0.348	0	0	0	na	1788356118.721655	1788356118.875112	284530606	284530882
2026-09-02T13:34:42Z	8dc0b5fea25671d6745a556bffb740d3866e189c	352c096f011eb282f12e6d4c12281340fac96b635a2879cc065d7637a6592872	raw	control	5.9.2	2264a8042763edf2620cfe32d96b096e1f3d26aa	5.9.2	2.55.0	1000	150	dirty	19	0.374	0.374	0	0	0	na	1788356119.028688	1788356119.182172	284531133	284531345
2026-09-02T13:34:42Z	8dc0b5fea25671d6745a556bffb740d3866e189c	352c096f011eb282f12e6d4c12281340fac96b635a2879cc065d7637a6592872	raw	control	5.9.2	2264a8042763edf2620cfe32d96b096e1f3d26aa	5.9.2	2.55.0	1000	150	dirty	20	0.354	0.354	0	0	0	na	1788356119.335786	1788356119.489263	284531555	284531761
2026-09-02T13:34:42Z	8dc0b5fea25671d6745a556bffb740d3866e189c	352c096f011eb282f12e6d4c12281340fac96b635a2879cc065d7637a6592872	raw	control	5.9.2	2264a8042763edf2620cfe32d96b096e1f3d26aa	5.9.2	2.55.0	1000	150	dirty	21	0.397	0.397	0	0	0	na	1788356119.642681	1788356119.796080	284531978	284532223
2026-09-02T13:34:42Z	8dc0b5fea25671d6745a556bffb740d3866e189c	352c096f011eb282f12e6d4c12281340fac96b635a2879cc065d7637a6592872	raw	control	5.9.2	2264a8042763edf2620cfe32d96b096e1f3d26aa	5.9.2	2.55.0	1000	150	dirty	22	0.365	0.365	0	0	0	na	1788356119.949583	1788356120.103045	284532407	284532661
2026-09-02T13:34:42Z	8dc0b5fea25671d6745a556bffb740d3866e189c	352c096f011eb282f12e6d4c12281340fac96b635a2879cc065d7637a6592872	raw	control	5.9.2	2264a8042763edf2620cfe32d96b096e1f3d26aa	5.9.2	2.55.0	1000	150	dirty	23	0.387	0.387	0	0	0	na	1788356120.256666	1788356120.410317	284532970	284533311
2026-09-02T13:34:42Z	8dc0b5fea25671d6745a556bffb740d3866e189c	352c096f011eb282f12e6d4c12281340fac96b635a2879cc065d7637a6592872	raw	control	5.9.2	2264a8042763edf2620cfe32d96b096e1f3d26aa	5.9.2	2.55.0	1000	150	dirty	24	0.371	0.371	0	0	0	na	1788356120.563956	1788356120.717379	284533553	284533809
2026-09-02T13:34:42Z	8dc0b5fea25671d6745a556bffb740d3866e189c	352c096f011eb282f12e6d4c12281340fac96b635a2879cc065d7637a6592872	raw	control	5.9.2	2264a8042763edf2620cfe32d96b096e1f3d26aa	5.9.2	2.55.0	1000	150	dirty	25	0.450	0.450	0	0	0	na	1788356120.870781	1788356121.024339	284534061	284534357
2026-09-02T13:34:42Z	8dc0b5fea25671d6745a556bffb740d3866e189c	352c096f011eb282f12e6d4c12281340fac96b635a2879cc065d7637a6592872	raw	control	5.9.2	2264a8042763edf2620cfe32d96b096e1f3d26aa	5.9.2	2.55.0	1000	150	dirty	26	0.457	0.457	0	0	0	na	1788356121.177913	1788356121.331427	284534620	284534901
2026-09-02T13:34:42Z	8dc0b5fea25671d6745a556bffb740d3866e189c	352c096f011eb282f12e6d4c12281340fac96b635a2879cc065d7637a6592872	raw	control	5.9.2	2264a8042763edf2620cfe32d96b096e1f3d26aa	5.9.2	2.55.0	1000	150	dirty	27	0.362	0.362	0	0	0	na	1788356121.484817	1788356121.638020	284535126	284535364
2026-09-02T13:34:42Z	8dc0b5fea25671d6745a556bffb740d3866e189c	352c096f011eb282f12e6d4c12281340fac96b635a2879cc065d7637a6592872	raw	control	5.9.2	2264a8042763edf2620cfe32d96b096e1f3d26aa	5.9.2	2.55.0	1000	150	dirty	28	0.357	0.357	0	0	0	na	1788356121.791480	1788356121.944943	284535763	284535956
2026-09-02T13:34:42Z	8dc0b5fea25671d6745a556bffb740d3866e189c	352c096f011eb282f12e6d4c12281340fac96b635a2879cc065d7637a6592872	raw	control	5.9.2	2264a8042763edf2620cfe32d96b096e1f3d26aa	5.9.2	2.55.0	1000	150	dirty	29	0.394	0.394	0	0	0	na	1788356122.098468	1788356122.251925	284536150	284536382
2026-09-02T13:34:42Z	8dc0b5fea25671d6745a556bffb740d3866e189c	352c096f011eb282f12e6d4c12281340fac96b635a2879cc065d7637a6592872	raw	control	5.9.2	2264a8042763edf2620cfe32d96b096e1f3d26aa	5.9.2	2.55.0	1000	150	dirty	30	0.352	0.352	0	0	0	na	1788356122.405379	1788356122.558765	284536609	284536862
2026-09-02T13:34:42Z	8dc0b5fea25671d6745a556bffb740d3866e189c	352c096f011eb282f12e6d4c12281340fac96b635a2879cc065d7637a6592872	raw	control	5.9.2	2264a8042763edf2620cfe32d96b096e1f3d26aa	5.9.2	2.55.0	1000	150	dirty	31	0.347	0.347	0	0	0	na	1788356122.712322	1788356122.865752	284537081	284537321
2026-09-02T13:34:42Z	8dc0b5fea25671d6745a556bffb740d3866e189c	352c096f011eb282f12e6d4c12281340fac96b635a2879cc065d7637a6592872	raw	control	5.9.2	2264a8042763edf2620cfe32d96b096e1f3d26aa	5.9.2	2.55.0	1000	150	dirty	32	0.345	0.345	0	0	0	na	1788356123.019291	1788356123.172673	284537536	284537795
2026-09-02T13:34:42Z	8dc0b5fea25671d6745a556bffb740d3866e189c	352c096f011eb282f12e6d4c12281340fac96b635a2879cc065d7637a6592872	raw	control	5.9.2	2264a8042763edf2620cfe32d96b096e1f3d26aa	5.9.2	2.55.0	1000	150	dirty	33	0.344	0.344	0	0	0	na	1788356123.326084	1788356123.479821	284538014	284538263
2026-09-02T13:34:42Z	8dc0b5fea25671d6745a556bffb740d3866e189c	352c096f011eb282f12e6d4c12281340fac96b635a2879cc065d7637a6592872	raw	control	5.9.2	2264a8042763edf2620cfe32d96b096e1f3d26aa	5.9.2	2.55.0	1000	150	dirty	34	0.351	0.351	0	0	0	na	1788356123.633370	1788356123.786906	284538450	284538788
2026-09-02T13:34:42Z	8dc0b5fea25671d6745a556bffb740d3866e189c	352c096f011eb282f12e6d4c12281340fac96b635a2879cc065d7637a6592872	raw	control	5.9.2	2264a8042763edf2620cfe32d96b096e1f3d26aa	5.9.2	2.55.0	1000	150	dirty	35	0.350	0.350	0	0	0	na	1788356123.940495	1788356124.093830	284539072	284539268
2026-09-02T13:34:42Z	8dc0b5fea25671d6745a556bffb740d3866e189c	352c096f011eb282f12e6d4c12281340fac96b635a2879cc065d7637a6592872	raw	control	5.9.2	2264a8042763edf2620cfe32d96b096e1f3d26aa	5.9.2	2.55.0	1000	150	dirty	36	0.399	0.399	0	0	0	na	1788356124.247339	1788356124.400920	284539491	284539703
2026-09-02T13:34:42Z	8dc0b5fea25671d6745a556bffb740d3866e189c	352c096f011eb282f12e6d4c12281340fac96b635a2879cc065d7637a6592872	raw	control	5.9.2	2264a8042763edf2620cfe32d96b096e1f3d26aa	5.9.2	2.55.0	1000	150	dirty	37	0.370	0.370	0	0	0	na	1788356124.554272	1788356124.707673	284539941	284540196
2026-09-02T13:34:42Z	8dc0b5fea25671d6745a556bffb740d3866e189c	352c096f011eb282f12e6d4c12281340fac96b635a2879cc065d7637a6592872	raw	control	5.9.2	2264a8042763edf2620cfe32d96b096e1f3d26aa	5.9.2	2.55.0	1000	150	dirty	38	0.451	0.451	0	0	0	na	1788356124.861381	1788356125.015321	284540462	284540816
2026-09-02T13:34:42Z	8dc0b5fea25671d6745a556bffb740d3866e189c	352c096f011eb282f12e6d4c12281340fac96b635a2879cc065d7637a6592872	raw	control	5.9.2	2264a8042763edf2620cfe32d96b096e1f3d26aa	5.9.2	2.55.0	1000	150	dirty	39	0.380	0.380	0	0	0	na	1788356125.168897	1788356125.322484	284541348	284541752
2026-09-02T13:34:42Z	8dc0b5fea25671d6745a556bffb740d3866e189c	352c096f011eb282f12e6d4c12281340fac96b635a2879cc065d7637a6592872	raw	control	5.9.2	2264a8042763edf2620cfe32d96b096e1f3d26aa	5.9.2	2.55.0	1000	150	dirty	40	0.384	0.384	0	0	0	na	1788356125.475689	1788356125.628942	284542054	284542251
2026-09-02T13:34:42Z	8dc0b5fea25671d6745a556bffb740d3866e189c	352c096f011eb282f12e6d4c12281340fac96b635a2879cc065d7637a6592872	raw	control	5.9.2	2264a8042763edf2620cfe32d96b096e1f3d26aa	5.9.2	2.55.0	1000	150	dirty	41	0.382	0.382	0	0	0	na	1788356125.782452	1788356125.936170	284542647	284543074
2026-09-02T13:34:42Z	8dc0b5fea25671d6745a556bffb740d3866e189c	352c096f011eb282f12e6d4c12281340fac96b635a2879cc065d7637a6592872	raw	control	5.9.2	2264a8042763edf2620cfe32d96b096e1f3d26aa	5.9.2	2.55.0	1000	150	dirty	42	0.363	0.363	0	0	0	na	1788356126.089629	1788356126.242924	284543247	284543501
2026-09-02T13:34:42Z	8dc0b5fea25671d6745a556bffb740d3866e189c	352c096f011eb282f12e6d4c12281340fac96b635a2879cc065d7637a6592872	raw	control	5.9.2	2264a8042763edf2620cfe32d96b096e1f3d26aa	5.9.2	2.55.0	1000	150	dirty	43	0.383	0.383	0	0	0	na	1788356126.396312	1788356126.549528	284543828	284543955
2026-09-02T13:34:42Z	8dc0b5fea25671d6745a556bffb740d3866e189c	352c096f011eb282f12e6d4c12281340fac96b635a2879cc065d7637a6592872	raw	control	5.9.2	2264a8042763edf2620cfe32d96b096e1f3d26aa	5.9.2	2.55.0	1000	150	dirty	44	0.328	0.328	0	0	0	na	1788356126.702680	1788356126.856251	284544123	284544422
2026-09-02T13:34:42Z	8dc0b5fea25671d6745a556bffb740d3866e189c	352c096f011eb282f12e6d4c12281340fac96b635a2879cc065d7637a6592872	raw	control	5.9.2	2264a8042763edf2620cfe32d96b096e1f3d26aa	5.9.2	2.55.0	1000	150	dirty	45	0.328	0.328	0	0	0	na	1788356127.009682	1788356127.163286	284544704	284544952
2026-09-02T13:34:42Z	8dc0b5fea25671d6745a556bffb740d3866e189c	352c096f011eb282f12e6d4c12281340fac96b635a2879cc065d7637a6592872	raw	control	5.9.2	2264a8042763edf2620cfe32d96b096e1f3d26aa	5.9.2	2.55.0	1000	150	dirty	46	0.338	0.338	0	0	0	na	1788356127.316925	1788356127.470661	284545228	284545462
2026-09-02T13:34:42Z	8dc0b5fea25671d6745a556bffb740d3866e189c	352c096f011eb282f12e6d4c12281340fac96b635a2879cc065d7637a6592872	raw	control	5.9.2	2264a8042763edf2620cfe32d96b096e1f3d26aa	5.9.2	2.55.0	1000	150	dirty	47	0.333	0.333	0	0	0	na	1788356127.624406	1788356127.777888	284546035	284546235
2026-09-02T13:34:42Z	8dc0b5fea25671d6745a556bffb740d3866e189c	352c096f011eb282f12e6d4c12281340fac96b635a2879cc065d7637a6592872	raw	control	5.9.2	2264a8042763edf2620cfe32d96b096e1f3d26aa	5.9.2	2.55.0	1000	150	dirty	48	0.343	0.343	0	0	0	na	1788356127.931869	1788356128.085384	284547336	284547730
2026-09-02T13:34:42Z	8dc0b5fea25671d6745a556bffb740d3866e189c	352c096f011eb282f12e6d4c12281340fac96b635a2879cc065d7637a6592872	raw	control	5.9.2	2264a8042763edf2620cfe32d96b096e1f3d26aa	5.9.2	2.55.0	1000	150	dirty	49	0.362	0.362	0	0	0	na	1788356128.239249	1788356128.393086	284548270	284548468
2026-09-02T13:34:42Z	8dc0b5fea25671d6745a556bffb740d3866e189c	352c096f011eb282f12e6d4c12281340fac96b635a2879cc065d7637a6592872	raw	control	5.9.2	2264a8042763edf2620cfe32d96b096e1f3d26aa	5.9.2	2.55.0	1000	150	dirty	50	0.362	0.362	0	0	0	na	1788356128.546987	1788356128.700602	284548675	284549016
2026-09-02T13:34:42Z	8dc0b5fea25671d6745a556bffb740d3866e189c	352c096f011eb282f12e6d4c12281340fac96b635a2879cc065d7637a6592872	raw	control	5.9.2	2264a8042763edf2620cfe32d96b096e1f3d26aa	5.9.2	2.55.0	1000	150	dirty	51	0.355	0.355	0	0	0	na	1788356128.854231	1788356129.007611	284549396	284549689
2026-09-02T13:34:42Z	8dc0b5fea25671d6745a556bffb740d3866e189c	352c096f011eb282f12e6d4c12281340fac96b635a2879cc065d7637a6592872	raw	control	5.9.2	2264a8042763edf2620cfe32d96b096e1f3d26aa	5.9.2	2.55.0	1000	150	dirty	52	0.348	0.348	0	0	0	na	1788356129.161165	1788356129.314580	284549862	284550109
2026-09-02T13:34:42Z	8dc0b5fea25671d6745a556bffb740d3866e189c	352c096f011eb282f12e6d4c12281340fac96b635a2879cc065d7637a6592872	raw	control	5.9.2	2264a8042763edf2620cfe32d96b096e1f3d26aa	5.9.2	2.55.0	1000	150	dirty	53	0.356	0.356	0	0	0	na	1788356129.467948	1788356129.621387	284550476	284550691
2026-09-02T13:34:42Z	8dc0b5fea25671d6745a556bffb740d3866e189c	352c096f011eb282f12e6d4c12281340fac96b635a2879cc065d7637a6592872	raw	control	5.9.2	2264a8042763edf2620cfe32d96b096e1f3d26aa	5.9.2	2.55.0	1000	150	dirty	54	0.408	0.408	0	0	0	na	1788356129.774869	1788356129.928514	284550936	284551161
2026-09-02T13:34:42Z	8dc0b5fea25671d6745a556bffb740d3866e189c	352c096f011eb282f12e6d4c12281340fac96b635a2879cc065d7637a6592872	raw	control	5.9.2	2264a8042763edf2620cfe32d96b096e1f3d26aa	5.9.2	2.55.0	1000	150	dirty	55	0.342	0.342	0	0	0	na	1788356130.082209	1788356130.235601	284551349	284551544
2026-09-02T13:34:42Z	8dc0b5fea25671d6745a556bffb740d3866e189c	352c096f011eb282f12e6d4c12281340fac96b635a2879cc065d7637a6592872	raw	control	5.9.2	2264a8042763edf2620cfe32d96b096e1f3d26aa	5.9.2	2.55.0	1000	150	dirty	56	0.339	0.339	0	0	0	na	1788356130.389202	1788356130.542518	284551746	284551930
2026-09-02T13:34:42Z	8dc0b5fea25671d6745a556bffb740d3866e189c	352c096f011eb282f12e6d4c12281340fac96b635a2879cc065d7637a6592872	raw	control	5.9.2	2264a8042763edf2620cfe32d96b096e1f3d26aa	5.9.2	2.55.0	1000	150	dirty	57	0.333	0.333	0	0	0	na	1788356130.696312	1788356130.849782	284552169	284552427
2026-09-02T13:34:42Z	8dc0b5fea25671d6745a556bffb740d3866e189c	352c096f011eb282f12e6d4c12281340fac96b635a2879cc065d7637a6592872	raw	control	5.9.2	2264a8042763edf2620cfe32d96b096e1f3d26aa	5.9.2	2.55.0	1000	150	dirty	58	0.355	0.355	0	0	0	na	1788356131.003249	1788356131.156750	284552635	284552844
2026-09-02T13:34:42Z	8dc0b5fea25671d6745a556bffb740d3866e189c	352c096f011eb282f12e6d4c12281340fac96b635a2879cc065d7637a6592872	raw	control	5.9.2	2264a8042763edf2620cfe32d96b096e1f3d26aa	5.9.2	2.55.0	1000	150	dirty	59	0.345	0.345	0	0	0	na	1788356131.310255	1788356131.463718	284553043	284553234
2026-09-02T13:34:42Z	8dc0b5fea25671d6745a556bffb740d3866e189c	352c096f011eb282f12e6d4c12281340fac96b635a2879cc065d7637a6592872	raw	control	5.9.2	2264a8042763edf2620cfe32d96b096e1f3d26aa	5.9.2	2.55.0	1000	150	dirty	60	0.355	0.355	0	0	0	na	1788356131.617205	1788356131.770698	284553442	284553630
2026-09-02T13:34:42Z	8dc0b5fea25671d6745a556bffb740d3866e189c	352c096f011eb282f12e6d4c12281340fac96b635a2879cc065d7637a6592872	raw	control	5.9.2	2264a8042763edf2620cfe32d96b096e1f3d26aa	5.9.2	2.55.0	1000	150	dirty	61	0.358	0.358	0	0	0	na	1788356131.923950	1788356132.077230	284553801	284553965
2026-09-02T13:34:42Z	8dc0b5fea25671d6745a556bffb740d3866e189c	352c096f011eb282f12e6d4c12281340fac96b635a2879cc065d7637a6592872	raw	control	5.9.2	2264a8042763edf2620cfe32d96b096e1f3d26aa	5.9.2	2.55.0	1000	150	dirty	62	0.337	0.337	0	0	0	na	1788356132.230469	1788356132.383672	284554160	284554317
2026-09-02T13:34:42Z	8dc0b5fea25671d6745a556bffb740d3866e189c	352c096f011eb282f12e6d4c12281340fac96b635a2879cc065d7637a6592872	raw	control	5.9.2	2264a8042763edf2620cfe32d96b096e1f3d26aa	5.9.2	2.55.0	1000	150	dirty	63	0.357	0.357	0	0	0	na	1788356132.537102	1788356132.690522	284554508	284554807
2026-09-02T13:34:42Z	8dc0b5fea25671d6745a556bffb740d3866e189c	352c096f011eb282f12e6d4c12281340fac96b635a2879cc065d7637a6592872	raw	control	5.9.2	2264a8042763edf2620cfe32d96b096e1f3d26aa	5.9.2	2.55.0	1000	150	dirty	64	0.402	0.402	0	0	0	na	1788356132.844071	1788356132.997633	284555143	284555346
2026-09-02T13:34:42Z	8dc0b5fea25671d6745a556bffb740d3866e189c	352c096f011eb282f12e6d4c12281340fac96b635a2879cc065d7637a6592872	raw	control	5.9.2	2264a8042763edf2620cfe32d96b096e1f3d26aa	5.9.2	2.55.0	1000	150	dirty	65	0.319	0.319	0	0	0	na	1788356133.151153	1788356133.304736	284555674	284555928
2026-09-02T13:34:42Z	8dc0b5fea25671d6745a556bffb740d3866e189c	352c096f011eb282f12e6d4c12281340fac96b635a2879cc065d7637a6592872	raw	control	5.9.2	2264a8042763edf2620cfe32d96b096e1f3d26aa	5.9.2	2.55.0	1000	150	dirty	66	0.367	0.367	0	0	0	na	1788356133.458243	1788356133.611799	284556112	284556346
2026-09-02T13:34:42Z	8dc0b5fea25671d6745a556bffb740d3866e189c	352c096f011eb282f12e6d4c12281340fac96b635a2879cc065d7637a6592872	raw	control	5.9.2	2264a8042763edf2620cfe32d96b096e1f3d26aa	5.9.2	2.55.0	1000	150	dirty	67	0.312	0.312	0	0	0	na	1788356133.765259	1788356133.918797	284556575	284556846
2026-09-02T13:34:42Z	8dc0b5fea25671d6745a556bffb740d3866e189c	352c096f011eb282f12e6d4c12281340fac96b635a2879cc065d7637a6592872	raw	control	5.9.2	2264a8042763edf2620cfe32d96b096e1f3d26aa	5.9.2	2.55.0	1000	150	dirty	68	0.326	0.326	0	0	0	na	1788356134.072406	1788356134.225854	284557059	284557292
2026-09-02T13:34:42Z	8dc0b5fea25671d6745a556bffb740d3866e189c	352c096f011eb282f12e6d4c12281340fac96b635a2879cc065d7637a6592872	raw	control	5.9.2	2264a8042763edf2620cfe32d96b096e1f3d26aa	5.9.2	2.55.0	1000	150	dirty	69	0.393	0.393	0	0	0	na	1788356134.378902	1788356134.532003	284557621	284557852
2026-09-02T13:34:42Z	8dc0b5fea25671d6745a556bffb740d3866e189c	352c096f011eb282f12e6d4c12281340fac96b635a2879cc065d7637a6592872	raw	control	5.9.2	2264a8042763edf2620cfe32d96b096e1f3d26aa	5.9.2	2.55.0	1000	150	dirty	70	0.361	0.361	0	0	0	na	1788356134.684972	1788356134.838368	284558067	284558497
2026-09-02T13:34:42Z	8dc0b5fea25671d6745a556bffb740d3866e189c	352c096f011eb282f12e6d4c12281340fac96b635a2879cc065d7637a6592872	raw	control	5.9.2	2264a8042763edf2620cfe32d96b096e1f3d26aa	5.9.2	2.55.0	1000	150	dirty	71	0.353	0.353	0	0	0	na	1788356134.991928	1788356135.145501	284558741	284558958
2026-09-02T13:34:42Z	8dc0b5fea25671d6745a556bffb740d3866e189c	352c096f011eb282f12e6d4c12281340fac96b635a2879cc065d7637a6592872	raw	control	5.9.2	2264a8042763edf2620cfe32d96b096e1f3d26aa	5.9.2	2.55.0	1000	150	dirty	72	0.361	0.361	0	0	0	na	1788356135.298873	1788356135.452490	284559176	284559423
2026-09-02T13:34:42Z	8dc0b5fea25671d6745a556bffb740d3866e189c	352c096f011eb282f12e6d4c12281340fac96b635a2879cc065d7637a6592872	raw	control	5.9.2	2264a8042763edf2620cfe32d96b096e1f3d26aa	5.9.2	2.55.0	1000	150	dirty	73	0.344	0.344	0	0	0	na	1788356135.606063	1788356135.759533	284559664	284559862
2026-09-02T13:34:42Z	8dc0b5fea25671d6745a556bffb740d3866e189c	352c096f011eb282f12e6d4c12281340fac96b635a2879cc065d7637a6592872	raw	control	5.9.2	2264a8042763edf2620cfe32d96b096e1f3d26aa	5.9.2	2.55.0	1000	150	dirty	74	0.354	0.354	0	0	0	na	1788356135.912902	1788356136.066445	284560191	284560403
2026-09-02T13:34:42Z	8dc0b5fea25671d6745a556bffb740d3866e189c	352c096f011eb282f12e6d4c12281340fac96b635a2879cc065d7637a6592872	raw	control	5.9.2	2264a8042763edf2620cfe32d96b096e1f3d26aa	5.9.2	2.55.0	1000	150	dirty	75	0.424	0.424	0	0	0	na	1788356136.219927	1788356136.373453	284560614	284560823
2026-09-02T13:34:42Z	8dc0b5fea25671d6745a556bffb740d3866e189c	352c096f011eb282f12e6d4c12281340fac96b635a2879cc065d7637a6592872	raw	control	5.9.2	2264a8042763edf2620cfe32d96b096e1f3d26aa	5.9.2	2.55.0	1000	150	dirty	76	0.420	0.420	0	0	0	na	1788356136.526964	1788356136.680452	284561042	284561251
2026-09-02T13:34:42Z	8dc0b5fea25671d6745a556bffb740d3866e189c	352c096f011eb282f12e6d4c12281340fac96b635a2879cc065d7637a6592872	raw	control	5.9.2	2264a8042763edf2620cfe32d96b096e1f3d26aa	5.9.2	2.55.0	1000	150	dirty	77	0.379	0.379	0	0	0	na	1788356136.833769	1788356136.987481	284561510	284561705
2026-09-02T13:34:42Z	8dc0b5fea25671d6745a556bffb740d3866e189c	352c096f011eb282f12e6d4c12281340fac96b635a2879cc065d7637a6592872	raw	control	5.9.2	2264a8042763edf2620cfe32d96b096e1f3d26aa	5.9.2	2.55.0	1000	150	dirty	78	0.368	0.368	0	0	0	na	1788356137.141305	1788356137.295086	284562608	284563184
2026-09-02T13:34:42Z	8dc0b5fea25671d6745a556bffb740d3866e189c	352c096f011eb282f12e6d4c12281340fac96b635a2879cc065d7637a6592872	raw	control	5.9.2	2264a8042763edf2620cfe32d96b096e1f3d26aa	5.9.2	2.55.0	1000	150	dirty	79	0.348	0.348	0	0	0	na	1788356137.448470	1788356137.601903	284563402	284563701
2026-09-02T13:34:42Z	8dc0b5fea25671d6745a556bffb740d3866e189c	352c096f011eb282f12e6d4c12281340fac96b635a2879cc065d7637a6592872	raw	control	5.9.2	2264a8042763edf2620cfe32d96b096e1f3d26aa	5.9.2	2.55.0	1000	150	dirty	80	0.336	0.336	0	0	0	na	1788356137.755451	1788356137.908959	284563891	284564243
2026-09-02T13:34:42Z	8dc0b5fea25671d6745a556bffb740d3866e189c	352c096f011eb282f12e6d4c12281340fac96b635a2879cc065d7637a6592872	raw	control	5.9.2	2264a8042763edf2620cfe32d96b096e1f3d26aa	5.9.2	2.55.0	1000	150	dirty	81	0.365	0.365	0	0	0	na	1788356138.062452	1788356138.216084	284564516	284564707
2026-09-02T13:34:42Z	8dc0b5fea25671d6745a556bffb740d3866e189c	352c096f011eb282f12e6d4c12281340fac96b635a2879cc065d7637a6592872	raw	control	5.9.2	2264a8042763edf2620cfe32d96b096e1f3d26aa	5.9.2	2.55.0	1000	150	dirty	82	0.334	0.334	0	0	0	na	1788356138.369546	1788356138.522897	284564915	284565090
2026-09-02T13:34:42Z	8dc0b5fea25671d6745a556bffb740d3866e189c	352c096f011eb282f12e6d4c12281340fac96b635a2879cc065d7637a6592872	raw	control	5.9.2	2264a8042763edf2620cfe32d96b096e1f3d26aa	5.9.2	2.55.0	1000	150	dirty	83	0.397	0.397	0	0	0	na	1788356138.676328	1788356138.829893	284565278	284565501
2026-09-02T13:34:42Z	8dc0b5fea25671d6745a556bffb740d3866e189c	352c096f011eb282f12e6d4c12281340fac96b635a2879cc065d7637a6592872	raw	control	5.9.2	2264a8042763edf2620cfe32d96b096e1f3d26aa	5.9.2	2.55.0	1000	150	dirty	84	0.360	0.360	0	0	0	na	1788356138.983528	1788356139.137029	284565746	284565971
2026-09-02T13:34:42Z	8dc0b5fea25671d6745a556bffb740d3866e189c	352c096f011eb282f12e6d4c12281340fac96b635a2879cc065d7637a6592872	raw	control	5.9.2	2264a8042763edf2620cfe32d96b096e1f3d26aa	5.9.2	2.55.0	1000	150	dirty	85	0.409	0.409	0	0	0	na	1788356139.290499	1788356139.444339	284566202	284566417
2026-09-02T13:34:42Z	8dc0b5fea25671d6745a556bffb740d3866e189c	352c096f011eb282f12e6d4c12281340fac96b635a2879cc065d7637a6592872	raw	control	5.9.2	2264a8042763edf2620cfe32d96b096e1f3d26aa	5.9.2	2.55.0	1000	150	dirty	86	0.434	0.434	0	0	0	na	1788356139.598013	1788356139.752229	284566583	284567040
2026-09-02T13:34:42Z	8dc0b5fea25671d6745a556bffb740d3866e189c	352c096f011eb282f12e6d4c12281340fac96b635a2879cc065d7637a6592872	raw	control	5.9.2	2264a8042763edf2620cfe32d96b096e1f3d26aa	5.9.2	2.55.0	1000	150	dirty	87	0.351	0.351	0	0	0	na	1788356139.906091	1788356140.059764	284567385	284567747
2026-09-02T13:34:42Z	8dc0b5fea25671d6745a556bffb740d3866e189c	352c096f011eb282f12e6d4c12281340fac96b635a2879cc065d7637a6592872	raw	control	5.9.2	2264a8042763edf2620cfe32d96b096e1f3d26aa	5.9.2	2.55.0	1000	150	dirty	88	0.360	0.360	0	0	0	na	1788356140.213406	1788356140.366950	284568268	284568624
2026-09-02T13:34:42Z	8dc0b5fea25671d6745a556bffb740d3866e189c	352c096f011eb282f12e6d4c12281340fac96b635a2879cc065d7637a6592872	raw	control	5.9.2	2264a8042763edf2620cfe32d96b096e1f3d26aa	5.9.2	2.55.0	1000	150	dirty	89	0.352	0.352	0	0	0	na	1788356140.520494	1788356140.674206	284568943	284569323
2026-09-02T13:34:42Z	8dc0b5fea25671d6745a556bffb740d3866e189c	352c096f011eb282f12e6d4c12281340fac96b635a2879cc065d7637a6592872	raw	control	5.9.2	2264a8042763edf2620cfe32d96b096e1f3d26aa	5.9.2	2.55.0	1000	150	dirty	90	0.375	0.375	0	0	0	na	1788356140.828299	1788356140.982025	284569672	284570076
2026-09-02T13:34:42Z	8dc0b5fea25671d6745a556bffb740d3866e189c	352c096f011eb282f12e6d4c12281340fac96b635a2879cc065d7637a6592872	raw	control	5.9.2	2264a8042763edf2620cfe32d96b096e1f3d26aa	5.9.2	2.55.0	1000	150	dirty	91	0.361	0.361	0	0	0	na	1788356141.135777	1788356141.289402	284570399	284570937
2026-09-02T13:34:42Z	8dc0b5fea25671d6745a556bffb740d3866e189c	352c096f011eb282f12e6d4c12281340fac96b635a2879cc065d7637a6592872	raw	control	5.9.2	2264a8042763edf2620cfe32d96b096e1f3d26aa	5.9.2	2.55.0	1000	150	dirty	92	0.348	0.348	0	0	0	na	1788356141.443158	1788356141.597234	284571232	284571739
2026-09-02T13:34:42Z	8dc0b5fea25671d6745a556bffb740d3866e189c	352c096f011eb282f12e6d4c12281340fac96b635a2879cc065d7637a6592872	raw	control	5.9.2	2264a8042763edf2620cfe32d96b096e1f3d26aa	5.9.2	2.55.0	1000	150	dirty	93	0.350	0.350	0	0	0	na	1788356141.751325	1788356141.905003	284571921	284572177
2026-09-02T13:34:42Z	8dc0b5fea25671d6745a556bffb740d3866e189c	352c096f011eb282f12e6d4c12281340fac96b635a2879cc065d7637a6592872	raw	control	5.9.2	2264a8042763edf2620cfe32d96b096e1f3d26aa	5.9.2	2.55.0	1000	150	dirty	94	0.347	0.347	0	0	0	na	1788356142.058623	1788356142.212156	284572553	284572831
2026-09-02T13:34:42Z	8dc0b5fea25671d6745a556bffb740d3866e189c	352c096f011eb282f12e6d4c12281340fac96b635a2879cc065d7637a6592872	raw	control	5.9.2	2264a8042763edf2620cfe32d96b096e1f3d26aa	5.9.2	2.55.0	1000	150	dirty	95	0.371	0.371	0	0	0	na	1788356142.365630	1788356142.519222	284573059	284573301
2026-09-02T13:34:42Z	8dc0b5fea25671d6745a556bffb740d3866e189c	352c096f011eb282f12e6d4c12281340fac96b635a2879cc065d7637a6592872	raw	control	5.9.2	2264a8042763edf2620cfe32d96b096e1f3d26aa	5.9.2	2.55.0	1000	150	dirty	96	0.365	0.365	0	0	0	na	1788356142.672775	1788356142.826535	284573566	284573877
2026-09-02T13:34:42Z	8dc0b5fea25671d6745a556bffb740d3866e189c	352c096f011eb282f12e6d4c12281340fac96b635a2879cc065d7637a6592872	raw	control	5.9.2	2264a8042763edf2620cfe32d96b096e1f3d26aa	5.9.2	2.55.0	1000	150	dirty	97	0.356	0.356	0	0	0	na	1788356142.980518	1788356143.134474	284574109	284574219
2026-09-02T13:34:42Z	8dc0b5fea25671d6745a556bffb740d3866e189c	352c096f011eb282f12e6d4c12281340fac96b635a2879cc065d7637a6592872	raw	control	5.9.2	2264a8042763edf2620cfe32d96b096e1f3d26aa	5.9.2	2.55.0	1000	150	dirty	98	0.408	0.408	0	0	0	na	1788356143.288045	1788356143.441643	284574823	284575255
2026-09-02T13:34:42Z	8dc0b5fea25671d6745a556bffb740d3866e189c	352c096f011eb282f12e6d4c12281340fac96b635a2879cc065d7637a6592872	raw	control	5.9.2	2264a8042763edf2620cfe32d96b096e1f3d26aa	5.9.2	2.55.0	1000	150	dirty	99	0.365	0.365	0	0	0	na	1788356143.595085	1788356143.748523	284575594	284575778
2026-09-02T13:34:42Z	8dc0b5fea25671d6745a556bffb740d3866e189c	352c096f011eb282f12e6d4c12281340fac96b635a2879cc065d7637a6592872	raw	control	5.9.2	2264a8042763edf2620cfe32d96b096e1f3d26aa	5.9.2	2.55.0	1000	150	dirty	100	0.350	0.350	0	0	0	na	1788356143.902258	1788356144.055879	284576196	284576677
2026-09-02T13:34:42Z	8dc0b5fea25671d6745a556bffb740d3866e189c	352c096f011eb282f12e6d4c12281340fac96b635a2879cc065d7637a6592872	raw	control	5.9.2	2264a8042763edf2620cfe32d96b096e1f3d26aa	5.9.2	2.55.0	1000	150	untracked	1	0.483	0.483	0	0	0	na	1788356144.232976	1788356144.386507	284577112	284577326
2026-09-02T13:34:42Z	8dc0b5fea25671d6745a556bffb740d3866e189c	352c096f011eb282f12e6d4c12281340fac96b635a2879cc065d7637a6592872	raw	control	5.9.2	2264a8042763edf2620cfe32d96b096e1f3d26aa	5.9.2	2.55.0	1000	150	untracked	2	0.397	0.397	0	0	0	na	1788356144.541379	1788356144.694836	284577535	284577758
2026-09-02T13:34:42Z	8dc0b5fea25671d6745a556bffb740d3866e189c	352c096f011eb282f12e6d4c12281340fac96b635a2879cc065d7637a6592872	raw	control	5.9.2	2264a8042763edf2620cfe32d96b096e1f3d26aa	5.9.2	2.55.0	1000	150	untracked	3	0.450	0.450	0	0	0	na	1788356144.849931	1788356145.003481	284578116	284578368
2026-09-02T13:34:42Z	8dc0b5fea25671d6745a556bffb740d3866e189c	352c096f011eb282f12e6d4c12281340fac96b635a2879cc065d7637a6592872	raw	control	5.9.2	2264a8042763edf2620cfe32d96b096e1f3d26aa	5.9.2	2.55.0	1000	150	untracked	4	0.445	0.445	0	0	0	na	1788356145.158369	1788356145.311911	284578630	284578975
2026-09-02T13:34:42Z	8dc0b5fea25671d6745a556bffb740d3866e189c	352c096f011eb282f12e6d4c12281340fac96b635a2879cc065d7637a6592872	raw	control	5.9.2	2264a8042763edf2620cfe32d96b096e1f3d26aa	5.9.2	2.55.0	1000	150	untracked	5	0.401	0.401	0	0	0	na	1788356145.466833	1788356145.620277	284579245	284579486
2026-09-02T13:34:42Z	8dc0b5fea25671d6745a556bffb740d3866e189c	352c096f011eb282f12e6d4c12281340fac96b635a2879cc065d7637a6592872	raw	control	5.9.2	2264a8042763edf2620cfe32d96b096e1f3d26aa	5.9.2	2.55.0	1000	150	untracked	6	0.365	0.365	0	0	0	na	1788356145.774854	1788356145.928069	284579745	284579967
2026-09-02T13:34:42Z	8dc0b5fea25671d6745a556bffb740d3866e189c	352c096f011eb282f12e6d4c12281340fac96b635a2879cc065d7637a6592872	raw	control	5.9.2	2264a8042763edf2620cfe32d96b096e1f3d26aa	5.9.2	2.55.0	1000	150	untracked	7	0.397	0.397	0	0	0	na	1788356146.082486	1788356146.235776	284580201	284580423
2026-09-02T13:34:42Z	8dc0b5fea25671d6745a556bffb740d3866e189c	352c096f011eb282f12e6d4c12281340fac96b635a2879cc065d7637a6592872	raw	control	5.9.2	2264a8042763edf2620cfe32d96b096e1f3d26aa	5.9.2	2.55.0	1000	150	untracked	8	0.371	0.371	0	0	0	na	1788356146.390405	1788356146.543650	284580607	284580820
2026-09-02T13:34:42Z	8dc0b5fea25671d6745a556bffb740d3866e189c	352c096f011eb282f12e6d4c12281340fac96b635a2879cc065d7637a6592872	raw	control	5.9.2	2264a8042763edf2620cfe32d96b096e1f3d26aa	5.9.2	2.55.0	1000	150	untracked	9	0.386	0.386	0	0	0	na	1788356146.698242	1788356146.851879	284581028	284581273
2026-09-02T13:34:42Z	8dc0b5fea25671d6745a556bffb740d3866e189c	352c096f011eb282f12e6d4c12281340fac96b635a2879cc065d7637a6592872	raw	control	5.9.2	2264a8042763edf2620cfe32d96b096e1f3d26aa	5.9.2	2.55.0	1000	150	untracked	10	0.482	0.482	0	0	0	na	1788356147.006850	1788356147.160354	284581566	284581834
2026-09-02T13:34:42Z	8dc0b5fea25671d6745a556bffb740d3866e189c	352c096f011eb282f12e6d4c12281340fac96b635a2879cc065d7637a6592872	raw	control	5.9.2	2264a8042763edf2620cfe32d96b096e1f3d26aa	5.9.2	2.55.0	1000	150	untracked	11	0.443	0.443	0	0	0	na	1788356147.315036	1788356147.468474	284582049	284582248
2026-09-02T13:34:42Z	8dc0b5fea25671d6745a556bffb740d3866e189c	352c096f011eb282f12e6d4c12281340fac96b635a2879cc065d7637a6592872	raw	control	5.9.2	2264a8042763edf2620cfe32d96b096e1f3d26aa	5.9.2	2.55.0	1000	150	untracked	12	0.391	0.391	0	0	0	na	1788356147.623032	1788356147.776565	284582524	284582774
2026-09-02T13:34:42Z	8dc0b5fea25671d6745a556bffb740d3866e189c	352c096f011eb282f12e6d4c12281340fac96b635a2879cc065d7637a6592872	raw	control	5.9.2	2264a8042763edf2620cfe32d96b096e1f3d26aa	5.9.2	2.55.0	1000	150	untracked	13	0.419	0.419	0	0	0	na	1788356147.931240	1788356148.084784	284583028	284583217
2026-09-02T13:34:42Z	8dc0b5fea25671d6745a556bffb740d3866e189c	352c096f011eb282f12e6d4c12281340fac96b635a2879cc065d7637a6592872	raw	control	5.9.2	2264a8042763edf2620cfe32d96b096e1f3d26aa	5.9.2	2.55.0	1000	150	untracked	14	0.463	0.463	0	0	0	na	1788356148.239349	1788356148.392828	284583435	284583630
2026-09-02T13:34:42Z	8dc0b5fea25671d6745a556bffb740d3866e189c	352c096f011eb282f12e6d4c12281340fac96b635a2879cc065d7637a6592872	raw	control	5.9.2	2264a8042763edf2620cfe32d96b096e1f3d26aa	5.9.2	2.55.0	1000	150	untracked	15	0.426	0.426	0	0	0	na	1788356148.547799	1788356148.701401	284583855	284584103
2026-09-02T13:34:42Z	8dc0b5fea25671d6745a556bffb740d3866e189c	352c096f011eb282f12e6d4c12281340fac96b635a2879cc065d7637a6592872	raw	control	5.9.2	2264a8042763edf2620cfe32d96b096e1f3d26aa	5.9.2	2.55.0	1000	150	untracked	16	0.410	0.410	0	0	0	na	1788356148.856311	1788356149.009933	284584305	284584541
2026-09-02T13:34:42Z	8dc0b5fea25671d6745a556bffb740d3866e189c	352c096f011eb282f12e6d4c12281340fac96b635a2879cc065d7637a6592872	raw	control	5.9.2	2264a8042763edf2620cfe32d96b096e1f3d26aa	5.9.2	2.55.0	1000	150	untracked	17	0.404	0.404	0	0	0	na	1788356149.164524	1788356149.318149	284584872	284585113
2026-09-02T13:34:42Z	8dc0b5fea25671d6745a556bffb740d3866e189c	352c096f011eb282f12e6d4c12281340fac96b635a2879cc065d7637a6592872	raw	control	5.9.2	2264a8042763edf2620cfe32d96b096e1f3d26aa	5.9.2	2.55.0	1000	150	untracked	18	0.401	0.401	0	0	0	na	1788356149.472855	1788356149.626408	284585438	284585635
2026-09-02T13:34:42Z	8dc0b5fea25671d6745a556bffb740d3866e189c	352c096f011eb282f12e6d4c12281340fac96b635a2879cc065d7637a6592872	raw	control	5.9.2	2264a8042763edf2620cfe32d96b096e1f3d26aa	5.9.2	2.55.0	1000	150	untracked	19	0.427	0.427	0	0	0	na	1788356149.781039	1788356149.934821	284585959	284586269
2026-09-02T13:34:42Z	8dc0b5fea25671d6745a556bffb740d3866e189c	352c096f011eb282f12e6d4c12281340fac96b635a2879cc065d7637a6592872	raw	control	5.9.2	2264a8042763edf2620cfe32d96b096e1f3d26aa	5.9.2	2.55.0	1000	150	untracked	20	0.470	0.470	0	0	0	na	1788356150.090024	1788356150.243577	284586582	284586800
2026-09-02T13:34:42Z	8dc0b5fea25671d6745a556bffb740d3866e189c	352c096f011eb282f12e6d4c12281340fac96b635a2879cc065d7637a6592872	raw	control	5.9.2	2264a8042763edf2620cfe32d96b096e1f3d26aa	5.9.2	2.55.0	1000	150	untracked	21	0.444	0.444	0	0	0	na	1788356150.398331	1788356150.551705	284587250	284587494
2026-09-02T13:34:42Z	8dc0b5fea25671d6745a556bffb740d3866e189c	352c096f011eb282f12e6d4c12281340fac96b635a2879cc065d7637a6592872	raw	control	5.9.2	2264a8042763edf2620cfe32d96b096e1f3d26aa	5.9.2	2.55.0	1000	150	untracked	22	0.385	0.385	0	0	0	na	1788356150.706292	1788356150.859616	284587742	284587984
2026-09-02T13:34:42Z	8dc0b5fea25671d6745a556bffb740d3866e189c	352c096f011eb282f12e6d4c12281340fac96b635a2879cc065d7637a6592872	raw	control	5.9.2	2264a8042763edf2620cfe32d96b096e1f3d26aa	5.9.2	2.55.0	1000	150	untracked	23	0.444	0.444	0	0	0	na	1788356151.014070	1788356151.167290	284588192	284588460
2026-09-02T13:34:42Z	8dc0b5fea25671d6745a556bffb740d3866e189c	352c096f011eb282f12e6d4c12281340fac96b635a2879cc065d7637a6592872	raw	control	5.9.2	2264a8042763edf2620cfe32d96b096e1f3d26aa	5.9.2	2.55.0	1000	150	untracked	24	0.417	0.417	0	0	0	na	1788356151.321655	1788356151.474844	284588680	284588915
2026-09-02T13:34:42Z	8dc0b5fea25671d6745a556bffb740d3866e189c	352c096f011eb282f12e6d4c12281340fac96b635a2879cc065d7637a6592872	raw	control	5.9.2	2264a8042763edf2620cfe32d96b096e1f3d26aa	5.9.2	2.55.0	1000	150	untracked	25	0.383	0.383	0	0	0	na	1788356151.629668	1788356151.782835	284589203	284589560
2026-09-02T13:34:42Z	8dc0b5fea25671d6745a556bffb740d3866e189c	352c096f011eb282f12e6d4c12281340fac96b635a2879cc065d7637a6592872	raw	control	5.9.2	2264a8042763edf2620cfe32d96b096e1f3d26aa	5.9.2	2.55.0	1000	150	untracked	26	0.419	0.419	0	0	0	na	1788356151.937629	1788356152.090887	284589736	284589936
2026-09-02T13:34:42Z	8dc0b5fea25671d6745a556bffb740d3866e189c	352c096f011eb282f12e6d4c12281340fac96b635a2879cc065d7637a6592872	raw	control	5.9.2	2264a8042763edf2620cfe32d96b096e1f3d26aa	5.9.2	2.55.0	1000	150	untracked	27	0.386	0.386	0	0	0	na	1788356152.245635	1788356152.398883	284590180	284590367
2026-09-02T13:34:42Z	8dc0b5fea25671d6745a556bffb740d3866e189c	352c096f011eb282f12e6d4c12281340fac96b635a2879cc065d7637a6592872	raw	control	5.9.2	2264a8042763edf2620cfe32d96b096e1f3d26aa	5.9.2	2.55.0	1000	150	untracked	28	0.406	0.406	0	0	0	na	1788356152.553452	1788356152.706692	284590588	284590876
2026-09-02T13:34:42Z	8dc0b5fea25671d6745a556bffb740d3866e189c	352c096f011eb282f12e6d4c12281340fac96b635a2879cc065d7637a6592872	raw	control	5.9.2	2264a8042763edf2620cfe32d96b096e1f3d26aa	5.9.2	2.55.0	1000	150	untracked	29	0.391	0.391	0	0	0	na	1788356152.862510	1788356153.015588	284591173	284591361
2026-09-02T13:34:42Z	8dc0b5fea25671d6745a556bffb740d3866e189c	352c096f011eb282f12e6d4c12281340fac96b635a2879cc065d7637a6592872	raw	control	5.9.2	2264a8042763edf2620cfe32d96b096e1f3d26aa	5.9.2	2.55.0	1000	150	untracked	30	0.399	0.399	0	0	0	na	1788356153.170131	1788356153.323222	284591600	284591876
2026-09-02T13:34:42Z	8dc0b5fea25671d6745a556bffb740d3866e189c	352c096f011eb282f12e6d4c12281340fac96b635a2879cc065d7637a6592872	raw	control	5.9.2	2264a8042763edf2620cfe32d96b096e1f3d26aa	5.9.2	2.55.0	1000	150	untracked	31	0.479	0.479	0	0	0	na	1788356153.477997	1788356153.631502	284592121	284592312
2026-09-02T13:34:42Z	8dc0b5fea25671d6745a556bffb740d3866e189c	352c096f011eb282f12e6d4c12281340fac96b635a2879cc065d7637a6592872	raw	control	5.9.2	2264a8042763edf2620cfe32d96b096e1f3d26aa	5.9.2	2.55.0	1000	150	untracked	32	0.428	0.428	0	0	0	na	1788356153.786281	1788356153.940263	284592549	284592898
2026-09-02T13:34:42Z	8dc0b5fea25671d6745a556bffb740d3866e189c	352c096f011eb282f12e6d4c12281340fac96b635a2879cc065d7637a6592872	raw	control	5.9.2	2264a8042763edf2620cfe32d96b096e1f3d26aa	5.9.2	2.55.0	1000	150	untracked	33	0.402	0.402	0	0	0	na	1788356154.094975	1788356154.248602	284593160	284593354
2026-09-02T13:34:42Z	8dc0b5fea25671d6745a556bffb740d3866e189c	352c096f011eb282f12e6d4c12281340fac96b635a2879cc065d7637a6592872	raw	control	5.9.2	2264a8042763edf2620cfe32d96b096e1f3d26aa	5.9.2	2.55.0	1000	150	untracked	34	0.410	0.410	0	0	0	na	1788356154.403428	1788356154.557072	284593615	284594042
2026-09-02T13:34:42Z	8dc0b5fea25671d6745a556bffb740d3866e189c	352c096f011eb282f12e6d4c12281340fac96b635a2879cc065d7637a6592872	raw	control	5.9.2	2264a8042763edf2620cfe32d96b096e1f3d26aa	5.9.2	2.55.0	1000	150	untracked	35	0.422	0.422	0	0	0	na	1788356154.711848	1788356154.865363	284594336	284594524
2026-09-02T13:34:42Z	8dc0b5fea25671d6745a556bffb740d3866e189c	352c096f011eb282f12e6d4c12281340fac96b635a2879cc065d7637a6592872	raw	control	5.9.2	2264a8042763edf2620cfe32d96b096e1f3d26aa	5.9.2	2.55.0	1000	150	untracked	36	0.419	0.419	0	0	0	na	1788356155.020401	1788356155.174036	284594831	284595211
2026-09-02T13:34:42Z	8dc0b5fea25671d6745a556bffb740d3866e189c	352c096f011eb282f12e6d4c12281340fac96b635a2879cc065d7637a6592872	raw	control	5.9.2	2264a8042763edf2620cfe32d96b096e1f3d26aa	5.9.2	2.55.0	1000	150	untracked	37	0.456	0.456	0	0	0	na	1788356155.329107	1788356155.482563	284595552	284595800
2026-09-02T13:34:42Z	8dc0b5fea25671d6745a556bffb740d3866e189c	352c096f011eb282f12e6d4c12281340fac96b635a2879cc065d7637a6592872	raw	control	5.9.2	2264a8042763edf2620cfe32d96b096e1f3d26aa	5.9.2	2.55.0	1000	150	untracked	38	0.416	0.416	0	0	0	na	1788356155.637522	1788356155.790966	284596036	284596296
2026-09-02T13:34:42Z	8dc0b5fea25671d6745a556bffb740d3866e189c	352c096f011eb282f12e6d4c12281340fac96b635a2879cc065d7637a6592872	raw	control	5.9.2	2264a8042763edf2620cfe32d96b096e1f3d26aa	5.9.2	2.55.0	1000	150	untracked	39	0.383	0.383	0	0	0	na	1788356155.946043	1788356156.099563	284596561	284596766
2026-09-02T13:34:42Z	8dc0b5fea25671d6745a556bffb740d3866e189c	352c096f011eb282f12e6d4c12281340fac96b635a2879cc065d7637a6592872	raw	control	5.9.2	2264a8042763edf2620cfe32d96b096e1f3d26aa	5.9.2	2.55.0	1000	150	untracked	40	0.448	0.448	0	0	0	na	1788356156.254287	1788356156.407890	284596962	284597199
2026-09-02T13:34:42Z	8dc0b5fea25671d6745a556bffb740d3866e189c	352c096f011eb282f12e6d4c12281340fac96b635a2879cc065d7637a6592872	raw	control	5.9.2	2264a8042763edf2620cfe32d96b096e1f3d26aa	5.9.2	2.55.0	1000	150	untracked	41	0.388	0.388	0	0	0	na	1788356156.562554	1788356156.716053	284597470	284597700
2026-09-02T13:34:42Z	8dc0b5fea25671d6745a556bffb740d3866e189c	352c096f011eb282f12e6d4c12281340fac96b635a2879cc065d7637a6592872	raw	control	5.9.2	2264a8042763edf2620cfe32d96b096e1f3d26aa	5.9.2	2.55.0	1000	150	untracked	42	0.404	0.404	0	0	0	na	1788356156.871000	1788356157.024794	284598035	284598280
2026-09-02T13:34:42Z	8dc0b5fea25671d6745a556bffb740d3866e189c	352c096f011eb282f12e6d4c12281340fac96b635a2879cc065d7637a6592872	raw	control	5.9.2	2264a8042763edf2620cfe32d96b096e1f3d26aa	5.9.2	2.55.0	1000	150	untracked	43	0.402	0.402	0	0	0	na	1788356157.179736	1788356157.333415	284598572	284598852
2026-09-02T13:34:42Z	8dc0b5fea25671d6745a556bffb740d3866e189c	352c096f011eb282f12e6d4c12281340fac96b635a2879cc065d7637a6592872	raw	control	5.9.2	2264a8042763edf2620cfe32d96b096e1f3d26aa	5.9.2	2.55.0	1000	150	untracked	44	0.366	0.366	0	0	0	na	1788356157.488252	1788356157.641740	284599079	284599281
2026-09-02T13:34:42Z	8dc0b5fea25671d6745a556bffb740d3866e189c	352c096f011eb282f12e6d4c12281340fac96b635a2879cc065d7637a6592872	raw	control	5.9.2	2264a8042763edf2620cfe32d96b096e1f3d26aa	5.9.2	2.55.0	1000	150	untracked	45	0.400	0.400	0	0	0	na	1788356157.796651	1788356157.950225	284599512	284599791
2026-09-02T13:34:42Z	8dc0b5fea25671d6745a556bffb740d3866e189c	352c096f011eb282f12e6d4c12281340fac96b635a2879cc065d7637a6592872	raw	control	5.9.2	2264a8042763edf2620cfe32d96b096e1f3d26aa	5.9.2	2.55.0	1000	150	untracked	46	0.377	0.377	0	0	0	na	1788356158.105110	1788356158.258545	284600039	284600288
2026-09-02T13:34:42Z	8dc0b5fea25671d6745a556bffb740d3866e189c	352c096f011eb282f12e6d4c12281340fac96b635a2879cc065d7637a6592872	raw	control	5.9.2	2264a8042763edf2620cfe32d96b096e1f3d26aa	5.9.2	2.55.0	1000	150	untracked	47	0.374	0.374	0	0	0	na	1788356158.413286	1788356158.566856	284600542	284600735
2026-09-02T13:34:42Z	8dc0b5fea25671d6745a556bffb740d3866e189c	352c096f011eb282f12e6d4c12281340fac96b635a2879cc065d7637a6592872	raw	control	5.9.2	2264a8042763edf2620cfe32d96b096e1f3d26aa	5.9.2	2.55.0	1000	150	untracked	48	0.418	0.418	0	0	0	na	1788356158.721313	1788356158.874864	284600933	284601227
2026-09-02T13:34:42Z	8dc0b5fea25671d6745a556bffb740d3866e189c	352c096f011eb282f12e6d4c12281340fac96b635a2879cc065d7637a6592872	raw	control	5.9.2	2264a8042763edf2620cfe32d96b096e1f3d26aa	5.9.2	2.55.0	1000	150	untracked	49	0.410	0.410	0	0	0	na	1788356159.029741	1788356159.183300	284601471	284601721
2026-09-02T13:34:42Z	8dc0b5fea25671d6745a556bffb740d3866e189c	352c096f011eb282f12e6d4c12281340fac96b635a2879cc065d7637a6592872	raw	control	5.9.2	2264a8042763edf2620cfe32d96b096e1f3d26aa	5.9.2	2.55.0	1000	150	untracked	50	0.356	0.356	0	0	0	na	1788356159.338214	1788356159.491640	284602001	284602226
2026-09-02T13:34:42Z	8dc0b5fea25671d6745a556bffb740d3866e189c	352c096f011eb282f12e6d4c12281340fac96b635a2879cc065d7637a6592872	raw	control	5.9.2	2264a8042763edf2620cfe32d96b096e1f3d26aa	5.9.2	2.55.0	1000	150	untracked	51	0.557	0.557	0	0	0	na	1788356159.646604	1788356159.800265	284602395	284602628
2026-09-02T13:34:42Z	8dc0b5fea25671d6745a556bffb740d3866e189c	352c096f011eb282f12e6d4c12281340fac96b635a2879cc065d7637a6592872	raw	control	5.9.2	2264a8042763edf2620cfe32d96b096e1f3d26aa	5.9.2	2.55.0	1000	150	untracked	52	0.403	0.403	0	0	0	na	1788356159.955191	1788356160.108864	284602831	284603089
2026-09-02T13:34:42Z	8dc0b5fea25671d6745a556bffb740d3866e189c	352c096f011eb282f12e6d4c12281340fac96b635a2879cc065d7637a6592872	raw	control	5.9.2	2264a8042763edf2620cfe32d96b096e1f3d26aa	5.9.2	2.55.0	1000	150	untracked	53	0.393	0.393	0	0	0	na	1788356160.263561	1788356160.416894	284603317	284603506
2026-09-02T13:34:42Z	8dc0b5fea25671d6745a556bffb740d3866e189c	352c096f011eb282f12e6d4c12281340fac96b635a2879cc065d7637a6592872	raw	control	5.9.2	2264a8042763edf2620cfe32d96b096e1f3d26aa	5.9.2	2.55.0	1000	150	untracked	54	0.392	0.392	0	0	0	na	1788356160.571698	1788356160.725086	284603759	284604024
2026-09-02T13:34:42Z	8dc0b5fea25671d6745a556bffb740d3866e189c	352c096f011eb282f12e6d4c12281340fac96b635a2879cc065d7637a6592872	raw	control	5.9.2	2264a8042763edf2620cfe32d96b096e1f3d26aa	5.9.2	2.55.0	1000	150	untracked	55	0.388	0.388	0	0	0	na	1788356160.880073	1788356161.033586	284604282	284604465
2026-09-02T13:34:42Z	8dc0b5fea25671d6745a556bffb740d3866e189c	352c096f011eb282f12e6d4c12281340fac96b635a2879cc065d7637a6592872	raw	control	5.9.2	2264a8042763edf2620cfe32d96b096e1f3d26aa	5.9.2	2.55.0	1000	150	untracked	56	0.436	0.436	0	0	0	na	1788356161.188502	1788356161.342064	284604667	284604895
2026-09-02T13:34:42Z	8dc0b5fea25671d6745a556bffb740d3866e189c	352c096f011eb282f12e6d4c12281340fac96b635a2879cc065d7637a6592872	raw	control	5.9.2	2264a8042763edf2620cfe32d96b096e1f3d26aa	5.9.2	2.55.0	1000	150	untracked	57	0.375	0.375	0	0	0	na	1788356161.496603	1788356161.649587	284605118	284605335
2026-09-02T13:34:42Z	8dc0b5fea25671d6745a556bffb740d3866e189c	352c096f011eb282f12e6d4c12281340fac96b635a2879cc065d7637a6592872	raw	control	5.9.2	2264a8042763edf2620cfe32d96b096e1f3d26aa	5.9.2	2.55.0	1000	150	untracked	58	0.398	0.398	0	0	0	na	1788356161.803914	1788356161.956956	284605573	284605814
2026-09-02T13:34:42Z	8dc0b5fea25671d6745a556bffb740d3866e189c	352c096f011eb282f12e6d4c12281340fac96b635a2879cc065d7637a6592872	raw	control	5.9.2	2264a8042763edf2620cfe32d96b096e1f3d26aa	5.9.2	2.55.0	1000	150	untracked	59	0.388	0.388	0	0	0	na	1788356162.111810	1788356162.265329	284606004	284606238
2026-09-02T13:34:42Z	8dc0b5fea25671d6745a556bffb740d3866e189c	352c096f011eb282f12e6d4c12281340fac96b635a2879cc065d7637a6592872	raw	control	5.9.2	2264a8042763edf2620cfe32d96b096e1f3d26aa	5.9.2	2.55.0	1000	150	untracked	60	0.380	0.380	0	0	0	na	1788356162.420005	1788356162.573527	284606434	284606607
2026-09-02T13:34:42Z	8dc0b5fea25671d6745a556bffb740d3866e189c	352c096f011eb282f12e6d4c12281340fac96b635a2879cc065d7637a6592872	raw	control	5.9.2	2264a8042763edf2620cfe32d96b096e1f3d26aa	5.9.2	2.55.0	1000	150	untracked	61	0.443	0.443	0	0	0	na	1788356162.728306	1788356162.881934	284606823	284607335
2026-09-02T13:34:42Z	8dc0b5fea25671d6745a556bffb740d3866e189c	352c096f011eb282f12e6d4c12281340fac96b635a2879cc065d7637a6592872	raw	control	5.9.2	2264a8042763edf2620cfe32d96b096e1f3d26aa	5.9.2	2.55.0	1000	150	untracked	62	0.455	0.455	0	0	0	na	1788356163.037593	1788356163.190907	284608605	284608826
2026-09-02T13:34:42Z	8dc0b5fea25671d6745a556bffb740d3866e189c	352c096f011eb282f12e6d4c12281340fac96b635a2879cc065d7637a6592872	raw	control	5.9.2	2264a8042763edf2620cfe32d96b096e1f3d26aa	5.9.2	2.55.0	1000	150	untracked	63	0.412	0.412	0	0	0	na	1788356163.345839	1788356163.499295	284609193	284609517
2026-09-02T13:34:42Z	8dc0b5fea25671d6745a556bffb740d3866e189c	352c096f011eb282f12e6d4c12281340fac96b635a2879cc065d7637a6592872	raw	control	5.9.2	2264a8042763edf2620cfe32d96b096e1f3d26aa	5.9.2	2.55.0	1000	150	untracked	64	0.395	0.395	0	0	0	na	1788356163.654154	1788356163.807449	284609773	284610043
2026-09-02T13:34:42Z	8dc0b5fea25671d6745a556bffb740d3866e189c	352c096f011eb282f12e6d4c12281340fac96b635a2879cc065d7637a6592872	raw	control	5.9.2	2264a8042763edf2620cfe32d96b096e1f3d26aa	5.9.2	2.55.0	1000	150	untracked	65	0.417	0.417	0	0	0	na	1788356163.962587	1788356164.116183	284610714	284611297
2026-09-02T13:34:42Z	8dc0b5fea25671d6745a556bffb740d3866e189c	352c096f011eb282f12e6d4c12281340fac96b635a2879cc065d7637a6592872	raw	control	5.9.2	2264a8042763edf2620cfe32d96b096e1f3d26aa	5.9.2	2.55.0	1000	150	untracked	66	0.413	0.413	0	0	0	na	1788356164.271238	1788356164.424858	284611794	284612055
2026-09-02T13:34:42Z	8dc0b5fea25671d6745a556bffb740d3866e189c	352c096f011eb282f12e6d4c12281340fac96b635a2879cc065d7637a6592872	raw	control	5.9.2	2264a8042763edf2620cfe32d96b096e1f3d26aa	5.9.2	2.55.0	1000	150	untracked	67	0.445	0.445	0	0	0	na	1788356164.580197	1788356164.733973	284612644	284613109
2026-09-02T13:34:42Z	8dc0b5fea25671d6745a556bffb740d3866e189c	352c096f011eb282f12e6d4c12281340fac96b635a2879cc065d7637a6592872	raw	control	5.9.2	2264a8042763edf2620cfe32d96b096e1f3d26aa	5.9.2	2.55.0	1000	150	untracked	68	0.436	0.436	0	0	0	na	1788356164.889097	1788356165.042936	284613505	284613842
2026-09-02T13:34:42Z	8dc0b5fea25671d6745a556bffb740d3866e189c	352c096f011eb282f12e6d4c12281340fac96b635a2879cc065d7637a6592872	raw	control	5.9.2	2264a8042763edf2620cfe32d96b096e1f3d26aa	5.9.2	2.55.0	1000	150	untracked	69	0.389	0.389	0	0	0	na	1788356165.197964	1788356165.351625	284614078	284614350
2026-09-02T13:34:42Z	8dc0b5fea25671d6745a556bffb740d3866e189c	352c096f011eb282f12e6d4c12281340fac96b635a2879cc065d7637a6592872	raw	control	5.9.2	2264a8042763edf2620cfe32d96b096e1f3d26aa	5.9.2	2.55.0	1000	150	untracked	70	0.484	0.484	0	0	0	na	1788356165.506638	1788356165.660355	284614611	284614896
2026-09-02T13:34:42Z	8dc0b5fea25671d6745a556bffb740d3866e189c	352c096f011eb282f12e6d4c12281340fac96b635a2879cc065d7637a6592872	raw	control	5.9.2	2264a8042763edf2620cfe32d96b096e1f3d26aa	5.9.2	2.55.0	1000	150	untracked	71	0.373	0.373	0	0	0	na	1788356165.815052	1788356165.968781	284615176	284615441
2026-09-02T13:34:42Z	8dc0b5fea25671d6745a556bffb740d3866e189c	352c096f011eb282f12e6d4c12281340fac96b635a2879cc065d7637a6592872	raw	control	5.9.2	2264a8042763edf2620cfe32d96b096e1f3d26aa	5.9.2	2.55.0	1000	150	untracked	72	0.428	0.428	0	0	0	na	1788356166.123647	1788356166.277372	284615682	284615990
2026-09-02T13:34:42Z	8dc0b5fea25671d6745a556bffb740d3866e189c	352c096f011eb282f12e6d4c12281340fac96b635a2879cc065d7637a6592872	raw	control	5.9.2	2264a8042763edf2620cfe32d96b096e1f3d26aa	5.9.2	2.55.0	1000	150	untracked	73	0.415	0.415	0	0	0	na	1788356166.432343	1788356166.586355	284616210	284616367
2026-09-02T13:34:42Z	8dc0b5fea25671d6745a556bffb740d3866e189c	352c096f011eb282f12e6d4c12281340fac96b635a2879cc065d7637a6592872	raw	control	5.9.2	2264a8042763edf2620cfe32d96b096e1f3d26aa	5.9.2	2.55.0	1000	150	untracked	74	0.408	0.408	0	0	0	na	1788356166.741067	1788356166.894854	284616849	284617220
2026-09-02T13:34:42Z	8dc0b5fea25671d6745a556bffb740d3866e189c	352c096f011eb282f12e6d4c12281340fac96b635a2879cc065d7637a6592872	raw	control	5.9.2	2264a8042763edf2620cfe32d96b096e1f3d26aa	5.9.2	2.55.0	1000	150	untracked	75	0.491	0.491	0	0	0	na	1788356167.049446	1788356167.203176	284617402	284617557
2026-09-02T13:34:42Z	8dc0b5fea25671d6745a556bffb740d3866e189c	352c096f011eb282f12e6d4c12281340fac96b635a2879cc065d7637a6592872	raw	control	5.9.2	2264a8042763edf2620cfe32d96b096e1f3d26aa	5.9.2	2.55.0	1000	150	untracked	76	0.402	0.402	0	0	0	na	1788356167.358188	1788356167.511734	284617852	284618222
2026-09-02T13:34:42Z	8dc0b5fea25671d6745a556bffb740d3866e189c	352c096f011eb282f12e6d4c12281340fac96b635a2879cc065d7637a6592872	raw	control	5.9.2	2264a8042763edf2620cfe32d96b096e1f3d26aa	5.9.2	2.55.0	1000	150	untracked	77	0.420	0.420	0	0	0	na	1788356167.666412	1788356167.819857	284618489	284618944
2026-09-02T13:34:42Z	8dc0b5fea25671d6745a556bffb740d3866e189c	352c096f011eb282f12e6d4c12281340fac96b635a2879cc065d7637a6592872	raw	control	5.9.2	2264a8042763edf2620cfe32d96b096e1f3d26aa	5.9.2	2.55.0	1000	150	untracked	78	0.456	0.456	0	0	0	na	1788356167.975021	1788356168.129159	284619276	284619616
2026-09-02T13:34:42Z	8dc0b5fea25671d6745a556bffb740d3866e189c	352c096f011eb282f12e6d4c12281340fac96b635a2879cc065d7637a6592872	raw	control	5.9.2	2264a8042763edf2620cfe32d96b096e1f3d26aa	5.9.2	2.55.0	1000	150	untracked	79	0.398	0.398	0	0	0	na	1788356168.285167	1788356168.443457	284620961	284622166
2026-09-02T13:34:42Z	8dc0b5fea25671d6745a556bffb740d3866e189c	352c096f011eb282f12e6d4c12281340fac96b635a2879cc065d7637a6592872	raw	control	5.9.2	2264a8042763edf2620cfe32d96b096e1f3d26aa	5.9.2	2.55.0	1000	150	untracked	80	0.446	0.446	0	0	0	na	1788356168.600761	1788356168.755651	284623826	284624839
2026-09-02T13:34:42Z	8dc0b5fea25671d6745a556bffb740d3866e189c	352c096f011eb282f12e6d4c12281340fac96b635a2879cc065d7637a6592872	raw	control	5.9.2	2264a8042763edf2620cfe32d96b096e1f3d26aa	5.9.2	2.55.0	1000	150	untracked	81	0.425	0.425	0	0	0	na	1788356168.913861	1788356169.068730	284626007	284627098
2026-09-02T13:34:42Z	8dc0b5fea25671d6745a556bffb740d3866e189c	352c096f011eb282f12e6d4c12281340fac96b635a2879cc065d7637a6592872	raw	control	5.9.2	2264a8042763edf2620cfe32d96b096e1f3d26aa	5.9.2	2.55.0	1000	150	untracked	82	0.489	0.489	0	0	0	na	1788356169.226756	1788356169.381762	284628369	284630211
2026-09-02T13:34:42Z	8dc0b5fea25671d6745a556bffb740d3866e189c	352c096f011eb282f12e6d4c12281340fac96b635a2879cc065d7637a6592872	raw	control	5.9.2	2264a8042763edf2620cfe32d96b096e1f3d26aa	5.9.2	2.55.0	1000	150	untracked	83	0.493	0.493	0	0	0	na	1788356169.537844	1788356169.692529	284631566	284633085
2026-09-02T13:34:42Z	8dc0b5fea25671d6745a556bffb740d3866e189c	352c096f011eb282f12e6d4c12281340fac96b635a2879cc065d7637a6592872	raw	control	5.9.2	2264a8042763edf2620cfe32d96b096e1f3d26aa	5.9.2	2.55.0	1000	150	untracked	84	0.419	0.419	0	0	0	na	1788356169.848818	1788356170.003932	284634461	284635026
2026-09-02T13:34:42Z	8dc0b5fea25671d6745a556bffb740d3866e189c	352c096f011eb282f12e6d4c12281340fac96b635a2879cc065d7637a6592872	raw	control	5.9.2	2264a8042763edf2620cfe32d96b096e1f3d26aa	5.9.2	2.55.0	1000	150	untracked	85	0.454	0.454	0	0	0	na	1788356170.160382	1788356170.315050	284636741	284637091
2026-09-02T13:34:42Z	8dc0b5fea25671d6745a556bffb740d3866e189c	352c096f011eb282f12e6d4c12281340fac96b635a2879cc065d7637a6592872	raw	control	5.9.2	2264a8042763edf2620cfe32d96b096e1f3d26aa	5.9.2	2.55.0	1000	150	untracked	86	0.416	0.416	0	0	0	na	1788356170.471581	1788356170.626287	284638015	284639357
2026-09-02T13:34:42Z	8dc0b5fea25671d6745a556bffb740d3866e189c	352c096f011eb282f12e6d4c12281340fac96b635a2879cc065d7637a6592872	raw	control	5.9.2	2264a8042763edf2620cfe32d96b096e1f3d26aa	5.9.2	2.55.0	1000	150	untracked	87	0.395	0.395	0	0	0	na	1788356170.781304	1788356170.934972	284641732	284642340
2026-09-02T13:34:42Z	8dc0b5fea25671d6745a556bffb740d3866e189c	352c096f011eb282f12e6d4c12281340fac96b635a2879cc065d7637a6592872	raw	control	5.9.2	2264a8042763edf2620cfe32d96b096e1f3d26aa	5.9.2	2.55.0	1000	150	untracked	88	0.434	0.434	0	0	0	na	1788356171.089744	1788356171.244602	284643227	284643826
2026-09-02T13:34:42Z	8dc0b5fea25671d6745a556bffb740d3866e189c	352c096f011eb282f12e6d4c12281340fac96b635a2879cc065d7637a6592872	raw	control	5.9.2	2264a8042763edf2620cfe32d96b096e1f3d26aa	5.9.2	2.55.0	1000	150	untracked	89	0.394	0.394	0	0	0	na	1788356171.400122	1788356171.554199	284644652	284647063
2026-09-02T13:34:42Z	8dc0b5fea25671d6745a556bffb740d3866e189c	352c096f011eb282f12e6d4c12281340fac96b635a2879cc065d7637a6592872	raw	control	5.9.2	2264a8042763edf2620cfe32d96b096e1f3d26aa	5.9.2	2.55.0	1000	150	untracked	90	0.475	0.475	0	0	0	na	1788356171.709712	1788356171.864300	284647907	284650329
2026-09-02T13:34:42Z	8dc0b5fea25671d6745a556bffb740d3866e189c	352c096f011eb282f12e6d4c12281340fac96b635a2879cc065d7637a6592872	raw	control	5.9.2	2264a8042763edf2620cfe32d96b096e1f3d26aa	5.9.2	2.55.0	1000	150	untracked	91	0.489	0.489	0	0	0	na	1788356172.020002	1788356172.175483	284650533	284651194
2026-09-02T13:34:42Z	8dc0b5fea25671d6745a556bffb740d3866e189c	352c096f011eb282f12e6d4c12281340fac96b635a2879cc065d7637a6592872	raw	control	5.9.2	2264a8042763edf2620cfe32d96b096e1f3d26aa	5.9.2	2.55.0	1000	150	untracked	92	0.366	0.366	0	0	0	na	1788356172.331439	1788356172.485685	284651489	284652187
2026-09-02T13:34:42Z	8dc0b5fea25671d6745a556bffb740d3866e189c	352c096f011eb282f12e6d4c12281340fac96b635a2879cc065d7637a6592872	raw	control	5.9.2	2264a8042763edf2620cfe32d96b096e1f3d26aa	5.9.2	2.55.0	1000	150	untracked	93	0.458	0.458	0	0	0	na	1788356172.642191	1788356172.798027	284652642	284654287
2026-09-02T13:34:42Z	8dc0b5fea25671d6745a556bffb740d3866e189c	352c096f011eb282f12e6d4c12281340fac96b635a2879cc065d7637a6592872	raw	control	5.9.2	2264a8042763edf2620cfe32d96b096e1f3d26aa	5.9.2	2.55.0	1000	150	untracked	94	0.860	0.860	0	0	0	na	1788356172.951918	1788356173.110814	284666413	284671444
2026-09-02T13:34:42Z	8dc0b5fea25671d6745a556bffb740d3866e189c	352c096f011eb282f12e6d4c12281340fac96b635a2879cc065d7637a6592872	raw	control	5.9.2	2264a8042763edf2620cfe32d96b096e1f3d26aa	5.9.2	2.55.0	1000	150	untracked	95	1.139	1.139	0	0	0	na	1788356173.264366	1788356173.422812	284677806	284680564
2026-09-02T13:34:42Z	8dc0b5fea25671d6745a556bffb740d3866e189c	352c096f011eb282f12e6d4c12281340fac96b635a2879cc065d7637a6592872	raw	control	5.9.2	2264a8042763edf2620cfe32d96b096e1f3d26aa	5.9.2	2.55.0	1000	150	untracked	96	0.453	0.453	0	0	0	na	1788356173.579104	1788356173.733510	284681621	284682166
2026-09-02T13:34:42Z	8dc0b5fea25671d6745a556bffb740d3866e189c	352c096f011eb282f12e6d4c12281340fac96b635a2879cc065d7637a6592872	raw	control	5.9.2	2264a8042763edf2620cfe32d96b096e1f3d26aa	5.9.2	2.55.0	1000	150	untracked	97	0.448	0.448	0	0	0	na	1788356173.888877	1788356174.042429	284682644	284682999
2026-09-02T13:34:42Z	8dc0b5fea25671d6745a556bffb740d3866e189c	352c096f011eb282f12e6d4c12281340fac96b635a2879cc065d7637a6592872	raw	control	5.9.2	2264a8042763edf2620cfe32d96b096e1f3d26aa	5.9.2	2.55.0	1000	150	untracked	98	0.439	0.439	0	0	0	na	1788356174.197067	1788356174.351090	284683455	284684552
2026-09-02T13:34:42Z	8dc0b5fea25671d6745a556bffb740d3866e189c	352c096f011eb282f12e6d4c12281340fac96b635a2879cc065d7637a6592872	raw	control	5.9.2	2264a8042763edf2620cfe32d96b096e1f3d26aa	5.9.2	2.55.0	1000	150	untracked	99	0.443	0.443	0	0	0	na	1788356174.506719	1788356174.660382	284684783	284685489
2026-09-02T13:34:42Z	8dc0b5fea25671d6745a556bffb740d3866e189c	352c096f011eb282f12e6d4c12281340fac96b635a2879cc065d7637a6592872	raw	control	5.9.2	2264a8042763edf2620cfe32d96b096e1f3d26aa	5.9.2	2.55.0	1000	150	untracked	100	0.381	0.381	0	0	0	na	1788356174.815304	1788356174.968717	284686805	284687043
2026-09-02T13:34:42Z	8dc0b5fea25671d6745a556bffb740d3866e189c	352c096f011eb282f12e6d4c12281340fac96b635a2879cc065d7637a6592872	direct-git	control	2.55.0	2264a8042763edf2620cfe32d96b096e1f3d26aa	5.9.2	2.55.0	1000	150	clean	1	6.594	6.594	0	1	0	na	1788356175.347956	1788356175.510308	284688966	284689816
2026-09-02T13:34:42Z	8dc0b5fea25671d6745a556bffb740d3866e189c	352c096f011eb282f12e6d4c12281340fac96b635a2879cc065d7637a6592872	direct-git	control	2.55.0	2264a8042763edf2620cfe32d96b096e1f3d26aa	5.9.2	2.55.0	1000	150	clean	2	7.509	7.509	0	1	0	na	1788356175.675325	1788356175.837430	284693337	284694895
2026-09-02T13:34:42Z	8dc0b5fea25671d6745a556bffb740d3866e189c	352c096f011eb282f12e6d4c12281340fac96b635a2879cc065d7637a6592872	direct-git	control	2.55.0	2264a8042763edf2620cfe32d96b096e1f3d26aa	5.9.2	2.55.0	1000	150	clean	3	6.106	6.106	0	1	0	na	1788356175.999177	1788356176.160840	284696726	284697851
2026-09-02T13:34:42Z	8dc0b5fea25671d6745a556bffb740d3866e189c	352c096f011eb282f12e6d4c12281340fac96b635a2879cc065d7637a6592872	direct-git	control	2.55.0	2264a8042763edf2620cfe32d96b096e1f3d26aa	5.9.2	2.55.0	1000	150	clean	4	5.707	5.707	0	1	0	na	1788356176.320251	1788356176.481308	284698558	284699824
2026-09-02T13:34:42Z	8dc0b5fea25671d6745a556bffb740d3866e189c	352c096f011eb282f12e6d4c12281340fac96b635a2879cc065d7637a6592872	direct-git	control	2.55.0	2264a8042763edf2620cfe32d96b096e1f3d26aa	5.9.2	2.55.0	1000	150	clean	5	8.086	8.086	0	1	0	na	1788356176.646014	1788356176.811331	284704910	284717351
2026-09-02T13:34:42Z	8dc0b5fea25671d6745a556bffb740d3866e189c	352c096f011eb282f12e6d4c12281340fac96b635a2879cc065d7637a6592872	direct-git	control	2.55.0	2264a8042763edf2620cfe32d96b096e1f3d26aa	5.9.2	2.55.0	1000	150	clean	6	5.752	5.752	0	1	0	na	1788356176.976446	1788356177.137609	284729314	284743660
2026-09-02T13:34:42Z	8dc0b5fea25671d6745a556bffb740d3866e189c	352c096f011eb282f12e6d4c12281340fac96b635a2879cc065d7637a6592872	direct-git	control	2.55.0	2264a8042763edf2620cfe32d96b096e1f3d26aa	5.9.2	2.55.0	1000	150	clean	7	7.715	7.715	0	1	0	na	1788356177.297614	1788356177.458878	284744975	284746441
2026-09-02T13:34:42Z	8dc0b5fea25671d6745a556bffb740d3866e189c	352c096f011eb282f12e6d4c12281340fac96b635a2879cc065d7637a6592872	direct-git	control	2.55.0	2264a8042763edf2620cfe32d96b096e1f3d26aa	5.9.2	2.55.0	1000	150	clean	8	5.510	5.510	0	1	0	na	1788356177.617576	1788356177.776279	284746685	284746915
2026-09-02T13:34:42Z	8dc0b5fea25671d6745a556bffb740d3866e189c	352c096f011eb282f12e6d4c12281340fac96b635a2879cc065d7637a6592872	direct-git	control	2.55.0	2264a8042763edf2620cfe32d96b096e1f3d26aa	5.9.2	2.55.0	1000	150	clean	9	5.657	5.657	0	1	0	na	1788356177.935055	1788356178.094238	284747198	284747431
2026-09-02T13:34:42Z	8dc0b5fea25671d6745a556bffb740d3866e189c	352c096f011eb282f12e6d4c12281340fac96b635a2879cc065d7637a6592872	direct-git	control	2.55.0	2264a8042763edf2620cfe32d96b096e1f3d26aa	5.9.2	2.55.0	1000	150	clean	10	5.378	5.378	0	1	0	na	1788356178.253662	1788356178.412748	284747663	284747910
2026-09-02T13:34:42Z	8dc0b5fea25671d6745a556bffb740d3866e189c	352c096f011eb282f12e6d4c12281340fac96b635a2879cc065d7637a6592872	direct-git	control	2.55.0	2264a8042763edf2620cfe32d96b096e1f3d26aa	5.9.2	2.55.0	1000	150	clean	11	5.754	5.754	0	1	0	na	1788356178.571758	1788356178.731365	284748108	284748332
2026-09-02T13:34:42Z	8dc0b5fea25671d6745a556bffb740d3866e189c	352c096f011eb282f12e6d4c12281340fac96b635a2879cc065d7637a6592872	direct-git	control	2.55.0	2264a8042763edf2620cfe32d96b096e1f3d26aa	5.9.2	2.55.0	1000	150	clean	12	5.523	5.523	0	1	0	na	1788356178.891153	1788356179.050643	284748943	284749438
2026-09-02T13:34:42Z	8dc0b5fea25671d6745a556bffb740d3866e189c	352c096f011eb282f12e6d4c12281340fac96b635a2879cc065d7637a6592872	direct-git	control	2.55.0	2264a8042763edf2620cfe32d96b096e1f3d26aa	5.9.2	2.55.0	1000	150	clean	13	5.532	5.532	0	1	0	na	1788356179.210176	1788356179.369203	284749822	284750360
2026-09-02T13:34:42Z	8dc0b5fea25671d6745a556bffb740d3866e189c	352c096f011eb282f12e6d4c12281340fac96b635a2879cc065d7637a6592872	direct-git	control	2.55.0	2264a8042763edf2620cfe32d96b096e1f3d26aa	5.9.2	2.55.0	1000	150	clean	14	5.524	5.524	0	1	0	na	1788356179.528666	1788356179.688234	284750614	284750986
2026-09-02T13:34:42Z	8dc0b5fea25671d6745a556bffb740d3866e189c	352c096f011eb282f12e6d4c12281340fac96b635a2879cc065d7637a6592872	direct-git	control	2.55.0	2264a8042763edf2620cfe32d96b096e1f3d26aa	5.9.2	2.55.0	1000	150	clean	15	5.864	5.864	0	1	0	na	1788356179.847780	1788356180.007663	284751417	284751608
2026-09-02T13:34:42Z	8dc0b5fea25671d6745a556bffb740d3866e189c	352c096f011eb282f12e6d4c12281340fac96b635a2879cc065d7637a6592872	direct-git	control	2.55.0	2264a8042763edf2620cfe32d96b096e1f3d26aa	5.9.2	2.55.0	1000	150	clean	16	5.500	5.500	0	1	0	na	1788356180.167499	1788356180.327414	284751919	284752467
2026-09-02T13:34:42Z	8dc0b5fea25671d6745a556bffb740d3866e189c	352c096f011eb282f12e6d4c12281340fac96b635a2879cc065d7637a6592872	direct-git	control	2.55.0	2264a8042763edf2620cfe32d96b096e1f3d26aa	5.9.2	2.55.0	1000	150	clean	17	5.783	5.783	0	1	0	na	1788356180.487485	1788356180.647637	284752772	284753034
2026-09-02T13:34:42Z	8dc0b5fea25671d6745a556bffb740d3866e189c	352c096f011eb282f12e6d4c12281340fac96b635a2879cc065d7637a6592872	direct-git	control	2.55.0	2264a8042763edf2620cfe32d96b096e1f3d26aa	5.9.2	2.55.0	1000	150	clean	18	5.734	5.734	0	1	0	na	1788356180.807412	1788356180.967118	284753403	284753803
2026-09-02T13:34:42Z	8dc0b5fea25671d6745a556bffb740d3866e189c	352c096f011eb282f12e6d4c12281340fac96b635a2879cc065d7637a6592872	direct-git	control	2.55.0	2264a8042763edf2620cfe32d96b096e1f3d26aa	5.9.2	2.55.0	1000	150	clean	19	5.666	5.666	0	1	0	na	1788356181.126930	1788356181.286228	284754222	284754361
2026-09-02T13:34:42Z	8dc0b5fea25671d6745a556bffb740d3866e189c	352c096f011eb282f12e6d4c12281340fac96b635a2879cc065d7637a6592872	direct-git	control	2.55.0	2264a8042763edf2620cfe32d96b096e1f3d26aa	5.9.2	2.55.0	1000	150	clean	20	5.714	5.714	0	1	0	na	1788356181.446121	1788356181.606344	284754555	284754806
2026-09-02T13:34:42Z	8dc0b5fea25671d6745a556bffb740d3866e189c	352c096f011eb282f12e6d4c12281340fac96b635a2879cc065d7637a6592872	direct-git	control	2.55.0	2264a8042763edf2620cfe32d96b096e1f3d26aa	5.9.2	2.55.0	1000	150	clean	21	5.412	5.412	0	1	0	na	1788356181.766325	1788356181.925899	284755031	284755699
2026-09-02T13:34:42Z	8dc0b5fea25671d6745a556bffb740d3866e189c	352c096f011eb282f12e6d4c12281340fac96b635a2879cc065d7637a6592872	direct-git	control	2.55.0	2264a8042763edf2620cfe32d96b096e1f3d26aa	5.9.2	2.55.0	1000	150	clean	22	5.837	5.837	0	1	0	na	1788356182.085748	1788356182.245116	284755886	284756076
2026-09-02T13:34:42Z	8dc0b5fea25671d6745a556bffb740d3866e189c	352c096f011eb282f12e6d4c12281340fac96b635a2879cc065d7637a6592872	direct-git	control	2.55.0	2264a8042763edf2620cfe32d96b096e1f3d26aa	5.9.2	2.55.0	1000	150	clean	23	5.825	5.825	0	1	0	na	1788356182.404538	1788356182.564078	284756250	284756624
2026-09-02T13:34:42Z	8dc0b5fea25671d6745a556bffb740d3866e189c	352c096f011eb282f12e6d4c12281340fac96b635a2879cc065d7637a6592872	direct-git	control	2.55.0	2264a8042763edf2620cfe32d96b096e1f3d26aa	5.9.2	2.55.0	1000	150	clean	24	5.733	5.733	0	1	0	na	1788356182.723723	1788356182.883229	284756701	284757420
2026-09-02T13:34:42Z	8dc0b5fea25671d6745a556bffb740d3866e189c	352c096f011eb282f12e6d4c12281340fac96b635a2879cc065d7637a6592872	direct-git	control	2.55.0	2264a8042763edf2620cfe32d96b096e1f3d26aa	5.9.2	2.55.0	1000	150	clean	25	5.679	5.679	0	1	0	na	1788356183.043458	1788356183.203093	284757695	284757887
2026-09-02T13:34:42Z	8dc0b5fea25671d6745a556bffb740d3866e189c	352c096f011eb282f12e6d4c12281340fac96b635a2879cc065d7637a6592872	direct-git	control	2.55.0	2264a8042763edf2620cfe32d96b096e1f3d26aa	5.9.2	2.55.0	1000	150	clean	26	5.772	5.772	0	1	0	na	1788356183.363332	1788356183.522895	284758265	284758720
2026-09-02T13:34:42Z	8dc0b5fea25671d6745a556bffb740d3866e189c	352c096f011eb282f12e6d4c12281340fac96b635a2879cc065d7637a6592872	direct-git	control	2.55.0	2264a8042763edf2620cfe32d96b096e1f3d26aa	5.9.2	2.55.0	1000	150	clean	27	6.125	6.125	0	1	0	na	1788356183.682726	1788356183.843034	284758911	284759531
2026-09-02T13:34:42Z	8dc0b5fea25671d6745a556bffb740d3866e189c	352c096f011eb282f12e6d4c12281340fac96b635a2879cc065d7637a6592872	direct-git	control	2.55.0	2264a8042763edf2620cfe32d96b096e1f3d26aa	5.9.2	2.55.0	1000	150	clean	28	5.444	5.444	0	1	0	na	1788356184.003270	1788356184.162776	284759662	284759838
2026-09-02T13:34:42Z	8dc0b5fea25671d6745a556bffb740d3866e189c	352c096f011eb282f12e6d4c12281340fac96b635a2879cc065d7637a6592872	direct-git	control	2.55.0	2264a8042763edf2620cfe32d96b096e1f3d26aa	5.9.2	2.55.0	1000	150	clean	29	5.694	5.694	0	1	0	na	1788356184.322712	1788356184.482965	284759917	284760038
2026-09-02T13:34:42Z	8dc0b5fea25671d6745a556bffb740d3866e189c	352c096f011eb282f12e6d4c12281340fac96b635a2879cc065d7637a6592872	direct-git	control	2.55.0	2264a8042763edf2620cfe32d96b096e1f3d26aa	5.9.2	2.55.0	1000	150	clean	30	5.783	5.783	0	1	0	na	1788356184.642248	1788356184.801697	284760166	284760587
2026-09-02T13:34:42Z	8dc0b5fea25671d6745a556bffb740d3866e189c	352c096f011eb282f12e6d4c12281340fac96b635a2879cc065d7637a6592872	direct-git	control	2.55.0	2264a8042763edf2620cfe32d96b096e1f3d26aa	5.9.2	2.55.0	1000	150	clean	31	5.455	5.455	0	1	0	na	1788356184.961691	1788356185.120870	284760769	284761000
2026-09-02T13:34:42Z	8dc0b5fea25671d6745a556bffb740d3866e189c	352c096f011eb282f12e6d4c12281340fac96b635a2879cc065d7637a6592872	direct-git	control	2.55.0	2264a8042763edf2620cfe32d96b096e1f3d26aa	5.9.2	2.55.0	1000	150	clean	32	5.507	5.507	0	1	0	na	1788356185.281117	1788356185.440948	284761392	284761805
2026-09-02T13:34:42Z	8dc0b5fea25671d6745a556bffb740d3866e189c	352c096f011eb282f12e6d4c12281340fac96b635a2879cc065d7637a6592872	direct-git	control	2.55.0	2264a8042763edf2620cfe32d96b096e1f3d26aa	5.9.2	2.55.0	1000	150	clean	33	5.570	5.570	0	1	0	na	1788356185.600459	1788356185.760043	284761977	284762257
2026-09-02T13:34:42Z	8dc0b5fea25671d6745a556bffb740d3866e189c	352c096f011eb282f12e6d4c12281340fac96b635a2879cc065d7637a6592872	direct-git	control	2.55.0	2264a8042763edf2620cfe32d96b096e1f3d26aa	5.9.2	2.55.0	1000	150	clean	34	6.377	6.377	0	1	0	na	1788356185.920544	1788356186.081548	284762637	284762993
2026-09-02T13:34:42Z	8dc0b5fea25671d6745a556bffb740d3866e189c	352c096f011eb282f12e6d4c12281340fac96b635a2879cc065d7637a6592872	direct-git	control	2.55.0	2264a8042763edf2620cfe32d96b096e1f3d26aa	5.9.2	2.55.0	1000	150	clean	35	6.058	6.058	0	1	0	na	1788356186.241809	1788356186.402174	284763155	284763897
2026-09-02T13:34:42Z	8dc0b5fea25671d6745a556bffb740d3866e189c	352c096f011eb282f12e6d4c12281340fac96b635a2879cc065d7637a6592872	direct-git	control	2.55.0	2264a8042763edf2620cfe32d96b096e1f3d26aa	5.9.2	2.55.0	1000	150	clean	36	8.499	8.499	0	1	0	na	1788356186.565388	1788356186.732663	284765276	284769795
2026-09-02T13:34:42Z	8dc0b5fea25671d6745a556bffb740d3866e189c	352c096f011eb282f12e6d4c12281340fac96b635a2879cc065d7637a6592872	direct-git	control	2.55.0	2264a8042763edf2620cfe32d96b096e1f3d26aa	5.9.2	2.55.0	1000	150	clean	37	11.065	11.065	0	1	0	na	1788356186.897993	1788356187.065823	284782802	284803239
2026-09-02T13:34:42Z	8dc0b5fea25671d6745a556bffb740d3866e189c	352c096f011eb282f12e6d4c12281340fac96b635a2879cc065d7637a6592872	direct-git	control	2.55.0	2264a8042763edf2620cfe32d96b096e1f3d26aa	5.9.2	2.55.0	1000	150	clean	38	12.702	12.702	0	1	0	na	1788356187.243393	1788356187.417862	284824100	284838178
2026-09-02T13:34:42Z	8dc0b5fea25671d6745a556bffb740d3866e189c	352c096f011eb282f12e6d4c12281340fac96b635a2879cc065d7637a6592872	direct-git	control	2.55.0	2264a8042763edf2620cfe32d96b096e1f3d26aa	5.9.2	2.55.0	1000	150	clean	39	12.745	12.745	0	1	0	na	1788356187.584257	1788356187.757511	284846658	284851165
2026-09-02T13:34:42Z	8dc0b5fea25671d6745a556bffb740d3866e189c	352c096f011eb282f12e6d4c12281340fac96b635a2879cc065d7637a6592872	direct-git	control	2.55.0	2264a8042763edf2620cfe32d96b096e1f3d26aa	5.9.2	2.55.0	1000	150	clean	40	8.583	8.583	0	1	0	na	1788356187.926826	1788356188.094235	284852883	284853811
2026-09-02T13:34:42Z	8dc0b5fea25671d6745a556bffb740d3866e189c	352c096f011eb282f12e6d4c12281340fac96b635a2879cc065d7637a6592872	direct-git	control	2.55.0	2264a8042763edf2620cfe32d96b096e1f3d26aa	5.9.2	2.55.0	1000	150	clean	41	7.372	7.372	0	1	0	na	1788356188.263791	1788356188.429616	284854246	284854606
2026-09-02T13:34:42Z	8dc0b5fea25671d6745a556bffb740d3866e189c	352c096f011eb282f12e6d4c12281340fac96b635a2879cc065d7637a6592872	direct-git	control	2.55.0	2264a8042763edf2620cfe32d96b096e1f3d26aa	5.9.2	2.55.0	1000	150	clean	42	6.690	6.690	0	1	0	na	1788356188.595262	1788356188.757874	284854876	284855332
2026-09-02T13:34:42Z	8dc0b5fea25671d6745a556bffb740d3866e189c	352c096f011eb282f12e6d4c12281340fac96b635a2879cc065d7637a6592872	direct-git	control	2.55.0	2264a8042763edf2620cfe32d96b096e1f3d26aa	5.9.2	2.55.0	1000	150	clean	43	6.737	6.737	0	1	0	na	1788356188.921100	1788356189.083318	284855705	284855969
2026-09-02T13:34:42Z	8dc0b5fea25671d6745a556bffb740d3866e189c	352c096f011eb282f12e6d4c12281340fac96b635a2879cc065d7637a6592872	direct-git	control	2.55.0	2264a8042763edf2620cfe32d96b096e1f3d26aa	5.9.2	2.55.0	1000	150	clean	44	6.627	6.627	0	1	0	na	1788356189.247712	1788356189.411442	284856370	284856672
2026-09-02T13:34:42Z	8dc0b5fea25671d6745a556bffb740d3866e189c	352c096f011eb282f12e6d4c12281340fac96b635a2879cc065d7637a6592872	direct-git	control	2.55.0	2264a8042763edf2620cfe32d96b096e1f3d26aa	5.9.2	2.55.0	1000	150	clean	45	6.686	6.686	0	1	0	na	1788356189.573931	1788356189.735542	284856856	284857180
2026-09-02T13:34:42Z	8dc0b5fea25671d6745a556bffb740d3866e189c	352c096f011eb282f12e6d4c12281340fac96b635a2879cc065d7637a6592872	direct-git	control	2.55.0	2264a8042763edf2620cfe32d96b096e1f3d26aa	5.9.2	2.55.0	1000	150	clean	46	6.259	6.259	0	1	0	na	1788356189.897794	1788356190.060807	284857642	284858251
2026-09-02T13:34:42Z	8dc0b5fea25671d6745a556bffb740d3866e189c	352c096f011eb282f12e6d4c12281340fac96b635a2879cc065d7637a6592872	direct-git	control	2.55.0	2264a8042763edf2620cfe32d96b096e1f3d26aa	5.9.2	2.55.0	1000	150	clean	47	6.264	6.264	0	1	0	na	1788356190.223458	1788356190.385056	284858506	284858636
2026-09-02T13:34:42Z	8dc0b5fea25671d6745a556bffb740d3866e189c	352c096f011eb282f12e6d4c12281340fac96b635a2879cc065d7637a6592872	direct-git	control	2.55.0	2264a8042763edf2620cfe32d96b096e1f3d26aa	5.9.2	2.55.0	1000	150	clean	48	6.425	6.425	0	1	0	na	1788356190.548077	1788356190.709362	284858880	284859107
2026-09-02T13:34:42Z	8dc0b5fea25671d6745a556bffb740d3866e189c	352c096f011eb282f12e6d4c12281340fac96b635a2879cc065d7637a6592872	direct-git	control	2.55.0	2264a8042763edf2620cfe32d96b096e1f3d26aa	5.9.2	2.55.0	1000	150	clean	49	6.016	6.016	0	1	0	na	1788356190.870807	1788356191.032851	284859324	284859564
2026-09-02T13:34:42Z	8dc0b5fea25671d6745a556bffb740d3866e189c	352c096f011eb282f12e6d4c12281340fac96b635a2879cc065d7637a6592872	direct-git	control	2.55.0	2264a8042763edf2620cfe32d96b096e1f3d26aa	5.9.2	2.55.0	1000	150	clean	50	5.909	5.909	0	1	0	na	1788356191.196137	1788356191.357121	284859784	284859961
2026-09-02T13:34:42Z	8dc0b5fea25671d6745a556bffb740d3866e189c	352c096f011eb282f12e6d4c12281340fac96b635a2879cc065d7637a6592872	direct-git	control	2.55.0	2264a8042763edf2620cfe32d96b096e1f3d26aa	5.9.2	2.55.0	1000	150	clean	51	6.017	6.017	0	1	0	na	1788356191.517507	1788356191.677588	284860083	284860122
2026-09-02T13:34:42Z	8dc0b5fea25671d6745a556bffb740d3866e189c	352c096f011eb282f12e6d4c12281340fac96b635a2879cc065d7637a6592872	direct-git	control	2.55.0	2264a8042763edf2620cfe32d96b096e1f3d26aa	5.9.2	2.55.0	1000	150	clean	52	6.577	6.577	0	1	0	na	1788356191.841403	1788356192.005094	284860453	284860512
2026-09-02T13:34:42Z	8dc0b5fea25671d6745a556bffb740d3866e189c	352c096f011eb282f12e6d4c12281340fac96b635a2879cc065d7637a6592872	direct-git	control	2.55.0	2264a8042763edf2620cfe32d96b096e1f3d26aa	5.9.2	2.55.0	1000	150	clean	53	5.561	5.561	0	1	0	na	1788356192.169237	1788356192.329064	284860590	284860707
2026-09-02T13:34:42Z	8dc0b5fea25671d6745a556bffb740d3866e189c	352c096f011eb282f12e6d4c12281340fac96b635a2879cc065d7637a6592872	direct-git	control	2.55.0	2264a8042763edf2620cfe32d96b096e1f3d26aa	5.9.2	2.55.0	1000	150	clean	54	7.051	7.051	0	1	0	na	1788356192.492854	1788356192.656940	284861007	284861192
2026-09-02T13:34:42Z	8dc0b5fea25671d6745a556bffb740d3866e189c	352c096f011eb282f12e6d4c12281340fac96b635a2879cc065d7637a6592872	direct-git	control	2.55.0	2264a8042763edf2620cfe32d96b096e1f3d26aa	5.9.2	2.55.0	1000	150	clean	55	6.209	6.209	0	1	0	na	1788356192.820014	1788356192.980443	284861294	284861407
2026-09-02T13:34:42Z	8dc0b5fea25671d6745a556bffb740d3866e189c	352c096f011eb282f12e6d4c12281340fac96b635a2879cc065d7637a6592872	direct-git	control	2.55.0	2264a8042763edf2620cfe32d96b096e1f3d26aa	5.9.2	2.55.0	1000	150	clean	56	6.353	6.353	0	1	0	na	1788356193.140859	1788356193.301438	284861489	284861615
2026-09-02T13:34:42Z	8dc0b5fea25671d6745a556bffb740d3866e189c	352c096f011eb282f12e6d4c12281340fac96b635a2879cc065d7637a6592872	direct-git	control	2.55.0	2264a8042763edf2620cfe32d96b096e1f3d26aa	5.9.2	2.55.0	1000	150	clean	57	5.563	5.563	0	1	0	na	1788356193.462332	1788356193.622691	284861863	284861994
2026-09-02T13:34:42Z	8dc0b5fea25671d6745a556bffb740d3866e189c	352c096f011eb282f12e6d4c12281340fac96b635a2879cc065d7637a6592872	direct-git	control	2.55.0	2264a8042763edf2620cfe32d96b096e1f3d26aa	5.9.2	2.55.0	1000	150	clean	58	5.843	5.843	0	1	0	na	1788356193.784022	1788356193.944524	284862285	284862375
2026-09-02T13:34:42Z	8dc0b5fea25671d6745a556bffb740d3866e189c	352c096f011eb282f12e6d4c12281340fac96b635a2879cc065d7637a6592872	direct-git	control	2.55.0	2264a8042763edf2620cfe32d96b096e1f3d26aa	5.9.2	2.55.0	1000	150	clean	59	6.307	6.307	0	1	0	na	1788356194.106334	1788356194.267206	284862533	284862791
2026-09-02T13:34:42Z	8dc0b5fea25671d6745a556bffb740d3866e189c	352c096f011eb282f12e6d4c12281340fac96b635a2879cc065d7637a6592872	direct-git	control	2.55.0	2264a8042763edf2620cfe32d96b096e1f3d26aa	5.9.2	2.55.0	1000	150	clean	60	5.959	5.959	0	1	0	na	1788356194.427913	1788356194.590618	284862882	284862983
2026-09-02T13:34:42Z	8dc0b5fea25671d6745a556bffb740d3866e189c	352c096f011eb282f12e6d4c12281340fac96b635a2879cc065d7637a6592872	direct-git	control	2.55.0	2264a8042763edf2620cfe32d96b096e1f3d26aa	5.9.2	2.55.0	1000	150	clean	61	5.708	5.708	0	1	0	na	1788356194.752298	1788356194.914569	284863133	284863542
2026-09-02T13:34:42Z	8dc0b5fea25671d6745a556bffb740d3866e189c	352c096f011eb282f12e6d4c12281340fac96b635a2879cc065d7637a6592872	direct-git	control	2.55.0	2264a8042763edf2620cfe32d96b096e1f3d26aa	5.9.2	2.55.0	1000	150	clean	62	5.798	5.798	0	1	0	na	1788356195.076617	1788356195.237463	284863777	284864435
2026-09-02T13:34:42Z	8dc0b5fea25671d6745a556bffb740d3866e189c	352c096f011eb282f12e6d4c12281340fac96b635a2879cc065d7637a6592872	direct-git	control	2.55.0	2264a8042763edf2620cfe32d96b096e1f3d26aa	5.9.2	2.55.0	1000	150	clean	63	6.579	6.579	0	1	0	na	1788356195.399095	1788356195.561275	284864513	284864773
2026-09-02T13:34:42Z	8dc0b5fea25671d6745a556bffb740d3866e189c	352c096f011eb282f12e6d4c12281340fac96b635a2879cc065d7637a6592872	direct-git	control	2.55.0	2264a8042763edf2620cfe32d96b096e1f3d26aa	5.9.2	2.55.0	1000	150	clean	64	5.584	5.584	0	1	0	na	1788356195.724312	1788356195.885463	284864956	284865224
2026-09-02T13:34:42Z	8dc0b5fea25671d6745a556bffb740d3866e189c	352c096f011eb282f12e6d4c12281340fac96b635a2879cc065d7637a6592872	direct-git	control	2.55.0	2264a8042763edf2620cfe32d96b096e1f3d26aa	5.9.2	2.55.0	1000	150	clean	65	6.810	6.810	0	1	0	na	1788356196.047252	1788356196.209750	284865386	284865620
2026-09-02T13:34:42Z	8dc0b5fea25671d6745a556bffb740d3866e189c	352c096f011eb282f12e6d4c12281340fac96b635a2879cc065d7637a6592872	direct-git	control	2.55.0	2264a8042763edf2620cfe32d96b096e1f3d26aa	5.9.2	2.55.0	1000	150	clean	66	5.534	5.534	0	1	0	na	1788356196.372278	1788356196.533729	284865795	284865887
2026-09-02T13:34:42Z	8dc0b5fea25671d6745a556bffb740d3866e189c	352c096f011eb282f12e6d4c12281340fac96b635a2879cc065d7637a6592872	direct-git	control	2.55.0	2264a8042763edf2620cfe32d96b096e1f3d26aa	5.9.2	2.55.0	1000	150	clean	67	5.626	5.626	0	1	0	na	1788356196.697290	1788356196.859359	284866613	284867216
2026-09-02T13:34:42Z	8dc0b5fea25671d6745a556bffb740d3866e189c	352c096f011eb282f12e6d4c12281340fac96b635a2879cc065d7637a6592872	direct-git	control	2.55.0	2264a8042763edf2620cfe32d96b096e1f3d26aa	5.9.2	2.55.0	1000	150	clean	68	5.661	5.661	0	1	0	na	1788356197.021320	1788356197.182194	284867522	284867932
2026-09-02T13:34:42Z	8dc0b5fea25671d6745a556bffb740d3866e189c	352c096f011eb282f12e6d4c12281340fac96b635a2879cc065d7637a6592872	direct-git	control	2.55.0	2264a8042763edf2620cfe32d96b096e1f3d26aa	5.9.2	2.55.0	1000	150	clean	69	6.101	6.101	0	1	0	na	1788356197.344153	1788356197.505848	284868083	284868459
2026-09-02T13:34:42Z	8dc0b5fea25671d6745a556bffb740d3866e189c	352c096f011eb282f12e6d4c12281340fac96b635a2879cc065d7637a6592872	direct-git	control	2.55.0	2264a8042763edf2620cfe32d96b096e1f3d26aa	5.9.2	2.55.0	1000	150	clean	70	5.890	5.890	0	1	0	na	1788356197.668698	1788356197.831335	284868771	284869302
2026-09-02T13:34:42Z	8dc0b5fea25671d6745a556bffb740d3866e189c	352c096f011eb282f12e6d4c12281340fac96b635a2879cc065d7637a6592872	direct-git	control	2.55.0	2264a8042763edf2620cfe32d96b096e1f3d26aa	5.9.2	2.55.0	1000	150	clean	71	5.885	5.885	0	1	0	na	1788356197.993750	1788356198.155593	284869661	284870087
2026-09-02T13:34:42Z	8dc0b5fea25671d6745a556bffb740d3866e189c	352c096f011eb282f12e6d4c12281340fac96b635a2879cc065d7637a6592872	direct-git	control	2.55.0	2264a8042763edf2620cfe32d96b096e1f3d26aa	5.9.2	2.55.0	1000	150	clean	72	5.691	5.691	0	1	0	na	1788356198.317909	1788356198.478843	284870202	284870272
2026-09-02T13:34:42Z	8dc0b5fea25671d6745a556bffb740d3866e189c	352c096f011eb282f12e6d4c12281340fac96b635a2879cc065d7637a6592872	direct-git	control	2.55.0	2264a8042763edf2620cfe32d96b096e1f3d26aa	5.9.2	2.55.0	1000	150	clean	73	5.564	5.564	0	1	0	na	1788356198.641387	1788356198.803094	284870739	284871254
2026-09-02T13:34:42Z	8dc0b5fea25671d6745a556bffb740d3866e189c	352c096f011eb282f12e6d4c12281340fac96b635a2879cc065d7637a6592872	direct-git	control	2.55.0	2264a8042763edf2620cfe32d96b096e1f3d26aa	5.9.2	2.55.0	1000	150	clean	74	6.275	6.275	0	1	0	na	1788356198.965173	1788356199.127803	284871472	284871650
2026-09-02T13:34:42Z	8dc0b5fea25671d6745a556bffb740d3866e189c	352c096f011eb282f12e6d4c12281340fac96b635a2879cc065d7637a6592872	direct-git	control	2.55.0	2264a8042763edf2620cfe32d96b096e1f3d26aa	5.9.2	2.55.0	1000	150	clean	75	5.545	5.545	0	1	0	na	1788356199.290891	1788356199.451972	284872096	284872229
2026-09-02T13:34:42Z	8dc0b5fea25671d6745a556bffb740d3866e189c	352c096f011eb282f12e6d4c12281340fac96b635a2879cc065d7637a6592872	direct-git	control	2.55.0	2264a8042763edf2620cfe32d96b096e1f3d26aa	5.9.2	2.55.0	1000	150	clean	76	5.410	5.410	0	1	0	na	1788356199.613805	1788356199.774693	284872881	284872989
2026-09-02T13:34:42Z	8dc0b5fea25671d6745a556bffb740d3866e189c	352c096f011eb282f12e6d4c12281340fac96b635a2879cc065d7637a6592872	direct-git	control	2.55.0	2264a8042763edf2620cfe32d96b096e1f3d26aa	5.9.2	2.55.0	1000	150	clean	77	5.936	5.936	0	1	0	na	1788356199.937169	1788356200.099270	284873156	284873273
2026-09-02T13:34:42Z	8dc0b5fea25671d6745a556bffb740d3866e189c	352c096f011eb282f12e6d4c12281340fac96b635a2879cc065d7637a6592872	direct-git	control	2.55.0	2264a8042763edf2620cfe32d96b096e1f3d26aa	5.9.2	2.55.0	1000	150	clean	78	5.620	5.620	0	1	0	na	1788356200.261882	1788356200.422177	284873366	284873424
2026-09-02T13:34:42Z	8dc0b5fea25671d6745a556bffb740d3866e189c	352c096f011eb282f12e6d4c12281340fac96b635a2879cc065d7637a6592872	direct-git	control	2.55.0	2264a8042763edf2620cfe32d96b096e1f3d26aa	5.9.2	2.55.0	1000	150	clean	79	5.574	5.574	0	1	0	na	1788356200.583210	1788356200.745114	284873518	284873666
2026-09-02T13:34:42Z	8dc0b5fea25671d6745a556bffb740d3866e189c	352c096f011eb282f12e6d4c12281340fac96b635a2879cc065d7637a6592872	direct-git	control	2.55.0	2264a8042763edf2620cfe32d96b096e1f3d26aa	5.9.2	2.55.0	1000	150	clean	80	5.987	5.987	0	1	0	na	1788356200.908067	1788356201.069796	284873785	284874019
2026-09-02T13:34:42Z	8dc0b5fea25671d6745a556bffb740d3866e189c	352c096f011eb282f12e6d4c12281340fac96b635a2879cc065d7637a6592872	direct-git	control	2.55.0	2264a8042763edf2620cfe32d96b096e1f3d26aa	5.9.2	2.55.0	1000	150	clean	81	5.475	5.475	0	1	0	na	1788356201.233361	1788356201.393455	284874142	284874377
2026-09-02T13:34:42Z	8dc0b5fea25671d6745a556bffb740d3866e189c	352c096f011eb282f12e6d4c12281340fac96b635a2879cc065d7637a6592872	direct-git	control	2.55.0	2264a8042763edf2620cfe32d96b096e1f3d26aa	5.9.2	2.55.0	1000	150	clean	82	5.948	5.948	0	1	0	na	1788356201.557331	1788356201.718071	284875863	284876038
2026-09-02T13:34:42Z	8dc0b5fea25671d6745a556bffb740d3866e189c	352c096f011eb282f12e6d4c12281340fac96b635a2879cc065d7637a6592872	direct-git	control	2.55.0	2264a8042763edf2620cfe32d96b096e1f3d26aa	5.9.2	2.55.0	1000	150	clean	83	5.792	5.792	0	1	0	na	1788356201.880588	1788356202.042348	284876234	284876387
2026-09-02T13:34:42Z	8dc0b5fea25671d6745a556bffb740d3866e189c	352c096f011eb282f12e6d4c12281340fac96b635a2879cc065d7637a6592872	direct-git	control	2.55.0	2264a8042763edf2620cfe32d96b096e1f3d26aa	5.9.2	2.55.0	1000	150	clean	84	5.721	5.721	0	1	0	na	1788356202.205940	1788356202.368322	284876549	284876682
2026-09-02T13:34:42Z	8dc0b5fea25671d6745a556bffb740d3866e189c	352c096f011eb282f12e6d4c12281340fac96b635a2879cc065d7637a6592872	direct-git	control	2.55.0	2264a8042763edf2620cfe32d96b096e1f3d26aa	5.9.2	2.55.0	1000	150	clean	85	5.492	5.492	0	1	0	na	1788356202.531193	1788356202.693079	284876762	284877095
2026-09-02T13:34:42Z	8dc0b5fea25671d6745a556bffb740d3866e189c	352c096f011eb282f12e6d4c12281340fac96b635a2879cc065d7637a6592872	direct-git	control	2.55.0	2264a8042763edf2620cfe32d96b096e1f3d26aa	5.9.2	2.55.0	1000	150	clean	86	6.095	6.095	0	1	0	na	1788356202.856324	1788356203.019648	284877332	284877771
2026-09-02T13:34:42Z	8dc0b5fea25671d6745a556bffb740d3866e189c	352c096f011eb282f12e6d4c12281340fac96b635a2879cc065d7637a6592872	direct-git	control	2.55.0	2264a8042763edf2620cfe32d96b096e1f3d26aa	5.9.2	2.55.0	1000	150	clean	87	5.591	5.591	0	1	0	na	1788356203.182802	1788356203.344055	284878192	284878753
2026-09-02T13:34:42Z	8dc0b5fea25671d6745a556bffb740d3866e189c	352c096f011eb282f12e6d4c12281340fac96b635a2879cc065d7637a6592872	direct-git	control	2.55.0	2264a8042763edf2620cfe32d96b096e1f3d26aa	5.9.2	2.55.0	1000	150	clean	88	5.907	5.907	0	1	0	na	1788356203.506759	1788356203.668383	284879221	284879638
2026-09-02T13:34:42Z	8dc0b5fea25671d6745a556bffb740d3866e189c	352c096f011eb282f12e6d4c12281340fac96b635a2879cc065d7637a6592872	direct-git	control	2.55.0	2264a8042763edf2620cfe32d96b096e1f3d26aa	5.9.2	2.55.0	1000	150	clean	89	6.031	6.031	0	1	0	na	1788356203.831647	1788356203.993188	284880102	284880677
2026-09-02T13:34:42Z	8dc0b5fea25671d6745a556bffb740d3866e189c	352c096f011eb282f12e6d4c12281340fac96b635a2879cc065d7637a6592872	direct-git	control	2.55.0	2264a8042763edf2620cfe32d96b096e1f3d26aa	5.9.2	2.55.0	1000	150	clean	90	6.389	6.389	0	1	0	na	1788356204.155131	1788356204.316777	284881181	284881619
2026-09-02T13:34:42Z	8dc0b5fea25671d6745a556bffb740d3866e189c	352c096f011eb282f12e6d4c12281340fac96b635a2879cc065d7637a6592872	direct-git	control	2.55.0	2264a8042763edf2620cfe32d96b096e1f3d26aa	5.9.2	2.55.0	1000	150	clean	91	5.455	5.455	0	1	0	na	1788356204.478264	1788356204.640111	284881786	284882121
2026-09-02T13:34:42Z	8dc0b5fea25671d6745a556bffb740d3866e189c	352c096f011eb282f12e6d4c12281340fac96b635a2879cc065d7637a6592872	direct-git	control	2.55.0	2264a8042763edf2620cfe32d96b096e1f3d26aa	5.9.2	2.55.0	1000	150	clean	92	5.633	5.633	0	1	0	na	1788356204.804223	1788356204.966406	284882452	284883323
2026-09-02T13:34:42Z	8dc0b5fea25671d6745a556bffb740d3866e189c	352c096f011eb282f12e6d4c12281340fac96b635a2879cc065d7637a6592872	direct-git	control	2.55.0	2264a8042763edf2620cfe32d96b096e1f3d26aa	5.9.2	2.55.0	1000	150	clean	93	5.445	5.445	0	1	0	na	1788356205.130187	1788356205.292376	284883556	284883730
2026-09-02T13:34:42Z	8dc0b5fea25671d6745a556bffb740d3866e189c	352c096f011eb282f12e6d4c12281340fac96b635a2879cc065d7637a6592872	direct-git	control	2.55.0	2264a8042763edf2620cfe32d96b096e1f3d26aa	5.9.2	2.55.0	1000	150	clean	94	5.788	5.788	0	1	0	na	1788356205.455489	1788356205.617867	284883962	284884380
2026-09-02T13:34:42Z	8dc0b5fea25671d6745a556bffb740d3866e189c	352c096f011eb282f12e6d4c12281340fac96b635a2879cc065d7637a6592872	direct-git	control	2.55.0	2264a8042763edf2620cfe32d96b096e1f3d26aa	5.9.2	2.55.0	1000	150	clean	95	5.792	5.792	0	1	0	na	1788356205.781909	1788356205.944368	284884652	284884843
2026-09-02T13:34:42Z	8dc0b5fea25671d6745a556bffb740d3866e189c	352c096f011eb282f12e6d4c12281340fac96b635a2879cc065d7637a6592872	direct-git	control	2.55.0	2264a8042763edf2620cfe32d96b096e1f3d26aa	5.9.2	2.55.0	1000	150	clean	96	5.570	5.570	0	1	0	na	1788356206.107429	1788356206.269276	284885062	284885153
2026-09-02T13:34:42Z	8dc0b5fea25671d6745a556bffb740d3866e189c	352c096f011eb282f12e6d4c12281340fac96b635a2879cc065d7637a6592872	direct-git	control	2.55.0	2264a8042763edf2620cfe32d96b096e1f3d26aa	5.9.2	2.55.0	1000	150	clean	97	5.512	5.512	0	1	0	na	1788356206.432408	1788356206.594566	284885357	284885514
2026-09-02T13:34:42Z	8dc0b5fea25671d6745a556bffb740d3866e189c	352c096f011eb282f12e6d4c12281340fac96b635a2879cc065d7637a6592872	direct-git	control	2.55.0	2264a8042763edf2620cfe32d96b096e1f3d26aa	5.9.2	2.55.0	1000	150	clean	98	6.261	6.261	0	1	0	na	1788356206.757616	1788356206.919789	284885717	284885910
2026-09-02T13:34:42Z	8dc0b5fea25671d6745a556bffb740d3866e189c	352c096f011eb282f12e6d4c12281340fac96b635a2879cc065d7637a6592872	direct-git	control	2.55.0	2264a8042763edf2620cfe32d96b096e1f3d26aa	5.9.2	2.55.0	1000	150	clean	99	5.394	5.394	0	1	0	na	1788356207.084819	1788356207.246372	284886484	284886707
2026-09-02T13:34:42Z	8dc0b5fea25671d6745a556bffb740d3866e189c	352c096f011eb282f12e6d4c12281340fac96b635a2879cc065d7637a6592872	direct-git	control	2.55.0	2264a8042763edf2620cfe32d96b096e1f3d26aa	5.9.2	2.55.0	1000	150	clean	100	5.489	5.489	0	1	0	na	1788356207.410323	1788356207.571961	284886823	284886930
2026-09-02T13:34:42Z	8dc0b5fea25671d6745a556bffb740d3866e189c	352c096f011eb282f12e6d4c12281340fac96b635a2879cc065d7637a6592872	direct-git	control	2.55.0	2264a8042763edf2620cfe32d96b096e1f3d26aa	5.9.2	2.55.0	1000	150	dirty	1	6.324	6.324	0	1	0	na	1788356207.754175	1788356207.916363	284888069	284888225
2026-09-02T13:34:42Z	8dc0b5fea25671d6745a556bffb740d3866e189c	352c096f011eb282f12e6d4c12281340fac96b635a2879cc065d7637a6592872	direct-git	control	2.55.0	2264a8042763edf2620cfe32d96b096e1f3d26aa	5.9.2	2.55.0	1000	150	dirty	2	5.586	5.586	0	1	0	na	1788356208.079205	1788356208.240972	284888359	284888460
2026-09-02T13:34:42Z	8dc0b5fea25671d6745a556bffb740d3866e189c	352c096f011eb282f12e6d4c12281340fac96b635a2879cc065d7637a6592872	direct-git	control	2.55.0	2264a8042763edf2620cfe32d96b096e1f3d26aa	5.9.2	2.55.0	1000	150	dirty	3	5.771	5.771	0	1	0	na	1788356208.404424	1788356208.566289	284888942	284889010
2026-09-02T13:34:42Z	8dc0b5fea25671d6745a556bffb740d3866e189c	352c096f011eb282f12e6d4c12281340fac96b635a2879cc065d7637a6592872	direct-git	control	2.55.0	2264a8042763edf2620cfe32d96b096e1f3d26aa	5.9.2	2.55.0	1000	150	dirty	4	5.825	5.825	0	1	0	na	1788356208.729818	1788356208.891904	284889621	284889719
2026-09-02T13:34:42Z	8dc0b5fea25671d6745a556bffb740d3866e189c	352c096f011eb282f12e6d4c12281340fac96b635a2879cc065d7637a6592872	direct-git	control	2.55.0	2264a8042763edf2620cfe32d96b096e1f3d26aa	5.9.2	2.55.0	1000	150	dirty	5	5.619	5.619	0	1	0	na	1788356209.056493	1788356209.219105	284889826	284890027
2026-09-02T13:34:42Z	8dc0b5fea25671d6745a556bffb740d3866e189c	352c096f011eb282f12e6d4c12281340fac96b635a2879cc065d7637a6592872	direct-git	control	2.55.0	2264a8042763edf2620cfe32d96b096e1f3d26aa	5.9.2	2.55.0	1000	150	dirty	6	5.858	5.858	0	1	0	na	1788356209.383067	1788356209.545906	284890603	284890755
2026-09-02T13:34:42Z	8dc0b5fea25671d6745a556bffb740d3866e189c	352c096f011eb282f12e6d4c12281340fac96b635a2879cc065d7637a6592872	direct-git	control	2.55.0	2264a8042763edf2620cfe32d96b096e1f3d26aa	5.9.2	2.55.0	1000	150	dirty	7	5.447	5.447	0	1	0	na	1788356209.709643	1788356209.871280	284891043	284891307
2026-09-02T13:34:42Z	8dc0b5fea25671d6745a556bffb740d3866e189c	352c096f011eb282f12e6d4c12281340fac96b635a2879cc065d7637a6592872	direct-git	control	2.55.0	2264a8042763edf2620cfe32d96b096e1f3d26aa	5.9.2	2.55.0	1000	150	dirty	8	5.830	5.830	0	1	0	na	1788356210.034117	1788356210.196092	284891577	284891715
2026-09-02T13:34:42Z	8dc0b5fea25671d6745a556bffb740d3866e189c	352c096f011eb282f12e6d4c12281340fac96b635a2879cc065d7637a6592872	direct-git	control	2.55.0	2264a8042763edf2620cfe32d96b096e1f3d26aa	5.9.2	2.55.0	1000	150	dirty	9	5.829	5.829	0	1	0	na	1788356210.358886	1788356210.521504	284891805	284891914
2026-09-02T13:34:42Z	8dc0b5fea25671d6745a556bffb740d3866e189c	352c096f011eb282f12e6d4c12281340fac96b635a2879cc065d7637a6592872	direct-git	control	2.55.0	2264a8042763edf2620cfe32d96b096e1f3d26aa	5.9.2	2.55.0	1000	150	dirty	10	5.443	5.443	0	1	0	na	1788356210.685238	1788356210.846892	284892105	284892267
2026-09-02T13:34:42Z	8dc0b5fea25671d6745a556bffb740d3866e189c	352c096f011eb282f12e6d4c12281340fac96b635a2879cc065d7637a6592872	direct-git	control	2.55.0	2264a8042763edf2620cfe32d96b096e1f3d26aa	5.9.2	2.55.0	1000	150	dirty	11	5.679	5.679	0	1	0	na	1788356211.012358	1788356211.175220	284892639	284892924
2026-09-02T13:34:42Z	8dc0b5fea25671d6745a556bffb740d3866e189c	352c096f011eb282f12e6d4c12281340fac96b635a2879cc065d7637a6592872	direct-git	control	2.55.0	2264a8042763edf2620cfe32d96b096e1f3d26aa	5.9.2	2.55.0	1000	150	dirty	12	5.452	5.452	0	1	0	na	1788356211.339528	1788356211.502087	284893241	284893598
2026-09-02T13:34:42Z	8dc0b5fea25671d6745a556bffb740d3866e189c	352c096f011eb282f12e6d4c12281340fac96b635a2879cc065d7637a6592872	direct-git	control	2.55.0	2264a8042763edf2620cfe32d96b096e1f3d26aa	5.9.2	2.55.0	1000	150	dirty	13	5.591	5.591	0	1	0	na	1788356211.665827	1788356211.827865	284893750	284894110
2026-09-02T13:34:42Z	8dc0b5fea25671d6745a556bffb740d3866e189c	352c096f011eb282f12e6d4c12281340fac96b635a2879cc065d7637a6592872	direct-git	control	2.55.0	2264a8042763edf2620cfe32d96b096e1f3d26aa	5.9.2	2.55.0	1000	150	dirty	14	5.373	5.373	0	1	0	na	1788356211.992295	1788356212.153538	284894609	284895102
2026-09-02T13:34:42Z	8dc0b5fea25671d6745a556bffb740d3866e189c	352c096f011eb282f12e6d4c12281340fac96b635a2879cc065d7637a6592872	direct-git	control	2.55.0	2264a8042763edf2620cfe32d96b096e1f3d26aa	5.9.2	2.55.0	1000	150	dirty	15	5.481	5.481	0	1	0	na	1788356212.316066	1788356212.476876	284895192	284895285
2026-09-02T13:34:42Z	8dc0b5fea25671d6745a556bffb740d3866e189c	352c096f011eb282f12e6d4c12281340fac96b635a2879cc065d7637a6592872	direct-git	control	2.55.0	2264a8042763edf2620cfe32d96b096e1f3d26aa	5.9.2	2.55.0	1000	150	dirty	16	5.250	5.250	0	1	0	na	1788356212.639745	1788356212.800680	284895552	284895646
2026-09-02T13:34:42Z	8dc0b5fea25671d6745a556bffb740d3866e189c	352c096f011eb282f12e6d4c12281340fac96b635a2879cc065d7637a6592872	direct-git	control	2.55.0	2264a8042763edf2620cfe32d96b096e1f3d26aa	5.9.2	2.55.0	1000	150	dirty	17	5.657	5.657	0	1	0	na	1788356212.963388	1788356213.125708	284895841	284896014
2026-09-02T13:34:42Z	8dc0b5fea25671d6745a556bffb740d3866e189c	352c096f011eb282f12e6d4c12281340fac96b635a2879cc065d7637a6592872	direct-git	control	2.55.0	2264a8042763edf2620cfe32d96b096e1f3d26aa	5.9.2	2.55.0	1000	150	dirty	18	5.615	5.615	0	1	0	na	1788356213.289546	1788356213.452615	284896200	284896472
2026-09-02T13:34:42Z	8dc0b5fea25671d6745a556bffb740d3866e189c	352c096f011eb282f12e6d4c12281340fac96b635a2879cc065d7637a6592872	direct-git	control	2.55.0	2264a8042763edf2620cfe32d96b096e1f3d26aa	5.9.2	2.55.0	1000	150	dirty	19	5.857	5.857	0	1	0	na	1788356213.618263	1788356213.781551	284897104	284897531
2026-09-02T13:34:42Z	8dc0b5fea25671d6745a556bffb740d3866e189c	352c096f011eb282f12e6d4c12281340fac96b635a2879cc065d7637a6592872	direct-git	control	2.55.0	2264a8042763edf2620cfe32d96b096e1f3d26aa	5.9.2	2.55.0	1000	150	dirty	20	5.365	5.365	0	1	0	na	1788356213.944799	1788356214.105717	284898284	284898682
2026-09-02T13:34:42Z	8dc0b5fea25671d6745a556bffb740d3866e189c	352c096f011eb282f12e6d4c12281340fac96b635a2879cc065d7637a6592872	direct-git	control	2.55.0	2264a8042763edf2620cfe32d96b096e1f3d26aa	5.9.2	2.55.0	1000	150	dirty	21	5.704	5.704	0	1	0	na	1788356214.268458	1788356214.430313	284898806	284898969
2026-09-02T13:34:42Z	8dc0b5fea25671d6745a556bffb740d3866e189c	352c096f011eb282f12e6d4c12281340fac96b635a2879cc065d7637a6592872	direct-git	control	2.55.0	2264a8042763edf2620cfe32d96b096e1f3d26aa	5.9.2	2.55.0	1000	150	dirty	22	5.855	5.855	0	1	0	na	1788356214.595096	1788356214.757875	284899192	284899975
2026-09-02T13:34:42Z	8dc0b5fea25671d6745a556bffb740d3866e189c	352c096f011eb282f12e6d4c12281340fac96b635a2879cc065d7637a6592872	direct-git	control	2.55.0	2264a8042763edf2620cfe32d96b096e1f3d26aa	5.9.2	2.55.0	1000	150	dirty	23	5.896	5.896	0	1	0	na	1788356214.922546	1788356215.085804	284900141	284900346
2026-09-02T13:34:42Z	8dc0b5fea25671d6745a556bffb740d3866e189c	352c096f011eb282f12e6d4c12281340fac96b635a2879cc065d7637a6592872	direct-git	control	2.55.0	2264a8042763edf2620cfe32d96b096e1f3d26aa	5.9.2	2.55.0	1000	150	dirty	24	5.396	5.396	0	1	0	na	1788356215.250243	1788356215.412978	284900623	284900779
2026-09-02T13:34:42Z	8dc0b5fea25671d6745a556bffb740d3866e189c	352c096f011eb282f12e6d4c12281340fac96b635a2879cc065d7637a6592872	direct-git	control	2.55.0	2264a8042763edf2620cfe32d96b096e1f3d26aa	5.9.2	2.55.0	1000	150	dirty	25	5.723	5.723	0	1	0	na	1788356215.577127	1788356215.739820	284900906	284901621
2026-09-02T13:34:42Z	8dc0b5fea25671d6745a556bffb740d3866e189c	352c096f011eb282f12e6d4c12281340fac96b635a2879cc065d7637a6592872	direct-git	control	2.55.0	2264a8042763edf2620cfe32d96b096e1f3d26aa	5.9.2	2.55.0	1000	150	dirty	26	6.138	6.138	0	1	0	na	1788356215.904376	1788356216.067977	284901899	284902541
2026-09-02T13:34:42Z	8dc0b5fea25671d6745a556bffb740d3866e189c	352c096f011eb282f12e6d4c12281340fac96b635a2879cc065d7637a6592872	direct-git	control	2.55.0	2264a8042763edf2620cfe32d96b096e1f3d26aa	5.9.2	2.55.0	1000	150	dirty	27	5.646	5.646	0	1	0	na	1788356216.233352	1788356216.394580	284902678	284902784
2026-09-02T13:34:42Z	8dc0b5fea25671d6745a556bffb740d3866e189c	352c096f011eb282f12e6d4c12281340fac96b635a2879cc065d7637a6592872	direct-git	control	2.55.0	2264a8042763edf2620cfe32d96b096e1f3d26aa	5.9.2	2.55.0	1000	150	dirty	28	6.027	6.027	0	1	0	na	1788356216.558024	1788356216.722042	284903015	284903899
2026-09-02T13:34:42Z	8dc0b5fea25671d6745a556bffb740d3866e189c	352c096f011eb282f12e6d4c12281340fac96b635a2879cc065d7637a6592872	direct-git	control	2.55.0	2264a8042763edf2620cfe32d96b096e1f3d26aa	5.9.2	2.55.0	1000	150	dirty	29	5.869	5.869	0	1	0	na	1788356216.887419	1788356217.051880	284904533	284904844
2026-09-02T13:34:42Z	8dc0b5fea25671d6745a556bffb740d3866e189c	352c096f011eb282f12e6d4c12281340fac96b635a2879cc065d7637a6592872	direct-git	control	2.55.0	2264a8042763edf2620cfe32d96b096e1f3d26aa	5.9.2	2.55.0	1000	150	dirty	30	5.926	5.926	0	1	0	na	1788356217.215467	1788356217.377865	284905149	284905455
2026-09-02T13:34:42Z	8dc0b5fea25671d6745a556bffb740d3866e189c	352c096f011eb282f12e6d4c12281340fac96b635a2879cc065d7637a6592872	direct-git	control	2.55.0	2264a8042763edf2620cfe32d96b096e1f3d26aa	5.9.2	2.55.0	1000	150	dirty	31	6.040	6.040	0	1	0	na	1788356217.543241	1788356217.706303	284905813	284906288
2026-09-02T13:34:42Z	8dc0b5fea25671d6745a556bffb740d3866e189c	352c096f011eb282f12e6d4c12281340fac96b635a2879cc065d7637a6592872	direct-git	control	2.55.0	2264a8042763edf2620cfe32d96b096e1f3d26aa	5.9.2	2.55.0	1000	150	dirty	32	5.856	5.856	0	1	0	na	1788356217.871120	1788356218.033367	284906701	284907018
2026-09-02T13:34:42Z	8dc0b5fea25671d6745a556bffb740d3866e189c	352c096f011eb282f12e6d4c12281340fac96b635a2879cc065d7637a6592872	direct-git	control	2.55.0	2264a8042763edf2620cfe32d96b096e1f3d26aa	5.9.2	2.55.0	1000	150	dirty	33	6.046	6.046	0	1	0	na	1788356218.197659	1788356218.360529	284907340	284907516
2026-09-02T13:34:42Z	8dc0b5fea25671d6745a556bffb740d3866e189c	352c096f011eb282f12e6d4c12281340fac96b635a2879cc065d7637a6592872	direct-git	control	2.55.0	2264a8042763edf2620cfe32d96b096e1f3d26aa	5.9.2	2.55.0	1000	150	dirty	34	5.719	5.719	0	1	0	na	1788356218.525817	1788356218.688133	284907666	284907914
2026-09-02T13:34:42Z	8dc0b5fea25671d6745a556bffb740d3866e189c	352c096f011eb282f12e6d4c12281340fac96b635a2879cc065d7637a6592872	direct-git	control	2.55.0	2264a8042763edf2620cfe32d96b096e1f3d26aa	5.9.2	2.55.0	1000	150	dirty	35	5.545	5.545	0	1	0	na	1788356218.853017	1788356219.017737	284908251	284908731
2026-09-02T13:34:42Z	8dc0b5fea25671d6745a556bffb740d3866e189c	352c096f011eb282f12e6d4c12281340fac96b635a2879cc065d7637a6592872	direct-git	control	2.55.0	2264a8042763edf2620cfe32d96b096e1f3d26aa	5.9.2	2.55.0	1000	150	dirty	36	6.265	6.265	0	1	0	na	1788356219.184259	1788356219.349994	284909429	284910376
2026-09-02T13:34:42Z	8dc0b5fea25671d6745a556bffb740d3866e189c	352c096f011eb282f12e6d4c12281340fac96b635a2879cc065d7637a6592872	direct-git	control	2.55.0	2264a8042763edf2620cfe32d96b096e1f3d26aa	5.9.2	2.55.0	1000	150	dirty	37	7.045	7.045	0	1	0	na	1788356219.516165	1788356219.680509	284911218	284912259
2026-09-02T13:34:42Z	8dc0b5fea25671d6745a556bffb740d3866e189c	352c096f011eb282f12e6d4c12281340fac96b635a2879cc065d7637a6592872	direct-git	control	2.55.0	2264a8042763edf2620cfe32d96b096e1f3d26aa	5.9.2	2.55.0	1000	150	dirty	38	5.390	5.390	0	1	0	na	1788356219.846300	1788356220.008441	284913331	284913512
2026-09-02T13:34:42Z	8dc0b5fea25671d6745a556bffb740d3866e189c	352c096f011eb282f12e6d4c12281340fac96b635a2879cc065d7637a6592872	direct-git	control	2.55.0	2264a8042763edf2620cfe32d96b096e1f3d26aa	5.9.2	2.55.0	1000	150	dirty	39	5.609	5.609	0	1	0	na	1788356220.173185	1788356220.336139	284914004	284914925
2026-09-02T13:34:42Z	8dc0b5fea25671d6745a556bffb740d3866e189c	352c096f011eb282f12e6d4c12281340fac96b635a2879cc065d7637a6592872	direct-git	control	2.55.0	2264a8042763edf2620cfe32d96b096e1f3d26aa	5.9.2	2.55.0	1000	150	dirty	40	5.954	5.954	0	1	0	na	1788356220.504644	1788356220.668272	284915879	284916959
2026-09-02T13:34:42Z	8dc0b5fea25671d6745a556bffb740d3866e189c	352c096f011eb282f12e6d4c12281340fac96b635a2879cc065d7637a6592872	direct-git	control	2.55.0	2264a8042763edf2620cfe32d96b096e1f3d26aa	5.9.2	2.55.0	1000	150	dirty	41	5.770	5.770	0	1	0	na	1788356220.834431	1788356220.998026	284917921	284918061
2026-09-02T13:34:42Z	8dc0b5fea25671d6745a556bffb740d3866e189c	352c096f011eb282f12e6d4c12281340fac96b635a2879cc065d7637a6592872	direct-git	control	2.55.0	2264a8042763edf2620cfe32d96b096e1f3d26aa	5.9.2	2.55.0	1000	150	dirty	42	5.799	5.799	0	1	0	na	1788356221.162184	1788356221.324439	284918354	284918470
2026-09-02T13:34:42Z	8dc0b5fea25671d6745a556bffb740d3866e189c	352c096f011eb282f12e6d4c12281340fac96b635a2879cc065d7637a6592872	direct-git	control	2.55.0	2264a8042763edf2620cfe32d96b096e1f3d26aa	5.9.2	2.55.0	1000	150	dirty	43	5.836	5.836	0	1	0	na	1788356221.490587	1788356221.653775	284918616	284918963
2026-09-02T13:34:42Z	8dc0b5fea25671d6745a556bffb740d3866e189c	352c096f011eb282f12e6d4c12281340fac96b635a2879cc065d7637a6592872	direct-git	control	2.55.0	2264a8042763edf2620cfe32d96b096e1f3d26aa	5.9.2	2.55.0	1000	150	dirty	44	5.536	5.536	0	1	0	na	1788356221.819089	1788356221.981105	284919136	284919333
2026-09-02T13:34:42Z	8dc0b5fea25671d6745a556bffb740d3866e189c	352c096f011eb282f12e6d4c12281340fac96b635a2879cc065d7637a6592872	direct-git	control	2.55.0	2264a8042763edf2620cfe32d96b096e1f3d26aa	5.9.2	2.55.0	1000	150	dirty	45	5.314	5.314	0	1	0	na	1788356222.145267	1788356222.307007	284919441	284919482
2026-09-02T13:34:42Z	8dc0b5fea25671d6745a556bffb740d3866e189c	352c096f011eb282f12e6d4c12281340fac96b635a2879cc065d7637a6592872	direct-git	control	2.55.0	2264a8042763edf2620cfe32d96b096e1f3d26aa	5.9.2	2.55.0	1000	150	dirty	46	5.660	5.660	0	1	0	na	1788356222.470783	1788356222.632588	284919516	284919547
2026-09-02T13:34:42Z	8dc0b5fea25671d6745a556bffb740d3866e189c	352c096f011eb282f12e6d4c12281340fac96b635a2879cc065d7637a6592872	direct-git	control	2.55.0	2264a8042763edf2620cfe32d96b096e1f3d26aa	5.9.2	2.55.0	1000	150	dirty	47	6.165	6.165	0	1	0	na	1788356222.796295	1788356222.959296	284919588	284919663
2026-09-02T13:34:42Z	8dc0b5fea25671d6745a556bffb740d3866e189c	352c096f011eb282f12e6d4c12281340fac96b635a2879cc065d7637a6592872	direct-git	control	2.55.0	2264a8042763edf2620cfe32d96b096e1f3d26aa	5.9.2	2.55.0	1000	150	dirty	48	5.778	5.778	0	1	0	na	1788356223.123871	1788356223.286962	284919737	284919835
2026-09-02T13:34:42Z	8dc0b5fea25671d6745a556bffb740d3866e189c	352c096f011eb282f12e6d4c12281340fac96b635a2879cc065d7637a6592872	direct-git	control	2.55.0	2264a8042763edf2620cfe32d96b096e1f3d26aa	5.9.2	2.55.0	1000	150	dirty	49	5.270	5.270	0	1	0	na	1788356223.450922	1788356223.612785	284919883	284919948
2026-09-02T13:34:42Z	8dc0b5fea25671d6745a556bffb740d3866e189c	352c096f011eb282f12e6d4c12281340fac96b635a2879cc065d7637a6592872	direct-git	control	2.55.0	2264a8042763edf2620cfe32d96b096e1f3d26aa	5.9.2	2.55.0	1000	150	dirty	50	5.419	5.419	0	1	0	na	1788356223.776767	1788356223.939758	284920074	284920400
2026-09-02T13:34:42Z	8dc0b5fea25671d6745a556bffb740d3866e189c	352c096f011eb282f12e6d4c12281340fac96b635a2879cc065d7637a6592872	direct-git	control	2.55.0	2264a8042763edf2620cfe32d96b096e1f3d26aa	5.9.2	2.55.0	1000	150	dirty	51	5.725	5.725	0	1	0	na	1788356224.104858	1788356224.267412	284920791	284921037
2026-09-02T13:34:42Z	8dc0b5fea25671d6745a556bffb740d3866e189c	352c096f011eb282f12e6d4c12281340fac96b635a2879cc065d7637a6592872	direct-git	control	2.55.0	2264a8042763edf2620cfe32d96b096e1f3d26aa	5.9.2	2.55.0	1000	150	dirty	52	5.692	5.692	0	1	0	na	1788356224.431563	1788356224.594568	284921309	284921561
2026-09-02T13:34:42Z	8dc0b5fea25671d6745a556bffb740d3866e189c	352c096f011eb282f12e6d4c12281340fac96b635a2879cc065d7637a6592872	direct-git	control	2.55.0	2264a8042763edf2620cfe32d96b096e1f3d26aa	5.9.2	2.55.0	1000	150	dirty	53	5.902	5.902	0	1	0	na	1788356224.759552	1788356224.922919	284921657	284922192
2026-09-02T13:34:42Z	8dc0b5fea25671d6745a556bffb740d3866e189c	352c096f011eb282f12e6d4c12281340fac96b635a2879cc065d7637a6592872	direct-git	control	2.55.0	2264a8042763edf2620cfe32d96b096e1f3d26aa	5.9.2	2.55.0	1000	150	dirty	54	5.573	5.573	0	1	0	na	1788356225.088098	1788356225.251546	284922620	284923023
2026-09-02T13:34:42Z	8dc0b5fea25671d6745a556bffb740d3866e189c	352c096f011eb282f12e6d4c12281340fac96b635a2879cc065d7637a6592872	direct-git	control	2.55.0	2264a8042763edf2620cfe32d96b096e1f3d26aa	5.9.2	2.55.0	1000	150	dirty	55	6.775	6.775	0	1	0	na	1788356225.415959	1788356225.579435	284923062	284923125
2026-09-02T13:34:42Z	8dc0b5fea25671d6745a556bffb740d3866e189c	352c096f011eb282f12e6d4c12281340fac96b635a2879cc065d7637a6592872	direct-git	control	2.55.0	2264a8042763edf2620cfe32d96b096e1f3d26aa	5.9.2	2.55.0	1000	150	dirty	56	5.597	5.597	0	1	0	na	1788356225.743805	1788356225.906382	284923163	284923229
2026-09-02T13:34:42Z	8dc0b5fea25671d6745a556bffb740d3866e189c	352c096f011eb282f12e6d4c12281340fac96b635a2879cc065d7637a6592872	direct-git	control	2.55.0	2264a8042763edf2620cfe32d96b096e1f3d26aa	5.9.2	2.55.0	1000	150	dirty	57	5.470	5.470	0	1	0	na	1788356226.071040	1788356226.232967	284923293	284923386
2026-09-02T13:34:42Z	8dc0b5fea25671d6745a556bffb740d3866e189c	352c096f011eb282f12e6d4c12281340fac96b635a2879cc065d7637a6592872	direct-git	control	2.55.0	2264a8042763edf2620cfe32d96b096e1f3d26aa	5.9.2	2.55.0	1000	150	dirty	58	5.368	5.368	0	1	0	na	1788356226.396790	1788356226.560250	284923447	284923522
2026-09-02T13:34:42Z	8dc0b5fea25671d6745a556bffb740d3866e189c	352c096f011eb282f12e6d4c12281340fac96b635a2879cc065d7637a6592872	direct-git	control	2.55.0	2264a8042763edf2620cfe32d96b096e1f3d26aa	5.9.2	2.55.0	1000	150	dirty	59	5.580	5.580	0	1	0	na	1788356226.725126	1788356226.887410	284923683	284924255
2026-09-02T13:34:42Z	8dc0b5fea25671d6745a556bffb740d3866e189c	352c096f011eb282f12e6d4c12281340fac96b635a2879cc065d7637a6592872	direct-git	control	2.55.0	2264a8042763edf2620cfe32d96b096e1f3d26aa	5.9.2	2.55.0	1000	150	dirty	60	5.449	5.449	0	1	0	na	1788356227.052245	1788356227.213940	284924337	284924479
2026-09-02T13:34:42Z	8dc0b5fea25671d6745a556bffb740d3866e189c	352c096f011eb282f12e6d4c12281340fac96b635a2879cc065d7637a6592872	direct-git	control	2.55.0	2264a8042763edf2620cfe32d96b096e1f3d26aa	5.9.2	2.55.0	1000	150	dirty	61	5.539	5.539	0	1	0	na	1788356227.378784	1788356227.540947	284924551	284924619
2026-09-02T13:34:42Z	8dc0b5fea25671d6745a556bffb740d3866e189c	352c096f011eb282f12e6d4c12281340fac96b635a2879cc065d7637a6592872	direct-git	control	2.55.0	2264a8042763edf2620cfe32d96b096e1f3d26aa	5.9.2	2.55.0	1000	150	dirty	62	5.974	5.974	0	1	0	na	1788356227.706153	1788356227.869079	284924872	284925260
2026-09-02T13:34:42Z	8dc0b5fea25671d6745a556bffb740d3866e189c	352c096f011eb282f12e6d4c12281340fac96b635a2879cc065d7637a6592872	direct-git	control	2.55.0	2264a8042763edf2620cfe32d96b096e1f3d26aa	5.9.2	2.55.0	1000	150	dirty	63	5.934	5.934	0	1	0	na	1788356228.033473	1788356228.195992	284925402	284925469
2026-09-02T13:34:42Z	8dc0b5fea25671d6745a556bffb740d3866e189c	352c096f011eb282f12e6d4c12281340fac96b635a2879cc065d7637a6592872	direct-git	control	2.55.0	2264a8042763edf2620cfe32d96b096e1f3d26aa	5.9.2	2.55.0	1000	150	dirty	64	5.917	5.917	0	1	0	na	1788356228.360478	1788356228.523155	284925495	284925531
2026-09-02T13:34:42Z	8dc0b5fea25671d6745a556bffb740d3866e189c	352c096f011eb282f12e6d4c12281340fac96b635a2879cc065d7637a6592872	direct-git	control	2.55.0	2264a8042763edf2620cfe32d96b096e1f3d26aa	5.9.2	2.55.0	1000	150	dirty	65	5.858	5.858	0	1	0	na	1788356228.687458	1788356228.851024	284925674	284925862
2026-09-02T13:34:42Z	8dc0b5fea25671d6745a556bffb740d3866e189c	352c096f011eb282f12e6d4c12281340fac96b635a2879cc065d7637a6592872	direct-git	control	2.55.0	2264a8042763edf2620cfe32d96b096e1f3d26aa	5.9.2	2.55.0	1000	150	dirty	66	5.361	5.361	0	1	0	na	1788356229.015590	1788356229.177582	284925990	284926026
2026-09-02T13:34:42Z	8dc0b5fea25671d6745a556bffb740d3866e189c	352c096f011eb282f12e6d4c12281340fac96b635a2879cc065d7637a6592872	direct-git	control	2.55.0	2264a8042763edf2620cfe32d96b096e1f3d26aa	5.9.2	2.55.0	1000	150	dirty	67	5.635	5.635	0	1	0	na	1788356229.342307	1788356229.504303	284926132	284926190
2026-09-02T13:34:42Z	8dc0b5fea25671d6745a556bffb740d3866e189c	352c096f011eb282f12e6d4c12281340fac96b635a2879cc065d7637a6592872	direct-git	control	2.55.0	2264a8042763edf2620cfe32d96b096e1f3d26aa	5.9.2	2.55.0	1000	150	dirty	68	5.481	5.481	0	1	0	na	1788356229.668222	1788356229.830578	284926321	284926371
2026-09-02T13:34:42Z	8dc0b5fea25671d6745a556bffb740d3866e189c	352c096f011eb282f12e6d4c12281340fac96b635a2879cc065d7637a6592872	direct-git	control	2.55.0	2264a8042763edf2620cfe32d96b096e1f3d26aa	5.9.2	2.55.0	1000	150	dirty	69	5.532	5.532	0	1	0	na	1788356229.995354	1788356230.157710	284926418	284926444
2026-09-02T13:34:42Z	8dc0b5fea25671d6745a556bffb740d3866e189c	352c096f011eb282f12e6d4c12281340fac96b635a2879cc065d7637a6592872	direct-git	control	2.55.0	2264a8042763edf2620cfe32d96b096e1f3d26aa	5.9.2	2.55.0	1000	150	dirty	70	5.508	5.508	0	1	0	na	1788356230.322242	1788356230.484913	284926509	284926571
2026-09-02T13:34:42Z	8dc0b5fea25671d6745a556bffb740d3866e189c	352c096f011eb282f12e6d4c12281340fac96b635a2879cc065d7637a6592872	direct-git	control	2.55.0	2264a8042763edf2620cfe32d96b096e1f3d26aa	5.9.2	2.55.0	1000	150	dirty	71	5.572	5.572	0	1	0	na	1788356230.650181	1788356230.812813	284926630	284926698
2026-09-02T13:34:42Z	8dc0b5fea25671d6745a556bffb740d3866e189c	352c096f011eb282f12e6d4c12281340fac96b635a2879cc065d7637a6592872	direct-git	control	2.55.0	2264a8042763edf2620cfe32d96b096e1f3d26aa	5.9.2	2.55.0	1000	150	dirty	72	5.513	5.513	0	1	0	na	1788356230.977995	1788356231.140277	284926761	284926802
2026-09-02T13:34:42Z	8dc0b5fea25671d6745a556bffb740d3866e189c	352c096f011eb282f12e6d4c12281340fac96b635a2879cc065d7637a6592872	direct-git	control	2.55.0	2264a8042763edf2620cfe32d96b096e1f3d26aa	5.9.2	2.55.0	1000	150	dirty	73	5.481	5.481	0	1	0	na	1788356231.305329	1788356231.467903	284926868	284926913
2026-09-02T13:34:42Z	8dc0b5fea25671d6745a556bffb740d3866e189c	352c096f011eb282f12e6d4c12281340fac96b635a2879cc065d7637a6592872	direct-git	control	2.55.0	2264a8042763edf2620cfe32d96b096e1f3d26aa	5.9.2	2.55.0	1000	150	dirty	74	5.406	5.406	0	1	0	na	1788356231.632986	1788356231.796282	284926984	284927186
2026-09-02T13:34:42Z	8dc0b5fea25671d6745a556bffb740d3866e189c	352c096f011eb282f12e6d4c12281340fac96b635a2879cc065d7637a6592872	direct-git	control	2.55.0	2264a8042763edf2620cfe32d96b096e1f3d26aa	5.9.2	2.55.0	1000	150	dirty	75	5.641	5.641	0	1	0	na	1788356231.961345	1788356232.124004	284927403	284927556
2026-09-02T13:34:42Z	8dc0b5fea25671d6745a556bffb740d3866e189c	352c096f011eb282f12e6d4c12281340fac96b635a2879cc065d7637a6592872	direct-git	control	2.55.0	2264a8042763edf2620cfe32d96b096e1f3d26aa	5.9.2	2.55.0	1000	150	dirty	76	5.849	5.849	0	1	0	na	1788356232.289816	1788356232.453330	284927690	284927964
2026-09-02T13:34:42Z	8dc0b5fea25671d6745a556bffb740d3866e189c	352c096f011eb282f12e6d4c12281340fac96b635a2879cc065d7637a6592872	direct-git	control	2.55.0	2264a8042763edf2620cfe32d96b096e1f3d26aa	5.9.2	2.55.0	1000	150	dirty	77	7.125	7.125	0	1	0	na	1788356232.619898	1788356232.785048	284928429	284928971
2026-09-02T13:34:42Z	8dc0b5fea25671d6745a556bffb740d3866e189c	352c096f011eb282f12e6d4c12281340fac96b635a2879cc065d7637a6592872	direct-git	control	2.55.0	2264a8042763edf2620cfe32d96b096e1f3d26aa	5.9.2	2.55.0	1000	150	dirty	78	5.675	5.675	0	1	0	na	1788356232.951741	1788356233.115050	284929657	284930519
2026-09-02T13:34:42Z	8dc0b5fea25671d6745a556bffb740d3866e189c	352c096f011eb282f12e6d4c12281340fac96b635a2879cc065d7637a6592872	direct-git	control	2.55.0	2264a8042763edf2620cfe32d96b096e1f3d26aa	5.9.2	2.55.0	1000	150	dirty	79	5.848	5.848	0	1	0	na	1788356233.280919	1788356233.444490	284930876	284931374
2026-09-02T13:34:42Z	8dc0b5fea25671d6745a556bffb740d3866e189c	352c096f011eb282f12e6d4c12281340fac96b635a2879cc065d7637a6592872	direct-git	control	2.55.0	2264a8042763edf2620cfe32d96b096e1f3d26aa	5.9.2	2.55.0	1000	150	dirty	80	5.656	5.656	0	1	0	na	1788356233.610229	1788356233.773290	284931881	284932153
2026-09-02T13:34:42Z	8dc0b5fea25671d6745a556bffb740d3866e189c	352c096f011eb282f12e6d4c12281340fac96b635a2879cc065d7637a6592872	direct-git	control	2.55.0	2264a8042763edf2620cfe32d96b096e1f3d26aa	5.9.2	2.55.0	1000	150	dirty	81	5.640	5.640	0	1	0	na	1788356233.939129	1788356234.101693	284932488	284932959
2026-09-02T13:34:42Z	8dc0b5fea25671d6745a556bffb740d3866e189c	352c096f011eb282f12e6d4c12281340fac96b635a2879cc065d7637a6592872	direct-git	control	2.55.0	2264a8042763edf2620cfe32d96b096e1f3d26aa	5.9.2	2.55.0	1000	150	dirty	82	5.682	5.682	0	1	0	na	1788356234.267566	1788356234.431765	284933172	284933495
2026-09-02T13:34:42Z	8dc0b5fea25671d6745a556bffb740d3866e189c	352c096f011eb282f12e6d4c12281340fac96b635a2879cc065d7637a6592872	direct-git	control	2.55.0	2264a8042763edf2620cfe32d96b096e1f3d26aa	5.9.2	2.55.0	1000	150	dirty	83	5.804	5.804	0	1	0	na	1788356234.597689	1788356234.762016	284934173	284935399
2026-09-02T13:34:42Z	8dc0b5fea25671d6745a556bffb740d3866e189c	352c096f011eb282f12e6d4c12281340fac96b635a2879cc065d7637a6592872	direct-git	control	2.55.0	2264a8042763edf2620cfe32d96b096e1f3d26aa	5.9.2	2.55.0	1000	150	dirty	84	6.320	6.320	0	1	0	na	1788356234.928607	1788356235.093497	284936114	284937336
2026-09-02T13:34:42Z	8dc0b5fea25671d6745a556bffb740d3866e189c	352c096f011eb282f12e6d4c12281340fac96b635a2879cc065d7637a6592872	direct-git	control	2.55.0	2264a8042763edf2620cfe32d96b096e1f3d26aa	5.9.2	2.55.0	1000	150	dirty	85	5.495	5.495	0	1	0	na	1788356235.261244	1788356235.424299	284938266	284938606
2026-09-02T13:34:42Z	8dc0b5fea25671d6745a556bffb740d3866e189c	352c096f011eb282f12e6d4c12281340fac96b635a2879cc065d7637a6592872	direct-git	control	2.55.0	2264a8042763edf2620cfe32d96b096e1f3d26aa	5.9.2	2.55.0	1000	150	dirty	86	6.776	6.776	0	1	0	na	1788356235.592379	1788356235.759233	284939030	284939238
2026-09-02T13:34:42Z	8dc0b5fea25671d6745a556bffb740d3866e189c	352c096f011eb282f12e6d4c12281340fac96b635a2879cc065d7637a6592872	direct-git	control	2.55.0	2264a8042763edf2620cfe32d96b096e1f3d26aa	5.9.2	2.55.0	1000	150	dirty	87	6.478	6.478	0	1	0	na	1788356235.928317	1788356236.095440	284939521	284939572
2026-09-02T13:34:42Z	8dc0b5fea25671d6745a556bffb740d3866e189c	352c096f011eb282f12e6d4c12281340fac96b635a2879cc065d7637a6592872	direct-git	control	2.55.0	2264a8042763edf2620cfe32d96b096e1f3d26aa	5.9.2	2.55.0	1000	150	dirty	88	5.786	5.786	0	1	0	na	1788356236.262450	1788356236.427198	284939690	284939998
2026-09-02T13:34:42Z	8dc0b5fea25671d6745a556bffb740d3866e189c	352c096f011eb282f12e6d4c12281340fac96b635a2879cc065d7637a6592872	direct-git	control	2.55.0	2264a8042763edf2620cfe32d96b096e1f3d26aa	5.9.2	2.55.0	1000	150	dirty	89	5.488	5.488	0	1	0	na	1788356236.593514	1788356236.756439	284940150	284940420
2026-09-02T13:34:42Z	8dc0b5fea25671d6745a556bffb740d3866e189c	352c096f011eb282f12e6d4c12281340fac96b635a2879cc065d7637a6592872	direct-git	control	2.55.0	2264a8042763edf2620cfe32d96b096e1f3d26aa	5.9.2	2.55.0	1000	150	dirty	90	5.617	5.617	0	1	0	na	1788356236.923072	1788356237.086014	284940549	284940645
2026-09-02T13:34:42Z	8dc0b5fea25671d6745a556bffb740d3866e189c	352c096f011eb282f12e6d4c12281340fac96b635a2879cc065d7637a6592872	direct-git	control	2.55.0	2264a8042763edf2620cfe32d96b096e1f3d26aa	5.9.2	2.55.0	1000	150	dirty	91	5.168	5.168	0	1	0	na	1788356237.251180	1788356237.413072	284940887	284940936
2026-09-02T13:34:42Z	8dc0b5fea25671d6745a556bffb740d3866e189c	352c096f011eb282f12e6d4c12281340fac96b635a2879cc065d7637a6592872	direct-git	control	2.55.0	2264a8042763edf2620cfe32d96b096e1f3d26aa	5.9.2	2.55.0	1000	150	dirty	92	5.855	5.855	0	1	0	na	1788356237.577951	1788356237.741220	284940988	284941162
2026-09-02T13:34:42Z	8dc0b5fea25671d6745a556bffb740d3866e189c	352c096f011eb282f12e6d4c12281340fac96b635a2879cc065d7637a6592872	direct-git	control	2.55.0	2264a8042763edf2620cfe32d96b096e1f3d26aa	5.9.2	2.55.0	1000	150	dirty	93	5.507	5.507	0	1	0	na	1788356237.907997	1788356238.070698	284941380	284941605
2026-09-02T13:34:42Z	8dc0b5fea25671d6745a556bffb740d3866e189c	352c096f011eb282f12e6d4c12281340fac96b635a2879cc065d7637a6592872	direct-git	control	2.55.0	2264a8042763edf2620cfe32d96b096e1f3d26aa	5.9.2	2.55.0	1000	150	dirty	94	5.562	5.562	0	1	0	na	1788356238.236122	1788356238.399161	284941663	284941696
2026-09-02T13:34:42Z	8dc0b5fea25671d6745a556bffb740d3866e189c	352c096f011eb282f12e6d4c12281340fac96b635a2879cc065d7637a6592872	direct-git	control	2.55.0	2264a8042763edf2620cfe32d96b096e1f3d26aa	5.9.2	2.55.0	1000	150	dirty	95	5.814	5.814	0	1	0	na	1788356238.564478	1788356238.727818	284941826	284941944
2026-09-02T13:34:42Z	8dc0b5fea25671d6745a556bffb740d3866e189c	352c096f011eb282f12e6d4c12281340fac96b635a2879cc065d7637a6592872	direct-git	control	2.55.0	2264a8042763edf2620cfe32d96b096e1f3d26aa	5.9.2	2.55.0	1000	150	dirty	96	5.748	5.748	0	1	0	na	1788356238.893510	1788356239.056415	284942217	284942310
2026-09-02T13:34:42Z	8dc0b5fea25671d6745a556bffb740d3866e189c	352c096f011eb282f12e6d4c12281340fac96b635a2879cc065d7637a6592872	direct-git	control	2.55.0	2264a8042763edf2620cfe32d96b096e1f3d26aa	5.9.2	2.55.0	1000	150	dirty	97	5.521	5.521	0	1	0	na	1788356239.222109	1788356239.384789	284942399	284942436
2026-09-02T13:34:42Z	8dc0b5fea25671d6745a556bffb740d3866e189c	352c096f011eb282f12e6d4c12281340fac96b635a2879cc065d7637a6592872	direct-git	control	2.55.0	2264a8042763edf2620cfe32d96b096e1f3d26aa	5.9.2	2.55.0	1000	150	dirty	98	7.349	7.349	0	1	0	na	1788356239.550550	1788356239.715033	284942506	284942678
2026-09-02T13:34:42Z	8dc0b5fea25671d6745a556bffb740d3866e189c	352c096f011eb282f12e6d4c12281340fac96b635a2879cc065d7637a6592872	direct-git	control	2.55.0	2264a8042763edf2620cfe32d96b096e1f3d26aa	5.9.2	2.55.0	1000	150	dirty	99	5.868	5.868	0	1	0	na	1788356239.881533	1788356240.044836	284943014	284943103
2026-09-02T13:34:42Z	8dc0b5fea25671d6745a556bffb740d3866e189c	352c096f011eb282f12e6d4c12281340fac96b635a2879cc065d7637a6592872	direct-git	control	2.55.0	2264a8042763edf2620cfe32d96b096e1f3d26aa	5.9.2	2.55.0	1000	150	dirty	100	6.213	6.213	0	1	0	na	1788356240.212007	1788356240.378890	284943312	284943361
2026-09-02T13:34:42Z	8dc0b5fea25671d6745a556bffb740d3866e189c	352c096f011eb282f12e6d4c12281340fac96b635a2879cc065d7637a6592872	direct-git	control	2.55.0	2264a8042763edf2620cfe32d96b096e1f3d26aa	5.9.2	2.55.0	1000	150	untracked	1	5.792	5.792	0	1	0	na	1788356240.567826	1788356240.731024	284943478	284943529
2026-09-02T13:34:42Z	8dc0b5fea25671d6745a556bffb740d3866e189c	352c096f011eb282f12e6d4c12281340fac96b635a2879cc065d7637a6592872	direct-git	control	2.55.0	2264a8042763edf2620cfe32d96b096e1f3d26aa	5.9.2	2.55.0	1000	150	untracked	2	6.057	6.057	0	1	0	na	1788356240.899444	1788356241.064983	284943709	284944102
2026-09-02T13:34:42Z	8dc0b5fea25671d6745a556bffb740d3866e189c	352c096f011eb282f12e6d4c12281340fac96b635a2879cc065d7637a6592872	direct-git	control	2.55.0	2264a8042763edf2620cfe32d96b096e1f3d26aa	5.9.2	2.55.0	1000	150	untracked	3	6.443	6.443	0	1	0	na	1788356241.233372	1788356241.398172	284944451	284944726
2026-09-02T13:34:42Z	8dc0b5fea25671d6745a556bffb740d3866e189c	352c096f011eb282f12e6d4c12281340fac96b635a2879cc065d7637a6592872	direct-git	control	2.55.0	2264a8042763edf2620cfe32d96b096e1f3d26aa	5.9.2	2.55.0	1000	150	untracked	4	5.600	5.600	0	1	0	na	1788356241.565232	1788356241.728883	284944911	284945219
2026-09-02T13:34:42Z	8dc0b5fea25671d6745a556bffb740d3866e189c	352c096f011eb282f12e6d4c12281340fac96b635a2879cc065d7637a6592872	direct-git	control	2.55.0	2264a8042763edf2620cfe32d96b096e1f3d26aa	5.9.2	2.55.0	1000	150	untracked	5	5.967	5.967	0	1	0	na	1788356241.896860	1788356242.061514	284945556	284946205
2026-09-02T13:34:42Z	8dc0b5fea25671d6745a556bffb740d3866e189c	352c096f011eb282f12e6d4c12281340fac96b635a2879cc065d7637a6592872	direct-git	control	2.55.0	2264a8042763edf2620cfe32d96b096e1f3d26aa	5.9.2	2.55.0	1000	150	untracked	6	6.671	6.671	0	1	0	na	1788356242.229917	1788356242.395228	284946400	284947127
2026-09-02T13:34:42Z	8dc0b5fea25671d6745a556bffb740d3866e189c	352c096f011eb282f12e6d4c12281340fac96b635a2879cc065d7637a6592872	direct-git	control	2.55.0	2264a8042763edf2620cfe32d96b096e1f3d26aa	5.9.2	2.55.0	1000	150	untracked	7	6.100	6.100	0	1	0	na	1788356242.563401	1788356242.728385	284947314	284948055
2026-09-02T13:34:42Z	8dc0b5fea25671d6745a556bffb740d3866e189c	352c096f011eb282f12e6d4c12281340fac96b635a2879cc065d7637a6592872	direct-git	control	2.55.0	2264a8042763edf2620cfe32d96b096e1f3d26aa	5.9.2	2.55.0	1000	150	untracked	8	7.379	7.379	0	1	0	na	1788356242.898844	1788356243.064273	284949776	284953408
2026-09-02T13:34:42Z	8dc0b5fea25671d6745a556bffb740d3866e189c	352c096f011eb282f12e6d4c12281340fac96b635a2879cc065d7637a6592872	direct-git	control	2.55.0	2264a8042763edf2620cfe32d96b096e1f3d26aa	5.9.2	2.55.0	1000	150	untracked	9	5.649	5.649	0	1	0	na	1788356243.234080	1788356243.399547	284954044	284954295
2026-09-02T13:34:42Z	8dc0b5fea25671d6745a556bffb740d3866e189c	352c096f011eb282f12e6d4c12281340fac96b635a2879cc065d7637a6592872	direct-git	control	2.55.0	2264a8042763edf2620cfe32d96b096e1f3d26aa	5.9.2	2.55.0	1000	150	untracked	10	6.464	6.464	0	1	0	na	1788356243.572510	1788356243.738605	284954642	284957236
2026-09-02T13:34:42Z	8dc0b5fea25671d6745a556bffb740d3866e189c	352c096f011eb282f12e6d4c12281340fac96b635a2879cc065d7637a6592872	direct-git	control	2.55.0	2264a8042763edf2620cfe32d96b096e1f3d26aa	5.9.2	2.55.0	1000	150	untracked	11	6.225	6.225	0	1	0	na	1788356243.909720	1788356244.075531	284958732	284959742
2026-09-02T13:34:42Z	8dc0b5fea25671d6745a556bffb740d3866e189c	352c096f011eb282f12e6d4c12281340fac96b635a2879cc065d7637a6592872	direct-git	control	2.55.0	2264a8042763edf2620cfe32d96b096e1f3d26aa	5.9.2	2.55.0	1000	150	untracked	12	5.974	5.974	0	1	0	na	1788356244.236950	1788356244.400970	284960872	284961409
2026-09-02T13:34:42Z	8dc0b5fea25671d6745a556bffb740d3866e189c	352c096f011eb282f12e6d4c12281340fac96b635a2879cc065d7637a6592872	direct-git	control	2.55.0	2264a8042763edf2620cfe32d96b096e1f3d26aa	5.9.2	2.55.0	1000	150	untracked	13	5.908	5.908	0	1	0	na	1788356244.569327	1788356244.732754	284961713	284961942
2026-09-02T13:34:42Z	8dc0b5fea25671d6745a556bffb740d3866e189c	352c096f011eb282f12e6d4c12281340fac96b635a2879cc065d7637a6592872	direct-git	control	2.55.0	2264a8042763edf2620cfe32d96b096e1f3d26aa	5.9.2	2.55.0	1000	150	untracked	14	6.302	6.302	0	1	0	na	1788356244.901421	1788356245.067454	284962540	284962886
2026-09-02T13:34:42Z	8dc0b5fea25671d6745a556bffb740d3866e189c	352c096f011eb282f12e6d4c12281340fac96b635a2879cc065d7637a6592872	direct-git	control	2.55.0	2264a8042763edf2620cfe32d96b096e1f3d26aa	5.9.2	2.55.0	1000	150	untracked	15	6.024	6.024	0	1	0	na	1788356245.236603	1788356245.399932	284963283	284963408
2026-09-02T13:34:42Z	8dc0b5fea25671d6745a556bffb740d3866e189c	352c096f011eb282f12e6d4c12281340fac96b635a2879cc065d7637a6592872	direct-git	control	2.55.0	2264a8042763edf2620cfe32d96b096e1f3d26aa	5.9.2	2.55.0	1000	150	untracked	16	5.792	5.792	0	1	0	na	1788356245.568032	1788356245.732623	284963769	284964196
2026-09-02T13:34:42Z	8dc0b5fea25671d6745a556bffb740d3866e189c	352c096f011eb282f12e6d4c12281340fac96b635a2879cc065d7637a6592872	direct-git	control	2.55.0	2264a8042763edf2620cfe32d96b096e1f3d26aa	5.9.2	2.55.0	1000	150	untracked	17	6.089	6.089	0	1	0	na	1788356245.902042	1788356246.067082	284964387	284964487
2026-09-02T13:34:42Z	8dc0b5fea25671d6745a556bffb740d3866e189c	352c096f011eb282f12e6d4c12281340fac96b635a2879cc065d7637a6592872	direct-git	control	2.55.0	2264a8042763edf2620cfe32d96b096e1f3d26aa	5.9.2	2.55.0	1000	150	untracked	18	5.561	5.561	0	1	0	na	1788356246.236724	1788356246.400451	284964600	284964649
2026-09-02T13:34:42Z	8dc0b5fea25671d6745a556bffb740d3866e189c	352c096f011eb282f12e6d4c12281340fac96b635a2879cc065d7637a6592872	direct-git	control	2.55.0	2264a8042763edf2620cfe32d96b096e1f3d26aa	5.9.2	2.55.0	1000	150	untracked	19	5.723	5.723	0	1	0	na	1788356246.569230	1788356246.732624	284964702	284964738
2026-09-02T13:34:42Z	8dc0b5fea25671d6745a556bffb740d3866e189c	352c096f011eb282f12e6d4c12281340fac96b635a2879cc065d7637a6592872	direct-git	control	2.55.0	2264a8042763edf2620cfe32d96b096e1f3d26aa	5.9.2	2.55.0	1000	150	untracked	20	5.801	5.801	0	1	0	na	1788356246.900376	1788356247.064014	284964825	284964911
2026-09-02T13:34:42Z	8dc0b5fea25671d6745a556bffb740d3866e189c	352c096f011eb282f12e6d4c12281340fac96b635a2879cc065d7637a6592872	direct-git	control	2.55.0	2264a8042763edf2620cfe32d96b096e1f3d26aa	5.9.2	2.55.0	1000	150	untracked	21	5.500	5.500	0	1	0	na	1788356247.232036	1788356247.396606	284964987	284965236
2026-09-02T13:34:42Z	8dc0b5fea25671d6745a556bffb740d3866e189c	352c096f011eb282f12e6d4c12281340fac96b635a2879cc065d7637a6592872	direct-git	control	2.55.0	2264a8042763edf2620cfe32d96b096e1f3d26aa	5.9.2	2.55.0	1000	150	untracked	22	5.863	5.863	0	1	0	na	1788356247.564269	1788356247.730006	284965459	284965649
2026-09-02T13:34:42Z	8dc0b5fea25671d6745a556bffb740d3866e189c	352c096f011eb282f12e6d4c12281340fac96b635a2879cc065d7637a6592872	direct-git	control	2.55.0	2264a8042763edf2620cfe32d96b096e1f3d26aa	5.9.2	2.55.0	1000	150	untracked	23	5.589	5.589	0	1	0	na	1788356247.899549	1788356248.063211	284965758	284965878
2026-09-02T13:34:42Z	8dc0b5fea25671d6745a556bffb740d3866e189c	352c096f011eb282f12e6d4c12281340fac96b635a2879cc065d7637a6592872	direct-git	control	2.55.0	2264a8042763edf2620cfe32d96b096e1f3d26aa	5.9.2	2.55.0	1000	150	untracked	24	5.789	5.789	0	1	0	na	1788356248.231487	1788356248.395440	284965948	284966172
2026-09-02T13:34:42Z	8dc0b5fea25671d6745a556bffb740d3866e189c	352c096f011eb282f12e6d4c12281340fac96b635a2879cc065d7637a6592872	direct-git	control	2.55.0	2264a8042763edf2620cfe32d96b096e1f3d26aa	5.9.2	2.55.0	1000	150	untracked	25	5.998	5.998	0	1	0	na	1788356248.563839	1788356248.727867	284966226	284966370
2026-09-02T13:34:42Z	8dc0b5fea25671d6745a556bffb740d3866e189c	352c096f011eb282f12e6d4c12281340fac96b635a2879cc065d7637a6592872	direct-git	control	2.55.0	2264a8042763edf2620cfe32d96b096e1f3d26aa	5.9.2	2.55.0	1000	150	untracked	26	6.324	6.324	0	1	0	na	1788356248.895534	1788356249.060069	284966556	284966656
2026-09-02T13:34:42Z	8dc0b5fea25671d6745a556bffb740d3866e189c	352c096f011eb282f12e6d4c12281340fac96b635a2879cc065d7637a6592872	direct-git	control	2.55.0	2264a8042763edf2620cfe32d96b096e1f3d26aa	5.9.2	2.55.0	1000	150	untracked	27	6.158	6.158	0	1	0	na	1788356249.227813	1788356249.392076	284966739	284966867
2026-09-02T13:34:42Z	8dc0b5fea25671d6745a556bffb740d3866e189c	352c096f011eb282f12e6d4c12281340fac96b635a2879cc065d7637a6592872	direct-git	control	2.55.0	2264a8042763edf2620cfe32d96b096e1f3d26aa	5.9.2	2.55.0	1000	150	untracked	28	5.444	5.444	0	1	0	na	1788356249.560683	1788356249.724129	284966969	284967014
2026-09-02T13:34:42Z	8dc0b5fea25671d6745a556bffb740d3866e189c	352c096f011eb282f12e6d4c12281340fac96b635a2879cc065d7637a6592872	direct-git	control	2.55.0	2264a8042763edf2620cfe32d96b096e1f3d26aa	5.9.2	2.55.0	1000	150	untracked	29	6.025	6.025	0	1	0	na	1788356249.895160	1788356250.060855	284967238	284967466
2026-09-02T13:34:42Z	8dc0b5fea25671d6745a556bffb740d3866e189c	352c096f011eb282f12e6d4c12281340fac96b635a2879cc065d7637a6592872	direct-git	control	2.55.0	2264a8042763edf2620cfe32d96b096e1f3d26aa	5.9.2	2.55.0	1000	150	untracked	30	5.846	5.846	0	1	0	na	1788356250.230023	1788356250.394720	284967775	284968171
2026-09-02T13:34:42Z	8dc0b5fea25671d6745a556bffb740d3866e189c	352c096f011eb282f12e6d4c12281340fac96b635a2879cc065d7637a6592872	direct-git	control	2.55.0	2264a8042763edf2620cfe32d96b096e1f3d26aa	5.9.2	2.55.0	1000	150	untracked	31	5.814	5.814	0	1	0	na	1788356250.564050	1788356250.728835	284968763	284968852
2026-09-02T13:34:42Z	8dc0b5fea25671d6745a556bffb740d3866e189c	352c096f011eb282f12e6d4c12281340fac96b635a2879cc065d7637a6592872	direct-git	control	2.55.0	2264a8042763edf2620cfe32d96b096e1f3d26aa	5.9.2	2.55.0	1000	150	untracked	32	5.704	5.704	0	1	0	na	1788356250.898976	1788356251.064007	284969645	284970151
2026-09-02T13:34:42Z	8dc0b5fea25671d6745a556bffb740d3866e189c	352c096f011eb282f12e6d4c12281340fac96b635a2879cc065d7637a6592872	direct-git	control	2.55.0	2264a8042763edf2620cfe32d96b096e1f3d26aa	5.9.2	2.55.0	1000	150	untracked	33	5.919	5.919	0	1	0	na	1788356251.233856	1788356251.400244	284970355	284970393
2026-09-02T13:34:42Z	8dc0b5fea25671d6745a556bffb740d3866e189c	352c096f011eb282f12e6d4c12281340fac96b635a2879cc065d7637a6592872	direct-git	control	2.55.0	2264a8042763edf2620cfe32d96b096e1f3d26aa	5.9.2	2.55.0	1000	150	untracked	34	5.694	5.694	0	1	0	na	1788356251.571009	1788356251.735214	284970429	284970492
2026-09-02T13:34:42Z	8dc0b5fea25671d6745a556bffb740d3866e189c	352c096f011eb282f12e6d4c12281340fac96b635a2879cc065d7637a6592872	direct-git	control	2.55.0	2264a8042763edf2620cfe32d96b096e1f3d26aa	5.9.2	2.55.0	1000	150	untracked	35	5.629	5.629	0	1	0	na	1788356251.903407	1788356252.067549	284970535	284970570
2026-09-02T13:34:42Z	8dc0b5fea25671d6745a556bffb740d3866e189c	352c096f011eb282f12e6d4c12281340fac96b635a2879cc065d7637a6592872	direct-git	control	2.55.0	2264a8042763edf2620cfe32d96b096e1f3d26aa	5.9.2	2.55.0	1000	150	untracked	36	5.837	5.837	0	1	0	na	1788356252.235862	1788356252.400102	284970604	284970662
2026-09-02T13:34:42Z	8dc0b5fea25671d6745a556bffb740d3866e189c	352c096f011eb282f12e6d4c12281340fac96b635a2879cc065d7637a6592872	direct-git	control	2.55.0	2264a8042763edf2620cfe32d96b096e1f3d26aa	5.9.2	2.55.0	1000	150	untracked	37	5.813	5.813	0	1	0	na	1788356252.569050	1788356252.733379	284971065	284971397
2026-09-02T13:34:42Z	8dc0b5fea25671d6745a556bffb740d3866e189c	352c096f011eb282f12e6d4c12281340fac96b635a2879cc065d7637a6592872	direct-git	control	2.55.0	2264a8042763edf2620cfe32d96b096e1f3d26aa	5.9.2	2.55.0	1000	150	untracked	38	5.623	5.623	0	1	0	na	1788356252.902442	1788356253.066685	284971753	284971852
2026-09-02T13:34:42Z	8dc0b5fea25671d6745a556bffb740d3866e189c	352c096f011eb282f12e6d4c12281340fac96b635a2879cc065d7637a6592872	direct-git	control	2.55.0	2264a8042763edf2620cfe32d96b096e1f3d26aa	5.9.2	2.55.0	1000	150	untracked	39	5.825	5.825	0	1	0	na	1788356253.234803	1788356253.399857	284972113	284972577
2026-09-02T13:34:42Z	8dc0b5fea25671d6745a556bffb740d3866e189c	352c096f011eb282f12e6d4c12281340fac96b635a2879cc065d7637a6592872	direct-git	control	2.55.0	2264a8042763edf2620cfe32d96b096e1f3d26aa	5.9.2	2.55.0	1000	150	untracked	40	6.015	6.015	0	1	0	na	1788356253.568180	1788356253.732705	284972666	284972784
2026-09-02T13:34:42Z	8dc0b5fea25671d6745a556bffb740d3866e189c	352c096f011eb282f12e6d4c12281340fac96b635a2879cc065d7637a6592872	direct-git	control	2.55.0	2264a8042763edf2620cfe32d96b096e1f3d26aa	5.9.2	2.55.0	1000	150	untracked	41	6.078	6.078	0	1	0	na	1788356253.901150	1788356254.065189	284973079	284973149
2026-09-02T13:34:42Z	8dc0b5fea25671d6745a556bffb740d3866e189c	352c096f011eb282f12e6d4c12281340fac96b635a2879cc065d7637a6592872	direct-git	control	2.55.0	2264a8042763edf2620cfe32d96b096e1f3d26aa	5.9.2	2.55.0	1000	150	untracked	42	6.083	6.083	0	1	0	na	1788356254.233579	1788356254.397595	284973209	284973290
2026-09-02T13:34:42Z	8dc0b5fea25671d6745a556bffb740d3866e189c	352c096f011eb282f12e6d4c12281340fac96b635a2879cc065d7637a6592872	direct-git	control	2.55.0	2264a8042763edf2620cfe32d96b096e1f3d26aa	5.9.2	2.55.0	1000	150	untracked	43	5.936	5.936	0	1	0	na	1788356254.566286	1788356254.730339	284973318	284973345
2026-09-02T13:34:42Z	8dc0b5fea25671d6745a556bffb740d3866e189c	352c096f011eb282f12e6d4c12281340fac96b635a2879cc065d7637a6592872	direct-git	control	2.55.0	2264a8042763edf2620cfe32d96b096e1f3d26aa	5.9.2	2.55.0	1000	150	untracked	44	5.755	5.755	0	1	0	na	1788356254.899389	1788356255.063390	284973461	284973581
2026-09-02T13:34:42Z	8dc0b5fea25671d6745a556bffb740d3866e189c	352c096f011eb282f12e6d4c12281340fac96b635a2879cc065d7637a6592872	direct-git	control	2.55.0	2264a8042763edf2620cfe32d96b096e1f3d26aa	5.9.2	2.55.0	1000	150	untracked	45	5.681	5.681	0	1	0	na	1788356255.232009	1788356255.395935	284973748	284973907
2026-09-02T13:34:42Z	8dc0b5fea25671d6745a556bffb740d3866e189c	352c096f011eb282f12e6d4c12281340fac96b635a2879cc065d7637a6592872	direct-git	control	2.55.0	2264a8042763edf2620cfe32d96b096e1f3d26aa	5.9.2	2.55.0	1000	150	untracked	46	6.445	6.445	0	1	0	na	1788356255.568434	1788356255.735736	284973994	284974277
2026-09-02T13:34:42Z	8dc0b5fea25671d6745a556bffb740d3866e189c	352c096f011eb282f12e6d4c12281340fac96b635a2879cc065d7637a6592872	direct-git	control	2.55.0	2264a8042763edf2620cfe32d96b096e1f3d26aa	5.9.2	2.55.0	1000	150	untracked	47	6.460	6.460	0	1	0	na	1788356255.907392	1788356256.072526	284974646	284974793
2026-09-02T13:34:42Z	8dc0b5fea25671d6745a556bffb740d3866e189c	352c096f011eb282f12e6d4c12281340fac96b635a2879cc065d7637a6592872	direct-git	control	2.55.0	2264a8042763edf2620cfe32d96b096e1f3d26aa	5.9.2	2.55.0	1000	150	untracked	48	5.516	5.516	0	1	0	na	1788356256.241802	1788356256.406996	284974924	284975535
2026-09-02T13:34:42Z	8dc0b5fea25671d6745a556bffb740d3866e189c	352c096f011eb282f12e6d4c12281340fac96b635a2879cc065d7637a6592872	direct-git	control	2.55.0	2264a8042763edf2620cfe32d96b096e1f3d26aa	5.9.2	2.55.0	1000	150	untracked	49	6.131	6.131	0	1	0	na	1788356256.577136	1788356256.741430	284975656	284975777
2026-09-02T13:34:42Z	8dc0b5fea25671d6745a556bffb740d3866e189c	352c096f011eb282f12e6d4c12281340fac96b635a2879cc065d7637a6592872	direct-git	control	2.55.0	2264a8042763edf2620cfe32d96b096e1f3d26aa	5.9.2	2.55.0	1000	150	untracked	50	6.160	6.160	0	1	0	na	1788356256.910109	1788356257.075114	284975970	284976139
2026-09-02T13:34:42Z	8dc0b5fea25671d6745a556bffb740d3866e189c	352c096f011eb282f12e6d4c12281340fac96b635a2879cc065d7637a6592872	direct-git	control	2.55.0	2264a8042763edf2620cfe32d96b096e1f3d26aa	5.9.2	2.55.0	1000	150	untracked	51	6.246	6.246	0	1	0	na	1788356257.244390	1788356257.409184	284976218	284976269
2026-09-02T13:34:42Z	8dc0b5fea25671d6745a556bffb740d3866e189c	352c096f011eb282f12e6d4c12281340fac96b635a2879cc065d7637a6592872	direct-git	control	2.55.0	2264a8042763edf2620cfe32d96b096e1f3d26aa	5.9.2	2.55.0	1000	150	untracked	52	6.053	6.053	0	1	0	na	1788356257.578039	1788356257.742830	284976334	284976400
2026-09-02T13:34:42Z	8dc0b5fea25671d6745a556bffb740d3866e189c	352c096f011eb282f12e6d4c12281340fac96b635a2879cc065d7637a6592872	direct-git	control	2.55.0	2264a8042763edf2620cfe32d96b096e1f3d26aa	5.9.2	2.55.0	1000	150	untracked	53	6.345	6.345	0	1	0	na	1788356257.914891	1788356258.079767	284976570	284976687
2026-09-02T13:34:42Z	8dc0b5fea25671d6745a556bffb740d3866e189c	352c096f011eb282f12e6d4c12281340fac96b635a2879cc065d7637a6592872	direct-git	control	2.55.0	2264a8042763edf2620cfe32d96b096e1f3d26aa	5.9.2	2.55.0	1000	150	untracked	54	5.753	5.753	0	1	0	na	1788356258.251951	1788356258.408720	284976759	284976853
2026-09-02T13:34:42Z	8dc0b5fea25671d6745a556bffb740d3866e189c	352c096f011eb282f12e6d4c12281340fac96b635a2879cc065d7637a6592872	direct-git	control	2.55.0	2264a8042763edf2620cfe32d96b096e1f3d26aa	5.9.2	2.55.0	1000	150	untracked	55	5.677	5.677	0	1	0	na	1788356258.580827	1788356258.748190	284976935	284976990
2026-09-02T13:34:42Z	8dc0b5fea25671d6745a556bffb740d3866e189c	352c096f011eb282f12e6d4c12281340fac96b635a2879cc065d7637a6592872	direct-git	control	2.55.0	2264a8042763edf2620cfe32d96b096e1f3d26aa	5.9.2	2.55.0	1000	150	untracked	56	5.856	5.856	0	1	0	na	1788356258.921402	1788356259.088203	284977279	284977352
2026-09-02T13:34:42Z	8dc0b5fea25671d6745a556bffb740d3866e189c	352c096f011eb282f12e6d4c12281340fac96b635a2879cc065d7637a6592872	direct-git	control	2.55.0	2264a8042763edf2620cfe32d96b096e1f3d26aa	5.9.2	2.55.0	1000	150	untracked	57	6.349	6.349	0	1	0	na	1788356259.259970	1788356259.426497	284977550	284977761
2026-09-02T13:34:42Z	8dc0b5fea25671d6745a556bffb740d3866e189c	352c096f011eb282f12e6d4c12281340fac96b635a2879cc065d7637a6592872	direct-git	control	2.55.0	2264a8042763edf2620cfe32d96b096e1f3d26aa	5.9.2	2.55.0	1000	150	untracked	58	5.782	5.782	0	1	0	na	1788356259.595622	1788356259.762007	284978347	284978704
2026-09-02T13:34:42Z	8dc0b5fea25671d6745a556bffb740d3866e189c	352c096f011eb282f12e6d4c12281340fac96b635a2879cc065d7637a6592872	direct-git	control	2.55.0	2264a8042763edf2620cfe32d96b096e1f3d26aa	5.9.2	2.55.0	1000	150	untracked	59	5.801	5.801	0	1	0	na	1788356259.931731	1788356260.096624	284978840	284978977
2026-09-02T13:34:42Z	8dc0b5fea25671d6745a556bffb740d3866e189c	352c096f011eb282f12e6d4c12281340fac96b635a2879cc065d7637a6592872	direct-git	control	2.55.0	2264a8042763edf2620cfe32d96b096e1f3d26aa	5.9.2	2.55.0	1000	150	untracked	60	5.763	5.763	0	1	0	na	1788356260.266384	1788356260.431740	284979335	284979566
2026-09-02T13:34:42Z	8dc0b5fea25671d6745a556bffb740d3866e189c	352c096f011eb282f12e6d4c12281340fac96b635a2879cc065d7637a6592872	direct-git	control	2.55.0	2264a8042763edf2620cfe32d96b096e1f3d26aa	5.9.2	2.55.0	1000	150	untracked	61	5.791	5.791	0	1	0	na	1788356260.602595	1788356260.767725	284979693	284979759
2026-09-02T13:34:42Z	8dc0b5fea25671d6745a556bffb740d3866e189c	352c096f011eb282f12e6d4c12281340fac96b635a2879cc065d7637a6592872	direct-git	control	2.55.0	2264a8042763edf2620cfe32d96b096e1f3d26aa	5.9.2	2.55.0	1000	150	untracked	62	5.665	5.665	0	1	0	na	1788356260.937563	1788356261.102701	284979822	284979895
2026-09-02T13:34:42Z	8dc0b5fea25671d6745a556bffb740d3866e189c	352c096f011eb282f12e6d4c12281340fac96b635a2879cc065d7637a6592872	direct-git	control	2.55.0	2264a8042763edf2620cfe32d96b096e1f3d26aa	5.9.2	2.55.0	1000	150	untracked	63	5.889	5.889	0	1	0	na	1788356261.272108	1788356261.437511	284979946	284980012
2026-09-02T13:34:42Z	8dc0b5fea25671d6745a556bffb740d3866e189c	352c096f011eb282f12e6d4c12281340fac96b635a2879cc065d7637a6592872	direct-git	control	2.55.0	2264a8042763edf2620cfe32d96b096e1f3d26aa	5.9.2	2.55.0	1000	150	untracked	64	5.707	5.707	0	1	0	na	1788356261.609500	1788356261.773555	284980144	284980209
2026-09-02T13:34:42Z	8dc0b5fea25671d6745a556bffb740d3866e189c	352c096f011eb282f12e6d4c12281340fac96b635a2879cc065d7637a6592872	direct-git	control	2.55.0	2264a8042763edf2620cfe32d96b096e1f3d26aa	5.9.2	2.55.0	1000	150	untracked	65	5.740	5.740	0	1	0	na	1788356261.945972	1788356262.112161	284980317	284980426
2026-09-02T13:34:42Z	8dc0b5fea25671d6745a556bffb740d3866e189c	352c096f011eb282f12e6d4c12281340fac96b635a2879cc065d7637a6592872	direct-git	control	2.55.0	2264a8042763edf2620cfe32d96b096e1f3d26aa	5.9.2	2.55.0	1000	150	untracked	66	5.663	5.663	0	1	0	na	1788356262.282867	1788356262.447994	284980520	284980841
2026-09-02T13:34:42Z	8dc0b5fea25671d6745a556bffb740d3866e189c	352c096f011eb282f12e6d4c12281340fac96b635a2879cc065d7637a6592872	direct-git	control	2.55.0	2264a8042763edf2620cfe32d96b096e1f3d26aa	5.9.2	2.55.0	1000	150	untracked	67	5.919	5.919	0	1	0	na	1788356262.619054	1788356262.784996	284981173	284981422
2026-09-02T13:34:42Z	8dc0b5fea25671d6745a556bffb740d3866e189c	352c096f011eb282f12e6d4c12281340fac96b635a2879cc065d7637a6592872	direct-git	control	2.55.0	2264a8042763edf2620cfe32d96b096e1f3d26aa	5.9.2	2.55.0	1000	150	untracked	68	5.906	5.906	0	1	0	na	1788356262.956950	1788356263.123710	284981642	284981731
2026-09-02T13:34:42Z	8dc0b5fea25671d6745a556bffb740d3866e189c	352c096f011eb282f12e6d4c12281340fac96b635a2879cc065d7637a6592872	direct-git	control	2.55.0	2264a8042763edf2620cfe32d96b096e1f3d26aa	5.9.2	2.55.0	1000	150	untracked	69	5.966	5.966	0	1	0	na	1788356263.296170	1788356263.462578	284981842	284982204
2026-09-02T13:34:42Z	8dc0b5fea25671d6745a556bffb740d3866e189c	352c096f011eb282f12e6d4c12281340fac96b635a2879cc065d7637a6592872	direct-git	control	2.55.0	2264a8042763edf2620cfe32d96b096e1f3d26aa	5.9.2	2.55.0	1000	150	untracked	70	5.529	5.529	0	1	0	na	1788356263.633218	1788356263.790125	284982640	284982887
2026-09-02T13:34:42Z	8dc0b5fea25671d6745a556bffb740d3866e189c	352c096f011eb282f12e6d4c12281340fac96b635a2879cc065d7637a6592872	direct-git	control	2.55.0	2264a8042763edf2620cfe32d96b096e1f3d26aa	5.9.2	2.55.0	1000	150	untracked	71	5.426	5.426	0	1	0	na	1788356263.962808	1788356264.128377	284983195	284983538
2026-09-02T13:34:42Z	8dc0b5fea25671d6745a556bffb740d3866e189c	352c096f011eb282f12e6d4c12281340fac96b635a2879cc065d7637a6592872	direct-git	control	2.55.0	2264a8042763edf2620cfe32d96b096e1f3d26aa	5.9.2	2.55.0	1000	150	untracked	72	5.643	5.643	0	1	0	na	1788356264.300418	1788356264.466390	284983935	284984552
2026-09-02T13:34:42Z	8dc0b5fea25671d6745a556bffb740d3866e189c	352c096f011eb282f12e6d4c12281340fac96b635a2879cc065d7637a6592872	direct-git	control	2.55.0	2264a8042763edf2620cfe32d96b096e1f3d26aa	5.9.2	2.55.0	1000	150	untracked	73	5.909	5.909	0	1	0	na	1788356264.637930	1788356264.804350	284984854	284985133
2026-09-02T13:34:42Z	8dc0b5fea25671d6745a556bffb740d3866e189c	352c096f011eb282f12e6d4c12281340fac96b635a2879cc065d7637a6592872	direct-git	control	2.55.0	2264a8042763edf2620cfe32d96b096e1f3d26aa	5.9.2	2.55.0	1000	150	untracked	74	5.926	5.926	0	1	0	na	1788356264.973465	1788356265.139038	284985841	284986105
2026-09-02T13:34:42Z	8dc0b5fea25671d6745a556bffb740d3866e189c	352c096f011eb282f12e6d4c12281340fac96b635a2879cc065d7637a6592872	direct-git	control	2.55.0	2264a8042763edf2620cfe32d96b096e1f3d26aa	5.9.2	2.55.0	1000	150	untracked	75	6.022	6.022	0	1	0	na	1788356265.311317	1788356265.479095	284986315	284987649
2026-09-02T13:34:42Z	8dc0b5fea25671d6745a556bffb740d3866e189c	352c096f011eb282f12e6d4c12281340fac96b635a2879cc065d7637a6592872	direct-git	control	2.55.0	2264a8042763edf2620cfe32d96b096e1f3d26aa	5.9.2	2.55.0	1000	150	untracked	76	6.038	6.038	0	1	0	na	1788356265.642614	1788356265.799836	284989525	284992386
2026-09-02T13:34:42Z	8dc0b5fea25671d6745a556bffb740d3866e189c	352c096f011eb282f12e6d4c12281340fac96b635a2879cc065d7637a6592872	direct-git	control	2.55.0	2264a8042763edf2620cfe32d96b096e1f3d26aa	5.9.2	2.55.0	1000	150	untracked	77	5.818	5.818	0	1	0	na	1788356265.973012	1788356266.138589	284992583	284992859
2026-09-02T13:34:42Z	8dc0b5fea25671d6745a556bffb740d3866e189c	352c096f011eb282f12e6d4c12281340fac96b635a2879cc065d7637a6592872	direct-git	control	2.55.0	2264a8042763edf2620cfe32d96b096e1f3d26aa	5.9.2	2.55.0	1000	150	untracked	78	7.040	7.040	0	1	0	na	1788356266.312775	1788356266.479627	284993110	284993582
2026-09-02T13:34:42Z	8dc0b5fea25671d6745a556bffb740d3866e189c	352c096f011eb282f12e6d4c12281340fac96b635a2879cc065d7637a6592872	direct-git	control	2.55.0	2264a8042763edf2620cfe32d96b096e1f3d26aa	5.9.2	2.55.0	1000	150	untracked	79	5.802	5.802	0	1	0	na	1788356266.652342	1788356266.819494	284993692	284993773
2026-09-02T13:34:42Z	8dc0b5fea25671d6745a556bffb740d3866e189c	352c096f011eb282f12e6d4c12281340fac96b635a2879cc065d7637a6592872	direct-git	control	2.55.0	2264a8042763edf2620cfe32d96b096e1f3d26aa	5.9.2	2.55.0	1000	150	untracked	80	5.959	5.959	0	1	0	na	1788356266.984222	1788356267.142081	284994561	284995003
2026-09-02T13:34:42Z	8dc0b5fea25671d6745a556bffb740d3866e189c	352c096f011eb282f12e6d4c12281340fac96b635a2879cc065d7637a6592872	direct-git	control	2.55.0	2264a8042763edf2620cfe32d96b096e1f3d26aa	5.9.2	2.55.0	1000	150	untracked	81	5.805	5.805	0	1	0	na	1788356267.314176	1788356267.471078	284995131	284995204
2026-09-02T13:34:42Z	8dc0b5fea25671d6745a556bffb740d3866e189c	352c096f011eb282f12e6d4c12281340fac96b635a2879cc065d7637a6592872	direct-git	control	2.55.0	2264a8042763edf2620cfe32d96b096e1f3d26aa	5.9.2	2.55.0	1000	150	untracked	82	5.618	5.618	0	1	0	na	1788356267.640610	1788356267.805332	284995485	284995790
2026-09-02T13:34:42Z	8dc0b5fea25671d6745a556bffb740d3866e189c	352c096f011eb282f12e6d4c12281340fac96b635a2879cc065d7637a6592872	direct-git	control	2.55.0	2264a8042763edf2620cfe32d96b096e1f3d26aa	5.9.2	2.55.0	1000	150	untracked	83	5.621	5.621	0	1	0	na	1788356267.977952	1788356268.135328	284995980	284996293
2026-09-02T13:34:42Z	8dc0b5fea25671d6745a556bffb740d3866e189c	352c096f011eb282f12e6d4c12281340fac96b635a2879cc065d7637a6592872	direct-git	control	2.55.0	2264a8042763edf2620cfe32d96b096e1f3d26aa	5.9.2	2.55.0	1000	150	untracked	84	6.814	6.814	0	1	0	na	1788356268.308132	1788356268.474096	284996671	284996890
2026-09-02T13:34:42Z	8dc0b5fea25671d6745a556bffb740d3866e189c	352c096f011eb282f12e6d4c12281340fac96b635a2879cc065d7637a6592872	direct-git	control	2.55.0	2264a8042763edf2620cfe32d96b096e1f3d26aa	5.9.2	2.55.0	1000	150	untracked	85	5.910	5.910	0	1	0	na	1788356268.638519	1788356268.805764	284997822	285000146
2026-09-02T13:34:42Z	8dc0b5fea25671d6745a556bffb740d3866e189c	352c096f011eb282f12e6d4c12281340fac96b635a2879cc065d7637a6592872	direct-git	control	2.55.0	2264a8042763edf2620cfe32d96b096e1f3d26aa	5.9.2	2.55.0	1000	150	untracked	86	5.971	5.971	0	1	0	na	1788356268.969203	1788356269.136208	285001677	285003196
2026-09-02T13:34:42Z	8dc0b5fea25671d6745a556bffb740d3866e189c	352c096f011eb282f12e6d4c12281340fac96b635a2879cc065d7637a6592872	direct-git	control	2.55.0	2264a8042763edf2620cfe32d96b096e1f3d26aa	5.9.2	2.55.0	1000	150	untracked	87	5.595	5.595	0	1	0	na	1788356269.308292	1788356269.473063	285003828	285004414
2026-09-02T13:34:42Z	8dc0b5fea25671d6745a556bffb740d3866e189c	352c096f011eb282f12e6d4c12281340fac96b635a2879cc065d7637a6592872	direct-git	control	2.55.0	2264a8042763edf2620cfe32d96b096e1f3d26aa	5.9.2	2.55.0	1000	150	untracked	88	6.458	6.458	0	1	0	na	1788356269.645313	1788356269.803347	285006543	285007940
2026-09-02T13:34:42Z	8dc0b5fea25671d6745a556bffb740d3866e189c	352c096f011eb282f12e6d4c12281340fac96b635a2879cc065d7637a6592872	direct-git	control	2.55.0	2264a8042763edf2620cfe32d96b096e1f3d26aa	5.9.2	2.55.0	1000	150	untracked	89	6.709	6.709	0	1	0	na	1788356269.966360	1788356270.132954	285010266	285011689
2026-09-02T13:34:42Z	8dc0b5fea25671d6745a556bffb740d3866e189c	352c096f011eb282f12e6d4c12281340fac96b635a2879cc065d7637a6592872	direct-git	control	2.55.0	2264a8042763edf2620cfe32d96b096e1f3d26aa	5.9.2	2.55.0	1000	150	untracked	90	6.280	6.280	0	1	0	na	1788356270.305425	1788356270.472795	285012700	285013428
2026-09-02T13:34:42Z	8dc0b5fea25671d6745a556bffb740d3866e189c	352c096f011eb282f12e6d4c12281340fac96b635a2879cc065d7637a6592872	direct-git	control	2.55.0	2264a8042763edf2620cfe32d96b096e1f3d26aa	5.9.2	2.55.0	1000	150	untracked	91	6.181	6.181	0	1	0	na	1788356270.645541	1788356270.812067	285014287	285015470
2026-09-02T13:34:42Z	8dc0b5fea25671d6745a556bffb740d3866e189c	352c096f011eb282f12e6d4c12281340fac96b635a2879cc065d7637a6592872	direct-git	control	2.55.0	2264a8042763edf2620cfe32d96b096e1f3d26aa	5.9.2	2.55.0	1000	150	untracked	92	6.135	6.135	0	1	0	na	1788356270.976818	1788356271.144096	285016864	285017664
2026-09-02T13:34:42Z	8dc0b5fea25671d6745a556bffb740d3866e189c	352c096f011eb282f12e6d4c12281340fac96b635a2879cc065d7637a6592872	direct-git	control	2.55.0	2264a8042763edf2620cfe32d96b096e1f3d26aa	5.9.2	2.55.0	1000	150	untracked	93	6.777	6.777	0	1	0	na	1788356271.317071	1788356271.484301	285018485	285018916
2026-09-02T13:34:42Z	8dc0b5fea25671d6745a556bffb740d3866e189c	352c096f011eb282f12e6d4c12281340fac96b635a2879cc065d7637a6592872	direct-git	control	2.55.0	2264a8042763edf2620cfe32d96b096e1f3d26aa	5.9.2	2.55.0	1000	150	untracked	94	6.172	6.172	0	1	0	na	1788356271.656524	1788356271.813997	285021566	285023212
2026-09-02T13:34:42Z	8dc0b5fea25671d6745a556bffb740d3866e189c	352c096f011eb282f12e6d4c12281340fac96b635a2879cc065d7637a6592872	direct-git	control	2.55.0	2264a8042763edf2620cfe32d96b096e1f3d26aa	5.9.2	2.55.0	1000	150	untracked	95	6.028	6.028	0	1	0	na	1788356271.987026	1788356272.153790	285024974	285025896
2026-09-02T13:34:42Z	8dc0b5fea25671d6745a556bffb740d3866e189c	352c096f011eb282f12e6d4c12281340fac96b635a2879cc065d7637a6592872	direct-git	control	2.55.0	2264a8042763edf2620cfe32d96b096e1f3d26aa	5.9.2	2.55.0	1000	150	untracked	96	5.705	5.705	0	1	0	na	1788356272.325682	1788356272.492838	285026272	285026923
2026-09-02T13:34:42Z	8dc0b5fea25671d6745a556bffb740d3866e189c	352c096f011eb282f12e6d4c12281340fac96b635a2879cc065d7637a6592872	direct-git	control	2.55.0	2264a8042763edf2620cfe32d96b096e1f3d26aa	5.9.2	2.55.0	1000	150	untracked	97	6.514	6.514	0	1	0	na	1788356272.665149	1788356272.823675	285027627	285030364
2026-09-02T13:34:42Z	8dc0b5fea25671d6745a556bffb740d3866e189c	352c096f011eb282f12e6d4c12281340fac96b635a2879cc065d7637a6592872	direct-git	control	2.55.0	2264a8042763edf2620cfe32d96b096e1f3d26aa	5.9.2	2.55.0	1000	150	untracked	98	6.776	6.776	0	1	0	na	1788356272.989838	1788356273.149147	285034384	285037245
2026-09-02T13:34:42Z	8dc0b5fea25671d6745a556bffb740d3866e189c	352c096f011eb282f12e6d4c12281340fac96b635a2879cc065d7637a6592872	direct-git	control	2.55.0	2264a8042763edf2620cfe32d96b096e1f3d26aa	5.9.2	2.55.0	1000	150	untracked	99	7.502	7.502	0	1	0	na	1788356273.314207	1788356273.478329	285040385	285044581
2026-09-02T13:34:42Z	8dc0b5fea25671d6745a556bffb740d3866e189c	352c096f011eb282f12e6d4c12281340fac96b635a2879cc065d7637a6592872	direct-git	control	2.55.0	2264a8042763edf2620cfe32d96b096e1f3d26aa	5.9.2	2.55.0	1000	150	untracked	100	5.854	5.854	0	1	0	na	1788356273.651838	1788356273.819405	285047137	285049531
2026-09-02T13:34:42Z	8dc0b5fea25671d6745a556bffb740d3866e189c	352c096f011eb282f12e6d4c12281340fac96b635a2879cc065d7637a6592872	wsh	local	4fa59ffc191c59db064dad44f47534cf47ac08da6f35e1710935fd0f39477918	2264a8042763edf2620cfe32d96b096e1f3d26aa	5.9.2	2.55.0	1000	150	clean	1	1.515	8.364	1	1	0	1	1788356274.221914	1788356274.390964	285055381	285056740
2026-09-02T13:34:42Z	8dc0b5fea25671d6745a556bffb740d3866e189c	352c096f011eb282f12e6d4c12281340fac96b635a2879cc065d7637a6592872	wsh	local	4fa59ffc191c59db064dad44f47534cf47ac08da6f35e1710935fd0f39477918	2264a8042763edf2620cfe32d96b096e1f3d26aa	5.9.2	2.55.0	1000	150	clean	2	1.203	7.407	1	1	0	1	1788356274.735887	1788356274.903121	285058030	285058261
2026-09-02T13:34:42Z	8dc0b5fea25671d6745a556bffb740d3866e189c	352c096f011eb282f12e6d4c12281340fac96b635a2879cc065d7637a6592872	wsh	local	4fa59ffc191c59db064dad44f47534cf47ac08da6f35e1710935fd0f39477918	2264a8042763edf2620cfe32d96b096e1f3d26aa	5.9.2	2.55.0	1000	150	clean	3	1.087	7.914	1	1	0	1	1788356275.245087	1788356275.412092	285058774	285059121
2026-09-02T13:34:42Z	8dc0b5fea25671d6745a556bffb740d3866e189c	352c096f011eb282f12e6d4c12281340fac96b635a2879cc065d7637a6592872	wsh	local	4fa59ffc191c59db064dad44f47534cf47ac08da6f35e1710935fd0f39477918	2264a8042763edf2620cfe32d96b096e1f3d26aa	5.9.2	2.55.0	1000	150	clean	4	1.607	7.440	1	1	0	1	1788356275.748819	1788356275.915840	285061639	285062215
2026-09-02T13:34:42Z	8dc0b5fea25671d6745a556bffb740d3866e189c	352c096f011eb282f12e6d4c12281340fac96b635a2879cc065d7637a6592872	wsh	local	4fa59ffc191c59db064dad44f47534cf47ac08da6f35e1710935fd0f39477918	2264a8042763edf2620cfe32d96b096e1f3d26aa	5.9.2	2.55.0	1000	150	clean	5	1.511	9.747	1	1	0	1	1788356276.260962	1788356276.430284	285063188	285063564
2026-09-02T13:34:42Z	8dc0b5fea25671d6745a556bffb740d3866e189c	352c096f011eb282f12e6d4c12281340fac96b635a2879cc065d7637a6592872	wsh	local	4fa59ffc191c59db064dad44f47534cf47ac08da6f35e1710935fd0f39477918	2264a8042763edf2620cfe32d96b096e1f3d26aa	5.9.2	2.55.0	1000	150	clean	6	1.070	7.305	1	1	0	1	1788356276.773395	1788356276.941223	285064586	285064875
2026-09-02T13:34:42Z	8dc0b5fea25671d6745a556bffb740d3866e189c	352c096f011eb282f12e6d4c12281340fac96b635a2879cc065d7637a6592872	wsh	local	4fa59ffc191c59db064dad44f47534cf47ac08da6f35e1710935fd0f39477918	2264a8042763edf2620cfe32d96b096e1f3d26aa	5.9.2	2.55.0	1000	150	clean	7	1.588	7.705	1	1	0	1	1788356277.285840	1788356277.454000	285066471	285066574
2026-09-02T13:34:42Z	8dc0b5fea25671d6745a556bffb740d3866e189c	352c096f011eb282f12e6d4c12281340fac96b635a2879cc065d7637a6592872	wsh	local	4fa59ffc191c59db064dad44f47534cf47ac08da6f35e1710935fd0f39477918	2264a8042763edf2620cfe32d96b096e1f3d26aa	5.9.2	2.55.0	1000	150	clean	8	1.377	7.463	1	1	0	1	1788356277.797098	1788356277.966013	285066868	285067167
2026-09-02T13:34:42Z	8dc0b5fea25671d6745a556bffb740d3866e189c	352c096f011eb282f12e6d4c12281340fac96b635a2879cc065d7637a6592872	wsh	local	4fa59ffc191c59db064dad44f47534cf47ac08da6f35e1710935fd0f39477918	2264a8042763edf2620cfe32d96b096e1f3d26aa	5.9.2	2.55.0	1000	150	clean	9	1.604	7.256	1	1	0	1	1788356278.310173	1788356278.477008	285067344	285067370
2026-09-02T13:34:42Z	8dc0b5fea25671d6745a556bffb740d3866e189c	352c096f011eb282f12e6d4c12281340fac96b635a2879cc065d7637a6592872	wsh	local	4fa59ffc191c59db064dad44f47534cf47ac08da6f35e1710935fd0f39477918	2264a8042763edf2620cfe32d96b096e1f3d26aa	5.9.2	2.55.0	1000	150	clean	10	1.505	7.203	1	1	0	1	1788356278.819431	1788356278.987022	285067510	285067632
2026-09-02T13:34:42Z	8dc0b5fea25671d6745a556bffb740d3866e189c	352c096f011eb282f12e6d4c12281340fac96b635a2879cc065d7637a6592872	wsh	local	4fa59ffc191c59db064dad44f47534cf47ac08da6f35e1710935fd0f39477918	2264a8042763edf2620cfe32d96b096e1f3d26aa	5.9.2	2.55.0	1000	150	clean	11	1.117	7.340	1	1	0	1	1788356279.321256	1788356279.489131	285068191	285068798
2026-09-02T13:34:42Z	8dc0b5fea25671d6745a556bffb740d3866e189c	352c096f011eb282f12e6d4c12281340fac96b635a2879cc065d7637a6592872	wsh	local	4fa59ffc191c59db064dad44f47534cf47ac08da6f35e1710935fd0f39477918	2264a8042763edf2620cfe32d96b096e1f3d26aa	5.9.2	2.55.0	1000	150	clean	12	1.331	7.184	1	1	0	1	1788356279.832958	1788356280.000964	285069483	285070085
2026-09-02T13:34:42Z	8dc0b5fea25671d6745a556bffb740d3866e189c	352c096f011eb282f12e6d4c12281340fac96b635a2879cc065d7637a6592872	wsh	local	4fa59ffc191c59db064dad44f47534cf47ac08da6f35e1710935fd0f39477918	2264a8042763edf2620cfe32d96b096e1f3d26aa	5.9.2	2.55.0	1000	150	clean	13	1.054	6.896	1	1	0	1	1788356280.345631	1788356280.512438	285070386	285070432
2026-09-02T13:34:42Z	8dc0b5fea25671d6745a556bffb740d3866e189c	352c096f011eb282f12e6d4c12281340fac96b635a2879cc065d7637a6592872	wsh	local	4fa59ffc191c59db064dad44f47534cf47ac08da6f35e1710935fd0f39477918	2264a8042763edf2620cfe32d96b096e1f3d26aa	5.9.2	2.55.0	1000	150	clean	14	1.093	7.343	1	1	0	1	1788356280.857163	1788356281.025152	285070889	285070959
2026-09-02T13:34:42Z	8dc0b5fea25671d6745a556bffb740d3866e189c	352c096f011eb282f12e6d4c12281340fac96b635a2879cc065d7637a6592872	wsh	local	4fa59ffc191c59db064dad44f47534cf47ac08da6f35e1710935fd0f39477918	2264a8042763edf2620cfe32d96b096e1f3d26aa	5.9.2	2.55.0	1000	150	clean	15	1.088	7.033	1	1	0	1	1788356281.369907	1788356281.536925	285071141	285071201
2026-09-02T13:34:42Z	8dc0b5fea25671d6745a556bffb740d3866e189c	352c096f011eb282f12e6d4c12281340fac96b635a2879cc065d7637a6592872	wsh	local	4fa59ffc191c59db064dad44f47534cf47ac08da6f35e1710935fd0f39477918	2264a8042763edf2620cfe32d96b096e1f3d26aa	5.9.2	2.55.0	1000	150	clean	16	1.459	6.978	1	1	0	1	1788356281.882164	1788356282.040649	285071784	285071869
2026-09-02T13:34:42Z	8dc0b5fea25671d6745a556bffb740d3866e189c	352c096f011eb282f12e6d4c12281340fac96b635a2879cc065d7637a6592872	wsh	local	4fa59ffc191c59db064dad44f47534cf47ac08da6f35e1710935fd0f39477918	2264a8042763edf2620cfe32d96b096e1f3d26aa	5.9.2	2.55.0	1000	150	clean	17	1.494	6.901	1	1	0	1	1788356282.368501	1788356282.526950	285072416	285072451
2026-09-02T13:34:42Z	8dc0b5fea25671d6745a556bffb740d3866e189c	352c096f011eb282f12e6d4c12281340fac96b635a2879cc065d7637a6592872	wsh	local	4fa59ffc191c59db064dad44f47534cf47ac08da6f35e1710935fd0f39477918	2264a8042763edf2620cfe32d96b096e1f3d26aa	5.9.2	2.55.0	1000	150	clean	18	1.085	7.641	1	1	0	1	1788356282.855353	1788356283.023807	285072602	285072730
2026-09-02T13:34:42Z	8dc0b5fea25671d6745a556bffb740d3866e189c	352c096f011eb282f12e6d4c12281340fac96b635a2879cc065d7637a6592872	wsh	local	4fa59ffc191c59db064dad44f47534cf47ac08da6f35e1710935fd0f39477918	2264a8042763edf2620cfe32d96b096e1f3d26aa	5.9.2	2.55.0	1000	150	clean	19	1.020	6.880	1	1	0	1	1788356283.368302	1788356283.536090	285072974	285073037
2026-09-02T13:34:42Z	8dc0b5fea25671d6745a556bffb740d3866e189c	352c096f011eb282f12e6d4c12281340fac96b635a2879cc065d7637a6592872	wsh	local	4fa59ffc191c59db064dad44f47534cf47ac08da6f35e1710935fd0f39477918	2264a8042763edf2620cfe32d96b096e1f3d26aa	5.9.2	2.55.0	1000	150	clean	20	1.086	7.719	1	1	0	1	1788356283.881092	1788356284.049931	285073587	285073742
2026-09-02T13:34:42Z	8dc0b5fea25671d6745a556bffb740d3866e189c	352c096f011eb282f12e6d4c12281340fac96b635a2879cc065d7637a6592872	wsh	local	4fa59ffc191c59db064dad44f47534cf47ac08da6f35e1710935fd0f39477918	2264a8042763edf2620cfe32d96b096e1f3d26aa	5.9.2	2.55.0	1000	150	clean	21	1.611	7.075	1	1	0	1	1788356284.395014	1788356284.562090	285074046	285074080
2026-09-02T13:34:42Z	8dc0b5fea25671d6745a556bffb740d3866e189c	352c096f011eb282f12e6d4c12281340fac96b635a2879cc065d7637a6592872	wsh	local	4fa59ffc191c59db064dad44f47534cf47ac08da6f35e1710935fd0f39477918	2264a8042763edf2620cfe32d96b096e1f3d26aa	5.9.2	2.55.0	1000	150	clean	22	1.246	7.401	1	1	0	1	1788356284.907706	1788356285.074922	285074470	285074600
2026-09-02T13:34:42Z	8dc0b5fea25671d6745a556bffb740d3866e189c	352c096f011eb282f12e6d4c12281340fac96b635a2879cc065d7637a6592872	wsh	local	4fa59ffc191c59db064dad44f47534cf47ac08da6f35e1710935fd0f39477918	2264a8042763edf2620cfe32d96b096e1f3d26aa	5.9.2	2.55.0	1000	150	clean	23	1.119	7.183	1	1	0	1	1788356285.420292	1788356285.587646	285075113	285075185
2026-09-02T13:34:42Z	8dc0b5fea25671d6745a556bffb740d3866e189c	352c096f011eb282f12e6d4c12281340fac96b635a2879cc065d7637a6592872	wsh	local	4fa59ffc191c59db064dad44f47534cf47ac08da6f35e1710935fd0f39477918	2264a8042763edf2620cfe32d96b096e1f3d26aa	5.9.2	2.55.0	1000	150	clean	24	1.118	7.278	1	1	0	1	1788356285.933253	1788356286.101154	285075330	285075365
2026-09-02T13:34:42Z	8dc0b5fea25671d6745a556bffb740d3866e189c	352c096f011eb282f12e6d4c12281340fac96b635a2879cc065d7637a6592872	wsh	local	4fa59ffc191c59db064dad44f47534cf47ac08da6f35e1710935fd0f39477918	2264a8042763edf2620cfe32d96b096e1f3d26aa	5.9.2	2.55.0	1000	150	clean	25	1.128	7.194	1	1	0	1	1788356286.446117	1788356286.613824	285075595	285075640
2026-09-02T13:34:42Z	8dc0b5fea25671d6745a556bffb740d3866e189c	352c096f011eb282f12e6d4c12281340fac96b635a2879cc065d7637a6592872	wsh	local	4fa59ffc191c59db064dad44f47534cf47ac08da6f35e1710935fd0f39477918	2264a8042763edf2620cfe32d96b096e1f3d26aa	5.9.2	2.55.0	1000	150	clean	26	1.168	7.128	1	1	0	1	1788356286.958755	1788356287.126552	285075909	285076007
2026-09-02T13:34:42Z	8dc0b5fea25671d6745a556bffb740d3866e189c	352c096f011eb282f12e6d4c12281340fac96b635a2879cc065d7637a6592872	wsh	local	4fa59ffc191c59db064dad44f47534cf47ac08da6f35e1710935fd0f39477918	2264a8042763edf2620cfe32d96b096e1f3d26aa	5.9.2	2.55.0	1000	150	clean	27	1.626	8.225	1	1	0	1	1788356287.464687	1788356287.633765	285076846	285077146
2026-09-02T13:34:42Z	8dc0b5fea25671d6745a556bffb740d3866e189c	352c096f011eb282f12e6d4c12281340fac96b635a2879cc065d7637a6592872	wsh	local	4fa59ffc191c59db064dad44f47534cf47ac08da6f35e1710935fd0f39477918	2264a8042763edf2620cfe32d96b096e1f3d26aa	5.9.2	2.55.0	1000	150	clean	28	1.094	7.821	1	1	0	1	1788356287.979384	1788356288.147809	285077777	285078002
2026-09-02T13:34:42Z	8dc0b5fea25671d6745a556bffb740d3866e189c	352c096f011eb282f12e6d4c12281340fac96b635a2879cc065d7637a6592872	wsh	local	4fa59ffc191c59db064dad44f47534cf47ac08da6f35e1710935fd0f39477918	2264a8042763edf2620cfe32d96b096e1f3d26aa	5.9.2	2.55.0	1000	150	clean	29	1.738	7.188	1	1	0	1	1788356288.493221	1788356288.660747	285078282	285078319
2026-09-02T13:34:42Z	8dc0b5fea25671d6745a556bffb740d3866e189c	352c096f011eb282f12e6d4c12281340fac96b635a2879cc065d7637a6592872	wsh	local	4fa59ffc191c59db064dad44f47534cf47ac08da6f35e1710935fd0f39477918	2264a8042763edf2620cfe32d96b096e1f3d26aa	5.9.2	2.55.0	1000	150	clean	30	1.462	7.382	1	1	0	1	1788356288.998322	1788356289.165523	285078736	285078837
2026-09-02T13:34:42Z	8dc0b5fea25671d6745a556bffb740d3866e189c	352c096f011eb282f12e6d4c12281340fac96b635a2879cc065d7637a6592872	wsh	local	4fa59ffc191c59db064dad44f47534cf47ac08da6f35e1710935fd0f39477918	2264a8042763edf2620cfe32d96b096e1f3d26aa	5.9.2	2.55.0	1000	150	clean	31	1.095	6.869	1	1	0	1	1788356289.511069	1788356289.669505	285079026	285079117
2026-09-02T13:34:42Z	8dc0b5fea25671d6745a556bffb740d3866e189c	352c096f011eb282f12e6d4c12281340fac96b635a2879cc065d7637a6592872	wsh	local	4fa59ffc191c59db064dad44f47534cf47ac08da6f35e1710935fd0f39477918	2264a8042763edf2620cfe32d96b096e1f3d26aa	5.9.2	2.55.0	1000	150	clean	32	1.262	7.501	1	1	0	1	1788356289.998619	1788356290.157568	285079611	285079717
2026-09-02T13:34:42Z	8dc0b5fea25671d6745a556bffb740d3866e189c	352c096f011eb282f12e6d4c12281340fac96b635a2879cc065d7637a6592872	wsh	local	4fa59ffc191c59db064dad44f47534cf47ac08da6f35e1710935fd0f39477918	2264a8042763edf2620cfe32d96b096e1f3d26aa	5.9.2	2.55.0	1000	150	clean	33	1.134	7.897	1	1	0	1	1788356290.502973	1788356290.671675	285080442	285080530
2026-09-02T13:34:42Z	8dc0b5fea25671d6745a556bffb740d3866e189c	352c096f011eb282f12e6d4c12281340fac96b635a2879cc065d7637a6592872	wsh	local	4fa59ffc191c59db064dad44f47534cf47ac08da6f35e1710935fd0f39477918	2264a8042763edf2620cfe32d96b096e1f3d26aa	5.9.2	2.55.0	1000	150	clean	34	1.177	7.287	1	1	0	1	1788356291.017932	1788356291.185906	285081055	285081109
2026-09-02T13:34:42Z	8dc0b5fea25671d6745a556bffb740d3866e189c	352c096f011eb282f12e6d4c12281340fac96b635a2879cc065d7637a6592872	wsh	local	4fa59ffc191c59db064dad44f47534cf47ac08da6f35e1710935fd0f39477918	2264a8042763edf2620cfe32d96b096e1f3d26aa	5.9.2	2.55.0	1000	150	clean	35	1.160	7.652	1	1	0	1	1788356291.531198	1788356291.699866	285081216	285081289
2026-09-02T13:34:42Z	8dc0b5fea25671d6745a556bffb740d3866e189c	352c096f011eb282f12e6d4c12281340fac96b635a2879cc065d7637a6592872	wsh	local	4fa59ffc191c59db064dad44f47534cf47ac08da6f35e1710935fd0f39477918	2264a8042763edf2620cfe32d96b096e1f3d26aa	5.9.2	2.55.0	1000	150	clean	36	1.147	7.194	1	1	0	1	1788356292.045526	1788356292.213767	285081460	285081497
2026-09-02T13:34:42Z	8dc0b5fea25671d6745a556bffb740d3866e189c	352c096f011eb282f12e6d4c12281340fac96b635a2879cc065d7637a6592872	wsh	local	4fa59ffc191c59db064dad44f47534cf47ac08da6f35e1710935fd0f39477918	2264a8042763edf2620cfe32d96b096e1f3d26aa	5.9.2	2.55.0	1000	150	clean	37	1.129	7.234	1	1	0	1	1788356292.560502	1788356292.728304	285081557	285081592
2026-09-02T13:34:42Z	8dc0b5fea25671d6745a556bffb740d3866e189c	352c096f011eb282f12e6d4c12281340fac96b635a2879cc065d7637a6592872	wsh	local	4fa59ffc191c59db064dad44f47534cf47ac08da6f35e1710935fd0f39477918	2264a8042763edf2620cfe32d96b096e1f3d26aa	5.9.2	2.55.0	1000	150	clean	38	1.094	7.254	1	1	0	1	1788356293.075129	1788356293.234210	285081809	285081911
2026-09-02T13:34:42Z	8dc0b5fea25671d6745a556bffb740d3866e189c	352c096f011eb282f12e6d4c12281340fac96b635a2879cc065d7637a6592872	wsh	local	4fa59ffc191c59db064dad44f47534cf47ac08da6f35e1710935fd0f39477918	2264a8042763edf2620cfe32d96b096e1f3d26aa	5.9.2	2.55.0	1000	150	clean	39	1.144	7.679	1	1	0	1	1788356293.580929	1788356293.740900	285082315	285082419
2026-09-02T13:34:42Z	8dc0b5fea25671d6745a556bffb740d3866e189c	352c096f011eb282f12e6d4c12281340fac96b635a2879cc065d7637a6592872	wsh	local	4fa59ffc191c59db064dad44f47534cf47ac08da6f35e1710935fd0f39477918	2264a8042763edf2620cfe32d96b096e1f3d26aa	5.9.2	2.55.0	1000	150	clean	40	1.354	7.807	1	1	0	1	1788356294.088062	1788356294.257225	285082802	285082880
2026-09-02T13:34:42Z	8dc0b5fea25671d6745a556bffb740d3866e189c	352c096f011eb282f12e6d4c12281340fac96b635a2879cc065d7637a6592872	wsh	local	4fa59ffc191c59db064dad44f47534cf47ac08da6f35e1710935fd0f39477918	2264a8042763edf2620cfe32d96b096e1f3d26aa	5.9.2	2.55.0	1000	150	clean	41	1.145	7.558	1	1	0	1	1788356294.604772	1788356294.773649	285083098	285083297
2026-09-02T13:34:42Z	8dc0b5fea25671d6745a556bffb740d3866e189c	352c096f011eb282f12e6d4c12281340fac96b635a2879cc065d7637a6592872	wsh	local	4fa59ffc191c59db064dad44f47534cf47ac08da6f35e1710935fd0f39477918	2264a8042763edf2620cfe32d96b096e1f3d26aa	5.9.2	2.55.0	1000	150	clean	42	1.199	7.817	1	1	0	1	1788356295.121636	1788356295.290445	285083823	285083928
2026-09-02T13:34:42Z	8dc0b5fea25671d6745a556bffb740d3866e189c	352c096f011eb282f12e6d4c12281340fac96b635a2879cc065d7637a6592872	wsh	local	4fa59ffc191c59db064dad44f47534cf47ac08da6f35e1710935fd0f39477918	2264a8042763edf2620cfe32d96b096e1f3d26aa	5.9.2	2.55.0	1000	150	clean	43	1.113	7.742	1	1	0	1	1788356295.637412	1788356295.806188	285084274	285084430
2026-09-02T13:34:42Z	8dc0b5fea25671d6745a556bffb740d3866e189c	352c096f011eb282f12e6d4c12281340fac96b635a2879cc065d7637a6592872	wsh	local	4fa59ffc191c59db064dad44f47534cf47ac08da6f35e1710935fd0f39477918	2264a8042763edf2620cfe32d96b096e1f3d26aa	5.9.2	2.55.0	1000	150	clean	44	1.121	7.988	1	1	0	1	1788356296.152375	1788356296.321608	285085079	285085229
2026-09-02T13:34:42Z	8dc0b5fea25671d6745a556bffb740d3866e189c	352c096f011eb282f12e6d4c12281340fac96b635a2879cc065d7637a6592872	wsh	local	4fa59ffc191c59db064dad44f47534cf47ac08da6f35e1710935fd0f39477918	2264a8042763edf2620cfe32d96b096e1f3d26aa	5.9.2	2.55.0	1000	150	clean	45	1.611	7.467	1	1	0	1	1788356296.656164	1788356296.815928	285085541	285085855
2026-09-02T13:34:42Z	8dc0b5fea25671d6745a556bffb740d3866e189c	352c096f011eb282f12e6d4c12281340fac96b635a2879cc065d7637a6592872	wsh	local	4fa59ffc191c59db064dad44f47534cf47ac08da6f35e1710935fd0f39477918	2264a8042763edf2620cfe32d96b096e1f3d26aa	5.9.2	2.55.0	1000	150	clean	46	1.904	7.644	1	1	0	1	1788356297.144292	1788356297.313081	285087829	285088201
2026-09-02T13:34:42Z	8dc0b5fea25671d6745a556bffb740d3866e189c	352c096f011eb282f12e6d4c12281340fac96b635a2879cc065d7637a6592872	wsh	local	4fa59ffc191c59db064dad44f47534cf47ac08da6f35e1710935fd0f39477918	2264a8042763edf2620cfe32d96b096e1f3d26aa	5.9.2	2.55.0	1000	150	clean	47	2.066	8.784	1	1	0	1	1788356297.641449	1788356297.803800	285089530	285090526
2026-09-02T13:34:42Z	8dc0b5fea25671d6745a556bffb740d3866e189c	352c096f011eb282f12e6d4c12281340fac96b635a2879cc065d7637a6592872	wsh	local	4fa59ffc191c59db064dad44f47534cf47ac08da6f35e1710935fd0f39477918	2264a8042763edf2620cfe32d96b096e1f3d26aa	5.9.2	2.55.0	1000	150	clean	48	1.238	7.274	1	1	0	1	1788356298.133972	1788356298.302641	285090809	285090874
2026-09-02T13:34:42Z	8dc0b5fea25671d6745a556bffb740d3866e189c	352c096f011eb282f12e6d4c12281340fac96b635a2879cc065d7637a6592872	wsh	local	4fa59ffc191c59db064dad44f47534cf47ac08da6f35e1710935fd0f39477918	2264a8042763edf2620cfe32d96b096e1f3d26aa	5.9.2	2.55.0	1000	150	clean	49	1.426	7.579	1	1	0	1	1788356298.640468	1788356298.809533	285091105	285091258
2026-09-02T13:34:42Z	8dc0b5fea25671d6745a556bffb740d3866e189c	352c096f011eb282f12e6d4c12281340fac96b635a2879cc065d7637a6592872	wsh	local	4fa59ffc191c59db064dad44f47534cf47ac08da6f35e1710935fd0f39477918	2264a8042763edf2620cfe32d96b096e1f3d26aa	5.9.2	2.55.0	1000	150	clean	50	1.226	7.390	1	1	0	1	1788356299.158582	1788356299.326720	285091448	285091494
2026-09-02T13:34:42Z	8dc0b5fea25671d6745a556bffb740d3866e189c	352c096f011eb282f12e6d4c12281340fac96b635a2879cc065d7637a6592872	wsh	local	4fa59ffc191c59db064dad44f47534cf47ac08da6f35e1710935fd0f39477918	2264a8042763edf2620cfe32d96b096e1f3d26aa	5.9.2	2.55.0	1000	150	clean	51	1.187	7.170	1	1	0	1	1788356299.674138	1788356299.842321	285091682	285092085
2026-09-02T13:34:42Z	8dc0b5fea25671d6745a556bffb740d3866e189c	352c096f011eb282f12e6d4c12281340fac96b635a2879cc065d7637a6592872	wsh	local	4fa59ffc191c59db064dad44f47534cf47ac08da6f35e1710935fd0f39477918	2264a8042763edf2620cfe32d96b096e1f3d26aa	5.9.2	2.55.0	1000	150	clean	52	1.225	7.413	1	1	0	1	1788356300.179714	1788356300.347966	285092468	285092494
2026-09-02T13:34:42Z	8dc0b5fea25671d6745a556bffb740d3866e189c	352c096f011eb282f12e6d4c12281340fac96b635a2879cc065d7637a6592872	wsh	local	4fa59ffc191c59db064dad44f47534cf47ac08da6f35e1710935fd0f39477918	2264a8042763edf2620cfe32d96b096e1f3d26aa	5.9.2	2.55.0	1000	150	clean	53	1.177	7.147	1	1	0	1	1788356300.685355	1788356300.854032	285092599	285092738
2026-09-02T13:34:42Z	8dc0b5fea25671d6745a556bffb740d3866e189c	352c096f011eb282f12e6d4c12281340fac96b635a2879cc065d7637a6592872	wsh	local	4fa59ffc191c59db064dad44f47534cf47ac08da6f35e1710935fd0f39477918	2264a8042763edf2620cfe32d96b096e1f3d26aa	5.9.2	2.55.0	1000	150	clean	54	1.263	7.128	1	1	0	1	1788356301.201169	1788356301.369776	285092881	285092945
2026-09-02T13:34:42Z	8dc0b5fea25671d6745a556bffb740d3866e189c	352c096f011eb282f12e6d4c12281340fac96b635a2879cc065d7637a6592872	wsh	local	4fa59ffc191c59db064dad44f47534cf47ac08da6f35e1710935fd0f39477918	2264a8042763edf2620cfe32d96b096e1f3d26aa	5.9.2	2.55.0	1000	150	clean	55	1.582	7.292	1	1	0	1	1788356301.696759	1788356301.865748	285093072	285093344
2026-09-02T13:34:42Z	8dc0b5fea25671d6745a556bffb740d3866e189c	352c096f011eb282f12e6d4c12281340fac96b635a2879cc065d7637a6592872	wsh	local	4fa59ffc191c59db064dad44f47534cf47ac08da6f35e1710935fd0f39477918	2264a8042763edf2620cfe32d96b096e1f3d26aa	5.9.2	2.55.0	1000	150	clean	56	1.586	7.221	1	1	0	1	1788356302.196261	1788356302.365044	285093761	285093838
2026-09-02T13:34:42Z	8dc0b5fea25671d6745a556bffb740d3866e189c	352c096f011eb282f12e6d4c12281340fac96b635a2879cc065d7637a6592872	wsh	local	4fa59ffc191c59db064dad44f47534cf47ac08da6f35e1710935fd0f39477918	2264a8042763edf2620cfe32d96b096e1f3d26aa	5.9.2	2.55.0	1000	150	clean	57	1.713	7.758	1	1	0	1	1788356302.704934	1788356302.863914	285093998	285094087
2026-09-02T13:34:42Z	8dc0b5fea25671d6745a556bffb740d3866e189c	352c096f011eb282f12e6d4c12281340fac96b635a2879cc065d7637a6592872	wsh	local	4fa59ffc191c59db064dad44f47534cf47ac08da6f35e1710935fd0f39477918	2264a8042763edf2620cfe32d96b096e1f3d26aa	5.9.2	2.55.0	1000	150	clean	58	1.477	7.784	1	1	0	1	1788356303.210882	1788356303.370072	285094203	285094247
2026-09-02T13:34:42Z	8dc0b5fea25671d6745a556bffb740d3866e189c	352c096f011eb282f12e6d4c12281340fac96b635a2879cc065d7637a6592872	wsh	local	4fa59ffc191c59db064dad44f47534cf47ac08da6f35e1710935fd0f39477918	2264a8042763edf2620cfe32d96b096e1f3d26aa	5.9.2	2.55.0	1000	150	clean	59	1.267	7.270	1	1	0	1	1788356303.696770	1788356303.865322	285094352	285094749
2026-09-02T13:34:42Z	8dc0b5fea25671d6745a556bffb740d3866e189c	352c096f011eb282f12e6d4c12281340fac96b635a2879cc065d7637a6592872	wsh	local	4fa59ffc191c59db064dad44f47534cf47ac08da6f35e1710935fd0f39477918	2264a8042763edf2620cfe32d96b096e1f3d26aa	5.9.2	2.55.0	1000	150	clean	60	1.181	7.219	1	1	0	1	1788356304.203318	1788356304.372192	285094988	285095039
2026-09-02T13:34:42Z	8dc0b5fea25671d6745a556bffb740d3866e189c	352c096f011eb282f12e6d4c12281340fac96b635a2879cc065d7637a6592872	wsh	local	4fa59ffc191c59db064dad44f47534cf47ac08da6f35e1710935fd0f39477918	2264a8042763edf2620cfe32d96b096e1f3d26aa	5.9.2	2.55.0	1000	150	clean	61	1.261	7.931	1	1	0	1	1788356304.719375	1788356304.889080	285095888	285095972
2026-09-02T13:34:42Z	8dc0b5fea25671d6745a556bffb740d3866e189c	352c096f011eb282f12e6d4c12281340fac96b635a2879cc065d7637a6592872	wsh	local	4fa59ffc191c59db064dad44f47534cf47ac08da6f35e1710935fd0f39477918	2264a8042763edf2620cfe32d96b096e1f3d26aa	5.9.2	2.55.0	1000	150	clean	62	1.200	7.347	1	1	0	1	1788356305.227840	1788356305.387825	285096112	285096321
2026-09-02T13:34:42Z	8dc0b5fea25671d6745a556bffb740d3866e189c	352c096f011eb282f12e6d4c12281340fac96b635a2879cc065d7637a6592872	wsh	local	4fa59ffc191c59db064dad44f47534cf47ac08da6f35e1710935fd0f39477918	2264a8042763edf2620cfe32d96b096e1f3d26aa	5.9.2	2.55.0	1000	150	clean	63	1.850	7.421	1	1	0	1	1788356305.736466	1788356305.894856	285096509	285096659
2026-09-02T13:34:42Z	8dc0b5fea25671d6745a556bffb740d3866e189c	352c096f011eb282f12e6d4c12281340fac96b635a2879cc065d7637a6592872	wsh	local	4fa59ffc191c59db064dad44f47534cf47ac08da6f35e1710935fd0f39477918	2264a8042763edf2620cfe32d96b096e1f3d26aa	5.9.2	2.55.0	1000	150	clean	64	1.518	7.498	1	1	0	1	1788356306.224997	1788356306.383575	285096963	285097011
2026-09-02T13:34:42Z	8dc0b5fea25671d6745a556bffb740d3866e189c	352c096f011eb282f12e6d4c12281340fac96b635a2879cc065d7637a6592872	wsh	local	4fa59ffc191c59db064dad44f47534cf47ac08da6f35e1710935fd0f39477918	2264a8042763edf2620cfe32d96b096e1f3d26aa	5.9.2	2.55.0	1000	150	clean	65	1.148	7.404	1	1	0	1	1788356306.724439	1788356306.884055	285097235	285097660
2026-09-02T13:34:42Z	8dc0b5fea25671d6745a556bffb740d3866e189c	352c096f011eb282f12e6d4c12281340fac96b635a2879cc065d7637a6592872	wsh	local	4fa59ffc191c59db064dad44f47534cf47ac08da6f35e1710935fd0f39477918	2264a8042763edf2620cfe32d96b096e1f3d26aa	5.9.2	2.55.0	1000	150	clean	66	1.270	7.118	1	1	0	1	1788356307.213316	1788356307.372172	285098293	285098523
2026-09-02T13:34:42Z	8dc0b5fea25671d6745a556bffb740d3866e189c	352c096f011eb282f12e6d4c12281340fac96b635a2879cc065d7637a6592872	wsh	local	4fa59ffc191c59db064dad44f47534cf47ac08da6f35e1710935fd0f39477918	2264a8042763edf2620cfe32d96b096e1f3d26aa	5.9.2	2.55.0	1000	150	clean	67	1.203	7.325	1	1	0	1	1788356307.701256	1788356307.860314	285098949	285099242
2026-09-02T13:34:42Z	8dc0b5fea25671d6745a556bffb740d3866e189c	352c096f011eb282f12e6d4c12281340fac96b635a2879cc065d7637a6592872	wsh	local	4fa59ffc191c59db064dad44f47534cf47ac08da6f35e1710935fd0f39477918	2264a8042763edf2620cfe32d96b096e1f3d26aa	5.9.2	2.55.0	1000	150	clean	68	1.209	7.097	1	1	0	1	1788356308.189271	1788356308.347596	285099707	285100023
2026-09-02T13:34:42Z	8dc0b5fea25671d6745a556bffb740d3866e189c	352c096f011eb282f12e6d4c12281340fac96b635a2879cc065d7637a6592872	wsh	local	4fa59ffc191c59db064dad44f47534cf47ac08da6f35e1710935fd0f39477918	2264a8042763edf2620cfe32d96b096e1f3d26aa	5.9.2	2.55.0	1000	150	clean	69	1.198	7.252	1	1	0	1	1788356308.697852	1788356308.856425	285100406	285100692
2026-09-02T13:34:42Z	8dc0b5fea25671d6745a556bffb740d3866e189c	352c096f011eb282f12e6d4c12281340fac96b635a2879cc065d7637a6592872	wsh	local	4fa59ffc191c59db064dad44f47534cf47ac08da6f35e1710935fd0f39477918	2264a8042763edf2620cfe32d96b096e1f3d26aa	5.9.2	2.55.0	1000	150	clean	70	1.370	7.363	1	1	0	1	1788356309.194461	1788356309.352845	285100849	285100895
2026-09-02T13:34:42Z	8dc0b5fea25671d6745a556bffb740d3866e189c	352c096f011eb282f12e6d4c12281340fac96b635a2879cc065d7637a6592872	wsh	local	4fa59ffc191c59db064dad44f47534cf47ac08da6f35e1710935fd0f39477918	2264a8042763edf2620cfe32d96b096e1f3d26aa	5.9.2	2.55.0	1000	150	clean	71	1.220	7.334	1	1	0	1	1788356309.692147	1788356309.851255	285101378	285101616
2026-09-02T13:34:42Z	8dc0b5fea25671d6745a556bffb740d3866e189c	352c096f011eb282f12e6d4c12281340fac96b635a2879cc065d7637a6592872	wsh	local	4fa59ffc191c59db064dad44f47534cf47ac08da6f35e1710935fd0f39477918	2264a8042763edf2620cfe32d96b096e1f3d26aa	5.9.2	2.55.0	1000	150	clean	72	1.331	7.576	1	1	0	1	1788356310.179179	1788356310.337736	285102176	285102384
2026-09-02T13:34:42Z	8dc0b5fea25671d6745a556bffb740d3866e189c	352c096f011eb282f12e6d4c12281340fac96b635a2879cc065d7637a6592872	wsh	local	4fa59ffc191c59db064dad44f47534cf47ac08da6f35e1710935fd0f39477918	2264a8042763edf2620cfe32d96b096e1f3d26aa	5.9.2	2.55.0	1000	150	clean	73	1.357	8.100	1	1	0	1	1788356310.665779	1788356310.825021	285103012	285103309
2026-09-02T13:34:42Z	8dc0b5fea25671d6745a556bffb740d3866e189c	352c096f011eb282f12e6d4c12281340fac96b635a2879cc065d7637a6592872	wsh	local	4fa59ffc191c59db064dad44f47534cf47ac08da6f35e1710935fd0f39477918	2264a8042763edf2620cfe32d96b096e1f3d26aa	5.9.2	2.55.0	1000	150	clean	74	1.188	7.280	1	1	0	1	1788356311.154887	1788356311.314357	285103837	285104100
2026-09-02T13:34:42Z	8dc0b5fea25671d6745a556bffb740d3866e189c	352c096f011eb282f12e6d4c12281340fac96b635a2879cc065d7637a6592872	wsh	local	4fa59ffc191c59db064dad44f47534cf47ac08da6f35e1710935fd0f39477918	2264a8042763edf2620cfe32d96b096e1f3d26aa	5.9.2	2.55.0	1000	150	clean	75	1.206	7.275	1	1	0	1	1788356311.644435	1788356311.804041	285104357	285104512
2026-09-02T13:34:42Z	8dc0b5fea25671d6745a556bffb740d3866e189c	352c096f011eb282f12e6d4c12281340fac96b635a2879cc065d7637a6592872	wsh	local	4fa59ffc191c59db064dad44f47534cf47ac08da6f35e1710935fd0f39477918	2264a8042763edf2620cfe32d96b096e1f3d26aa	5.9.2	2.55.0	1000	150	clean	76	1.492	7.968	1	1	0	1	1788356312.134959	1788356312.297513	285105153	285105230
2026-09-02T13:34:42Z	8dc0b5fea25671d6745a556bffb740d3866e189c	352c096f011eb282f12e6d4c12281340fac96b635a2879cc065d7637a6592872	wsh	local	4fa59ffc191c59db064dad44f47534cf47ac08da6f35e1710935fd0f39477918	2264a8042763edf2620cfe32d96b096e1f3d26aa	5.9.2	2.55.0	1000	150	clean	77	1.747	7.840	1	1	0	1	1788356312.629903	1788356312.792274	285105348	285105606
2026-09-02T13:34:42Z	8dc0b5fea25671d6745a556bffb740d3866e189c	352c096f011eb282f12e6d4c12281340fac96b635a2879cc065d7637a6592872	wsh	local	4fa59ffc191c59db064dad44f47534cf47ac08da6f35e1710935fd0f39477918	2264a8042763edf2620cfe32d96b096e1f3d26aa	5.9.2	2.55.0	1000	150	clean	78	1.438	7.550	1	1	0	1	1788356313.128160	1788356313.289429	285106029	285106114
2026-09-02T13:34:42Z	8dc0b5fea25671d6745a556bffb740d3866e189c	352c096f011eb282f12e6d4c12281340fac96b635a2879cc065d7637a6592872	wsh	local	4fa59ffc191c59db064dad44f47534cf47ac08da6f35e1710935fd0f39477918	2264a8042763edf2620cfe32d96b096e1f3d26aa	5.9.2	2.55.0	1000	150	clean	79	1.697	7.340	1	1	0	1	1788356313.622638	1788356313.783267	285106665	285106865
2026-09-02T13:34:42Z	8dc0b5fea25671d6745a556bffb740d3866e189c	352c096f011eb282f12e6d4c12281340fac96b635a2879cc065d7637a6592872	wsh	local	4fa59ffc191c59db064dad44f47534cf47ac08da6f35e1710935fd0f39477918	2264a8042763edf2620cfe32d96b096e1f3d26aa	5.9.2	2.55.0	1000	150	clean	80	1.182	7.323	1	1	0	1	1788356314.126381	1788356314.294654	285107185	285107288
2026-09-02T13:34:42Z	8dc0b5fea25671d6745a556bffb740d3866e189c	352c096f011eb282f12e6d4c12281340fac96b635a2879cc065d7637a6592872	wsh	local	4fa59ffc191c59db064dad44f47534cf47ac08da6f35e1710935fd0f39477918	2264a8042763edf2620cfe32d96b096e1f3d26aa	5.9.2	2.55.0	1000	150	clean	81	1.219	7.439	1	1	0	1	1788356314.627674	1788356314.786713	285107522	285107922
2026-09-02T13:34:42Z	8dc0b5fea25671d6745a556bffb740d3866e189c	352c096f011eb282f12e6d4c12281340fac96b635a2879cc065d7637a6592872	wsh	local	4fa59ffc191c59db064dad44f47534cf47ac08da6f35e1710935fd0f39477918	2264a8042763edf2620cfe32d96b096e1f3d26aa	5.9.2	2.55.0	1000	150	clean	82	1.213	7.425	1	1	0	1	1788356315.114510	1788356315.283607	285108473	285108610
2026-09-02T13:34:42Z	8dc0b5fea25671d6745a556bffb740d3866e189c	352c096f011eb282f12e6d4c12281340fac96b635a2879cc065d7637a6592872	wsh	local	4fa59ffc191c59db064dad44f47534cf47ac08da6f35e1710935fd0f39477918	2264a8042763edf2620cfe32d96b096e1f3d26aa	5.9.2	2.55.0	1000	150	clean	83	1.230	7.283	1	1	0	1	1788356315.614034	1788356315.774332	285109375	285109538
2026-09-02T13:34:42Z	8dc0b5fea25671d6745a556bffb740d3866e189c	352c096f011eb282f12e6d4c12281340fac96b635a2879cc065d7637a6592872	wsh	local	4fa59ffc191c59db064dad44f47534cf47ac08da6f35e1710935fd0f39477918	2264a8042763edf2620cfe32d96b096e1f3d26aa	5.9.2	2.55.0	1000	150	clean	84	1.275	7.315	1	1	0	1	1788356316.117083	1788356316.275839	285110095	285110131
2026-09-02T13:34:42Z	8dc0b5fea25671d6745a556bffb740d3866e189c	352c096f011eb282f12e6d4c12281340fac96b635a2879cc065d7637a6592872	wsh	local	4fa59ffc191c59db064dad44f47534cf47ac08da6f35e1710935fd0f39477918	2264a8042763edf2620cfe32d96b096e1f3d26aa	5.9.2	2.55.0	1000	150	clean	85	1.228	7.074	1	1	0	1	1788356316.604324	1788356316.773108	285110481	285110685
2026-09-02T13:34:42Z	8dc0b5fea25671d6745a556bffb740d3866e189c	352c096f011eb282f12e6d4c12281340fac96b635a2879cc065d7637a6592872	wsh	local	4fa59ffc191c59db064dad44f47534cf47ac08da6f35e1710935fd0f39477918	2264a8042763edf2620cfe32d96b096e1f3d26aa	5.9.2	2.55.0	1000	150	clean	86	1.254	7.211	1	1	0	1	1788356317.101298	1788356317.259608	285110969	285111017
2026-09-02T13:34:42Z	8dc0b5fea25671d6745a556bffb740d3866e189c	352c096f011eb282f12e6d4c12281340fac96b635a2879cc065d7637a6592872	wsh	local	4fa59ffc191c59db064dad44f47534cf47ac08da6f35e1710935fd0f39477918	2264a8042763edf2620cfe32d96b096e1f3d26aa	5.9.2	2.55.0	1000	150	clean	87	1.309	7.325	1	1	0	1	1788356317.587993	1788356317.747394	285111138	285111181
2026-09-02T13:34:42Z	8dc0b5fea25671d6745a556bffb740d3866e189c	352c096f011eb282f12e6d4c12281340fac96b635a2879cc065d7637a6592872	wsh	local	4fa59ffc191c59db064dad44f47534cf47ac08da6f35e1710935fd0f39477918	2264a8042763edf2620cfe32d96b096e1f3d26aa	5.9.2	2.55.0	1000	150	clean	88	1.240	7.606	1	1	0	1	1788356318.079669	1788356318.238339	285111719	285111754
2026-09-02T13:34:42Z	8dc0b5fea25671d6745a556bffb740d3866e189c	352c096f011eb282f12e6d4c12281340fac96b635a2879cc065d7637a6592872	wsh	local	4fa59ffc191c59db064dad44f47534cf47ac08da6f35e1710935fd0f39477918	2264a8042763edf2620cfe32d96b096e1f3d26aa	5.9.2	2.55.0	1000	150	clean	89	1.266	7.367	1	1	0	1	1788356318.569590	1788356318.728111	285112117	285112161
2026-09-02T13:34:42Z	8dc0b5fea25671d6745a556bffb740d3866e189c	352c096f011eb282f12e6d4c12281340fac96b635a2879cc065d7637a6592872	wsh	local	4fa59ffc191c59db064dad44f47534cf47ac08da6f35e1710935fd0f39477918	2264a8042763edf2620cfe32d96b096e1f3d26aa	5.9.2	2.55.0	1000	150	clean	90	1.261	7.276	1	1	0	1	1788356319.059972	1788356319.218853	285112523	285112614
2026-09-02T13:34:42Z	8dc0b5fea25671d6745a556bffb740d3866e189c	352c096f011eb282f12e6d4c12281340fac96b635a2879cc065d7637a6592872	wsh	local	4fa59ffc191c59db064dad44f47534cf47ac08da6f35e1710935fd0f39477918	2264a8042763edf2620cfe32d96b096e1f3d26aa	5.9.2	2.55.0	1000	150	clean	91	1.301	7.268	1	1	0	1	1788356319.548437	1788356319.707504	285112754	285112866
2026-09-02T13:34:42Z	8dc0b5fea25671d6745a556bffb740d3866e189c	352c096f011eb282f12e6d4c12281340fac96b635a2879cc065d7637a6592872	wsh	local	4fa59ffc191c59db064dad44f47534cf47ac08da6f35e1710935fd0f39477918	2264a8042763edf2620cfe32d96b096e1f3d26aa	5.9.2	2.55.0	1000	150	clean	92	1.339	7.508	1	1	0	1	1788356320.036739	1788356320.195535	285113117	285113423
2026-09-02T13:34:42Z	8dc0b5fea25671d6745a556bffb740d3866e189c	352c096f011eb282f12e6d4c12281340fac96b635a2879cc065d7637a6592872	wsh	local	4fa59ffc191c59db064dad44f47534cf47ac08da6f35e1710935fd0f39477918	2264a8042763edf2620cfe32d96b096e1f3d26aa	5.9.2	2.55.0	1000	150	clean	93	1.328	7.816	1	1	0	1	1788356320.534594	1788356320.693756	285113580	285113651
2026-09-02T13:34:42Z	8dc0b5fea25671d6745a556bffb740d3866e189c	352c096f011eb282f12e6d4c12281340fac96b635a2879cc065d7637a6592872	wsh	local	4fa59ffc191c59db064dad44f47534cf47ac08da6f35e1710935fd0f39477918	2264a8042763edf2620cfe32d96b096e1f3d26aa	5.9.2	2.55.0	1000	150	clean	94	1.265	7.293	1	1	0	1	1788356321.025769	1788356321.185109	285113970	285114066
2026-09-02T13:34:42Z	8dc0b5fea25671d6745a556bffb740d3866e189c	352c096f011eb282f12e6d4c12281340fac96b635a2879cc065d7637a6592872	wsh	local	4fa59ffc191c59db064dad44f47534cf47ac08da6f35e1710935fd0f39477918	2264a8042763edf2620cfe32d96b096e1f3d26aa	5.9.2	2.55.0	1000	150	clean	95	1.542	7.825	1	1	0	1	1788356321.514648	1788356321.674762	285114193	285114336
2026-09-02T13:34:42Z	8dc0b5fea25671d6745a556bffb740d3866e189c	352c096f011eb282f12e6d4c12281340fac96b635a2879cc065d7637a6592872	wsh	local	4fa59ffc191c59db064dad44f47534cf47ac08da6f35e1710935fd0f39477918	2264a8042763edf2620cfe32d96b096e1f3d26aa	5.9.2	2.55.0	1000	150	clean	96	1.299	7.238	1	1	0	1	1788356322.006262	1788356322.165600	285114793	285114913
2026-09-02T13:34:42Z	8dc0b5fea25671d6745a556bffb740d3866e189c	352c096f011eb282f12e6d4c12281340fac96b635a2879cc065d7637a6592872	wsh	local	4fa59ffc191c59db064dad44f47534cf47ac08da6f35e1710935fd0f39477918	2264a8042763edf2620cfe32d96b096e1f3d26aa	5.9.2	2.55.0	1000	150	clean	97	1.303	7.890	1	1	0	1	1788356322.495306	1788356322.655837	285115335	285115451
2026-09-02T13:34:42Z	8dc0b5fea25671d6745a556bffb740d3866e189c	352c096f011eb282f12e6d4c12281340fac96b635a2879cc065d7637a6592872	wsh	local	4fa59ffc191c59db064dad44f47534cf47ac08da6f35e1710935fd0f39477918	2264a8042763edf2620cfe32d96b096e1f3d26aa	5.9.2	2.55.0	1000	150	clean	98	1.551	7.639	1	1	0	1	1788356322.987115	1788356323.149030	285115903	285116023
2026-09-02T13:34:42Z	8dc0b5fea25671d6745a556bffb740d3866e189c	352c096f011eb282f12e6d4c12281340fac96b635a2879cc065d7637a6592872	wsh	local	4fa59ffc191c59db064dad44f47534cf47ac08da6f35e1710935fd0f39477918	2264a8042763edf2620cfe32d96b096e1f3d26aa	5.9.2	2.55.0	1000	150	clean	99	1.257	7.190	1	1	0	1	1788356323.487558	1788356323.646283	285116220	285116423
2026-09-02T13:34:42Z	8dc0b5fea25671d6745a556bffb740d3866e189c	352c096f011eb282f12e6d4c12281340fac96b635a2879cc065d7637a6592872	wsh	local	4fa59ffc191c59db064dad44f47534cf47ac08da6f35e1710935fd0f39477918	2264a8042763edf2620cfe32d96b096e1f3d26aa	5.9.2	2.55.0	1000	150	clean	100	1.406	7.648	1	1	0	1	1788356323.976696	1788356324.137670	285117242	285117341
2026-09-02T13:34:42Z	8dc0b5fea25671d6745a556bffb740d3866e189c	352c096f011eb282f12e6d4c12281340fac96b635a2879cc065d7637a6592872	wsh	local	4fa59ffc191c59db064dad44f47534cf47ac08da6f35e1710935fd0f39477918	2264a8042763edf2620cfe32d96b096e1f3d26aa	5.9.2	2.55.0	1000	150	dirty	1	1.294	7.359	1	1	0	1	1788356324.491611	1788356324.651135	285117698	285117810
2026-09-02T13:34:42Z	8dc0b5fea25671d6745a556bffb740d3866e189c	352c096f011eb282f12e6d4c12281340fac96b635a2879cc065d7637a6592872	wsh	local	4fa59ffc191c59db064dad44f47534cf47ac08da6f35e1710935fd0f39477918	2264a8042763edf2620cfe32d96b096e1f3d26aa	5.9.2	2.55.0	1000	150	dirty	2	1.326	8.149	1	1	0	1	1788356324.982217	1788356325.141991	285118514	285118639
2026-09-02T13:34:42Z	8dc0b5fea25671d6745a556bffb740d3866e189c	352c096f011eb282f12e6d4c12281340fac96b635a2879cc065d7637a6592872	wsh	local	4fa59ffc191c59db064dad44f47534cf47ac08da6f35e1710935fd0f39477918	2264a8042763edf2620cfe32d96b096e1f3d26aa	5.9.2	2.55.0	1000	150	dirty	3	1.392	7.090	1	1	0	1	1788356325.471259	1788356325.629945	285118840	285118994
2026-09-02T13:34:42Z	8dc0b5fea25671d6745a556bffb740d3866e189c	352c096f011eb282f12e6d4c12281340fac96b635a2879cc065d7637a6592872	wsh	local	4fa59ffc191c59db064dad44f47534cf47ac08da6f35e1710935fd0f39477918	2264a8042763edf2620cfe32d96b096e1f3d26aa	5.9.2	2.55.0	1000	150	dirty	4	1.288	7.386	1	1	0	1	1788356325.962656	1788356326.121116	285119616	285119728
2026-09-02T13:34:42Z	8dc0b5fea25671d6745a556bffb740d3866e189c	352c096f011eb282f12e6d4c12281340fac96b635a2879cc065d7637a6592872	wsh	local	4fa59ffc191c59db064dad44f47534cf47ac08da6f35e1710935fd0f39477918	2264a8042763edf2620cfe32d96b096e1f3d26aa	5.9.2	2.55.0	1000	150	dirty	5	1.487	7.444	1	1	0	1	1788356326.456714	1788356326.618977	285120056	285120153
2026-09-02T13:34:42Z	8dc0b5fea25671d6745a556bffb740d3866e189c	352c096f011eb282f12e6d4c12281340fac96b635a2879cc065d7637a6592872	wsh	local	4fa59ffc191c59db064dad44f47534cf47ac08da6f35e1710935fd0f39477918	2264a8042763edf2620cfe32d96b096e1f3d26aa	5.9.2	2.55.0	1000	150	dirty	6	1.325	7.510	1	1	0	1	1788356326.951670	1788356327.112288	285120346	285120492
2026-09-02T13:34:42Z	8dc0b5fea25671d6745a556bffb740d3866e189c	352c096f011eb282f12e6d4c12281340fac96b635a2879cc065d7637a6592872	wsh	local	4fa59ffc191c59db064dad44f47534cf47ac08da6f35e1710935fd0f39477918	2264a8042763edf2620cfe32d96b096e1f3d26aa	5.9.2	2.55.0	1000	150	dirty	7	1.284	7.277	1	1	0	1	1788356327.442216	1788356327.602769	285120829	285121166
2026-09-02T13:34:42Z	8dc0b5fea25671d6745a556bffb740d3866e189c	352c096f011eb282f12e6d4c12281340fac96b635a2879cc065d7637a6592872	wsh	local	4fa59ffc191c59db064dad44f47534cf47ac08da6f35e1710935fd0f39477918	2264a8042763edf2620cfe32d96b096e1f3d26aa	5.9.2	2.55.0	1000	150	dirty	8	1.339	7.363	1	1	0	1	1788356327.936900	1788356328.095814	285121679	285122017
2026-09-02T13:34:42Z	8dc0b5fea25671d6745a556bffb740d3866e189c	352c096f011eb282f12e6d4c12281340fac96b635a2879cc065d7637a6592872	wsh	local	4fa59ffc191c59db064dad44f47534cf47ac08da6f35e1710935fd0f39477918	2264a8042763edf2620cfe32d96b096e1f3d26aa	5.9.2	2.55.0	1000	150	dirty	9	1.261	8.071	1	1	0	1	1788356328.427973	1788356328.587133	285122417	285122513
2026-09-02T13:34:42Z	8dc0b5fea25671d6745a556bffb740d3866e189c	352c096f011eb282f12e6d4c12281340fac96b635a2879cc065d7637a6592872	wsh	local	4fa59ffc191c59db064dad44f47534cf47ac08da6f35e1710935fd0f39477918	2264a8042763edf2620cfe32d96b096e1f3d26aa	5.9.2	2.55.0	1000	150	dirty	10	1.531	7.716	1	1	0	1	1788356328.926710	1788356329.090631	285122672	285122779
2026-09-02T13:34:42Z	8dc0b5fea25671d6745a556bffb740d3866e189c	352c096f011eb282f12e6d4c12281340fac96b635a2879cc065d7637a6592872	wsh	local	4fa59ffc191c59db064dad44f47534cf47ac08da6f35e1710935fd0f39477918	2264a8042763edf2620cfe32d96b096e1f3d26aa	5.9.2	2.55.0	1000	150	dirty	11	1.530	7.306	1	1	0	1	1788356329.430357	1788356329.590253	285122958	285123075
2026-09-02T13:34:42Z	8dc0b5fea25671d6745a556bffb740d3866e189c	352c096f011eb282f12e6d4c12281340fac96b635a2879cc065d7637a6592872	wsh	local	4fa59ffc191c59db064dad44f47534cf47ac08da6f35e1710935fd0f39477918	2264a8042763edf2620cfe32d96b096e1f3d26aa	5.9.2	2.55.0	1000	150	dirty	12	1.272	6.931	1	1	0	1	1788356329.927681	1788356330.086841	285123757	285124445
2026-09-02T13:34:42Z	8dc0b5fea25671d6745a556bffb740d3866e189c	352c096f011eb282f12e6d4c12281340fac96b635a2879cc065d7637a6592872	wsh	local	4fa59ffc191c59db064dad44f47534cf47ac08da6f35e1710935fd0f39477918	2264a8042763edf2620cfe32d96b096e1f3d26aa	5.9.2	2.55.0	1000	150	dirty	13	1.316	7.966	1	1	0	1	1788356330.416467	1788356330.576126	285124770	285124870
2026-09-02T13:34:42Z	8dc0b5fea25671d6745a556bffb740d3866e189c	352c096f011eb282f12e6d4c12281340fac96b635a2879cc065d7637a6592872	wsh	local	4fa59ffc191c59db064dad44f47534cf47ac08da6f35e1710935fd0f39477918	2264a8042763edf2620cfe32d96b096e1f3d26aa	5.9.2	2.55.0	1000	150	dirty	14	1.436	7.819	1	1	0	1	1788356330.905911	1788356331.065073	285125687	285125765
2026-09-02T13:34:42Z	8dc0b5fea25671d6745a556bffb740d3866e189c	352c096f011eb282f12e6d4c12281340fac96b635a2879cc065d7637a6592872	wsh	local	4fa59ffc191c59db064dad44f47534cf47ac08da6f35e1710935fd0f39477918	2264a8042763edf2620cfe32d96b096e1f3d26aa	5.9.2	2.55.0	1000	150	dirty	15	1.292	7.015	1	1	0	1	1788356331.394460	1788356331.553688	285125883	285125930
2026-09-02T13:34:42Z	8dc0b5fea25671d6745a556bffb740d3866e189c	352c096f011eb282f12e6d4c12281340fac96b635a2879cc065d7637a6592872	wsh	local	4fa59ffc191c59db064dad44f47534cf47ac08da6f35e1710935fd0f39477918	2264a8042763edf2620cfe32d96b096e1f3d26aa	5.9.2	2.55.0	1000	150	dirty	16	1.271	7.600	1	1	0	1	1788356331.884328	1788356332.043842	285126206	285126266
2026-09-02T13:34:42Z	8dc0b5fea25671d6745a556bffb740d3866e189c	352c096f011eb282f12e6d4c12281340fac96b635a2879cc065d7637a6592872	wsh	local	4fa59ffc191c59db064dad44f47534cf47ac08da6f35e1710935fd0f39477918	2264a8042763edf2620cfe32d96b096e1f3d26aa	5.9.2	2.55.0	1000	150	dirty	17	1.277	7.116	1	1	0	1	1788356332.373682	1788356332.532380	285126388	285126439
2026-09-02T13:34:42Z	8dc0b5fea25671d6745a556bffb740d3866e189c	352c096f011eb282f12e6d4c12281340fac96b635a2879cc065d7637a6592872	wsh	local	4fa59ffc191c59db064dad44f47534cf47ac08da6f35e1710935fd0f39477918	2264a8042763edf2620cfe32d96b096e1f3d26aa	5.9.2	2.55.0	1000	150	dirty	18	1.397	7.393	1	1	0	1	1788356332.863827	1788356333.023215	285126771	285126966
2026-09-02T13:34:42Z	8dc0b5fea25671d6745a556bffb740d3866e189c	352c096f011eb282f12e6d4c12281340fac96b635a2879cc065d7637a6592872	wsh	local	4fa59ffc191c59db064dad44f47534cf47ac08da6f35e1710935fd0f39477918	2264a8042763edf2620cfe32d96b096e1f3d26aa	5.9.2	2.55.0	1000	150	dirty	19	1.263	7.646	1	1	0	1	1788356333.355107	1788356333.514780	285127411	285127549
2026-09-02T13:34:42Z	8dc0b5fea25671d6745a556bffb740d3866e189c	352c096f011eb282f12e6d4c12281340fac96b635a2879cc065d7637a6592872	wsh	local	4fa59ffc191c59db064dad44f47534cf47ac08da6f35e1710935fd0f39477918	2264a8042763edf2620cfe32d96b096e1f3d26aa	5.9.2	2.55.0	1000	150	dirty	20	1.277	7.388	1	1	0	1	1788356333.845222	1788356334.004958	285128476	285128557
2026-09-02T13:34:42Z	8dc0b5fea25671d6745a556bffb740d3866e189c	352c096f011eb282f12e6d4c12281340fac96b635a2879cc065d7637a6592872	wsh	local	4fa59ffc191c59db064dad44f47534cf47ac08da6f35e1710935fd0f39477918	2264a8042763edf2620cfe32d96b096e1f3d26aa	5.9.2	2.55.0	1000	150	dirty	21	1.316	7.171	1	1	0	1	1788356334.336028	1788356334.495336	285128719	285128747
2026-09-02T13:34:42Z	8dc0b5fea25671d6745a556bffb740d3866e189c	352c096f011eb282f12e6d4c12281340fac96b635a2879cc065d7637a6592872	wsh	local	4fa59ffc191c59db064dad44f47534cf47ac08da6f35e1710935fd0f39477918	2264a8042763edf2620cfe32d96b096e1f3d26aa	5.9.2	2.55.0	1000	150	dirty	22	1.290	6.995	1	1	0	1	1788356334.824731	1788356334.983854	285128871	285128903
2026-09-02T13:34:42Z	8dc0b5fea25671d6745a556bffb740d3866e189c	352c096f011eb282f12e6d4c12281340fac96b635a2879cc065d7637a6592872	wsh	local	4fa59ffc191c59db064dad44f47534cf47ac08da6f35e1710935fd0f39477918	2264a8042763edf2620cfe32d96b096e1f3d26aa	5.9.2	2.55.0	1000	150	dirty	23	1.302	7.290	1	1	0	1	1788356335.314178	1788356335.474185	285129040	285129256
2026-09-02T13:34:42Z	8dc0b5fea25671d6745a556bffb740d3866e189c	352c096f011eb282f12e6d4c12281340fac96b635a2879cc065d7637a6592872	wsh	local	4fa59ffc191c59db064dad44f47534cf47ac08da6f35e1710935fd0f39477918	2264a8042763edf2620cfe32d96b096e1f3d26aa	5.9.2	2.55.0	1000	150	dirty	24	1.313	7.248	1	1	0	1	1788356335.805390	1788356335.965798	285129729	285130064
2026-09-02T13:34:42Z	8dc0b5fea25671d6745a556bffb740d3866e189c	352c096f011eb282f12e6d4c12281340fac96b635a2879cc065d7637a6592872	wsh	local	4fa59ffc191c59db064dad44f47534cf47ac08da6f35e1710935fd0f39477918	2264a8042763edf2620cfe32d96b096e1f3d26aa	5.9.2	2.55.0	1000	150	dirty	25	1.867	7.698	1	1	0	1	1788356336.304543	1788356336.467133	285130363	285130432
2026-09-02T13:34:42Z	8dc0b5fea25671d6745a556bffb740d3866e189c	352c096f011eb282f12e6d4c12281340fac96b635a2879cc065d7637a6592872	wsh	local	4fa59ffc191c59db064dad44f47534cf47ac08da6f35e1710935fd0f39477918	2264a8042763edf2620cfe32d96b096e1f3d26aa	5.9.2	2.55.0	1000	150	dirty	26	1.242	7.566	1	1	0	1	1788356336.806648	1788356336.968154	285131104	285131240
2026-09-02T13:34:42Z	8dc0b5fea25671d6745a556bffb740d3866e189c	352c096f011eb282f12e6d4c12281340fac96b635a2879cc065d7637a6592872	wsh	local	4fa59ffc191c59db064dad44f47534cf47ac08da6f35e1710935fd0f39477918	2264a8042763edf2620cfe32d96b096e1f3d26aa	5.9.2	2.55.0	1000	150	dirty	27	1.388	6.984	1	1	0	1	1788356337.300088	1788356337.459065	285131502	285131533
2026-09-02T13:34:42Z	8dc0b5fea25671d6745a556bffb740d3866e189c	352c096f011eb282f12e6d4c12281340fac96b635a2879cc065d7637a6592872	wsh	local	4fa59ffc191c59db064dad44f47534cf47ac08da6f35e1710935fd0f39477918	2264a8042763edf2620cfe32d96b096e1f3d26aa	5.9.2	2.55.0	1000	150	dirty	28	1.308	7.331	1	1	0	1	1788356337.789300	1788356337.948110	285131633	285131691
2026-09-02T13:34:42Z	8dc0b5fea25671d6745a556bffb740d3866e189c	352c096f011eb282f12e6d4c12281340fac96b635a2879cc065d7637a6592872	wsh	local	4fa59ffc191c59db064dad44f47534cf47ac08da6f35e1710935fd0f39477918	2264a8042763edf2620cfe32d96b096e1f3d26aa	5.9.2	2.55.0	1000	150	dirty	29	1.337	7.858	1	1	0	1	1788356338.278835	1788356338.439124	285132043	285132144
2026-09-02T13:34:42Z	8dc0b5fea25671d6745a556bffb740d3866e189c	352c096f011eb282f12e6d4c12281340fac96b635a2879cc065d7637a6592872	wsh	local	4fa59ffc191c59db064dad44f47534cf47ac08da6f35e1710935fd0f39477918	2264a8042763edf2620cfe32d96b096e1f3d26aa	5.9.2	2.55.0	1000	150	dirty	30	1.325	7.291	1	1	0	1	1788356338.771192	1788356338.931043	285132440	285132643
2026-09-02T13:34:42Z	8dc0b5fea25671d6745a556bffb740d3866e189c	352c096f011eb282f12e6d4c12281340fac96b635a2879cc065d7637a6592872	wsh	local	4fa59ffc191c59db064dad44f47534cf47ac08da6f35e1710935fd0f39477918	2264a8042763edf2620cfe32d96b096e1f3d26aa	5.9.2	2.55.0	1000	150	dirty	31	1.542	7.674	1	1	0	1	1788356339.264189	1788356339.425472	285133327	285133575
2026-09-02T13:34:42Z	8dc0b5fea25671d6745a556bffb740d3866e189c	352c096f011eb282f12e6d4c12281340fac96b635a2879cc065d7637a6592872	wsh	local	4fa59ffc191c59db064dad44f47534cf47ac08da6f35e1710935fd0f39477918	2264a8042763edf2620cfe32d96b096e1f3d26aa	5.9.2	2.55.0	1000	150	dirty	32	1.534	7.859	1	1	0	1	1788356339.763206	1788356339.926068	285133987	285134172
2026-09-02T13:34:42Z	8dc0b5fea25671d6745a556bffb740d3866e189c	352c096f011eb282f12e6d4c12281340fac96b635a2879cc065d7637a6592872	wsh	local	4fa59ffc191c59db064dad44f47534cf47ac08da6f35e1710935fd0f39477918	2264a8042763edf2620cfe32d96b096e1f3d26aa	5.9.2	2.55.0	1000	150	dirty	33	1.338	7.141	1	1	0	1	1788356340.263855	1788356340.423208	285134403	285134501
2026-09-02T13:34:42Z	8dc0b5fea25671d6745a556bffb740d3866e189c	352c096f011eb282f12e6d4c12281340fac96b635a2879cc065d7637a6592872	wsh	local	4fa59ffc191c59db064dad44f47534cf47ac08da6f35e1710935fd0f39477918	2264a8042763edf2620cfe32d96b096e1f3d26aa	5.9.2	2.55.0	1000	150	dirty	34	1.336	7.785	1	1	0	1	1788356340.754947	1788356340.917593	285134799	285135089
2026-09-02T13:34:42Z	8dc0b5fea25671d6745a556bffb740d3866e189c	352c096f011eb282f12e6d4c12281340fac96b635a2879cc065d7637a6592872	wsh	local	4fa59ffc191c59db064dad44f47534cf47ac08da6f35e1710935fd0f39477918	2264a8042763edf2620cfe32d96b096e1f3d26aa	5.9.2	2.55.0	1000	150	dirty	35	1.329	7.495	1	1	0	1	1788356341.257502	1788356341.418108	285135453	285135587
2026-09-02T13:34:42Z	8dc0b5fea25671d6745a556bffb740d3866e189c	352c096f011eb282f12e6d4c12281340fac96b635a2879cc065d7637a6592872	wsh	local	4fa59ffc191c59db064dad44f47534cf47ac08da6f35e1710935fd0f39477918	2264a8042763edf2620cfe32d96b096e1f3d26aa	5.9.2	2.55.0	1000	150	dirty	36	1.340	7.371	1	1	0	1	1788356341.750770	1788356341.911394	285135835	285136140
2026-09-02T13:34:42Z	8dc0b5fea25671d6745a556bffb740d3866e189c	352c096f011eb282f12e6d4c12281340fac96b635a2879cc065d7637a6592872	wsh	local	4fa59ffc191c59db064dad44f47534cf47ac08da6f35e1710935fd0f39477918	2264a8042763edf2620cfe32d96b096e1f3d26aa	5.9.2	2.55.0	1000	150	dirty	37	1.565	7.434	1	1	0	1	1788356342.246068	1788356342.408306	285136626	285136725
2026-09-02T13:34:42Z	8dc0b5fea25671d6745a556bffb740d3866e189c	352c096f011eb282f12e6d4c12281340fac96b635a2879cc065d7637a6592872	wsh	local	4fa59ffc191c59db064dad44f47534cf47ac08da6f35e1710935fd0f39477918	2264a8042763edf2620cfe32d96b096e1f3d26aa	5.9.2	2.55.0	1000	150	dirty	38	1.322	6.775	1	1	0	1	1788356342.740953	1788356342.900956	285136841	285137156
2026-09-02T13:34:42Z	8dc0b5fea25671d6745a556bffb740d3866e189c	352c096f011eb282f12e6d4c12281340fac96b635a2879cc065d7637a6592872	wsh	local	4fa59ffc191c59db064dad44f47534cf47ac08da6f35e1710935fd0f39477918	2264a8042763edf2620cfe32d96b096e1f3d26aa	5.9.2	2.55.0	1000	150	dirty	39	1.351	6.689	1	1	0	1	1788356343.232887	1788356343.394516	285137425	285137652
2026-09-02T13:34:42Z	8dc0b5fea25671d6745a556bffb740d3866e189c	352c096f011eb282f12e6d4c12281340fac96b635a2879cc065d7637a6592872	wsh	local	4fa59ffc191c59db064dad44f47534cf47ac08da6f35e1710935fd0f39477918	2264a8042763edf2620cfe32d96b096e1f3d26aa	5.9.2	2.55.0	1000	150	dirty	40	1.415	7.510	1	1	0	1	1788356343.726813	1788356343.887604	285137798	285137902
2026-09-02T13:34:42Z	8dc0b5fea25671d6745a556bffb740d3866e189c	352c096f011eb282f12e6d4c12281340fac96b635a2879cc065d7637a6592872	wsh	local	4fa59ffc191c59db064dad44f47534cf47ac08da6f35e1710935fd0f39477918	2264a8042763edf2620cfe32d96b096e1f3d26aa	5.9.2	2.55.0	1000	150	dirty	41	1.439	7.042	1	1	0	1	1788356344.219773	1788356344.379999	285138004	285138054
2026-09-02T13:34:42Z	8dc0b5fea25671d6745a556bffb740d3866e189c	352c096f011eb282f12e6d4c12281340fac96b635a2879cc065d7637a6592872	wsh	local	4fa59ffc191c59db064dad44f47534cf47ac08da6f35e1710935fd0f39477918	2264a8042763edf2620cfe32d96b096e1f3d26aa	5.9.2	2.55.0	1000	150	dirty	42	1.470	7.478	1	1	0	1	1788356344.713957	1788356344.875053	285138333	285138466
2026-09-02T13:34:42Z	8dc0b5fea25671d6745a556bffb740d3866e189c	352c096f011eb282f12e6d4c12281340fac96b635a2879cc065d7637a6592872	wsh	local	4fa59ffc191c59db064dad44f47534cf47ac08da6f35e1710935fd0f39477918	2264a8042763edf2620cfe32d96b096e1f3d26aa	5.9.2	2.55.0	1000	150	dirty	43	2.036	7.512	1	1	0	1	1788356345.211648	1788356345.372370	285138671	285138723
2026-09-02T13:34:42Z	8dc0b5fea25671d6745a556bffb740d3866e189c	352c096f011eb282f12e6d4c12281340fac96b635a2879cc065d7637a6592872	wsh	local	4fa59ffc191c59db064dad44f47534cf47ac08da6f35e1710935fd0f39477918	2264a8042763edf2620cfe32d96b096e1f3d26aa	5.9.2	2.55.0	1000	150	dirty	44	1.400	7.381	1	1	0	1	1788356345.706049	1788356345.866572	285138993	285139048
2026-09-02T13:34:42Z	8dc0b5fea25671d6745a556bffb740d3866e189c	352c096f011eb282f12e6d4c12281340fac96b635a2879cc065d7637a6592872	wsh	local	4fa59ffc191c59db064dad44f47534cf47ac08da6f35e1710935fd0f39477918	2264a8042763edf2620cfe32d96b096e1f3d26aa	5.9.2	2.55.0	1000	150	dirty	45	1.407	7.084	1	1	0	1	1788356346.200051	1788356346.360676	285139130	285139207
2026-09-02T13:34:42Z	8dc0b5fea25671d6745a556bffb740d3866e189c	352c096f011eb282f12e6d4c12281340fac96b635a2879cc065d7637a6592872	wsh	local	4fa59ffc191c59db064dad44f47534cf47ac08da6f35e1710935fd0f39477918	2264a8042763edf2620cfe32d96b096e1f3d26aa	5.9.2	2.55.0	1000	150	dirty	46	1.514	7.221	1	1	0	1	1788356346.693841	1788356346.854223	285139334	285139935
2026-09-02T13:34:42Z	8dc0b5fea25671d6745a556bffb740d3866e189c	352c096f011eb282f12e6d4c12281340fac96b635a2879cc065d7637a6592872	wsh	local	4fa59ffc191c59db064dad44f47534cf47ac08da6f35e1710935fd0f39477918	2264a8042763edf2620cfe32d96b096e1f3d26aa	5.9.2	2.55.0	1000	150	dirty	47	1.440	7.308	1	1	0	1	1788356347.190577	1788356347.350790	285140204	285140321
2026-09-02T13:34:42Z	8dc0b5fea25671d6745a556bffb740d3866e189c	352c096f011eb282f12e6d4c12281340fac96b635a2879cc065d7637a6592872	wsh	local	4fa59ffc191c59db064dad44f47534cf47ac08da6f35e1710935fd0f39477918	2264a8042763edf2620cfe32d96b096e1f3d26aa	5.9.2	2.55.0	1000	150	dirty	48	1.421	7.286	1	1	0	1	1788356347.686364	1788356347.847539	285140503	285140716
2026-09-02T13:34:42Z	8dc0b5fea25671d6745a556bffb740d3866e189c	352c096f011eb282f12e6d4c12281340fac96b635a2879cc065d7637a6592872	wsh	local	4fa59ffc191c59db064dad44f47534cf47ac08da6f35e1710935fd0f39477918	2264a8042763edf2620cfe32d96b096e1f3d26aa	5.9.2	2.55.0	1000	150	dirty	49	1.430	7.222	1	1	0	1	1788356348.185274	1788356348.346169	285141109	285141144
2026-09-02T13:34:42Z	8dc0b5fea25671d6745a556bffb740d3866e189c	352c096f011eb282f12e6d4c12281340fac96b635a2879cc065d7637a6592872	wsh	local	4fa59ffc191c59db064dad44f47534cf47ac08da6f35e1710935fd0f39477918	2264a8042763edf2620cfe32d96b096e1f3d26aa	5.9.2	2.55.0	1000	150	dirty	50	1.442	7.145	1	1	0	1	1788356348.679927	1788356348.840761	285141273	285141348
2026-09-02T13:34:42Z	8dc0b5fea25671d6745a556bffb740d3866e189c	352c096f011eb282f12e6d4c12281340fac96b635a2879cc065d7637a6592872	wsh	local	4fa59ffc191c59db064dad44f47534cf47ac08da6f35e1710935fd0f39477918	2264a8042763edf2620cfe32d96b096e1f3d26aa	5.9.2	2.55.0	1000	150	dirty	51	1.452	7.053	1	1	0	1	1788356349.176695	1788356349.336710	285141721	285141910
2026-09-02T13:34:42Z	8dc0b5fea25671d6745a556bffb740d3866e189c	352c096f011eb282f12e6d4c12281340fac96b635a2879cc065d7637a6592872	wsh	local	4fa59ffc191c59db064dad44f47534cf47ac08da6f35e1710935fd0f39477918	2264a8042763edf2620cfe32d96b096e1f3d26aa	5.9.2	2.55.0	1000	150	dirty	52	1.524	7.016	1	1	0	1	1788356349.672364	1788356349.832939	285142386	285142445
2026-09-02T13:34:42Z	8dc0b5fea25671d6745a556bffb740d3866e189c	352c096f011eb282f12e6d4c12281340fac96b635a2879cc065d7637a6592872	wsh	local	4fa59ffc191c59db064dad44f47534cf47ac08da6f35e1710935fd0f39477918	2264a8042763edf2620cfe32d96b096e1f3d26aa	5.9.2	2.55.0	1000	150	dirty	53	1.587	7.917	1	1	0	1	1788356350.166884	1788356350.328554	285142595	285142708
2026-09-02T13:34:42Z	8dc0b5fea25671d6745a556bffb740d3866e189c	352c096f011eb282f12e6d4c12281340fac96b635a2879cc065d7637a6592872	wsh	local	4fa59ffc191c59db064dad44f47534cf47ac08da6f35e1710935fd0f39477918	2264a8042763edf2620cfe32d96b096e1f3d26aa	5.9.2	2.55.0	1000	150	dirty	54	1.472	6.888	1	1	0	1	1788356350.663201	1788356350.826245	285142886	285143048
2026-09-02T13:34:42Z	8dc0b5fea25671d6745a556bffb740d3866e189c	352c096f011eb282f12e6d4c12281340fac96b635a2879cc065d7637a6592872	wsh	local	4fa59ffc191c59db064dad44f47534cf47ac08da6f35e1710935fd0f39477918	2264a8042763edf2620cfe32d96b096e1f3d26aa	5.9.2	2.55.0	1000	150	dirty	55	1.525	7.152	1	1	0	1	1788356351.161516	1788356351.322184	285143156	285143226
2026-09-02T13:34:42Z	8dc0b5fea25671d6745a556bffb740d3866e189c	352c096f011eb282f12e6d4c12281340fac96b635a2879cc065d7637a6592872	wsh	local	4fa59ffc191c59db064dad44f47534cf47ac08da6f35e1710935fd0f39477918	2264a8042763edf2620cfe32d96b096e1f3d26aa	5.9.2	2.55.0	1000	150	dirty	56	1.456	7.922	1	1	0	1	1788356351.656556	1788356351.818489	285143312	285143546
2026-09-02T13:34:42Z	8dc0b5fea25671d6745a556bffb740d3866e189c	352c096f011eb282f12e6d4c12281340fac96b635a2879cc065d7637a6592872	wsh	local	4fa59ffc191c59db064dad44f47534cf47ac08da6f35e1710935fd0f39477918	2264a8042763edf2620cfe32d96b096e1f3d26aa	5.9.2	2.55.0	1000	150	dirty	57	1.551	7.495	1	1	0	1	1788356352.156246	1788356352.318230	285144000	285144096
2026-09-02T13:34:42Z	8dc0b5fea25671d6745a556bffb740d3866e189c	352c096f011eb282f12e6d4c12281340fac96b635a2879cc065d7637a6592872	wsh	local	4fa59ffc191c59db064dad44f47534cf47ac08da6f35e1710935fd0f39477918	2264a8042763edf2620cfe32d96b096e1f3d26aa	5.9.2	2.55.0	1000	150	dirty	58	1.447	7.520	1	1	0	1	1788356352.652985	1788356352.813724	285144299	285144550
2026-09-02T13:34:42Z	8dc0b5fea25671d6745a556bffb740d3866e189c	352c096f011eb282f12e6d4c12281340fac96b635a2879cc065d7637a6592872	wsh	local	4fa59ffc191c59db064dad44f47534cf47ac08da6f35e1710935fd0f39477918	2264a8042763edf2620cfe32d96b096e1f3d26aa	5.9.2	2.55.0	1000	150	dirty	59	1.548	7.802	1	1	0	1	1788356353.148467	1788356353.310249	285144698	285144774
2026-09-02T13:34:42Z	8dc0b5fea25671d6745a556bffb740d3866e189c	352c096f011eb282f12e6d4c12281340fac96b635a2879cc065d7637a6592872	wsh	local	4fa59ffc191c59db064dad44f47534cf47ac08da6f35e1710935fd0f39477918	2264a8042763edf2620cfe32d96b096e1f3d26aa	5.9.2	2.55.0	1000	150	dirty	60	1.450	7.209	1	1	0	1	1788356353.644377	1788356353.805493	285144861	285144909
2026-09-02T13:34:42Z	8dc0b5fea25671d6745a556bffb740d3866e189c	352c096f011eb282f12e6d4c12281340fac96b635a2879cc065d7637a6592872	wsh	local	4fa59ffc191c59db064dad44f47534cf47ac08da6f35e1710935fd0f39477918	2264a8042763edf2620cfe32d96b096e1f3d26aa	5.9.2	2.55.0	1000	150	dirty	61	1.809	7.577	1	1	0	1	1788356354.140503	1788356354.301942	285145059	285145104
2026-09-02T13:34:42Z	8dc0b5fea25671d6745a556bffb740d3866e189c	352c096f011eb282f12e6d4c12281340fac96b635a2879cc065d7637a6592872	wsh	local	4fa59ffc191c59db064dad44f47534cf47ac08da6f35e1710935fd0f39477918	2264a8042763edf2620cfe32d96b096e1f3d26aa	5.9.2	2.55.0	1000	150	dirty	62	1.461	7.759	1	1	0	1	1788356354.636617	1788356354.798953	285145190	285145294
2026-09-02T13:34:42Z	8dc0b5fea25671d6745a556bffb740d3866e189c	352c096f011eb282f12e6d4c12281340fac96b635a2879cc065d7637a6592872	wsh	local	4fa59ffc191c59db064dad44f47534cf47ac08da6f35e1710935fd0f39477918	2264a8042763edf2620cfe32d96b096e1f3d26aa	5.9.2	2.55.0	1000	150	dirty	63	1.490	7.300	1	1	0	1	1788356355.135206	1788356355.296591	285145559	285145670
2026-09-02T13:34:42Z	8dc0b5fea25671d6745a556bffb740d3866e189c	352c096f011eb282f12e6d4c12281340fac96b635a2879cc065d7637a6592872	wsh	local	4fa59ffc191c59db064dad44f47534cf47ac08da6f35e1710935fd0f39477918	2264a8042763edf2620cfe32d96b096e1f3d26aa	5.9.2	2.55.0	1000	150	dirty	64	1.570	7.118	1	1	0	1	1788356355.631687	1788356355.792410	285145897	285146064
2026-09-02T13:34:42Z	8dc0b5fea25671d6745a556bffb740d3866e189c	352c096f011eb282f12e6d4c12281340fac96b635a2879cc065d7637a6592872	wsh	local	4fa59ffc191c59db064dad44f47534cf47ac08da6f35e1710935fd0f39477918	2264a8042763edf2620cfe32d96b096e1f3d26aa	5.9.2	2.55.0	1000	150	dirty	65	1.615	7.169	1	1	0	1	1788356356.128396	1788356356.290483	285146518	285146880
2026-09-02T13:34:42Z	8dc0b5fea25671d6745a556bffb740d3866e189c	352c096f011eb282f12e6d4c12281340fac96b635a2879cc065d7637a6592872	wsh	local	4fa59ffc191c59db064dad44f47534cf47ac08da6f35e1710935fd0f39477918	2264a8042763edf2620cfe32d96b096e1f3d26aa	5.9.2	2.55.0	1000	150	dirty	66	1.757	7.158	1	1	0	1	1788356356.626894	1788356356.789319	285147588	285147904
2026-09-02T13:34:42Z	8dc0b5fea25671d6745a556bffb740d3866e189c	352c096f011eb282f12e6d4c12281340fac96b635a2879cc065d7637a6592872	wsh	local	4fa59ffc191c59db064dad44f47534cf47ac08da6f35e1710935fd0f39477918	2264a8042763edf2620cfe32d96b096e1f3d26aa	5.9.2	2.55.0	1000	150	dirty	67	1.525	7.987	1	1	0	1	1788356357.126521	1788356357.289543	285148752	285148891
2026-09-02T13:34:42Z	8dc0b5fea25671d6745a556bffb740d3866e189c	352c096f011eb282f12e6d4c12281340fac96b635a2879cc065d7637a6592872	wsh	local	4fa59ffc191c59db064dad44f47534cf47ac08da6f35e1710935fd0f39477918	2264a8042763edf2620cfe32d96b096e1f3d26aa	5.9.2	2.55.0	1000	150	dirty	68	1.463	7.248	1	1	0	1	1788356357.623862	1788356357.785382	285149103	285149266
2026-09-02T13:34:42Z	8dc0b5fea25671d6745a556bffb740d3866e189c	352c096f011eb282f12e6d4c12281340fac96b635a2879cc065d7637a6592872	wsh	local	4fa59ffc191c59db064dad44f47534cf47ac08da6f35e1710935fd0f39477918	2264a8042763edf2620cfe32d96b096e1f3d26aa	5.9.2	2.55.0	1000	150	dirty	69	1.505	7.366	1	1	0	1	1788356358.121001	1788356358.282181	285149409	285149461
2026-09-02T13:34:42Z	8dc0b5fea25671d6745a556bffb740d3866e189c	352c096f011eb282f12e6d4c12281340fac96b635a2879cc065d7637a6592872	wsh	local	4fa59ffc191c59db064dad44f47534cf47ac08da6f35e1710935fd0f39477918	2264a8042763edf2620cfe32d96b096e1f3d26aa	5.9.2	2.55.0	1000	150	dirty	70	1.500	7.116	1	1	0	1	1788356358.617557	1788356358.779346	285149645	285149808
2026-09-02T13:34:42Z	8dc0b5fea25671d6745a556bffb740d3866e189c	352c096f011eb282f12e6d4c12281340fac96b635a2879cc065d7637a6592872	wsh	local	4fa59ffc191c59db064dad44f47534cf47ac08da6f35e1710935fd0f39477918	2264a8042763edf2620cfe32d96b096e1f3d26aa	5.9.2	2.55.0	1000	150	dirty	71	1.483	7.588	1	1	0	1	1788356359.115166	1788356359.276577	285150357	285151065
2026-09-02T13:34:42Z	8dc0b5fea25671d6745a556bffb740d3866e189c	352c096f011eb282f12e6d4c12281340fac96b635a2879cc065d7637a6592872	wsh	local	4fa59ffc191c59db064dad44f47534cf47ac08da6f35e1710935fd0f39477918	2264a8042763edf2620cfe32d96b096e1f3d26aa	5.9.2	2.55.0	1000	150	dirty	72	1.498	7.143	1	1	0	1	1788356359.611879	1788356359.772573	285151426	285151556
2026-09-02T13:34:42Z	8dc0b5fea25671d6745a556bffb740d3866e189c	352c096f011eb282f12e6d4c12281340fac96b635a2879cc065d7637a6592872	wsh	local	4fa59ffc191c59db064dad44f47534cf47ac08da6f35e1710935fd0f39477918	2264a8042763edf2620cfe32d96b096e1f3d26aa	5.9.2	2.55.0	1000	150	dirty	73	1.521	7.370	1	1	0	1	1788356360.109572	1788356360.271887	285151859	285152079
2026-09-02T13:34:42Z	8dc0b5fea25671d6745a556bffb740d3866e189c	352c096f011eb282f12e6d4c12281340fac96b635a2879cc065d7637a6592872	wsh	local	4fa59ffc191c59db064dad44f47534cf47ac08da6f35e1710935fd0f39477918	2264a8042763edf2620cfe32d96b096e1f3d26aa	5.9.2	2.55.0	1000	150	dirty	74	1.633	7.537	1	1	0	1	1788356360.610648	1788356360.772949	285152435	285152547
2026-09-02T13:34:42Z	8dc0b5fea25671d6745a556bffb740d3866e189c	352c096f011eb282f12e6d4c12281340fac96b635a2879cc065d7637a6592872	wsh	local	4fa59ffc191c59db064dad44f47534cf47ac08da6f35e1710935fd0f39477918	2264a8042763edf2620cfe32d96b096e1f3d26aa	5.9.2	2.55.0	1000	150	dirty	75	2.126	8.404	1	1	0	1	1788356361.116498	1788356361.279986	285153093	285153358
2026-09-02T13:34:42Z	8dc0b5fea25671d6745a556bffb740d3866e189c	352c096f011eb282f12e6d4c12281340fac96b635a2879cc065d7637a6592872	wsh	local	4fa59ffc191c59db064dad44f47534cf47ac08da6f35e1710935fd0f39477918	2264a8042763edf2620cfe32d96b096e1f3d26aa	5.9.2	2.55.0	1000	150	dirty	76	1.814	7.392	1	1	0	1	1788356361.627658	1788356361.793064	285153696	285153842
2026-09-02T13:34:42Z	8dc0b5fea25671d6745a556bffb740d3866e189c	352c096f011eb282f12e6d4c12281340fac96b635a2879cc065d7637a6592872	wsh	local	4fa59ffc191c59db064dad44f47534cf47ac08da6f35e1710935fd0f39477918	2264a8042763edf2620cfe32d96b096e1f3d26aa	5.9.2	2.55.0	1000	150	dirty	77	2.143	7.477	1	1	0	1	1788356362.137883	1788356362.304158	285154283	285154359
2026-09-02T13:34:42Z	8dc0b5fea25671d6745a556bffb740d3866e189c	352c096f011eb282f12e6d4c12281340fac96b635a2879cc065d7637a6592872	wsh	local	4fa59ffc191c59db064dad44f47534cf47ac08da6f35e1710935fd0f39477918	2264a8042763edf2620cfe32d96b096e1f3d26aa	5.9.2	2.55.0	1000	150	dirty	78	1.778	8.181	1	1	0	1	1788356362.654528	1788356362.820334	285154485	285154578
2026-09-02T13:34:42Z	8dc0b5fea25671d6745a556bffb740d3866e189c	352c096f011eb282f12e6d4c12281340fac96b635a2879cc065d7637a6592872	wsh	local	4fa59ffc191c59db064dad44f47534cf47ac08da6f35e1710935fd0f39477918	2264a8042763edf2620cfe32d96b096e1f3d26aa	5.9.2	2.55.0	1000	150	dirty	79	1.583	7.443	1	1	0	1	1788356363.163366	1788356363.324937	285154678	285154736
2026-09-02T13:34:42Z	8dc0b5fea25671d6745a556bffb740d3866e189c	352c096f011eb282f12e6d4c12281340fac96b635a2879cc065d7637a6592872	wsh	local	4fa59ffc191c59db064dad44f47534cf47ac08da6f35e1710935fd0f39477918	2264a8042763edf2620cfe32d96b096e1f3d26aa	5.9.2	2.55.0	1000	150	dirty	80	1.503	7.271	1	1	0	1	1788356363.661024	1788356363.822076	285154931	285155080
2026-09-02T13:34:42Z	8dc0b5fea25671d6745a556bffb740d3866e189c	352c096f011eb282f12e6d4c12281340fac96b635a2879cc065d7637a6592872	wsh	local	4fa59ffc191c59db064dad44f47534cf47ac08da6f35e1710935fd0f39477918	2264a8042763edf2620cfe32d96b096e1f3d26aa	5.9.2	2.55.0	1000	150	dirty	81	1.670	7.342	1	1	0	1	1788356364.164594	1788356364.325693	285155362	285155409
2026-09-02T13:34:42Z	8dc0b5fea25671d6745a556bffb740d3866e189c	352c096f011eb282f12e6d4c12281340fac96b635a2879cc065d7637a6592872	wsh	local	4fa59ffc191c59db064dad44f47534cf47ac08da6f35e1710935fd0f39477918	2264a8042763edf2620cfe32d96b096e1f3d26aa	5.9.2	2.55.0	1000	150	dirty	82	1.615	7.753	1	1	0	1	1788356364.661475	1788356364.823880	285155457	285155522
2026-09-02T13:34:42Z	8dc0b5fea25671d6745a556bffb740d3866e189c	352c096f011eb282f12e6d4c12281340fac96b635a2879cc065d7637a6592872	wsh	local	4fa59ffc191c59db064dad44f47534cf47ac08da6f35e1710935fd0f39477918	2264a8042763edf2620cfe32d96b096e1f3d26aa	5.9.2	2.55.0	1000	150	dirty	83	1.777	7.496	1	1	0	1	1788356365.162106	1788356365.323717	285155830	285155858
2026-09-02T13:34:42Z	8dc0b5fea25671d6745a556bffb740d3866e189c	352c096f011eb282f12e6d4c12281340fac96b635a2879cc065d7637a6592872	wsh	local	4fa59ffc191c59db064dad44f47534cf47ac08da6f35e1710935fd0f39477918	2264a8042763edf2620cfe32d96b096e1f3d26aa	5.9.2	2.55.0	1000	150	dirty	84	2.146	7.398	1	1	0	1	1788356365.662786	1788356365.829077	285155992	285156031
2026-09-02T13:34:42Z	8dc0b5fea25671d6745a556bffb740d3866e189c	352c096f011eb282f12e6d4c12281340fac96b635a2879cc065d7637a6592872	wsh	local	4fa59ffc191c59db064dad44f47534cf47ac08da6f35e1710935fd0f39477918	2264a8042763edf2620cfe32d96b096e1f3d26aa	5.9.2	2.55.0	1000	150	dirty	85	1.587	7.380	1	1	0	1	1788356366.168111	1788356366.329336	285156538	285156679
2026-09-02T13:34:42Z	8dc0b5fea25671d6745a556bffb740d3866e189c	352c096f011eb282f12e6d4c12281340fac96b635a2879cc065d7637a6592872	wsh	local	4fa59ffc191c59db064dad44f47534cf47ac08da6f35e1710935fd0f39477918	2264a8042763edf2620cfe32d96b096e1f3d26aa	5.9.2	2.55.0	1000	150	dirty	86	1.582	7.672	1	1	0	1	1788356366.664787	1788356366.826591	285156736	285156786
2026-09-02T13:34:42Z	8dc0b5fea25671d6745a556bffb740d3866e189c	352c096f011eb282f12e6d4c12281340fac96b635a2879cc065d7637a6592872	wsh	local	4fa59ffc191c59db064dad44f47534cf47ac08da6f35e1710935fd0f39477918	2264a8042763edf2620cfe32d96b096e1f3d26aa	5.9.2	2.55.0	1000	150	dirty	87	1.552	7.232	1	1	0	1	1788356367.162431	1788356367.323813	285156886	285156921
2026-09-02T13:34:42Z	8dc0b5fea25671d6745a556bffb740d3866e189c	352c096f011eb282f12e6d4c12281340fac96b635a2879cc065d7637a6592872	wsh	local	4fa59ffc191c59db064dad44f47534cf47ac08da6f35e1710935fd0f39477918	2264a8042763edf2620cfe32d96b096e1f3d26aa	5.9.2	2.55.0	1000	150	dirty	88	1.509	7.051	1	1	0	1	1788356367.660296	1788356367.821526	285156988	285157022
2026-09-02T13:34:42Z	8dc0b5fea25671d6745a556bffb740d3866e189c	352c096f011eb282f12e6d4c12281340fac96b635a2879cc065d7637a6592872	wsh	local	4fa59ffc191c59db064dad44f47534cf47ac08da6f35e1710935fd0f39477918	2264a8042763edf2620cfe32d96b096e1f3d26aa	5.9.2	2.55.0	1000	150	dirty	89	1.648	7.557	1	1	0	1	1788356368.159037	1788356368.321417	285157130	285157185
2026-09-02T13:34:42Z	8dc0b5fea25671d6745a556bffb740d3866e189c	352c096f011eb282f12e6d4c12281340fac96b635a2879cc065d7637a6592872	wsh	local	4fa59ffc191c59db064dad44f47534cf47ac08da6f35e1710935fd0f39477918	2264a8042763edf2620cfe32d96b096e1f3d26aa	5.9.2	2.55.0	1000	150	dirty	90	1.529	7.070	1	1	0	1	1788356368.657390	1788356368.818617	285157237	285157281
2026-09-02T13:34:42Z	8dc0b5fea25671d6745a556bffb740d3866e189c	352c096f011eb282f12e6d4c12281340fac96b635a2879cc065d7637a6592872	wsh	local	4fa59ffc191c59db064dad44f47534cf47ac08da6f35e1710935fd0f39477918	2264a8042763edf2620cfe32d96b096e1f3d26aa	5.9.2	2.55.0	1000	150	dirty	91	1.540	7.154	1	1	0	1	1788356369.154770	1788356369.315998	285157368	285157401
2026-09-02T13:34:42Z	8dc0b5fea25671d6745a556bffb740d3866e189c	352c096f011eb282f12e6d4c12281340fac96b635a2879cc065d7637a6592872	wsh	local	4fa59ffc191c59db064dad44f47534cf47ac08da6f35e1710935fd0f39477918	2264a8042763edf2620cfe32d96b096e1f3d26aa	5.9.2	2.55.0	1000	150	dirty	92	1.781	8.172	1	1	0	1	1788356369.651442	1788356369.814827	285157593	285157776
2026-09-02T13:34:42Z	8dc0b5fea25671d6745a556bffb740d3866e189c	352c096f011eb282f12e6d4c12281340fac96b635a2879cc065d7637a6592872	wsh	local	4fa59ffc191c59db064dad44f47534cf47ac08da6f35e1710935fd0f39477918	2264a8042763edf2620cfe32d96b096e1f3d26aa	5.9.2	2.55.0	1000	150	dirty	93	2.219	8.082	1	1	0	1	1788356370.157488	1788356370.320120	285158082	285158243
2026-09-02T13:34:42Z	8dc0b5fea25671d6745a556bffb740d3866e189c	352c096f011eb282f12e6d4c12281340fac96b635a2879cc065d7637a6592872	wsh	local	4fa59ffc191c59db064dad44f47534cf47ac08da6f35e1710935fd0f39477918	2264a8042763edf2620cfe32d96b096e1f3d26aa	5.9.2	2.55.0	1000	150	dirty	94	1.554	7.725	1	1	0	1	1788356370.656753	1788356370.819293	285158903	285159045
2026-09-02T13:34:42Z	8dc0b5fea25671d6745a556bffb740d3866e189c	352c096f011eb282f12e6d4c12281340fac96b635a2879cc065d7637a6592872	wsh	local	4fa59ffc191c59db064dad44f47534cf47ac08da6f35e1710935fd0f39477918	2264a8042763edf2620cfe32d96b096e1f3d26aa	5.9.2	2.55.0	1000	150	dirty	95	1.809	7.917	1	1	0	1	1788356371.157356	1788356371.320673	285159262	285159309
2026-09-02T13:34:42Z	8dc0b5fea25671d6745a556bffb740d3866e189c	352c096f011eb282f12e6d4c12281340fac96b635a2879cc065d7637a6592872	wsh	local	4fa59ffc191c59db064dad44f47534cf47ac08da6f35e1710935fd0f39477918	2264a8042763edf2620cfe32d96b096e1f3d26aa	5.9.2	2.55.0	1000	150	dirty	96	1.560	7.946	1	1	0	1	1788356371.657899	1788356371.820427	285159412	285159481
2026-09-02T13:34:42Z	8dc0b5fea25671d6745a556bffb740d3866e189c	352c096f011eb282f12e6d4c12281340fac96b635a2879cc065d7637a6592872	wsh	local	4fa59ffc191c59db064dad44f47534cf47ac08da6f35e1710935fd0f39477918	2264a8042763edf2620cfe32d96b096e1f3d26aa	5.9.2	2.55.0	1000	150	dirty	97	2.203	8.309	1	1	0	1	1788356372.167774	1788356372.334528	285159689	285160421
2026-09-02T13:34:42Z	8dc0b5fea25671d6745a556bffb740d3866e189c	352c096f011eb282f12e6d4c12281340fac96b635a2879cc065d7637a6592872	wsh	local	4fa59ffc191c59db064dad44f47534cf47ac08da6f35e1710935fd0f39477918	2264a8042763edf2620cfe32d96b096e1f3d26aa	5.9.2	2.55.0	1000	150	dirty	98	1.599	8.061	1	1	0	1	1788356372.675823	1788356372.838645	285160826	285161112
2026-09-02T13:34:42Z	8dc0b5fea25671d6745a556bffb740d3866e189c	352c096f011eb282f12e6d4c12281340fac96b635a2879cc065d7637a6592872	wsh	local	4fa59ffc191c59db064dad44f47534cf47ac08da6f35e1710935fd0f39477918	2264a8042763edf2620cfe32d96b096e1f3d26aa	5.9.2	2.55.0	1000	150	dirty	99	1.529	7.680	1	1	0	1	1788356373.180417	1788356373.342491	285161369	285161417
2026-09-02T13:34:42Z	8dc0b5fea25671d6745a556bffb740d3866e189c	352c096f011eb282f12e6d4c12281340fac96b635a2879cc065d7637a6592872	wsh	local	4fa59ffc191c59db064dad44f47534cf47ac08da6f35e1710935fd0f39477918	2264a8042763edf2620cfe32d96b096e1f3d26aa	5.9.2	2.55.0	1000	150	dirty	100	1.647	7.994	1	1	0	1	1788356373.679950	1788356373.843050	285161730	285161952
2026-09-02T13:34:42Z	8dc0b5fea25671d6745a556bffb740d3866e189c	352c096f011eb282f12e6d4c12281340fac96b635a2879cc065d7637a6592872	wsh	local	4fa59ffc191c59db064dad44f47534cf47ac08da6f35e1710935fd0f39477918	2264a8042763edf2620cfe32d96b096e1f3d26aa	5.9.2	2.55.0	1000	150	untracked	1	1.550	7.704	1	1	0	1	1788356374.205332	1788356374.367381	285162098	285162196
2026-09-02T13:34:42Z	8dc0b5fea25671d6745a556bffb740d3866e189c	352c096f011eb282f12e6d4c12281340fac96b635a2879cc065d7637a6592872	wsh	local	4fa59ffc191c59db064dad44f47534cf47ac08da6f35e1710935fd0f39477918	2264a8042763edf2620cfe32d96b096e1f3d26aa	5.9.2	2.55.0	1000	150	untracked	2	1.549	7.602	1	1	0	1	1788356374.706674	1788356374.872714	285162299	285162563
2026-09-02T13:34:42Z	8dc0b5fea25671d6745a556bffb740d3866e189c	352c096f011eb282f12e6d4c12281340fac96b635a2879cc065d7637a6592872	wsh	local	4fa59ffc191c59db064dad44f47534cf47ac08da6f35e1710935fd0f39477918	2264a8042763edf2620cfe32d96b096e1f3d26aa	5.9.2	2.55.0	1000	150	untracked	3	1.689	7.830	1	1	0	1	1788356375.215367	1788356375.377763	285162741	285162836
2026-09-02T13:34:42Z	8dc0b5fea25671d6745a556bffb740d3866e189c	352c096f011eb282f12e6d4c12281340fac96b635a2879cc065d7637a6592872	wsh	local	4fa59ffc191c59db064dad44f47534cf47ac08da6f35e1710935fd0f39477918	2264a8042763edf2620cfe32d96b096e1f3d26aa	5.9.2	2.55.0	1000	150	untracked	4	1.570	7.978	1	1	0	1	1788356375.717418	1788356375.879689	285163409	285163526
2026-09-02T13:34:42Z	8dc0b5fea25671d6745a556bffb740d3866e189c	352c096f011eb282f12e6d4c12281340fac96b635a2879cc065d7637a6592872	wsh	local	4fa59ffc191c59db064dad44f47534cf47ac08da6f35e1710935fd0f39477918	2264a8042763edf2620cfe32d96b096e1f3d26aa	5.9.2	2.55.0	1000	150	untracked	5	1.570	7.381	1	1	0	1	1788356376.218469	1788356376.380433	285163591	285163626
2026-09-02T13:34:42Z	8dc0b5fea25671d6745a556bffb740d3866e189c	352c096f011eb282f12e6d4c12281340fac96b635a2879cc065d7637a6592872	wsh	local	4fa59ffc191c59db064dad44f47534cf47ac08da6f35e1710935fd0f39477918	2264a8042763edf2620cfe32d96b096e1f3d26aa	5.9.2	2.55.0	1000	150	untracked	6	1.616	7.548	1	1	0	1	1788356376.720293	1788356376.883901	285163719	285163813
2026-09-02T13:34:42Z	8dc0b5fea25671d6745a556bffb740d3866e189c	352c096f011eb282f12e6d4c12281340fac96b635a2879cc065d7637a6592872	wsh	local	4fa59ffc191c59db064dad44f47534cf47ac08da6f35e1710935fd0f39477918	2264a8042763edf2620cfe32d96b096e1f3d26aa	5.9.2	2.55.0	1000	150	untracked	7	1.555	7.283	1	1	0	1	1788356377.222693	1788356377.384856	285164101	285164142
2026-09-02T13:34:42Z	8dc0b5fea25671d6745a556bffb740d3866e189c	352c096f011eb282f12e6d4c12281340fac96b635a2879cc065d7637a6592872	wsh	local	4fa59ffc191c59db064dad44f47534cf47ac08da6f35e1710935fd0f39477918	2264a8042763edf2620cfe32d96b096e1f3d26aa	5.9.2	2.55.0	1000	150	untracked	8	1.518	7.616	1	1	0	1	1788356377.730629	1788356377.894632	285164340	285164811
2026-09-02T13:34:42Z	8dc0b5fea25671d6745a556bffb740d3866e189c	352c096f011eb282f12e6d4c12281340fac96b635a2879cc065d7637a6592872	wsh	local	4fa59ffc191c59db064dad44f47534cf47ac08da6f35e1710935fd0f39477918	2264a8042763edf2620cfe32d96b096e1f3d26aa	5.9.2	2.55.0	1000	150	untracked	9	1.599	7.620	1	1	0	1	1788356378.242100	1788356378.404963	285164918	285164986
2026-09-02T13:34:42Z	8dc0b5fea25671d6745a556bffb740d3866e189c	352c096f011eb282f12e6d4c12281340fac96b635a2879cc065d7637a6592872	wsh	local	4fa59ffc191c59db064dad44f47534cf47ac08da6f35e1710935fd0f39477918	2264a8042763edf2620cfe32d96b096e1f3d26aa	5.9.2	2.55.0	1000	150	untracked	10	1.591	7.471	1	1	0	1	1788356378.746213	1788356378.908012	285165076	285165291
2026-09-02T13:34:42Z	8dc0b5fea25671d6745a556bffb740d3866e189c	352c096f011eb282f12e6d4c12281340fac96b635a2879cc065d7637a6592872	wsh	local	4fa59ffc191c59db064dad44f47534cf47ac08da6f35e1710935fd0f39477918	2264a8042763edf2620cfe32d96b096e1f3d26aa	5.9.2	2.55.0	1000	150	untracked	11	1.638	7.828	1	1	0	1	1788356379.248757	1788356379.411593	285165408	285165472
2026-09-02T13:34:42Z	8dc0b5fea25671d6745a556bffb740d3866e189c	352c096f011eb282f12e6d4c12281340fac96b635a2879cc065d7637a6592872	wsh	local	4fa59ffc191c59db064dad44f47534cf47ac08da6f35e1710935fd0f39477918	2264a8042763edf2620cfe32d96b096e1f3d26aa	5.9.2	2.55.0	1000	150	untracked	12	1.571	7.985	1	1	0	1	1788356379.750836	1788356379.913720	285165555	285165832
2026-09-02T13:34:42Z	8dc0b5fea25671d6745a556bffb740d3866e189c	352c096f011eb282f12e6d4c12281340fac96b635a2879cc065d7637a6592872	wsh	local	4fa59ffc191c59db064dad44f47534cf47ac08da6f35e1710935fd0f39477918	2264a8042763edf2620cfe32d96b096e1f3d26aa	5.9.2	2.55.0	1000	150	untracked	13	1.687	7.405	1	1	0	1	1788356380.254519	1788356380.416746	285166103	285166207
2026-09-02T13:34:42Z	8dc0b5fea25671d6745a556bffb740d3866e189c	352c096f011eb282f12e6d4c12281340fac96b635a2879cc065d7637a6592872	wsh	local	4fa59ffc191c59db064dad44f47534cf47ac08da6f35e1710935fd0f39477918	2264a8042763edf2620cfe32d96b096e1f3d26aa	5.9.2	2.55.0	1000	150	untracked	14	1.900	7.588	1	1	0	1	1788356380.755853	1788356380.921542	285166510	285166756
2026-09-02T13:34:42Z	8dc0b5fea25671d6745a556bffb740d3866e189c	352c096f011eb282f12e6d4c12281340fac96b635a2879cc065d7637a6592872	wsh	local	4fa59ffc191c59db064dad44f47534cf47ac08da6f35e1710935fd0f39477918	2264a8042763edf2620cfe32d96b096e1f3d26aa	5.9.2	2.55.0	1000	150	untracked	15	1.899	7.520	1	1	0	1	1788356381.267070	1788356381.429432	285167089	285167106
2026-09-02T13:34:42Z	8dc0b5fea25671d6745a556bffb740d3866e189c	352c096f011eb282f12e6d4c12281340fac96b635a2879cc065d7637a6592872	wsh	local	4fa59ffc191c59db064dad44f47534cf47ac08da6f35e1710935fd0f39477918	2264a8042763edf2620cfe32d96b096e1f3d26aa	5.9.2	2.55.0	1000	150	untracked	16	1.571	7.741	1	1	0	1	1788356381.769573	1788356381.932116	285167287	285167614
2026-09-02T13:34:42Z	8dc0b5fea25671d6745a556bffb740d3866e189c	352c096f011eb282f12e6d4c12281340fac96b635a2879cc065d7637a6592872	wsh	local	4fa59ffc191c59db064dad44f47534cf47ac08da6f35e1710935fd0f39477918	2264a8042763edf2620cfe32d96b096e1f3d26aa	5.9.2	2.55.0	1000	150	untracked	17	2.015	7.756	1	1	0	1	1788356382.275733	1788356382.443423	285168037	285168195
2026-09-02T13:34:42Z	8dc0b5fea25671d6745a556bffb740d3866e189c	352c096f011eb282f12e6d4c12281340fac96b635a2879cc065d7637a6592872	wsh	local	4fa59ffc191c59db064dad44f47534cf47ac08da6f35e1710935fd0f39477918	2264a8042763edf2620cfe32d96b096e1f3d26aa	5.9.2	2.55.0	1000	150	untracked	18	1.622	7.379	1	1	0	1	1788356382.787277	1788356382.948989	285168410	285168651
2026-09-02T13:34:42Z	8dc0b5fea25671d6745a556bffb740d3866e189c	352c096f011eb282f12e6d4c12281340fac96b635a2879cc065d7637a6592872	wsh	local	4fa59ffc191c59db064dad44f47534cf47ac08da6f35e1710935fd0f39477918	2264a8042763edf2620cfe32d96b096e1f3d26aa	5.9.2	2.55.0	1000	150	untracked	19	1.672	7.766	1	1	0	1	1788356383.288294	1788356383.452861	285168868	285168943
2026-09-02T13:34:42Z	8dc0b5fea25671d6745a556bffb740d3866e189c	352c096f011eb282f12e6d4c12281340fac96b635a2879cc065d7637a6592872	wsh	local	4fa59ffc191c59db064dad44f47534cf47ac08da6f35e1710935fd0f39477918	2264a8042763edf2620cfe32d96b096e1f3d26aa	5.9.2	2.55.0	1000	150	untracked	20	1.575	7.180	1	1	0	1	1788356383.791607	1788356383.954215	285169061	285169186
2026-09-02T13:34:42Z	8dc0b5fea25671d6745a556bffb740d3866e189c	352c096f011eb282f12e6d4c12281340fac96b635a2879cc065d7637a6592872	wsh	local	4fa59ffc191c59db064dad44f47534cf47ac08da6f35e1710935fd0f39477918	2264a8042763edf2620cfe32d96b096e1f3d26aa	5.9.2	2.55.0	1000	150	untracked	21	1.571	7.408	1	1	0	1	1788356384.293952	1788356384.458123	285169260	285169335
2026-09-02T13:34:42Z	8dc0b5fea25671d6745a556bffb740d3866e189c	352c096f011eb282f12e6d4c12281340fac96b635a2879cc065d7637a6592872	wsh	local	4fa59ffc191c59db064dad44f47534cf47ac08da6f35e1710935fd0f39477918	2264a8042763edf2620cfe32d96b096e1f3d26aa	5.9.2	2.55.0	1000	150	untracked	22	1.680	7.941	1	1	0	1	1788356384.798277	1788356384.961012	285169500	285169529
2026-09-02T13:34:42Z	8dc0b5fea25671d6745a556bffb740d3866e189c	352c096f011eb282f12e6d4c12281340fac96b635a2879cc065d7637a6592872	wsh	local	4fa59ffc191c59db064dad44f47534cf47ac08da6f35e1710935fd0f39477918	2264a8042763edf2620cfe32d96b096e1f3d26aa	5.9.2	2.55.0	1000	150	untracked	23	1.608	7.501	1	1	0	1	1788356385.300118	1788356385.463581	285169901	285170425
2026-09-02T13:34:42Z	8dc0b5fea25671d6745a556bffb740d3866e189c	352c096f011eb282f12e6d4c12281340fac96b635a2879cc065d7637a6592872	wsh	local	4fa59ffc191c59db064dad44f47534cf47ac08da6f35e1710935fd0f39477918	2264a8042763edf2620cfe32d96b096e1f3d26aa	5.9.2	2.55.0	1000	150	untracked	24	1.608	7.748	1	1	0	1	1788356385.803108	1788356385.966067	285170768	285170811
2026-09-02T13:34:42Z	8dc0b5fea25671d6745a556bffb740d3866e189c	352c096f011eb282f12e6d4c12281340fac96b635a2879cc065d7637a6592872	wsh	local	4fa59ffc191c59db064dad44f47534cf47ac08da6f35e1710935fd0f39477918	2264a8042763edf2620cfe32d96b096e1f3d26aa	5.9.2	2.55.0	1000	150	untracked	25	1.559	7.558	1	1	0	1	1788356386.301480	1788356386.468064	285171090	285171130
2026-09-02T13:34:42Z	8dc0b5fea25671d6745a556bffb740d3866e189c	352c096f011eb282f12e6d4c12281340fac96b635a2879cc065d7637a6592872	wsh	local	4fa59ffc191c59db064dad44f47534cf47ac08da6f35e1710935fd0f39477918	2264a8042763edf2620cfe32d96b096e1f3d26aa	5.9.2	2.55.0	1000	150	untracked	26	1.632	7.668	1	1	0	1	1788356386.815459	1788356386.978837	285171403	285171474
2026-09-02T13:34:42Z	8dc0b5fea25671d6745a556bffb740d3866e189c	352c096f011eb282f12e6d4c12281340fac96b635a2879cc065d7637a6592872	wsh	local	4fa59ffc191c59db064dad44f47534cf47ac08da6f35e1710935fd0f39477918	2264a8042763edf2620cfe32d96b096e1f3d26aa	5.9.2	2.55.0	1000	150	untracked	27	1.690	7.084	1	1	0	1	1788356387.317816	1788356387.480614	285171661	285171686
2026-09-02T13:34:42Z	8dc0b5fea25671d6745a556bffb740d3866e189c	352c096f011eb282f12e6d4c12281340fac96b635a2879cc065d7637a6592872	wsh	local	4fa59ffc191c59db064dad44f47534cf47ac08da6f35e1710935fd0f39477918	2264a8042763edf2620cfe32d96b096e1f3d26aa	5.9.2	2.55.0	1000	150	untracked	28	1.617	7.825	1	1	0	1	1788356387.822961	1788356387.985983	285171796	285171870
2026-09-02T13:34:42Z	8dc0b5fea25671d6745a556bffb740d3866e189c	352c096f011eb282f12e6d4c12281340fac96b635a2879cc065d7637a6592872	wsh	local	4fa59ffc191c59db064dad44f47534cf47ac08da6f35e1710935fd0f39477918	2264a8042763edf2620cfe32d96b096e1f3d26aa	5.9.2	2.55.0	1000	150	untracked	29	1.671	7.138	1	1	0	1	1788356388.326885	1788356388.489744	285171964	285171984
2026-09-02T13:34:42Z	8dc0b5fea25671d6745a556bffb740d3866e189c	352c096f011eb282f12e6d4c12281340fac96b635a2879cc065d7637a6592872	wsh	local	4fa59ffc191c59db064dad44f47534cf47ac08da6f35e1710935fd0f39477918	2264a8042763edf2620cfe32d96b096e1f3d26aa	5.9.2	2.55.0	1000	150	untracked	30	1.735	7.367	1	1	0	1	1788356388.829572	1788356388.992010	285172094	285172128
2026-09-02T13:34:42Z	8dc0b5fea25671d6745a556bffb740d3866e189c	352c096f011eb282f12e6d4c12281340fac96b635a2879cc065d7637a6592872	wsh	local	4fa59ffc191c59db064dad44f47534cf47ac08da6f35e1710935fd0f39477918	2264a8042763edf2620cfe32d96b096e1f3d26aa	5.9.2	2.55.0	1000	150	untracked	31	1.658	8.080	1	1	0	1	1788356389.333479	1788356389.499504	285172215	285172319
2026-09-02T13:34:42Z	8dc0b5fea25671d6745a556bffb740d3866e189c	352c096f011eb282f12e6d4c12281340fac96b635a2879cc065d7637a6592872	wsh	local	4fa59ffc191c59db064dad44f47534cf47ac08da6f35e1710935fd0f39477918	2264a8042763edf2620cfe32d96b096e1f3d26aa	5.9.2	2.55.0	1000	150	untracked	32	1.697	7.702	1	1	0	1	1788356389.840670	1788356390.003868	285172463	285172577
2026-09-02T13:34:42Z	8dc0b5fea25671d6745a556bffb740d3866e189c	352c096f011eb282f12e6d4c12281340fac96b635a2879cc065d7637a6592872	wsh	local	4fa59ffc191c59db064dad44f47534cf47ac08da6f35e1710935fd0f39477918	2264a8042763edf2620cfe32d96b096e1f3d26aa	5.9.2	2.55.0	1000	150	untracked	33	1.678	7.778	1	1	0	1	1788356390.344222	1788356390.506933	285172679	285172692
2026-09-02T13:34:42Z	8dc0b5fea25671d6745a556bffb740d3866e189c	352c096f011eb282f12e6d4c12281340fac96b635a2879cc065d7637a6592872	wsh	local	4fa59ffc191c59db064dad44f47534cf47ac08da6f35e1710935fd0f39477918	2264a8042763edf2620cfe32d96b096e1f3d26aa	5.9.2	2.55.0	1000	150	untracked	34	1.612	7.219	1	1	0	1	1788356390.846701	1788356391.008571	285172986	285173053
2026-09-02T13:34:42Z	8dc0b5fea25671d6745a556bffb740d3866e189c	352c096f011eb282f12e6d4c12281340fac96b635a2879cc065d7637a6592872	wsh	local	4fa59ffc191c59db064dad44f47534cf47ac08da6f35e1710935fd0f39477918	2264a8042763edf2620cfe32d96b096e1f3d26aa	5.9.2	2.55.0	1000	150	untracked	35	1.639	7.076	1	1	0	1	1788356391.348900	1788356391.511351	285173334	285173432
2026-09-02T13:34:42Z	8dc0b5fea25671d6745a556bffb740d3866e189c	352c096f011eb282f12e6d4c12281340fac96b635a2879cc065d7637a6592872	wsh	local	4fa59ffc191c59db064dad44f47534cf47ac08da6f35e1710935fd0f39477918	2264a8042763edf2620cfe32d96b096e1f3d26aa	5.9.2	2.55.0	1000	150	untracked	36	1.687	7.577	1	1	0	1	1788356391.852589	1788356392.016269	285173760	285173806
2026-09-02T13:34:42Z	8dc0b5fea25671d6745a556bffb740d3866e189c	352c096f011eb282f12e6d4c12281340fac96b635a2879cc065d7637a6592872	wsh	local	4fa59ffc191c59db064dad44f47534cf47ac08da6f35e1710935fd0f39477918	2264a8042763edf2620cfe32d96b096e1f3d26aa	5.9.2	2.55.0	1000	150	untracked	37	1.654	7.546	1	1	0	1	1788356392.355641	1788356392.518433	285173853	285173866
2026-09-02T13:34:42Z	8dc0b5fea25671d6745a556bffb740d3866e189c	352c096f011eb282f12e6d4c12281340fac96b635a2879cc065d7637a6592872	wsh	local	4fa59ffc191c59db064dad44f47534cf47ac08da6f35e1710935fd0f39477918	2264a8042763edf2620cfe32d96b096e1f3d26aa	5.9.2	2.55.0	1000	150	untracked	38	2.043	7.462	1	1	0	1	1788356392.858349	1788356393.021546	285174135	285174520
2026-09-02T13:34:42Z	8dc0b5fea25671d6745a556bffb740d3866e189c	352c096f011eb282f12e6d4c12281340fac96b635a2879cc065d7637a6592872	wsh	local	4fa59ffc191c59db064dad44f47534cf47ac08da6f35e1710935fd0f39477918	2264a8042763edf2620cfe32d96b096e1f3d26aa	5.9.2	2.55.0	1000	150	untracked	39	1.651	7.900	1	1	0	1	1788356393.363315	1788356393.526207	285174602	285174619
2026-09-02T13:34:42Z	8dc0b5fea25671d6745a556bffb740d3866e189c	352c096f011eb282f12e6d4c12281340fac96b635a2879cc065d7637a6592872	wsh	local	4fa59ffc191c59db064dad44f47534cf47ac08da6f35e1710935fd0f39477918	2264a8042763edf2620cfe32d96b096e1f3d26aa	5.9.2	2.55.0	1000	150	untracked	40	1.643	7.092	1	1	0	1	1788356393.867911	1788356394.032430	285174939	285175132
2026-09-02T13:34:42Z	8dc0b5fea25671d6745a556bffb740d3866e189c	352c096f011eb282f12e6d4c12281340fac96b635a2879cc065d7637a6592872	wsh	local	4fa59ffc191c59db064dad44f47534cf47ac08da6f35e1710935fd0f39477918	2264a8042763edf2620cfe32d96b096e1f3d26aa	5.9.2	2.55.0	1000	150	untracked	41	1.657	7.874	1	1	0	1	1788356394.377482	1788356394.541017	285175261	285175382
2026-09-02T13:34:42Z	8dc0b5fea25671d6745a556bffb740d3866e189c	352c096f011eb282f12e6d4c12281340fac96b635a2879cc065d7637a6592872	wsh	local	4fa59ffc191c59db064dad44f47534cf47ac08da6f35e1710935fd0f39477918	2264a8042763edf2620cfe32d96b096e1f3d26aa	5.9.2	2.55.0	1000	150	untracked	42	1.967	7.838	1	1	0	1	1788356394.883221	1788356395.048322	285175986	285176105
2026-09-02T13:34:42Z	8dc0b5fea25671d6745a556bffb740d3866e189c	352c096f011eb282f12e6d4c12281340fac96b635a2879cc065d7637a6592872	wsh	local	4fa59ffc191c59db064dad44f47534cf47ac08da6f35e1710935fd0f39477918	2264a8042763edf2620cfe32d96b096e1f3d26aa	5.9.2	2.55.0	1000	150	untracked	43	1.677	7.587	1	1	0	1	1788356395.392445	1788356395.555089	285176534	285176649
2026-09-02T13:34:42Z	8dc0b5fea25671d6745a556bffb740d3866e189c	352c096f011eb282f12e6d4c12281340fac96b635a2879cc065d7637a6592872	wsh	local	4fa59ffc191c59db064dad44f47534cf47ac08da6f35e1710935fd0f39477918	2264a8042763edf2620cfe32d96b096e1f3d26aa	5.9.2	2.55.0	1000	150	untracked	44	1.758	8.077	1	1	0	1	1788356395.898298	1788356396.062637	285176859	285177103
2026-09-02T13:34:42Z	8dc0b5fea25671d6745a556bffb740d3866e189c	352c096f011eb282f12e6d4c12281340fac96b635a2879cc065d7637a6592872	wsh	local	4fa59ffc191c59db064dad44f47534cf47ac08da6f35e1710935fd0f39477918	2264a8042763edf2620cfe32d96b096e1f3d26aa	5.9.2	2.55.0	1000	150	untracked	45	1.942	8.489	1	1	0	1	1788356396.407207	1788356396.572438	285177302	285177390
2026-09-02T13:34:42Z	8dc0b5fea25671d6745a556bffb740d3866e189c	352c096f011eb282f12e6d4c12281340fac96b635a2879cc065d7637a6592872	wsh	local	4fa59ffc191c59db064dad44f47534cf47ac08da6f35e1710935fd0f39477918	2264a8042763edf2620cfe32d96b096e1f3d26aa	5.9.2	2.55.0	1000	150	untracked	46	1.700	7.208	1	1	0	1	1788356396.918354	1788356397.081500	285177707	285177884
2026-09-02T13:34:42Z	8dc0b5fea25671d6745a556bffb740d3866e189c	352c096f011eb282f12e6d4c12281340fac96b635a2879cc065d7637a6592872	wsh	local	4fa59ffc191c59db064dad44f47534cf47ac08da6f35e1710935fd0f39477918	2264a8042763edf2620cfe32d96b096e1f3d26aa	5.9.2	2.55.0	1000	150	untracked	47	1.641	7.551	1	1	0	1	1788356397.423663	1788356397.586573	285178032	285178082
2026-09-02T13:34:42Z	8dc0b5fea25671d6745a556bffb740d3866e189c	352c096f011eb282f12e6d4c12281340fac96b635a2879cc065d7637a6592872	wsh	local	4fa59ffc191c59db064dad44f47534cf47ac08da6f35e1710935fd0f39477918	2264a8042763edf2620cfe32d96b096e1f3d26aa	5.9.2	2.55.0	1000	150	untracked	48	1.685	7.597	1	1	0	1	1788356397.928219	1788356398.091726	285178355	285178498
2026-09-02T13:34:42Z	8dc0b5fea25671d6745a556bffb740d3866e189c	352c096f011eb282f12e6d4c12281340fac96b635a2879cc065d7637a6592872	wsh	local	4fa59ffc191c59db064dad44f47534cf47ac08da6f35e1710935fd0f39477918	2264a8042763edf2620cfe32d96b096e1f3d26aa	5.9.2	2.55.0	1000	150	untracked	49	1.677	7.190	1	1	0	1	1788356398.433416	1788356398.595937	285178708	285178744
2026-09-02T13:34:42Z	8dc0b5fea25671d6745a556bffb740d3866e189c	352c096f011eb282f12e6d4c12281340fac96b635a2879cc065d7637a6592872	wsh	local	4fa59ffc191c59db064dad44f47534cf47ac08da6f35e1710935fd0f39477918	2264a8042763edf2620cfe32d96b096e1f3d26aa	5.9.2	2.55.0	1000	150	untracked	50	1.664	7.243	1	1	0	1	1788356398.936414	1788356399.100120	285179082	285179310
2026-09-02T13:34:42Z	8dc0b5fea25671d6745a556bffb740d3866e189c	352c096f011eb282f12e6d4c12281340fac96b635a2879cc065d7637a6592872	wsh	local	4fa59ffc191c59db064dad44f47534cf47ac08da6f35e1710935fd0f39477918	2264a8042763edf2620cfe32d96b096e1f3d26aa	5.9.2	2.55.0	1000	150	untracked	51	1.640	7.611	1	1	0	1	1788356399.440559	1788356399.603730	285179495	285179559
2026-09-02T13:34:42Z	8dc0b5fea25671d6745a556bffb740d3866e189c	352c096f011eb282f12e6d4c12281340fac96b635a2879cc065d7637a6592872	wsh	local	4fa59ffc191c59db064dad44f47534cf47ac08da6f35e1710935fd0f39477918	2264a8042763edf2620cfe32d96b096e1f3d26aa	5.9.2	2.55.0	1000	150	untracked	52	1.631	7.597	1	1	0	1	1788356399.946379	1788356400.109286	285179696	285179714
2026-09-02T13:34:42Z	8dc0b5fea25671d6745a556bffb740d3866e189c	352c096f011eb282f12e6d4c12281340fac96b635a2879cc065d7637a6592872	wsh	local	4fa59ffc191c59db064dad44f47534cf47ac08da6f35e1710935fd0f39477918	2264a8042763edf2620cfe32d96b096e1f3d26aa	5.9.2	2.55.0	1000	150	untracked	53	1.722	7.511	1	1	0	1	1788356400.450857	1788356400.613950	285179942	285179975
2026-09-02T13:34:42Z	8dc0b5fea25671d6745a556bffb740d3866e189c	352c096f011eb282f12e6d4c12281340fac96b635a2879cc065d7637a6592872	wsh	local	4fa59ffc191c59db064dad44f47534cf47ac08da6f35e1710935fd0f39477918	2264a8042763edf2620cfe32d96b096e1f3d26aa	5.9.2	2.55.0	1000	150	untracked	54	1.691	7.671	1	1	0	1	1788356400.956454	1788356401.119741	285180137	285180170
2026-09-02T13:34:42Z	8dc0b5fea25671d6745a556bffb740d3866e189c	352c096f011eb282f12e6d4c12281340fac96b635a2879cc065d7637a6592872	wsh	local	4fa59ffc191c59db064dad44f47534cf47ac08da6f35e1710935fd0f39477918	2264a8042763edf2620cfe32d96b096e1f3d26aa	5.9.2	2.55.0	1000	150	untracked	55	1.733	7.258	1	1	0	1	1788356401.461794	1788356401.624449	285180371	285180416
2026-09-02T13:34:42Z	8dc0b5fea25671d6745a556bffb740d3866e189c	352c096f011eb282f12e6d4c12281340fac96b635a2879cc065d7637a6592872	wsh	local	4fa59ffc191c59db064dad44f47534cf47ac08da6f35e1710935fd0f39477918	2264a8042763edf2620cfe32d96b096e1f3d26aa	5.9.2	2.55.0	1000	150	untracked	56	1.702	7.486	1	1	0	1	1788356401.969038	1788356402.132396	285181564	285181669
2026-09-02T13:34:42Z	8dc0b5fea25671d6745a556bffb740d3866e189c	352c096f011eb282f12e6d4c12281340fac96b635a2879cc065d7637a6592872	wsh	local	4fa59ffc191c59db064dad44f47534cf47ac08da6f35e1710935fd0f39477918	2264a8042763edf2620cfe32d96b096e1f3d26aa	5.9.2	2.55.0	1000	150	untracked	57	1.686	7.156	1	1	0	1	1788356402.473975	1788356402.636948	285181768	285181800
2026-09-02T13:34:42Z	8dc0b5fea25671d6745a556bffb740d3866e189c	352c096f011eb282f12e6d4c12281340fac96b635a2879cc065d7637a6592872	wsh	local	4fa59ffc191c59db064dad44f47534cf47ac08da6f35e1710935fd0f39477918	2264a8042763edf2620cfe32d96b096e1f3d26aa	5.9.2	2.55.0	1000	150	untracked	58	1.739	7.683	1	1	0	1	1788356402.980447	1788356403.145045	285182073	285182193
2026-09-02T13:34:42Z	8dc0b5fea25671d6745a556bffb740d3866e189c	352c096f011eb282f12e6d4c12281340fac96b635a2879cc065d7637a6592872	wsh	local	4fa59ffc191c59db064dad44f47534cf47ac08da6f35e1710935fd0f39477918	2264a8042763edf2620cfe32d96b096e1f3d26aa	5.9.2	2.55.0	1000	150	untracked	59	1.802	7.416	1	1	0	1	1788356403.487567	1788356403.650912	285182292	285182331
2026-09-02T13:34:42Z	8dc0b5fea25671d6745a556bffb740d3866e189c	352c096f011eb282f12e6d4c12281340fac96b635a2879cc065d7637a6592872	wsh	local	4fa59ffc191c59db064dad44f47534cf47ac08da6f35e1710935fd0f39477918	2264a8042763edf2620cfe32d96b096e1f3d26aa	5.9.2	2.55.0	1000	150	untracked	60	1.782	7.466	1	1	0	1	1788356403.993347	1788356404.156661	285182468	285182512
2026-09-02T13:34:42Z	8dc0b5fea25671d6745a556bffb740d3866e189c	352c096f011eb282f12e6d4c12281340fac96b635a2879cc065d7637a6592872	wsh	local	4fa59ffc191c59db064dad44f47534cf47ac08da6f35e1710935fd0f39477918	2264a8042763edf2620cfe32d96b096e1f3d26aa	5.9.2	2.55.0	1000	150	untracked	61	1.724	7.908	1	1	0	1	1788356404.499966	1788356404.663847	285182830	285182863
2026-09-02T13:34:42Z	8dc0b5fea25671d6745a556bffb740d3866e189c	352c096f011eb282f12e6d4c12281340fac96b635a2879cc065d7637a6592872	wsh	local	4fa59ffc191c59db064dad44f47534cf47ac08da6f35e1710935fd0f39477918	2264a8042763edf2620cfe32d96b096e1f3d26aa	5.9.2	2.55.0	1000	150	untracked	62	1.788	7.308	1	1	0	1	1788356405.004783	1788356405.168161	285183174	285183294
2026-09-02T13:34:42Z	8dc0b5fea25671d6745a556bffb740d3866e189c	352c096f011eb282f12e6d4c12281340fac96b635a2879cc065d7637a6592872	wsh	local	4fa59ffc191c59db064dad44f47534cf47ac08da6f35e1710935fd0f39477918	2264a8042763edf2620cfe32d96b096e1f3d26aa	5.9.2	2.55.0	1000	150	untracked	63	1.684	7.438	1	1	0	1	1788356405.510308	1788356405.673019	285183629	285183662
2026-09-02T13:34:42Z	8dc0b5fea25671d6745a556bffb740d3866e189c	352c096f011eb282f12e6d4c12281340fac96b635a2879cc065d7637a6592872	wsh	local	4fa59ffc191c59db064dad44f47534cf47ac08da6f35e1710935fd0f39477918	2264a8042763edf2620cfe32d96b096e1f3d26aa	5.9.2	2.55.0	1000	150	untracked	64	1.692	7.170	1	1	0	1	1788356406.016574	1788356406.179720	285184656	285184681
2026-09-02T13:34:42Z	8dc0b5fea25671d6745a556bffb740d3866e189c	352c096f011eb282f12e6d4c12281340fac96b635a2879cc065d7637a6592872	wsh	local	4fa59ffc191c59db064dad44f47534cf47ac08da6f35e1710935fd0f39477918	2264a8042763edf2620cfe32d96b096e1f3d26aa	5.9.2	2.55.0	1000	150	untracked	65	1.698	7.689	1	1	0	1	1788356406.522298	1788356406.686147	285184746	285184818
2026-09-02T13:34:42Z	8dc0b5fea25671d6745a556bffb740d3866e189c	352c096f011eb282f12e6d4c12281340fac96b635a2879cc065d7637a6592872	wsh	local	4fa59ffc191c59db064dad44f47534cf47ac08da6f35e1710935fd0f39477918	2264a8042763edf2620cfe32d96b096e1f3d26aa	5.9.2	2.55.0	1000	150	untracked	66	1.692	7.479	1	1	0	1	1788356407.034120	1788356407.197803	285185041	285185087
2026-09-02T13:34:42Z	8dc0b5fea25671d6745a556bffb740d3866e189c	352c096f011eb282f12e6d4c12281340fac96b635a2879cc065d7637a6592872	wsh	local	4fa59ffc191c59db064dad44f47534cf47ac08da6f35e1710935fd0f39477918	2264a8042763edf2620cfe32d96b096e1f3d26aa	5.9.2	2.55.0	1000	150	untracked	67	1.710	7.534	1	1	0	1	1788356407.541734	1788356407.705561	285185172	285185215
2026-09-02T13:34:42Z	8dc0b5fea25671d6745a556bffb740d3866e189c	352c096f011eb282f12e6d4c12281340fac96b635a2879cc065d7637a6592872	wsh	local	4fa59ffc191c59db064dad44f47534cf47ac08da6f35e1710935fd0f39477918	2264a8042763edf2620cfe32d96b096e1f3d26aa	5.9.2	2.55.0	1000	150	untracked	68	1.747	7.358	1	1	0	1	1788356408.048551	1788356408.211699	285185310	285185341
2026-09-02T13:34:42Z	8dc0b5fea25671d6745a556bffb740d3866e189c	352c096f011eb282f12e6d4c12281340fac96b635a2879cc065d7637a6592872	wsh	local	4fa59ffc191c59db064dad44f47534cf47ac08da6f35e1710935fd0f39477918	2264a8042763edf2620cfe32d96b096e1f3d26aa	5.9.2	2.55.0	1000	150	untracked	69	1.698	7.458	1	1	0	1	1788356408.556269	1788356408.719871	285185427	285185459
2026-09-02T13:34:42Z	8dc0b5fea25671d6745a556bffb740d3866e189c	352c096f011eb282f12e6d4c12281340fac96b635a2879cc065d7637a6592872	wsh	local	4fa59ffc191c59db064dad44f47534cf47ac08da6f35e1710935fd0f39477918	2264a8042763edf2620cfe32d96b096e1f3d26aa	5.9.2	2.55.0	1000	150	untracked	70	1.729	7.367	1	1	0	1	1788356409.063681	1788356409.227150	285185604	285185622
2026-09-02T13:34:42Z	8dc0b5fea25671d6745a556bffb740d3866e189c	352c096f011eb282f12e6d4c12281340fac96b635a2879cc065d7637a6592872	wsh	local	4fa59ffc191c59db064dad44f47534cf47ac08da6f35e1710935fd0f39477918	2264a8042763edf2620cfe32d96b096e1f3d26aa	5.9.2	2.55.0	1000	150	untracked	71	1.728	7.124	1	1	0	1	1788356409.570488	1788356409.733665	285185765	285185808
2026-09-02T13:34:42Z	8dc0b5fea25671d6745a556bffb740d3866e189c	352c096f011eb282f12e6d4c12281340fac96b635a2879cc065d7637a6592872	wsh	local	4fa59ffc191c59db064dad44f47534cf47ac08da6f35e1710935fd0f39477918	2264a8042763edf2620cfe32d96b096e1f3d26aa	5.9.2	2.55.0	1000	150	untracked	72	1.912	7.335	1	1	0	1	1788356410.075693	1788356410.239185	285185979	285186091
2026-09-02T13:34:42Z	8dc0b5fea25671d6745a556bffb740d3866e189c	352c096f011eb282f12e6d4c12281340fac96b635a2879cc065d7637a6592872	wsh	local	4fa59ffc191c59db064dad44f47534cf47ac08da6f35e1710935fd0f39477918	2264a8042763edf2620cfe32d96b096e1f3d26aa	5.9.2	2.55.0	1000	150	untracked	73	1.759	7.310	1	1	0	1	1788356410.582577	1788356410.745205	285186502	285186535
2026-09-02T13:34:42Z	8dc0b5fea25671d6745a556bffb740d3866e189c	352c096f011eb282f12e6d4c12281340fac96b635a2879cc065d7637a6592872	wsh	local	4fa59ffc191c59db064dad44f47534cf47ac08da6f35e1710935fd0f39477918	2264a8042763edf2620cfe32d96b096e1f3d26aa	5.9.2	2.55.0	1000	150	untracked	74	2.465	8.036	1	1	0	1	1788356411.096424	1788356411.263160	285187483	285187645
2026-09-02T13:34:42Z	8dc0b5fea25671d6745a556bffb740d3866e189c	352c096f011eb282f12e6d4c12281340fac96b635a2879cc065d7637a6592872	wsh	local	4fa59ffc191c59db064dad44f47534cf47ac08da6f35e1710935fd0f39477918	2264a8042763edf2620cfe32d96b096e1f3d26aa	5.9.2	2.55.0	1000	150	untracked	75	1.707	7.288	1	1	0	1	1788356411.606678	1788356411.773804	285187795	285187877
2026-09-02T13:34:42Z	8dc0b5fea25671d6745a556bffb740d3866e189c	352c096f011eb282f12e6d4c12281340fac96b635a2879cc065d7637a6592872	wsh	local	4fa59ffc191c59db064dad44f47534cf47ac08da6f35e1710935fd0f39477918	2264a8042763edf2620cfe32d96b096e1f3d26aa	5.9.2	2.55.0	1000	150	untracked	76	1.789	7.871	1	1	0	1	1788356412.119967	1788356412.285225	285188277	285188327
2026-09-02T13:34:42Z	8dc0b5fea25671d6745a556bffb740d3866e189c	352c096f011eb282f12e6d4c12281340fac96b635a2879cc065d7637a6592872	wsh	local	4fa59ffc191c59db064dad44f47534cf47ac08da6f35e1710935fd0f39477918	2264a8042763edf2620cfe32d96b096e1f3d26aa	5.9.2	2.55.0	1000	150	untracked	77	1.739	7.136	1	1	0	1	1788356412.628845	1788356412.793279	285189067	285189115
2026-09-02T13:34:42Z	8dc0b5fea25671d6745a556bffb740d3866e189c	352c096f011eb282f12e6d4c12281340fac96b635a2879cc065d7637a6592872	wsh	local	4fa59ffc191c59db064dad44f47534cf47ac08da6f35e1710935fd0f39477918	2264a8042763edf2620cfe32d96b096e1f3d26aa	5.9.2	2.55.0	1000	150	untracked	78	2.483	7.353	1	1	0	1	1788356413.143097	1788356413.312090	285189257	285189306
2026-09-02T13:34:42Z	8dc0b5fea25671d6745a556bffb740d3866e189c	352c096f011eb282f12e6d4c12281340fac96b635a2879cc065d7637a6592872	wsh	local	4fa59ffc191c59db064dad44f47534cf47ac08da6f35e1710935fd0f39477918	2264a8042763edf2620cfe32d96b096e1f3d26aa	5.9.2	2.55.0	1000	150	untracked	79	1.899	7.334	1	1	0	1	1788356413.662794	1788356413.826395	285189414	285189455
2026-09-02T13:34:42Z	8dc0b5fea25671d6745a556bffb740d3866e189c	352c096f011eb282f12e6d4c12281340fac96b635a2879cc065d7637a6592872	wsh	local	4fa59ffc191c59db064dad44f47534cf47ac08da6f35e1710935fd0f39477918	2264a8042763edf2620cfe32d96b096e1f3d26aa	5.9.2	2.55.0	1000	150	untracked	80	1.694	7.251	1	1	0	1	1788356414.172567	1788356414.337463	285190070	285190293
2026-09-02T13:34:42Z	8dc0b5fea25671d6745a556bffb740d3866e189c	352c096f011eb282f12e6d4c12281340fac96b635a2879cc065d7637a6592872	wsh	local	4fa59ffc191c59db064dad44f47534cf47ac08da6f35e1710935fd0f39477918	2264a8042763edf2620cfe32d96b096e1f3d26aa	5.9.2	2.55.0	1000	150	untracked	81	2.030	7.963	1	1	0	1	1788356414.684177	1788356414.848826	285190413	285190760
2026-09-02T13:34:42Z	8dc0b5fea25671d6745a556bffb740d3866e189c	352c096f011eb282f12e6d4c12281340fac96b635a2879cc065d7637a6592872	wsh	local	4fa59ffc191c59db064dad44f47534cf47ac08da6f35e1710935fd0f39477918	2264a8042763edf2620cfe32d96b096e1f3d26aa	5.9.2	2.55.0	1000	150	untracked	82	1.750	7.493	1	1	0	1	1788356415.192734	1788356415.358777	285191120	285191201
2026-09-02T13:34:42Z	8dc0b5fea25671d6745a556bffb740d3866e189c	352c096f011eb282f12e6d4c12281340fac96b635a2879cc065d7637a6592872	wsh	local	4fa59ffc191c59db064dad44f47534cf47ac08da6f35e1710935fd0f39477918	2264a8042763edf2620cfe32d96b096e1f3d26aa	5.9.2	2.55.0	1000	150	untracked	83	1.801	7.551	1	1	0	1	1788356415.702375	1788356415.867194	285191450	285191648
2026-09-02T13:34:42Z	8dc0b5fea25671d6745a556bffb740d3866e189c	352c096f011eb282f12e6d4c12281340fac96b635a2879cc065d7637a6592872	wsh	local	4fa59ffc191c59db064dad44f47534cf47ac08da6f35e1710935fd0f39477918	2264a8042763edf2620cfe32d96b096e1f3d26aa	5.9.2	2.55.0	1000	150	untracked	84	1.692	7.319	1	1	0	1	1788356416.215456	1788356416.381553	285191756	285191828
2026-09-02T13:34:42Z	8dc0b5fea25671d6745a556bffb740d3866e189c	352c096f011eb282f12e6d4c12281340fac96b635a2879cc065d7637a6592872	wsh	local	4fa59ffc191c59db064dad44f47534cf47ac08da6f35e1710935fd0f39477918	2264a8042763edf2620cfe32d96b096e1f3d26aa	5.9.2	2.55.0	1000	150	untracked	85	1.797	7.730	1	1	0	1	1788356416.724136	1788356416.887516	285191911	285191938
2026-09-02T13:34:42Z	8dc0b5fea25671d6745a556bffb740d3866e189c	352c096f011eb282f12e6d4c12281340fac96b635a2879cc065d7637a6592872	wsh	local	4fa59ffc191c59db064dad44f47534cf47ac08da6f35e1710935fd0f39477918	2264a8042763edf2620cfe32d96b096e1f3d26aa	5.9.2	2.55.0	1000	150	untracked	86	1.729	8.197	1	1	0	1	1788356417.230173	1788356417.395278	285192100	285192139
2026-09-02T13:34:42Z	8dc0b5fea25671d6745a556bffb740d3866e189c	352c096f011eb282f12e6d4c12281340fac96b635a2879cc065d7637a6592872	wsh	local	4fa59ffc191c59db064dad44f47534cf47ac08da6f35e1710935fd0f39477918	2264a8042763edf2620cfe32d96b096e1f3d26aa	5.9.2	2.55.0	1000	150	untracked	87	1.791	7.840	1	1	0	1	1788356417.747096	1788356417.910777	285192228	285192329
2026-09-02T13:34:42Z	8dc0b5fea25671d6745a556bffb740d3866e189c	352c096f011eb282f12e6d4c12281340fac96b635a2879cc065d7637a6592872	wsh	local	4fa59ffc191c59db064dad44f47534cf47ac08da6f35e1710935fd0f39477918	2264a8042763edf2620cfe32d96b096e1f3d26aa	5.9.2	2.55.0	1000	150	untracked	88	2.113	7.717	1	1	0	1	1788356418.258593	1788356418.428167	285192577	285192631
2026-09-02T13:34:42Z	8dc0b5fea25671d6745a556bffb740d3866e189c	352c096f011eb282f12e6d4c12281340fac96b635a2879cc065d7637a6592872	wsh	local	4fa59ffc191c59db064dad44f47534cf47ac08da6f35e1710935fd0f39477918	2264a8042763edf2620cfe32d96b096e1f3d26aa	5.9.2	2.55.0	1000	150	untracked	89	2.074	7.978	1	1	0	1	1788356418.773370	1788356418.938412	285192780	285192851
2026-09-02T13:34:42Z	8dc0b5fea25671d6745a556bffb740d3866e189c	352c096f011eb282f12e6d4c12281340fac96b635a2879cc065d7637a6592872	wsh	local	4fa59ffc191c59db064dad44f47534cf47ac08da6f35e1710935fd0f39477918	2264a8042763edf2620cfe32d96b096e1f3d26aa	5.9.2	2.55.0	1000	150	untracked	90	2.234	7.628	1	1	0	1	1788356419.287232	1788356419.454076	285193018	285193042
2026-09-02T13:34:42Z	8dc0b5fea25671d6745a556bffb740d3866e189c	352c096f011eb282f12e6d4c12281340fac96b635a2879cc065d7637a6592872	wsh	local	4fa59ffc191c59db064dad44f47534cf47ac08da6f35e1710935fd0f39477918	2264a8042763edf2620cfe32d96b096e1f3d26aa	5.9.2	2.55.0	1000	150	untracked	91	2.192	7.926	1	1	0	1	1788356419.805581	1788356419.973995	285193336	285193535
2026-09-02T13:34:42Z	8dc0b5fea25671d6745a556bffb740d3866e189c	352c096f011eb282f12e6d4c12281340fac96b635a2879cc065d7637a6592872	wsh	local	4fa59ffc191c59db064dad44f47534cf47ac08da6f35e1710935fd0f39477918	2264a8042763edf2620cfe32d96b096e1f3d26aa	5.9.2	2.55.0	1000	150	untracked	92	1.750	7.566	1	1	0	1	1788356420.326564	1788356420.492765	285194025	285194064
2026-09-02T13:34:42Z	8dc0b5fea25671d6745a556bffb740d3866e189c	352c096f011eb282f12e6d4c12281340fac96b635a2879cc065d7637a6592872	wsh	local	4fa59ffc191c59db064dad44f47534cf47ac08da6f35e1710935fd0f39477918	2264a8042763edf2620cfe32d96b096e1f3d26aa	5.9.2	2.55.0	1000	150	untracked	93	1.706	7.946	1	1	0	1	1788356420.842361	1788356421.012186	285194295	285194344
2026-09-02T13:34:42Z	8dc0b5fea25671d6745a556bffb740d3866e189c	352c096f011eb282f12e6d4c12281340fac96b635a2879cc065d7637a6592872	wsh	local	4fa59ffc191c59db064dad44f47534cf47ac08da6f35e1710935fd0f39477918	2264a8042763edf2620cfe32d96b096e1f3d26aa	5.9.2	2.55.0	1000	150	untracked	94	2.154	8.178	1	1	0	1	1788356421.364737	1788356421.531630	285194729	285194911
2026-09-02T13:34:42Z	8dc0b5fea25671d6745a556bffb740d3866e189c	352c096f011eb282f12e6d4c12281340fac96b635a2879cc065d7637a6592872	wsh	local	4fa59ffc191c59db064dad44f47534cf47ac08da6f35e1710935fd0f39477918	2264a8042763edf2620cfe32d96b096e1f3d26aa	5.9.2	2.55.0	1000	150	untracked	95	2.177	7.311	1	1	0	1	1788356421.883887	1788356422.050670	285195182	285195279
2026-09-02T13:34:42Z	8dc0b5fea25671d6745a556bffb740d3866e189c	352c096f011eb282f12e6d4c12281340fac96b635a2879cc065d7637a6592872	wsh	local	4fa59ffc191c59db064dad44f47534cf47ac08da6f35e1710935fd0f39477918	2264a8042763edf2620cfe32d96b096e1f3d26aa	5.9.2	2.55.0	1000	150	untracked	96	1.813	7.454	1	1	0	1	1788356422.393362	1788356422.557201	285195512	285195581
2026-09-02T13:34:42Z	8dc0b5fea25671d6745a556bffb740d3866e189c	352c096f011eb282f12e6d4c12281340fac96b635a2879cc065d7637a6592872	wsh	local	4fa59ffc191c59db064dad44f47534cf47ac08da6f35e1710935fd0f39477918	2264a8042763edf2620cfe32d96b096e1f3d26aa	5.9.2	2.55.0	1000	150	untracked	97	2.247	7.484	1	1	0	1	1788356422.907608	1788356423.076543	285195820	285195932
2026-09-02T13:34:42Z	8dc0b5fea25671d6745a556bffb740d3866e189c	352c096f011eb282f12e6d4c12281340fac96b635a2879cc065d7637a6592872	wsh	local	4fa59ffc191c59db064dad44f47534cf47ac08da6f35e1710935fd0f39477918	2264a8042763edf2620cfe32d96b096e1f3d26aa	5.9.2	2.55.0	1000	150	untracked	98	2.077	7.609	1	1	0	1	1788356423.425924	1788356423.591679	285196395	285196449
2026-09-02T13:34:42Z	8dc0b5fea25671d6745a556bffb740d3866e189c	352c096f011eb282f12e6d4c12281340fac96b635a2879cc065d7637a6592872	wsh	local	4fa59ffc191c59db064dad44f47534cf47ac08da6f35e1710935fd0f39477918	2264a8042763edf2620cfe32d96b096e1f3d26aa	5.9.2	2.55.0	1000	150	untracked	99	2.104	7.311	1	1	0	1	1788356423.941595	1788356424.107699	285196633	285196672
2026-09-02T13:34:42Z	8dc0b5fea25671d6745a556bffb740d3866e189c	352c096f011eb282f12e6d4c12281340fac96b635a2879cc065d7637a6592872	wsh	local	4fa59ffc191c59db064dad44f47534cf47ac08da6f35e1710935fd0f39477918	2264a8042763edf2620cfe32d96b096e1f3d26aa	5.9.2	2.55.0	1000	150	untracked	100	2.218	7.780	1	1	0	1	1788356424.458428	1788356424.624475	285196771	285196868
