snapshot_at_utc	benchmark_commit	runner_sha256	target	target_kind	target_commit	omz_commit	zsh_version	git_version	fixture_files	settle_ms	state	iteration	first_ms	settled_ms	repaints	git_calls	unlocked_calls	semantic_pass	measurement_started_epoch_seconds	measurement_finished_epoch_seconds	cpu_psi_some_total_before	cpu_psi_some_total_after
2026-09-02T03:31:51Z	bb3d89e13a6354257e80443b2d85736862086fd6	ea87ddbd979fc6be528bdf099a724bb5ca040c1c40bdb6eecd055df584c6530a	raw	control	5.9.2	2264a8042763edf2620cfe32d96b096e1f3d26aa	5.9.2	2.55.0	1000	150	clean	1	0.425	0.425	0	0	0	na	1788319912.278840	1788319912.432193	202589339	202589598
2026-09-02T03:31:51Z	bb3d89e13a6354257e80443b2d85736862086fd6	ea87ddbd979fc6be528bdf099a724bb5ca040c1c40bdb6eecd055df584c6530a	raw	control	5.9.2	2264a8042763edf2620cfe32d96b096e1f3d26aa	5.9.2	2.55.0	1000	150	clean	2	0.408	0.408	0	0	0	na	1788319912.585603	1788319912.739028	202589809	202589990
2026-09-02T03:31:51Z	bb3d89e13a6354257e80443b2d85736862086fd6	ea87ddbd979fc6be528bdf099a724bb5ca040c1c40bdb6eecd055df584c6530a	raw	control	5.9.2	2264a8042763edf2620cfe32d96b096e1f3d26aa	5.9.2	2.55.0	1000	150	clean	3	0.398	0.398	0	0	0	na	1788319912.892511	1788319913.045887	202590234	202590368
2026-09-02T03:31:51Z	bb3d89e13a6354257e80443b2d85736862086fd6	ea87ddbd979fc6be528bdf099a724bb5ca040c1c40bdb6eecd055df584c6530a	raw	control	5.9.2	2264a8042763edf2620cfe32d96b096e1f3d26aa	5.9.2	2.55.0	1000	150	clean	4	0.445	0.445	0	0	0	na	1788319913.199090	1788319913.352531	202590775	202591120
2026-09-02T03:31:51Z	bb3d89e13a6354257e80443b2d85736862086fd6	ea87ddbd979fc6be528bdf099a724bb5ca040c1c40bdb6eecd055df584c6530a	raw	control	5.9.2	2264a8042763edf2620cfe32d96b096e1f3d26aa	5.9.2	2.55.0	1000	150	clean	5	0.428	0.428	0	0	0	na	1788319913.505786	1788319913.659207	202591430	202591593
2026-09-02T03:31:51Z	bb3d89e13a6354257e80443b2d85736862086fd6	ea87ddbd979fc6be528bdf099a724bb5ca040c1c40bdb6eecd055df584c6530a	raw	control	5.9.2	2264a8042763edf2620cfe32d96b096e1f3d26aa	5.9.2	2.55.0	1000	150	clean	6	0.348	0.348	0	0	0	na	1788319913.812548	1788319913.966001	202591791	202591928
2026-09-02T03:31:51Z	bb3d89e13a6354257e80443b2d85736862086fd6	ea87ddbd979fc6be528bdf099a724bb5ca040c1c40bdb6eecd055df584c6530a	raw	control	5.9.2	2264a8042763edf2620cfe32d96b096e1f3d26aa	5.9.2	2.55.0	1000	150	clean	7	0.386	0.386	0	0	0	na	1788319914.119264	1788319914.272542	202592053	202592198
2026-09-02T03:31:51Z	bb3d89e13a6354257e80443b2d85736862086fd6	ea87ddbd979fc6be528bdf099a724bb5ca040c1c40bdb6eecd055df584c6530a	raw	control	5.9.2	2264a8042763edf2620cfe32d96b096e1f3d26aa	5.9.2	2.55.0	1000	150	clean	8	0.366	0.366	0	0	0	na	1788319914.425751	1788319914.579090	202592300	202592441
2026-09-02T03:31:51Z	bb3d89e13a6354257e80443b2d85736862086fd6	ea87ddbd979fc6be528bdf099a724bb5ca040c1c40bdb6eecd055df584c6530a	raw	control	5.9.2	2264a8042763edf2620cfe32d96b096e1f3d26aa	5.9.2	2.55.0	1000	150	clean	9	0.410	0.410	0	0	0	na	1788319914.732230	1788319914.885715	202592557	202592878
2026-09-02T03:31:51Z	bb3d89e13a6354257e80443b2d85736862086fd6	ea87ddbd979fc6be528bdf099a724bb5ca040c1c40bdb6eecd055df584c6530a	raw	control	5.9.2	2264a8042763edf2620cfe32d96b096e1f3d26aa	5.9.2	2.55.0	1000	150	clean	10	0.438	0.438	0	0	0	na	1788319915.038857	1788319915.192483	202593006	202593169
2026-09-02T03:31:51Z	bb3d89e13a6354257e80443b2d85736862086fd6	ea87ddbd979fc6be528bdf099a724bb5ca040c1c40bdb6eecd055df584c6530a	raw	control	5.9.2	2264a8042763edf2620cfe32d96b096e1f3d26aa	5.9.2	2.55.0	1000	150	clean	11	0.407	0.407	0	0	0	na	1788319915.346082	1788319915.500093	202593313	202593438
2026-09-02T03:31:51Z	bb3d89e13a6354257e80443b2d85736862086fd6	ea87ddbd979fc6be528bdf099a724bb5ca040c1c40bdb6eecd055df584c6530a	raw	control	5.9.2	2264a8042763edf2620cfe32d96b096e1f3d26aa	5.9.2	2.55.0	1000	150	clean	12	0.424	0.424	0	0	0	na	1788319915.653960	1788319915.807927	202593558	202593726
2026-09-02T03:31:51Z	bb3d89e13a6354257e80443b2d85736862086fd6	ea87ddbd979fc6be528bdf099a724bb5ca040c1c40bdb6eecd055df584c6530a	raw	control	5.9.2	2264a8042763edf2620cfe32d96b096e1f3d26aa	5.9.2	2.55.0	1000	150	clean	13	0.354	0.354	0	0	0	na	1788319915.961306	1788319916.114583	202593896	202594046
2026-09-02T03:31:51Z	bb3d89e13a6354257e80443b2d85736862086fd6	ea87ddbd979fc6be528bdf099a724bb5ca040c1c40bdb6eecd055df584c6530a	raw	control	5.9.2	2264a8042763edf2620cfe32d96b096e1f3d26aa	5.9.2	2.55.0	1000	150	clean	14	0.393	0.393	0	0	0	na	1788319916.267934	1788319916.421305	202594209	202594347
2026-09-02T03:31:51Z	bb3d89e13a6354257e80443b2d85736862086fd6	ea87ddbd979fc6be528bdf099a724bb5ca040c1c40bdb6eecd055df584c6530a	raw	control	5.9.2	2264a8042763edf2620cfe32d96b096e1f3d26aa	5.9.2	2.55.0	1000	150	clean	15	0.350	0.350	0	0	0	na	1788319916.574361	1788319916.727702	202594516	202594686
2026-09-02T03:31:51Z	bb3d89e13a6354257e80443b2d85736862086fd6	ea87ddbd979fc6be528bdf099a724bb5ca040c1c40bdb6eecd055df584c6530a	raw	control	5.9.2	2264a8042763edf2620cfe32d96b096e1f3d26aa	5.9.2	2.55.0	1000	150	clean	16	0.396	0.396	0	0	0	na	1788319916.881076	1788319917.034596	202594846	202594966
2026-09-02T03:31:51Z	bb3d89e13a6354257e80443b2d85736862086fd6	ea87ddbd979fc6be528bdf099a724bb5ca040c1c40bdb6eecd055df584c6530a	raw	control	5.9.2	2264a8042763edf2620cfe32d96b096e1f3d26aa	5.9.2	2.55.0	1000	150	clean	17	0.406	0.406	0	0	0	na	1788319917.188092	1788319917.341650	202595120	202595234
2026-09-02T03:31:51Z	bb3d89e13a6354257e80443b2d85736862086fd6	ea87ddbd979fc6be528bdf099a724bb5ca040c1c40bdb6eecd055df584c6530a	raw	control	5.9.2	2264a8042763edf2620cfe32d96b096e1f3d26aa	5.9.2	2.55.0	1000	150	clean	18	0.416	0.416	0	0	0	na	1788319917.494968	1788319917.648491	202595394	202595738
2026-09-02T03:31:51Z	bb3d89e13a6354257e80443b2d85736862086fd6	ea87ddbd979fc6be528bdf099a724bb5ca040c1c40bdb6eecd055df584c6530a	raw	control	5.9.2	2264a8042763edf2620cfe32d96b096e1f3d26aa	5.9.2	2.55.0	1000	150	clean	19	0.461	0.461	0	0	0	na	1788319917.801819	1788319917.955306	202596077	202596220
2026-09-02T03:31:51Z	bb3d89e13a6354257e80443b2d85736862086fd6	ea87ddbd979fc6be528bdf099a724bb5ca040c1c40bdb6eecd055df584c6530a	raw	control	5.9.2	2264a8042763edf2620cfe32d96b096e1f3d26aa	5.9.2	2.55.0	1000	150	clean	20	0.386	0.386	0	0	0	na	1788319918.108654	1788319918.262026	202596346	202596641
2026-09-02T03:31:51Z	bb3d89e13a6354257e80443b2d85736862086fd6	ea87ddbd979fc6be528bdf099a724bb5ca040c1c40bdb6eecd055df584c6530a	raw	control	5.9.2	2264a8042763edf2620cfe32d96b096e1f3d26aa	5.9.2	2.55.0	1000	150	dirty	1	0.369	0.369	0	0	0	na	1788319918.433984	1788319918.587389	202597044	202597433
2026-09-02T03:31:51Z	bb3d89e13a6354257e80443b2d85736862086fd6	ea87ddbd979fc6be528bdf099a724bb5ca040c1c40bdb6eecd055df584c6530a	raw	control	5.9.2	2264a8042763edf2620cfe32d96b096e1f3d26aa	5.9.2	2.55.0	1000	150	dirty	2	0.352	0.352	0	0	0	na	1788319918.740543	1788319918.893809	202597695	202597940
2026-09-02T03:31:51Z	bb3d89e13a6354257e80443b2d85736862086fd6	ea87ddbd979fc6be528bdf099a724bb5ca040c1c40bdb6eecd055df584c6530a	raw	control	5.9.2	2264a8042763edf2620cfe32d96b096e1f3d26aa	5.9.2	2.55.0	1000	150	dirty	3	0.333	0.333	0	0	0	na	1788319919.047055	1788319919.200311	202598073	202598303
2026-09-02T03:31:51Z	bb3d89e13a6354257e80443b2d85736862086fd6	ea87ddbd979fc6be528bdf099a724bb5ca040c1c40bdb6eecd055df584c6530a	raw	control	5.9.2	2264a8042763edf2620cfe32d96b096e1f3d26aa	5.9.2	2.55.0	1000	150	dirty	4	0.429	0.429	0	0	0	na	1788319919.353686	1788319919.507328	202598555	202598849
2026-09-02T03:31:51Z	bb3d89e13a6354257e80443b2d85736862086fd6	ea87ddbd979fc6be528bdf099a724bb5ca040c1c40bdb6eecd055df584c6530a	raw	control	5.9.2	2264a8042763edf2620cfe32d96b096e1f3d26aa	5.9.2	2.55.0	1000	150	dirty	5	0.390	0.390	0	0	0	na	1788319919.660623	1788319919.814119	202598970	202599382
2026-09-02T03:31:51Z	bb3d89e13a6354257e80443b2d85736862086fd6	ea87ddbd979fc6be528bdf099a724bb5ca040c1c40bdb6eecd055df584c6530a	raw	control	5.9.2	2264a8042763edf2620cfe32d96b096e1f3d26aa	5.9.2	2.55.0	1000	150	dirty	6	0.391	0.391	0	0	0	na	1788319919.967493	1788319920.120984	202599914	202600147
2026-09-02T03:31:51Z	bb3d89e13a6354257e80443b2d85736862086fd6	ea87ddbd979fc6be528bdf099a724bb5ca040c1c40bdb6eecd055df584c6530a	raw	control	5.9.2	2264a8042763edf2620cfe32d96b096e1f3d26aa	5.9.2	2.55.0	1000	150	dirty	7	0.358	0.358	0	0	0	na	1788319920.274322	1788319920.427820	202600411	202600689
2026-09-02T03:31:51Z	bb3d89e13a6354257e80443b2d85736862086fd6	ea87ddbd979fc6be528bdf099a724bb5ca040c1c40bdb6eecd055df584c6530a	raw	control	5.9.2	2264a8042763edf2620cfe32d96b096e1f3d26aa	5.9.2	2.55.0	1000	150	dirty	8	0.373	0.373	0	0	0	na	1788319920.581436	1788319920.734959	202601013	202601339
2026-09-02T03:31:51Z	bb3d89e13a6354257e80443b2d85736862086fd6	ea87ddbd979fc6be528bdf099a724bb5ca040c1c40bdb6eecd055df584c6530a	raw	control	5.9.2	2264a8042763edf2620cfe32d96b096e1f3d26aa	5.9.2	2.55.0	1000	150	dirty	9	0.360	0.360	0	0	0	na	1788319920.888438	1788319921.041723	202601819	202602017
2026-09-02T03:31:51Z	bb3d89e13a6354257e80443b2d85736862086fd6	ea87ddbd979fc6be528bdf099a724bb5ca040c1c40bdb6eecd055df584c6530a	raw	control	5.9.2	2264a8042763edf2620cfe32d96b096e1f3d26aa	5.9.2	2.55.0	1000	150	dirty	10	0.335	0.335	0	0	0	na	1788319921.194942	1788319921.348373	202602269	202602663
2026-09-02T03:31:51Z	bb3d89e13a6354257e80443b2d85736862086fd6	ea87ddbd979fc6be528bdf099a724bb5ca040c1c40bdb6eecd055df584c6530a	raw	control	5.9.2	2264a8042763edf2620cfe32d96b096e1f3d26aa	5.9.2	2.55.0	1000	150	dirty	11	0.340	0.340	0	0	0	na	1788319921.501909	1788319921.655407	202602876	202603077
2026-09-02T03:31:51Z	bb3d89e13a6354257e80443b2d85736862086fd6	ea87ddbd979fc6be528bdf099a724bb5ca040c1c40bdb6eecd055df584c6530a	raw	control	5.9.2	2264a8042763edf2620cfe32d96b096e1f3d26aa	5.9.2	2.55.0	1000	150	dirty	12	0.417	0.417	0	0	0	na	1788319921.809252	1788319921.963181	202603615	202604176
2026-09-02T03:31:51Z	bb3d89e13a6354257e80443b2d85736862086fd6	ea87ddbd979fc6be528bdf099a724bb5ca040c1c40bdb6eecd055df584c6530a	raw	control	5.9.2	2264a8042763edf2620cfe32d96b096e1f3d26aa	5.9.2	2.55.0	1000	150	dirty	13	0.404	0.404	0	0	0	na	1788319922.116790	1788319922.270234	202604361	202604552
2026-09-02T03:31:51Z	bb3d89e13a6354257e80443b2d85736862086fd6	ea87ddbd979fc6be528bdf099a724bb5ca040c1c40bdb6eecd055df584c6530a	raw	control	5.9.2	2264a8042763edf2620cfe32d96b096e1f3d26aa	5.9.2	2.55.0	1000	150	dirty	14	0.375	0.375	0	0	0	na	1788319922.423493	1788319922.577081	202604749	202605189
2026-09-02T03:31:51Z	bb3d89e13a6354257e80443b2d85736862086fd6	ea87ddbd979fc6be528bdf099a724bb5ca040c1c40bdb6eecd055df584c6530a	raw	control	5.9.2	2264a8042763edf2620cfe32d96b096e1f3d26aa	5.9.2	2.55.0	1000	150	dirty	15	0.349	0.349	0	0	0	na	1788319922.730483	1788319922.884537	202605708	202606344
2026-09-02T03:31:51Z	bb3d89e13a6354257e80443b2d85736862086fd6	ea87ddbd979fc6be528bdf099a724bb5ca040c1c40bdb6eecd055df584c6530a	raw	control	5.9.2	2264a8042763edf2620cfe32d96b096e1f3d26aa	5.9.2	2.55.0	1000	150	dirty	16	0.365	0.365	0	0	0	na	1788319923.037719	1788319923.190844	202606937	202607353
2026-09-02T03:31:51Z	bb3d89e13a6354257e80443b2d85736862086fd6	ea87ddbd979fc6be528bdf099a724bb5ca040c1c40bdb6eecd055df584c6530a	raw	control	5.9.2	2264a8042763edf2620cfe32d96b096e1f3d26aa	5.9.2	2.55.0	1000	150	dirty	17	0.337	0.337	0	0	0	na	1788319923.344287	1788319923.497546	202607605	202607849
2026-09-02T03:31:51Z	bb3d89e13a6354257e80443b2d85736862086fd6	ea87ddbd979fc6be528bdf099a724bb5ca040c1c40bdb6eecd055df584c6530a	raw	control	5.9.2	2264a8042763edf2620cfe32d96b096e1f3d26aa	5.9.2	2.55.0	1000	150	dirty	18	0.384	0.384	0	0	0	na	1788319923.651023	1788319923.804522	202608229	202608443
2026-09-02T03:31:51Z	bb3d89e13a6354257e80443b2d85736862086fd6	ea87ddbd979fc6be528bdf099a724bb5ca040c1c40bdb6eecd055df584c6530a	raw	control	5.9.2	2264a8042763edf2620cfe32d96b096e1f3d26aa	5.9.2	2.55.0	1000	150	dirty	19	0.336	0.336	0	0	0	na	1788319923.958016	1788319924.111458	202608683	202608868
2026-09-02T03:31:51Z	bb3d89e13a6354257e80443b2d85736862086fd6	ea87ddbd979fc6be528bdf099a724bb5ca040c1c40bdb6eecd055df584c6530a	raw	control	5.9.2	2264a8042763edf2620cfe32d96b096e1f3d26aa	5.9.2	2.55.0	1000	150	dirty	20	0.351	0.351	0	0	0	na	1788319924.264959	1788319924.418370	202609124	202609418
2026-09-02T03:31:51Z	bb3d89e13a6354257e80443b2d85736862086fd6	ea87ddbd979fc6be528bdf099a724bb5ca040c1c40bdb6eecd055df584c6530a	raw	control	5.9.2	2264a8042763edf2620cfe32d96b096e1f3d26aa	5.9.2	2.55.0	1000	150	untracked	1	0.364	0.364	0	0	0	na	1788319924.594192	1788319924.747411	202609590	202609972
2026-09-02T03:31:51Z	bb3d89e13a6354257e80443b2d85736862086fd6	ea87ddbd979fc6be528bdf099a724bb5ca040c1c40bdb6eecd055df584c6530a	raw	control	5.9.2	2264a8042763edf2620cfe32d96b096e1f3d26aa	5.9.2	2.55.0	1000	150	untracked	2	0.438	0.438	0	0	0	na	1788319924.902001	1788319925.055326	202610162	202610320
2026-09-02T03:31:51Z	bb3d89e13a6354257e80443b2d85736862086fd6	ea87ddbd979fc6be528bdf099a724bb5ca040c1c40bdb6eecd055df584c6530a	raw	control	5.9.2	2264a8042763edf2620cfe32d96b096e1f3d26aa	5.9.2	2.55.0	1000	150	untracked	3	0.434	0.434	0	0	0	na	1788319925.210029	1788319925.363291	202610527	202610781
2026-09-02T03:31:51Z	bb3d89e13a6354257e80443b2d85736862086fd6	ea87ddbd979fc6be528bdf099a724bb5ca040c1c40bdb6eecd055df584c6530a	raw	control	5.9.2	2264a8042763edf2620cfe32d96b096e1f3d26aa	5.9.2	2.55.0	1000	150	untracked	4	0.397	0.397	0	0	0	na	1788319925.517812	1788319925.671088	202610997	202611199
2026-09-02T03:31:51Z	bb3d89e13a6354257e80443b2d85736862086fd6	ea87ddbd979fc6be528bdf099a724bb5ca040c1c40bdb6eecd055df584c6530a	raw	control	5.9.2	2264a8042763edf2620cfe32d96b096e1f3d26aa	5.9.2	2.55.0	1000	150	untracked	5	0.433	0.433	0	0	0	na	1788319925.825890	1788319925.979203	202611649	202611728
2026-09-02T03:31:51Z	bb3d89e13a6354257e80443b2d85736862086fd6	ea87ddbd979fc6be528bdf099a724bb5ca040c1c40bdb6eecd055df584c6530a	raw	control	5.9.2	2264a8042763edf2620cfe32d96b096e1f3d26aa	5.9.2	2.55.0	1000	150	untracked	6	0.459	0.459	0	0	0	na	1788319926.133748	1788319926.287371	202611936	202612137
2026-09-02T03:31:51Z	bb3d89e13a6354257e80443b2d85736862086fd6	ea87ddbd979fc6be528bdf099a724bb5ca040c1c40bdb6eecd055df584c6530a	raw	control	5.9.2	2264a8042763edf2620cfe32d96b096e1f3d26aa	5.9.2	2.55.0	1000	150	untracked	7	0.418	0.418	0	0	0	na	1788319926.442189	1788319926.595881	202612859	202613147
2026-09-02T03:31:51Z	bb3d89e13a6354257e80443b2d85736862086fd6	ea87ddbd979fc6be528bdf099a724bb5ca040c1c40bdb6eecd055df584c6530a	raw	control	5.9.2	2264a8042763edf2620cfe32d96b096e1f3d26aa	5.9.2	2.55.0	1000	150	untracked	8	0.431	0.431	0	0	0	na	1788319926.751014	1788319926.904440	202613385	202613538
2026-09-02T03:31:51Z	bb3d89e13a6354257e80443b2d85736862086fd6	ea87ddbd979fc6be528bdf099a724bb5ca040c1c40bdb6eecd055df584c6530a	raw	control	5.9.2	2264a8042763edf2620cfe32d96b096e1f3d26aa	5.9.2	2.55.0	1000	150	untracked	9	0.423	0.423	0	0	0	na	1788319927.059058	1788319927.212602	202613630	202613715
2026-09-02T03:31:51Z	bb3d89e13a6354257e80443b2d85736862086fd6	ea87ddbd979fc6be528bdf099a724bb5ca040c1c40bdb6eecd055df584c6530a	raw	control	5.9.2	2264a8042763edf2620cfe32d96b096e1f3d26aa	5.9.2	2.55.0	1000	150	untracked	10	0.442	0.442	0	0	0	na	1788319927.367834	1788319927.523013	202613861	202613996
2026-09-02T03:31:51Z	bb3d89e13a6354257e80443b2d85736862086fd6	ea87ddbd979fc6be528bdf099a724bb5ca040c1c40bdb6eecd055df584c6530a	raw	control	5.9.2	2264a8042763edf2620cfe32d96b096e1f3d26aa	5.9.2	2.55.0	1000	150	untracked	11	0.401	0.401	0	0	0	na	1788319927.678556	1788319927.833384	202614098	202614504
2026-09-02T03:31:51Z	bb3d89e13a6354257e80443b2d85736862086fd6	ea87ddbd979fc6be528bdf099a724bb5ca040c1c40bdb6eecd055df584c6530a	raw	control	5.9.2	2264a8042763edf2620cfe32d96b096e1f3d26aa	5.9.2	2.55.0	1000	150	untracked	12	0.422	0.422	0	0	0	na	1788319927.988970	1788319928.142239	202614637	202614668
2026-09-02T03:31:51Z	bb3d89e13a6354257e80443b2d85736862086fd6	ea87ddbd979fc6be528bdf099a724bb5ca040c1c40bdb6eecd055df584c6530a	raw	control	5.9.2	2264a8042763edf2620cfe32d96b096e1f3d26aa	5.9.2	2.55.0	1000	150	untracked	13	0.454	0.454	0	0	0	na	1788319928.296741	1788319928.449792	202614691	202614727
2026-09-02T03:31:51Z	bb3d89e13a6354257e80443b2d85736862086fd6	ea87ddbd979fc6be528bdf099a724bb5ca040c1c40bdb6eecd055df584c6530a	raw	control	5.9.2	2264a8042763edf2620cfe32d96b096e1f3d26aa	5.9.2	2.55.0	1000	150	untracked	14	0.473	0.473	0	0	0	na	1788319928.604261	1788319928.758016	202614968	202615085
2026-09-02T03:31:51Z	bb3d89e13a6354257e80443b2d85736862086fd6	ea87ddbd979fc6be528bdf099a724bb5ca040c1c40bdb6eecd055df584c6530a	raw	control	5.9.2	2264a8042763edf2620cfe32d96b096e1f3d26aa	5.9.2	2.55.0	1000	150	untracked	15	0.600	0.600	0	0	0	na	1788319928.912822	1788319929.067057	202615540	202617344
2026-09-02T03:31:51Z	bb3d89e13a6354257e80443b2d85736862086fd6	ea87ddbd979fc6be528bdf099a724bb5ca040c1c40bdb6eecd055df584c6530a	raw	control	5.9.2	2264a8042763edf2620cfe32d96b096e1f3d26aa	5.9.2	2.55.0	1000	150	untracked	16	0.383	0.383	0	0	0	na	1788319929.222718	1788319929.377456	202617686	202618159
2026-09-02T03:31:51Z	bb3d89e13a6354257e80443b2d85736862086fd6	ea87ddbd979fc6be528bdf099a724bb5ca040c1c40bdb6eecd055df584c6530a	raw	control	5.9.2	2264a8042763edf2620cfe32d96b096e1f3d26aa	5.9.2	2.55.0	1000	150	untracked	17	0.439	0.439	0	0	0	na	1788319929.533657	1788319929.688112	202618347	202618463
2026-09-02T03:31:51Z	bb3d89e13a6354257e80443b2d85736862086fd6	ea87ddbd979fc6be528bdf099a724bb5ca040c1c40bdb6eecd055df584c6530a	raw	control	5.9.2	2264a8042763edf2620cfe32d96b096e1f3d26aa	5.9.2	2.55.0	1000	150	untracked	18	0.394	0.394	0	0	0	na	1788319929.843235	1788319929.997375	202618686	202618799
2026-09-02T03:31:51Z	bb3d89e13a6354257e80443b2d85736862086fd6	ea87ddbd979fc6be528bdf099a724bb5ca040c1c40bdb6eecd055df584c6530a	raw	control	5.9.2	2264a8042763edf2620cfe32d96b096e1f3d26aa	5.9.2	2.55.0	1000	150	untracked	19	0.432	0.432	0	0	0	na	1788319930.152879	1788319930.306870	202618886	202618957
2026-09-02T03:31:51Z	bb3d89e13a6354257e80443b2d85736862086fd6	ea87ddbd979fc6be528bdf099a724bb5ca040c1c40bdb6eecd055df584c6530a	raw	control	5.9.2	2264a8042763edf2620cfe32d96b096e1f3d26aa	5.9.2	2.55.0	1000	150	untracked	20	0.448	0.448	0	0	0	na	1788319930.462281	1788319930.615910	202619096	202619200
2026-09-02T03:31:51Z	bb3d89e13a6354257e80443b2d85736862086fd6	ea87ddbd979fc6be528bdf099a724bb5ca040c1c40bdb6eecd055df584c6530a	wsh-idle	control	842524259bce7b86906f8a8cecb7b56dbe4493aaf15a2c0263a108a8168bb793	2264a8042763edf2620cfe32d96b096e1f3d26aa	5.9.2	2.55.0	1000	150	clean	1	0.455	0.455	0	0	0	na	1788319930.971447	1788319931.125093	202619808	202620010
2026-09-02T03:31:51Z	bb3d89e13a6354257e80443b2d85736862086fd6	ea87ddbd979fc6be528bdf099a724bb5ca040c1c40bdb6eecd055df584c6530a	wsh-idle	control	842524259bce7b86906f8a8cecb7b56dbe4493aaf15a2c0263a108a8168bb793	2264a8042763edf2620cfe32d96b096e1f3d26aa	5.9.2	2.55.0	1000	150	clean	2	0.487	0.487	0	0	0	na	1788319931.278617	1788319931.432228	202620312	202620609
2026-09-02T03:31:51Z	bb3d89e13a6354257e80443b2d85736862086fd6	ea87ddbd979fc6be528bdf099a724bb5ca040c1c40bdb6eecd055df584c6530a	wsh-idle	control	842524259bce7b86906f8a8cecb7b56dbe4493aaf15a2c0263a108a8168bb793	2264a8042763edf2620cfe32d96b096e1f3d26aa	5.9.2	2.55.0	1000	150	clean	3	0.443	0.443	0	0	0	na	1788319931.585742	1788319931.739198	202620943	202621296
2026-09-02T03:31:51Z	bb3d89e13a6354257e80443b2d85736862086fd6	ea87ddbd979fc6be528bdf099a724bb5ca040c1c40bdb6eecd055df584c6530a	wsh-idle	control	842524259bce7b86906f8a8cecb7b56dbe4493aaf15a2c0263a108a8168bb793	2264a8042763edf2620cfe32d96b096e1f3d26aa	5.9.2	2.55.0	1000	150	clean	4	0.427	0.427	0	0	0	na	1788319931.892655	1788319932.046068	202621547	202621830
2026-09-02T03:31:51Z	bb3d89e13a6354257e80443b2d85736862086fd6	ea87ddbd979fc6be528bdf099a724bb5ca040c1c40bdb6eecd055df584c6530a	wsh-idle	control	842524259bce7b86906f8a8cecb7b56dbe4493aaf15a2c0263a108a8168bb793	2264a8042763edf2620cfe32d96b096e1f3d26aa	5.9.2	2.55.0	1000	150	clean	5	0.423	0.423	0	0	0	na	1788319932.199231	1788319932.352541	202622084	202622210
2026-09-02T03:31:51Z	bb3d89e13a6354257e80443b2d85736862086fd6	ea87ddbd979fc6be528bdf099a724bb5ca040c1c40bdb6eecd055df584c6530a	wsh-idle	control	842524259bce7b86906f8a8cecb7b56dbe4493aaf15a2c0263a108a8168bb793	2264a8042763edf2620cfe32d96b096e1f3d26aa	5.9.2	2.55.0	1000	150	clean	6	0.465	0.465	0	0	0	na	1788319932.505997	1788319932.659614	202622401	202622730
2026-09-02T03:31:51Z	bb3d89e13a6354257e80443b2d85736862086fd6	ea87ddbd979fc6be528bdf099a724bb5ca040c1c40bdb6eecd055df584c6530a	wsh-idle	control	842524259bce7b86906f8a8cecb7b56dbe4493aaf15a2c0263a108a8168bb793	2264a8042763edf2620cfe32d96b096e1f3d26aa	5.9.2	2.55.0	1000	150	clean	7	0.405	0.405	0	0	0	na	1788319932.813343	1788319932.966747	202622958	202623328
2026-09-02T03:31:51Z	bb3d89e13a6354257e80443b2d85736862086fd6	ea87ddbd979fc6be528bdf099a724bb5ca040c1c40bdb6eecd055df584c6530a	wsh-idle	control	842524259bce7b86906f8a8cecb7b56dbe4493aaf15a2c0263a108a8168bb793	2264a8042763edf2620cfe32d96b096e1f3d26aa	5.9.2	2.55.0	1000	150	clean	8	0.417	0.417	0	0	0	na	1788319933.120593	1788319933.274414	202623500	202623841
2026-09-02T03:31:51Z	bb3d89e13a6354257e80443b2d85736862086fd6	ea87ddbd979fc6be528bdf099a724bb5ca040c1c40bdb6eecd055df584c6530a	wsh-idle	control	842524259bce7b86906f8a8cecb7b56dbe4493aaf15a2c0263a108a8168bb793	2264a8042763edf2620cfe32d96b096e1f3d26aa	5.9.2	2.55.0	1000	150	clean	9	0.390	0.390	0	0	0	na	1788319933.427758	1788319933.581213	202624083	202624258
2026-09-02T03:31:51Z	bb3d89e13a6354257e80443b2d85736862086fd6	ea87ddbd979fc6be528bdf099a724bb5ca040c1c40bdb6eecd055df584c6530a	wsh-idle	control	842524259bce7b86906f8a8cecb7b56dbe4493aaf15a2c0263a108a8168bb793	2264a8042763edf2620cfe32d96b096e1f3d26aa	5.9.2	2.55.0	1000	150	clean	10	0.368	0.368	0	0	0	na	1788319933.734683	1788319933.888339	202624504	202624799
2026-09-02T03:31:51Z	bb3d89e13a6354257e80443b2d85736862086fd6	ea87ddbd979fc6be528bdf099a724bb5ca040c1c40bdb6eecd055df584c6530a	wsh-idle	control	842524259bce7b86906f8a8cecb7b56dbe4493aaf15a2c0263a108a8168bb793	2264a8042763edf2620cfe32d96b096e1f3d26aa	5.9.2	2.55.0	1000	150	clean	11	0.360	0.360	0	0	0	na	1788319934.041656	1788319934.195048	202624980	202625169
2026-09-02T03:31:51Z	bb3d89e13a6354257e80443b2d85736862086fd6	ea87ddbd979fc6be528bdf099a724bb5ca040c1c40bdb6eecd055df584c6530a	wsh-idle	control	842524259bce7b86906f8a8cecb7b56dbe4493aaf15a2c0263a108a8168bb793	2264a8042763edf2620cfe32d96b096e1f3d26aa	5.9.2	2.55.0	1000	150	clean	12	0.366	0.366	0	0	0	na	1788319934.348497	1788319934.501953	202625448	202625646
2026-09-02T03:31:51Z	bb3d89e13a6354257e80443b2d85736862086fd6	ea87ddbd979fc6be528bdf099a724bb5ca040c1c40bdb6eecd055df584c6530a	wsh-idle	control	842524259bce7b86906f8a8cecb7b56dbe4493aaf15a2c0263a108a8168bb793	2264a8042763edf2620cfe32d96b096e1f3d26aa	5.9.2	2.55.0	1000	150	clean	13	0.407	0.407	0	0	0	na	1788319934.655255	1788319934.808725	202625828	202625968
2026-09-02T03:31:51Z	bb3d89e13a6354257e80443b2d85736862086fd6	ea87ddbd979fc6be528bdf099a724bb5ca040c1c40bdb6eecd055df584c6530a	wsh-idle	control	842524259bce7b86906f8a8cecb7b56dbe4493aaf15a2c0263a108a8168bb793	2264a8042763edf2620cfe32d96b096e1f3d26aa	5.9.2	2.55.0	1000	150	clean	14	0.450	0.450	0	0	0	na	1788319934.961992	1788319935.115434	202626150	202626266
2026-09-02T03:31:51Z	bb3d89e13a6354257e80443b2d85736862086fd6	ea87ddbd979fc6be528bdf099a724bb5ca040c1c40bdb6eecd055df584c6530a	wsh-idle	control	842524259bce7b86906f8a8cecb7b56dbe4493aaf15a2c0263a108a8168bb793	2264a8042763edf2620cfe32d96b096e1f3d26aa	5.9.2	2.55.0	1000	150	clean	15	0.437	0.437	0	0	0	na	1788319935.268685	1788319935.422199	202626371	202626510
2026-09-02T03:31:51Z	bb3d89e13a6354257e80443b2d85736862086fd6	ea87ddbd979fc6be528bdf099a724bb5ca040c1c40bdb6eecd055df584c6530a	wsh-idle	control	842524259bce7b86906f8a8cecb7b56dbe4493aaf15a2c0263a108a8168bb793	2264a8042763edf2620cfe32d96b096e1f3d26aa	5.9.2	2.55.0	1000	150	clean	16	0.417	0.417	0	0	0	na	1788319935.575469	1788319935.728903	202626616	202627040
2026-09-02T03:31:51Z	bb3d89e13a6354257e80443b2d85736862086fd6	ea87ddbd979fc6be528bdf099a724bb5ca040c1c40bdb6eecd055df584c6530a	wsh-idle	control	842524259bce7b86906f8a8cecb7b56dbe4493aaf15a2c0263a108a8168bb793	2264a8042763edf2620cfe32d96b096e1f3d26aa	5.9.2	2.55.0	1000	150	clean	17	0.391	0.391	0	0	0	na	1788319935.882249	1788319936.035769	202627243	202627354
2026-09-02T03:31:51Z	bb3d89e13a6354257e80443b2d85736862086fd6	ea87ddbd979fc6be528bdf099a724bb5ca040c1c40bdb6eecd055df584c6530a	wsh-idle	control	842524259bce7b86906f8a8cecb7b56dbe4493aaf15a2c0263a108a8168bb793	2264a8042763edf2620cfe32d96b096e1f3d26aa	5.9.2	2.55.0	1000	150	clean	18	0.381	0.381	0	0	0	na	1788319936.189241	1788319936.342731	202627482	202627578
2026-09-02T03:31:51Z	bb3d89e13a6354257e80443b2d85736862086fd6	ea87ddbd979fc6be528bdf099a724bb5ca040c1c40bdb6eecd055df584c6530a	wsh-idle	control	842524259bce7b86906f8a8cecb7b56dbe4493aaf15a2c0263a108a8168bb793	2264a8042763edf2620cfe32d96b096e1f3d26aa	5.9.2	2.55.0	1000	150	clean	19	0.404	0.404	0	0	0	na	1788319936.496084	1788319936.649671	202627727	202627852
2026-09-02T03:31:51Z	bb3d89e13a6354257e80443b2d85736862086fd6	ea87ddbd979fc6be528bdf099a724bb5ca040c1c40bdb6eecd055df584c6530a	wsh-idle	control	842524259bce7b86906f8a8cecb7b56dbe4493aaf15a2c0263a108a8168bb793	2264a8042763edf2620cfe32d96b096e1f3d26aa	5.9.2	2.55.0	1000	150	clean	20	0.395	0.395	0	0	0	na	1788319936.802906	1788319936.956485	202628042	202628175
2026-09-02T03:31:51Z	bb3d89e13a6354257e80443b2d85736862086fd6	ea87ddbd979fc6be528bdf099a724bb5ca040c1c40bdb6eecd055df584c6530a	wsh-idle	control	842524259bce7b86906f8a8cecb7b56dbe4493aaf15a2c0263a108a8168bb793	2264a8042763edf2620cfe32d96b096e1f3d26aa	5.9.2	2.55.0	1000	150	dirty	1	0.340	0.340	0	0	0	na	1788319937.129469	1788319937.282391	202628356	202628507
2026-09-02T03:31:51Z	bb3d89e13a6354257e80443b2d85736862086fd6	ea87ddbd979fc6be528bdf099a724bb5ca040c1c40bdb6eecd055df584c6530a	wsh-idle	control	842524259bce7b86906f8a8cecb7b56dbe4493aaf15a2c0263a108a8168bb793	2264a8042763edf2620cfe32d96b096e1f3d26aa	5.9.2	2.55.0	1000	150	dirty	2	0.356	0.356	0	0	0	na	1788319937.435357	1788319937.588265	202628680	202628903
2026-09-02T03:31:51Z	bb3d89e13a6354257e80443b2d85736862086fd6	ea87ddbd979fc6be528bdf099a724bb5ca040c1c40bdb6eecd055df584c6530a	wsh-idle	control	842524259bce7b86906f8a8cecb7b56dbe4493aaf15a2c0263a108a8168bb793	2264a8042763edf2620cfe32d96b096e1f3d26aa	5.9.2	2.55.0	1000	150	dirty	3	0.363	0.363	0	0	0	na	1788319937.741225	1788319937.894138	202629078	202629308
2026-09-02T03:31:51Z	bb3d89e13a6354257e80443b2d85736862086fd6	ea87ddbd979fc6be528bdf099a724bb5ca040c1c40bdb6eecd055df584c6530a	wsh-idle	control	842524259bce7b86906f8a8cecb7b56dbe4493aaf15a2c0263a108a8168bb793	2264a8042763edf2620cfe32d96b096e1f3d26aa	5.9.2	2.55.0	1000	150	dirty	4	0.418	0.418	0	0	0	na	1788319938.047183	1788319938.200537	202629469	202629648
2026-09-02T03:31:51Z	bb3d89e13a6354257e80443b2d85736862086fd6	ea87ddbd979fc6be528bdf099a724bb5ca040c1c40bdb6eecd055df584c6530a	wsh-idle	control	842524259bce7b86906f8a8cecb7b56dbe4493aaf15a2c0263a108a8168bb793	2264a8042763edf2620cfe32d96b096e1f3d26aa	5.9.2	2.55.0	1000	150	dirty	5	0.391	0.391	0	0	0	na	1788319938.353900	1788319938.507377	202629793	202629960
2026-09-02T03:31:51Z	bb3d89e13a6354257e80443b2d85736862086fd6	ea87ddbd979fc6be528bdf099a724bb5ca040c1c40bdb6eecd055df584c6530a	wsh-idle	control	842524259bce7b86906f8a8cecb7b56dbe4493aaf15a2c0263a108a8168bb793	2264a8042763edf2620cfe32d96b096e1f3d26aa	5.9.2	2.55.0	1000	150	dirty	6	0.358	0.358	0	0	0	na	1788319938.660772	1788319938.814151	202630090	202630291
2026-09-02T03:31:51Z	bb3d89e13a6354257e80443b2d85736862086fd6	ea87ddbd979fc6be528bdf099a724bb5ca040c1c40bdb6eecd055df584c6530a	wsh-idle	control	842524259bce7b86906f8a8cecb7b56dbe4493aaf15a2c0263a108a8168bb793	2264a8042763edf2620cfe32d96b096e1f3d26aa	5.9.2	2.55.0	1000	150	dirty	7	0.352	0.352	0	0	0	na	1788319938.967554	1788319939.120898	202630682	202630819
2026-09-02T03:31:51Z	bb3d89e13a6354257e80443b2d85736862086fd6	ea87ddbd979fc6be528bdf099a724bb5ca040c1c40bdb6eecd055df584c6530a	wsh-idle	control	842524259bce7b86906f8a8cecb7b56dbe4493aaf15a2c0263a108a8168bb793	2264a8042763edf2620cfe32d96b096e1f3d26aa	5.9.2	2.55.0	1000	150	dirty	8	0.403	0.403	0	0	0	na	1788319939.274340	1788319939.427576	202630967	202631117
2026-09-02T03:31:51Z	bb3d89e13a6354257e80443b2d85736862086fd6	ea87ddbd979fc6be528bdf099a724bb5ca040c1c40bdb6eecd055df584c6530a	wsh-idle	control	842524259bce7b86906f8a8cecb7b56dbe4493aaf15a2c0263a108a8168bb793	2264a8042763edf2620cfe32d96b096e1f3d26aa	5.9.2	2.55.0	1000	150	dirty	9	0.355	0.355	0	0	0	na	1788319939.580945	1788319939.734059	202631283	202631406
2026-09-02T03:31:51Z	bb3d89e13a6354257e80443b2d85736862086fd6	ea87ddbd979fc6be528bdf099a724bb5ca040c1c40bdb6eecd055df584c6530a	wsh-idle	control	842524259bce7b86906f8a8cecb7b56dbe4493aaf15a2c0263a108a8168bb793	2264a8042763edf2620cfe32d96b096e1f3d26aa	5.9.2	2.55.0	1000	150	dirty	10	0.402	0.402	0	0	0	na	1788319939.887429	1788319940.040973	202631585	202631754
2026-09-02T03:31:51Z	bb3d89e13a6354257e80443b2d85736862086fd6	ea87ddbd979fc6be528bdf099a724bb5ca040c1c40bdb6eecd055df584c6530a	wsh-idle	control	842524259bce7b86906f8a8cecb7b56dbe4493aaf15a2c0263a108a8168bb793	2264a8042763edf2620cfe32d96b096e1f3d26aa	5.9.2	2.55.0	1000	150	dirty	11	0.340	0.340	0	0	0	na	1788319940.194273	1788319940.347670	202631907	202632098
2026-09-02T03:31:51Z	bb3d89e13a6354257e80443b2d85736862086fd6	ea87ddbd979fc6be528bdf099a724bb5ca040c1c40bdb6eecd055df584c6530a	wsh-idle	control	842524259bce7b86906f8a8cecb7b56dbe4493aaf15a2c0263a108a8168bb793	2264a8042763edf2620cfe32d96b096e1f3d26aa	5.9.2	2.55.0	1000	150	dirty	12	0.431	0.431	0	0	0	na	1788319940.501031	1788319940.654510	202632278	202632431
2026-09-02T03:31:51Z	bb3d89e13a6354257e80443b2d85736862086fd6	ea87ddbd979fc6be528bdf099a724bb5ca040c1c40bdb6eecd055df584c6530a	wsh-idle	control	842524259bce7b86906f8a8cecb7b56dbe4493aaf15a2c0263a108a8168bb793	2264a8042763edf2620cfe32d96b096e1f3d26aa	5.9.2	2.55.0	1000	150	dirty	13	0.416	0.416	0	0	0	na	1788319940.808227	1788319940.961650	202632648	202632936
2026-09-02T03:31:51Z	bb3d89e13a6354257e80443b2d85736862086fd6	ea87ddbd979fc6be528bdf099a724bb5ca040c1c40bdb6eecd055df584c6530a	wsh-idle	control	842524259bce7b86906f8a8cecb7b56dbe4493aaf15a2c0263a108a8168bb793	2264a8042763edf2620cfe32d96b096e1f3d26aa	5.9.2	2.55.0	1000	150	dirty	14	0.379	0.379	0	0	0	na	1788319941.114993	1788319941.268610	202633086	202633300
2026-09-02T03:31:51Z	bb3d89e13a6354257e80443b2d85736862086fd6	ea87ddbd979fc6be528bdf099a724bb5ca040c1c40bdb6eecd055df584c6530a	wsh-idle	control	842524259bce7b86906f8a8cecb7b56dbe4493aaf15a2c0263a108a8168bb793	2264a8042763edf2620cfe32d96b096e1f3d26aa	5.9.2	2.55.0	1000	150	dirty	15	0.384	0.384	0	0	0	na	1788319941.422063	1788319941.575514	202633544	202633688
2026-09-02T03:31:51Z	bb3d89e13a6354257e80443b2d85736862086fd6	ea87ddbd979fc6be528bdf099a724bb5ca040c1c40bdb6eecd055df584c6530a	wsh-idle	control	842524259bce7b86906f8a8cecb7b56dbe4493aaf15a2c0263a108a8168bb793	2264a8042763edf2620cfe32d96b096e1f3d26aa	5.9.2	2.55.0	1000	150	dirty	16	0.397	0.397	0	0	0	na	1788319941.729105	1788319941.882561	202634000	202634192
2026-09-02T03:31:51Z	bb3d89e13a6354257e80443b2d85736862086fd6	ea87ddbd979fc6be528bdf099a724bb5ca040c1c40bdb6eecd055df584c6530a	wsh-idle	control	842524259bce7b86906f8a8cecb7b56dbe4493aaf15a2c0263a108a8168bb793	2264a8042763edf2620cfe32d96b096e1f3d26aa	5.9.2	2.55.0	1000	150	dirty	17	0.460	0.460	0	0	0	na	1788319942.035972	1788319942.189462	202634369	202634524
2026-09-02T03:31:51Z	bb3d89e13a6354257e80443b2d85736862086fd6	ea87ddbd979fc6be528bdf099a724bb5ca040c1c40bdb6eecd055df584c6530a	wsh-idle	control	842524259bce7b86906f8a8cecb7b56dbe4493aaf15a2c0263a108a8168bb793	2264a8042763edf2620cfe32d96b096e1f3d26aa	5.9.2	2.55.0	1000	150	dirty	18	0.408	0.408	0	0	0	na	1788319942.342880	1788319942.496311	202634659	202634830
2026-09-02T03:31:51Z	bb3d89e13a6354257e80443b2d85736862086fd6	ea87ddbd979fc6be528bdf099a724bb5ca040c1c40bdb6eecd055df584c6530a	wsh-idle	control	842524259bce7b86906f8a8cecb7b56dbe4493aaf15a2c0263a108a8168bb793	2264a8042763edf2620cfe32d96b096e1f3d26aa	5.9.2	2.55.0	1000	150	dirty	19	0.385	0.385	0	0	0	na	1788319942.649753	1788319942.803331	202634975	202635158
2026-09-02T03:31:51Z	bb3d89e13a6354257e80443b2d85736862086fd6	ea87ddbd979fc6be528bdf099a724bb5ca040c1c40bdb6eecd055df584c6530a	wsh-idle	control	842524259bce7b86906f8a8cecb7b56dbe4493aaf15a2c0263a108a8168bb793	2264a8042763edf2620cfe32d96b096e1f3d26aa	5.9.2	2.55.0	1000	150	dirty	20	0.371	0.371	0	0	0	na	1788319942.957011	1788319943.110495	202635374	202635522
2026-09-02T03:31:51Z	bb3d89e13a6354257e80443b2d85736862086fd6	ea87ddbd979fc6be528bdf099a724bb5ca040c1c40bdb6eecd055df584c6530a	wsh-idle	control	842524259bce7b86906f8a8cecb7b56dbe4493aaf15a2c0263a108a8168bb793	2264a8042763edf2620cfe32d96b096e1f3d26aa	5.9.2	2.55.0	1000	150	untracked	1	0.450	0.450	0	0	0	na	1788319943.288271	1788319943.441889	202635998	202636354
2026-09-02T03:31:51Z	bb3d89e13a6354257e80443b2d85736862086fd6	ea87ddbd979fc6be528bdf099a724bb5ca040c1c40bdb6eecd055df584c6530a	wsh-idle	control	842524259bce7b86906f8a8cecb7b56dbe4493aaf15a2c0263a108a8168bb793	2264a8042763edf2620cfe32d96b096e1f3d26aa	5.9.2	2.55.0	1000	150	untracked	2	0.442	0.442	0	0	0	na	1788319943.596640	1788319943.750048	202636733	202636816
2026-09-02T03:31:51Z	bb3d89e13a6354257e80443b2d85736862086fd6	ea87ddbd979fc6be528bdf099a724bb5ca040c1c40bdb6eecd055df584c6530a	wsh-idle	control	842524259bce7b86906f8a8cecb7b56dbe4493aaf15a2c0263a108a8168bb793	2264a8042763edf2620cfe32d96b096e1f3d26aa	5.9.2	2.55.0	1000	150	untracked	3	0.489	0.489	0	0	0	na	1788319943.904860	1788319944.058362	202638424	202638597
2026-09-02T03:31:51Z	bb3d89e13a6354257e80443b2d85736862086fd6	ea87ddbd979fc6be528bdf099a724bb5ca040c1c40bdb6eecd055df584c6530a	wsh-idle	control	842524259bce7b86906f8a8cecb7b56dbe4493aaf15a2c0263a108a8168bb793	2264a8042763edf2620cfe32d96b096e1f3d26aa	5.9.2	2.55.0	1000	150	untracked	4	0.410	0.410	0	0	0	na	1788319944.213134	1788319944.366639	202638995	202639328
2026-09-02T03:31:51Z	bb3d89e13a6354257e80443b2d85736862086fd6	ea87ddbd979fc6be528bdf099a724bb5ca040c1c40bdb6eecd055df584c6530a	wsh-idle	control	842524259bce7b86906f8a8cecb7b56dbe4493aaf15a2c0263a108a8168bb793	2264a8042763edf2620cfe32d96b096e1f3d26aa	5.9.2	2.55.0	1000	150	untracked	5	0.446	0.446	0	0	0	na	1788319944.521099	1788319944.674369	202639600	202639768
2026-09-02T03:31:51Z	bb3d89e13a6354257e80443b2d85736862086fd6	ea87ddbd979fc6be528bdf099a724bb5ca040c1c40bdb6eecd055df584c6530a	wsh-idle	control	842524259bce7b86906f8a8cecb7b56dbe4493aaf15a2c0263a108a8168bb793	2264a8042763edf2620cfe32d96b096e1f3d26aa	5.9.2	2.55.0	1000	150	untracked	6	0.399	0.399	0	0	0	na	1788319944.829119	1788319944.982551	202640001	202640176
2026-09-02T03:31:51Z	bb3d89e13a6354257e80443b2d85736862086fd6	ea87ddbd979fc6be528bdf099a724bb5ca040c1c40bdb6eecd055df584c6530a	wsh-idle	control	842524259bce7b86906f8a8cecb7b56dbe4493aaf15a2c0263a108a8168bb793	2264a8042763edf2620cfe32d96b096e1f3d26aa	5.9.2	2.55.0	1000	150	untracked	7	0.422	0.422	0	0	0	na	1788319945.137302	1788319945.290601	202640321	202640499
2026-09-02T03:31:51Z	bb3d89e13a6354257e80443b2d85736862086fd6	ea87ddbd979fc6be528bdf099a724bb5ca040c1c40bdb6eecd055df584c6530a	wsh-idle	control	842524259bce7b86906f8a8cecb7b56dbe4493aaf15a2c0263a108a8168bb793	2264a8042763edf2620cfe32d96b096e1f3d26aa	5.9.2	2.55.0	1000	150	untracked	8	0.451	0.451	0	0	0	na	1788319945.445132	1788319945.598546	202640669	202641181
2026-09-02T03:31:51Z	bb3d89e13a6354257e80443b2d85736862086fd6	ea87ddbd979fc6be528bdf099a724bb5ca040c1c40bdb6eecd055df584c6530a	wsh-idle	control	842524259bce7b86906f8a8cecb7b56dbe4493aaf15a2c0263a108a8168bb793	2264a8042763edf2620cfe32d96b096e1f3d26aa	5.9.2	2.55.0	1000	150	untracked	9	0.391	0.391	0	0	0	na	1788319945.753279	1788319945.906542	202641315	202641425
2026-09-02T03:31:51Z	bb3d89e13a6354257e80443b2d85736862086fd6	ea87ddbd979fc6be528bdf099a724bb5ca040c1c40bdb6eecd055df584c6530a	wsh-idle	control	842524259bce7b86906f8a8cecb7b56dbe4493aaf15a2c0263a108a8168bb793	2264a8042763edf2620cfe32d96b096e1f3d26aa	5.9.2	2.55.0	1000	150	untracked	10	0.361	0.361	0	0	0	na	1788319946.061277	1788319946.214674	202641536	202641667
2026-09-02T03:31:51Z	bb3d89e13a6354257e80443b2d85736862086fd6	ea87ddbd979fc6be528bdf099a724bb5ca040c1c40bdb6eecd055df584c6530a	wsh-idle	control	842524259bce7b86906f8a8cecb7b56dbe4493aaf15a2c0263a108a8168bb793	2264a8042763edf2620cfe32d96b096e1f3d26aa	5.9.2	2.55.0	1000	150	untracked	11	0.432	0.432	0	0	0	na	1788319946.369452	1788319946.522810	202641944	202642061
2026-09-02T03:31:51Z	bb3d89e13a6354257e80443b2d85736862086fd6	ea87ddbd979fc6be528bdf099a724bb5ca040c1c40bdb6eecd055df584c6530a	wsh-idle	control	842524259bce7b86906f8a8cecb7b56dbe4493aaf15a2c0263a108a8168bb793	2264a8042763edf2620cfe32d96b096e1f3d26aa	5.9.2	2.55.0	1000	150	untracked	12	0.405	0.405	0	0	0	na	1788319946.677384	1788319946.830642	202642164	202642456
2026-09-02T03:31:51Z	bb3d89e13a6354257e80443b2d85736862086fd6	ea87ddbd979fc6be528bdf099a724bb5ca040c1c40bdb6eecd055df584c6530a	wsh-idle	control	842524259bce7b86906f8a8cecb7b56dbe4493aaf15a2c0263a108a8168bb793	2264a8042763edf2620cfe32d96b096e1f3d26aa	5.9.2	2.55.0	1000	150	untracked	13	0.468	0.468	0	0	0	na	1788319946.985326	1788319947.138808	202642559	202642768
2026-09-02T03:31:51Z	bb3d89e13a6354257e80443b2d85736862086fd6	ea87ddbd979fc6be528bdf099a724bb5ca040c1c40bdb6eecd055df584c6530a	wsh-idle	control	842524259bce7b86906f8a8cecb7b56dbe4493aaf15a2c0263a108a8168bb793	2264a8042763edf2620cfe32d96b096e1f3d26aa	5.9.2	2.55.0	1000	150	untracked	14	0.456	0.456	0	0	0	na	1788319947.293754	1788319947.447740	202642883	202643036
2026-09-02T03:31:51Z	bb3d89e13a6354257e80443b2d85736862086fd6	ea87ddbd979fc6be528bdf099a724bb5ca040c1c40bdb6eecd055df584c6530a	wsh-idle	control	842524259bce7b86906f8a8cecb7b56dbe4493aaf15a2c0263a108a8168bb793	2264a8042763edf2620cfe32d96b096e1f3d26aa	5.9.2	2.55.0	1000	150	untracked	15	0.515	0.515	0	0	0	na	1788319947.602877	1788319947.756863	202643142	202643281
2026-09-02T03:31:51Z	bb3d89e13a6354257e80443b2d85736862086fd6	ea87ddbd979fc6be528bdf099a724bb5ca040c1c40bdb6eecd055df584c6530a	wsh-idle	control	842524259bce7b86906f8a8cecb7b56dbe4493aaf15a2c0263a108a8168bb793	2264a8042763edf2620cfe32d96b096e1f3d26aa	5.9.2	2.55.0	1000	150	untracked	16	0.487	0.487	0	0	0	na	1788319947.911983	1788319948.065954	202643442	202643571
2026-09-02T03:31:51Z	bb3d89e13a6354257e80443b2d85736862086fd6	ea87ddbd979fc6be528bdf099a724bb5ca040c1c40bdb6eecd055df584c6530a	wsh-idle	control	842524259bce7b86906f8a8cecb7b56dbe4493aaf15a2c0263a108a8168bb793	2264a8042763edf2620cfe32d96b096e1f3d26aa	5.9.2	2.55.0	1000	150	untracked	17	0.412	0.412	0	0	0	na	1788319948.220416	1788319948.373544	202643720	202643851
2026-09-02T03:31:51Z	bb3d89e13a6354257e80443b2d85736862086fd6	ea87ddbd979fc6be528bdf099a724bb5ca040c1c40bdb6eecd055df584c6530a	wsh-idle	control	842524259bce7b86906f8a8cecb7b56dbe4493aaf15a2c0263a108a8168bb793	2264a8042763edf2620cfe32d96b096e1f3d26aa	5.9.2	2.55.0	1000	150	untracked	18	0.445	0.445	0	0	0	na	1788319948.527849	1788319948.681176	202643981	202644098
2026-09-02T03:31:51Z	bb3d89e13a6354257e80443b2d85736862086fd6	ea87ddbd979fc6be528bdf099a724bb5ca040c1c40bdb6eecd055df584c6530a	wsh-idle	control	842524259bce7b86906f8a8cecb7b56dbe4493aaf15a2c0263a108a8168bb793	2264a8042763edf2620cfe32d96b096e1f3d26aa	5.9.2	2.55.0	1000	150	untracked	19	0.409	0.409	0	0	0	na	1788319948.835721	1788319948.988998	202644233	202644379
2026-09-02T03:31:51Z	bb3d89e13a6354257e80443b2d85736862086fd6	ea87ddbd979fc6be528bdf099a724bb5ca040c1c40bdb6eecd055df584c6530a	wsh-idle	control	842524259bce7b86906f8a8cecb7b56dbe4493aaf15a2c0263a108a8168bb793	2264a8042763edf2620cfe32d96b096e1f3d26aa	5.9.2	2.55.0	1000	150	untracked	20	0.401	0.401	0	0	0	na	1788319949.143640	1788319949.297084	202644647	202644819
2026-09-02T03:31:51Z	bb3d89e13a6354257e80443b2d85736862086fd6	ea87ddbd979fc6be528bdf099a724bb5ca040c1c40bdb6eecd055df584c6530a	direct-git	control	2.55.0	2264a8042763edf2620cfe32d96b096e1f3d26aa	5.9.2	2.55.0	1000	150	clean	1	5.722	5.722	0	1	0	na	1788319949.658767	1788319949.817634	202645300	202645577
2026-09-02T03:31:51Z	bb3d89e13a6354257e80443b2d85736862086fd6	ea87ddbd979fc6be528bdf099a724bb5ca040c1c40bdb6eecd055df584c6530a	direct-git	control	2.55.0	2264a8042763edf2620cfe32d96b096e1f3d26aa	5.9.2	2.55.0	1000	150	clean	2	5.678	5.678	0	1	0	na	1788319949.976318	1788319950.135126	202645726	202645888
2026-09-02T03:31:51Z	bb3d89e13a6354257e80443b2d85736862086fd6	ea87ddbd979fc6be528bdf099a724bb5ca040c1c40bdb6eecd055df584c6530a	direct-git	control	2.55.0	2264a8042763edf2620cfe32d96b096e1f3d26aa	5.9.2	2.55.0	1000	150	clean	3	5.229	5.229	0	1	0	na	1788319950.293751	1788319950.452193	202646021	202646174
2026-09-02T03:31:51Z	bb3d89e13a6354257e80443b2d85736862086fd6	ea87ddbd979fc6be528bdf099a724bb5ca040c1c40bdb6eecd055df584c6530a	direct-git	control	2.55.0	2264a8042763edf2620cfe32d96b096e1f3d26aa	5.9.2	2.55.0	1000	150	clean	4	5.573	5.573	0	1	0	na	1788319950.610452	1788319950.769246	202646305	202646672
2026-09-02T03:31:51Z	bb3d89e13a6354257e80443b2d85736862086fd6	ea87ddbd979fc6be528bdf099a724bb5ca040c1c40bdb6eecd055df584c6530a	direct-git	control	2.55.0	2264a8042763edf2620cfe32d96b096e1f3d26aa	5.9.2	2.55.0	1000	150	clean	5	5.223	5.223	0	1	0	na	1788319950.927910	1788319951.086387	202646942	202647073
2026-09-02T03:31:51Z	bb3d89e13a6354257e80443b2d85736862086fd6	ea87ddbd979fc6be528bdf099a724bb5ca040c1c40bdb6eecd055df584c6530a	direct-git	control	2.55.0	2264a8042763edf2620cfe32d96b096e1f3d26aa	5.9.2	2.55.0	1000	150	clean	6	5.636	5.636	0	1	0	na	1788319951.245078	1788319951.403961	202647206	202647387
2026-09-02T03:31:51Z	bb3d89e13a6354257e80443b2d85736862086fd6	ea87ddbd979fc6be528bdf099a724bb5ca040c1c40bdb6eecd055df584c6530a	direct-git	control	2.55.0	2264a8042763edf2620cfe32d96b096e1f3d26aa	5.9.2	2.55.0	1000	150	clean	7	5.277	5.277	0	1	0	na	1788319951.563722	1788319951.722563	202647558	202647748
2026-09-02T03:31:51Z	bb3d89e13a6354257e80443b2d85736862086fd6	ea87ddbd979fc6be528bdf099a724bb5ca040c1c40bdb6eecd055df584c6530a	direct-git	control	2.55.0	2264a8042763edf2620cfe32d96b096e1f3d26aa	5.9.2	2.55.0	1000	150	clean	8	5.450	5.450	0	1	0	na	1788319951.881787	1788319952.040760	202648059	202648330
2026-09-02T03:31:51Z	bb3d89e13a6354257e80443b2d85736862086fd6	ea87ddbd979fc6be528bdf099a724bb5ca040c1c40bdb6eecd055df584c6530a	direct-git	control	2.55.0	2264a8042763edf2620cfe32d96b096e1f3d26aa	5.9.2	2.55.0	1000	150	clean	9	5.520	5.520	0	1	0	na	1788319952.199554	1788319952.358690	202648407	202648505
2026-09-02T03:31:51Z	bb3d89e13a6354257e80443b2d85736862086fd6	ea87ddbd979fc6be528bdf099a724bb5ca040c1c40bdb6eecd055df584c6530a	direct-git	control	2.55.0	2264a8042763edf2620cfe32d96b096e1f3d26aa	5.9.2	2.55.0	1000	150	clean	10	5.363	5.363	0	1	0	na	1788319952.517598	1788319952.676542	202648693	202649073
2026-09-02T03:31:51Z	bb3d89e13a6354257e80443b2d85736862086fd6	ea87ddbd979fc6be528bdf099a724bb5ca040c1c40bdb6eecd055df584c6530a	direct-git	control	2.55.0	2264a8042763edf2620cfe32d96b096e1f3d26aa	5.9.2	2.55.0	1000	150	clean	11	5.457	5.457	0	1	0	na	1788319952.835750	1788319952.994971	202649367	202649502
2026-09-02T03:31:51Z	bb3d89e13a6354257e80443b2d85736862086fd6	ea87ddbd979fc6be528bdf099a724bb5ca040c1c40bdb6eecd055df584c6530a	direct-git	control	2.55.0	2264a8042763edf2620cfe32d96b096e1f3d26aa	5.9.2	2.55.0	1000	150	clean	12	5.299	5.299	0	1	0	na	1788319953.153870	1788319953.312697	202649697	202649895
2026-09-02T03:31:51Z	bb3d89e13a6354257e80443b2d85736862086fd6	ea87ddbd979fc6be528bdf099a724bb5ca040c1c40bdb6eecd055df584c6530a	direct-git	control	2.55.0	2264a8042763edf2620cfe32d96b096e1f3d26aa	5.9.2	2.55.0	1000	150	clean	13	5.743	5.743	0	1	0	na	1788319953.472011	1788319953.632214	202650250	202650405
2026-09-02T03:31:51Z	bb3d89e13a6354257e80443b2d85736862086fd6	ea87ddbd979fc6be528bdf099a724bb5ca040c1c40bdb6eecd055df584c6530a	direct-git	control	2.55.0	2264a8042763edf2620cfe32d96b096e1f3d26aa	5.9.2	2.55.0	1000	150	clean	14	5.635	5.635	0	1	0	na	1788319953.792530	1788319953.952384	202650658	202651072
2026-09-02T03:31:51Z	bb3d89e13a6354257e80443b2d85736862086fd6	ea87ddbd979fc6be528bdf099a724bb5ca040c1c40bdb6eecd055df584c6530a	direct-git	control	2.55.0	2264a8042763edf2620cfe32d96b096e1f3d26aa	5.9.2	2.55.0	1000	150	clean	15	5.311	5.311	0	1	0	na	1788319954.111408	1788319954.270134	202651223	202651358
2026-09-02T03:31:51Z	bb3d89e13a6354257e80443b2d85736862086fd6	ea87ddbd979fc6be528bdf099a724bb5ca040c1c40bdb6eecd055df584c6530a	direct-git	control	2.55.0	2264a8042763edf2620cfe32d96b096e1f3d26aa	5.9.2	2.55.0	1000	150	clean	16	5.462	5.462	0	1	0	na	1788319954.429151	1788319954.588124	202651497	202651599
2026-09-02T03:31:51Z	bb3d89e13a6354257e80443b2d85736862086fd6	ea87ddbd979fc6be528bdf099a724bb5ca040c1c40bdb6eecd055df584c6530a	direct-git	control	2.55.0	2264a8042763edf2620cfe32d96b096e1f3d26aa	5.9.2	2.55.0	1000	150	clean	17	5.393	5.393	0	1	0	na	1788319954.747010	1788319954.906278	202651704	202651926
2026-09-02T03:31:51Z	bb3d89e13a6354257e80443b2d85736862086fd6	ea87ddbd979fc6be528bdf099a724bb5ca040c1c40bdb6eecd055df584c6530a	direct-git	control	2.55.0	2264a8042763edf2620cfe32d96b096e1f3d26aa	5.9.2	2.55.0	1000	150	clean	18	5.257	5.257	0	1	0	na	1788319955.065080	1788319955.224201	202652115	202652258
2026-09-02T03:31:51Z	bb3d89e13a6354257e80443b2d85736862086fd6	ea87ddbd979fc6be528bdf099a724bb5ca040c1c40bdb6eecd055df584c6530a	direct-git	control	2.55.0	2264a8042763edf2620cfe32d96b096e1f3d26aa	5.9.2	2.55.0	1000	150	clean	19	4.988	4.988	0	1	0	na	1788319955.383749	1788319955.542353	202652398	202652575
2026-09-02T03:31:51Z	bb3d89e13a6354257e80443b2d85736862086fd6	ea87ddbd979fc6be528bdf099a724bb5ca040c1c40bdb6eecd055df584c6530a	direct-git	control	2.55.0	2264a8042763edf2620cfe32d96b096e1f3d26aa	5.9.2	2.55.0	1000	150	clean	20	5.384	5.384	0	1	0	na	1788319955.701814	1788319955.860898	202652697	202652973
2026-09-02T03:31:51Z	bb3d89e13a6354257e80443b2d85736862086fd6	ea87ddbd979fc6be528bdf099a724bb5ca040c1c40bdb6eecd055df584c6530a	direct-git	control	2.55.0	2264a8042763edf2620cfe32d96b096e1f3d26aa	5.9.2	2.55.0	1000	150	dirty	1	5.792	5.792	0	1	0	na	1788319956.039955	1788319956.199645	202653180	202653260
2026-09-02T03:31:51Z	bb3d89e13a6354257e80443b2d85736862086fd6	ea87ddbd979fc6be528bdf099a724bb5ca040c1c40bdb6eecd055df584c6530a	direct-git	control	2.55.0	2264a8042763edf2620cfe32d96b096e1f3d26aa	5.9.2	2.55.0	1000	150	dirty	2	5.254	5.254	0	1	0	na	1788319956.359900	1788319956.518921	202654278	202655006
2026-09-02T03:31:51Z	bb3d89e13a6354257e80443b2d85736862086fd6	ea87ddbd979fc6be528bdf099a724bb5ca040c1c40bdb6eecd055df584c6530a	direct-git	control	2.55.0	2264a8042763edf2620cfe32d96b096e1f3d26aa	5.9.2	2.55.0	1000	150	dirty	3	5.496	5.496	0	1	0	na	1788319956.678384	1788319956.837822	202655219	202655590
2026-09-02T03:31:51Z	bb3d89e13a6354257e80443b2d85736862086fd6	ea87ddbd979fc6be528bdf099a724bb5ca040c1c40bdb6eecd055df584c6530a	direct-git	control	2.55.0	2264a8042763edf2620cfe32d96b096e1f3d26aa	5.9.2	2.55.0	1000	150	dirty	4	5.776	5.776	0	1	0	na	1788319956.998108	1788319957.158074	202655702	202656500
2026-09-02T03:31:51Z	bb3d89e13a6354257e80443b2d85736862086fd6	ea87ddbd979fc6be528bdf099a724bb5ca040c1c40bdb6eecd055df584c6530a	direct-git	control	2.55.0	2264a8042763edf2620cfe32d96b096e1f3d26aa	5.9.2	2.55.0	1000	150	dirty	5	5.331	5.331	0	1	0	na	1788319957.318478	1788319957.478848	202656588	202656787
2026-09-02T03:31:51Z	bb3d89e13a6354257e80443b2d85736862086fd6	ea87ddbd979fc6be528bdf099a724bb5ca040c1c40bdb6eecd055df584c6530a	direct-git	control	2.55.0	2264a8042763edf2620cfe32d96b096e1f3d26aa	5.9.2	2.55.0	1000	150	dirty	6	5.358	5.358	0	1	0	na	1788319957.640123	1788319957.800152	202656951	202657099
2026-09-02T03:31:51Z	bb3d89e13a6354257e80443b2d85736862086fd6	ea87ddbd979fc6be528bdf099a724bb5ca040c1c40bdb6eecd055df584c6530a	direct-git	control	2.55.0	2264a8042763edf2620cfe32d96b096e1f3d26aa	5.9.2	2.55.0	1000	150	dirty	7	5.506	5.506	0	1	0	na	1788319957.961160	1788319958.121022	202657519	202657609
2026-09-02T03:31:51Z	bb3d89e13a6354257e80443b2d85736862086fd6	ea87ddbd979fc6be528bdf099a724bb5ca040c1c40bdb6eecd055df584c6530a	direct-git	control	2.55.0	2264a8042763edf2620cfe32d96b096e1f3d26aa	5.9.2	2.55.0	1000	150	dirty	8	5.225	5.225	0	1	0	na	1788319958.281627	1788319958.441069	202657662	202657702
2026-09-02T03:31:51Z	bb3d89e13a6354257e80443b2d85736862086fd6	ea87ddbd979fc6be528bdf099a724bb5ca040c1c40bdb6eecd055df584c6530a	direct-git	control	2.55.0	2264a8042763edf2620cfe32d96b096e1f3d26aa	5.9.2	2.55.0	1000	150	dirty	9	5.083	5.083	0	1	0	na	1788319958.601941	1788319958.761949	202657832	202658010
2026-09-02T03:31:51Z	bb3d89e13a6354257e80443b2d85736862086fd6	ea87ddbd979fc6be528bdf099a724bb5ca040c1c40bdb6eecd055df584c6530a	direct-git	control	2.55.0	2264a8042763edf2620cfe32d96b096e1f3d26aa	5.9.2	2.55.0	1000	150	dirty	10	5.591	5.591	0	1	0	na	1788319958.923354	1788319959.083454	202658145	202658174
2026-09-02T03:31:51Z	bb3d89e13a6354257e80443b2d85736862086fd6	ea87ddbd979fc6be528bdf099a724bb5ca040c1c40bdb6eecd055df584c6530a	direct-git	control	2.55.0	2264a8042763edf2620cfe32d96b096e1f3d26aa	5.9.2	2.55.0	1000	150	dirty	11	5.283	5.283	0	1	0	na	1788319959.243860	1788319959.403596	202658343	202659186
2026-09-02T03:31:51Z	bb3d89e13a6354257e80443b2d85736862086fd6	ea87ddbd979fc6be528bdf099a724bb5ca040c1c40bdb6eecd055df584c6530a	direct-git	control	2.55.0	2264a8042763edf2620cfe32d96b096e1f3d26aa	5.9.2	2.55.0	1000	150	dirty	12	5.024	5.024	0	1	0	na	1788319959.564249	1788319959.723831	202659242	202659288
2026-09-02T03:31:51Z	bb3d89e13a6354257e80443b2d85736862086fd6	ea87ddbd979fc6be528bdf099a724bb5ca040c1c40bdb6eecd055df584c6530a	direct-git	control	2.55.0	2264a8042763edf2620cfe32d96b096e1f3d26aa	5.9.2	2.55.0	1000	150	dirty	13	6.366	6.366	0	1	0	na	1788319959.884627	1788319960.044743	202659437	202659543
2026-09-02T03:31:51Z	bb3d89e13a6354257e80443b2d85736862086fd6	ea87ddbd979fc6be528bdf099a724bb5ca040c1c40bdb6eecd055df584c6530a	direct-git	control	2.55.0	2264a8042763edf2620cfe32d96b096e1f3d26aa	5.9.2	2.55.0	1000	150	dirty	14	5.538	5.538	0	1	0	na	1788319960.204726	1788319960.364134	202659663	202659703
2026-09-02T03:31:51Z	bb3d89e13a6354257e80443b2d85736862086fd6	ea87ddbd979fc6be528bdf099a724bb5ca040c1c40bdb6eecd055df584c6530a	direct-git	control	2.55.0	2264a8042763edf2620cfe32d96b096e1f3d26aa	5.9.2	2.55.0	1000	150	dirty	15	4.979	4.979	0	1	0	na	1788319960.524107	1788319960.683002	202659790	202659885
2026-09-02T03:31:51Z	bb3d89e13a6354257e80443b2d85736862086fd6	ea87ddbd979fc6be528bdf099a724bb5ca040c1c40bdb6eecd055df584c6530a	direct-git	control	2.55.0	2264a8042763edf2620cfe32d96b096e1f3d26aa	5.9.2	2.55.0	1000	150	dirty	16	5.363	5.363	0	1	0	na	1788319960.843793	1788319961.003426	202660068	202660132
2026-09-02T03:31:51Z	bb3d89e13a6354257e80443b2d85736862086fd6	ea87ddbd979fc6be528bdf099a724bb5ca040c1c40bdb6eecd055df584c6530a	direct-git	control	2.55.0	2264a8042763edf2620cfe32d96b096e1f3d26aa	5.9.2	2.55.0	1000	150	dirty	17	5.867	5.867	0	1	0	na	1788319961.163885	1788319961.324230	202660158	202660307
2026-09-02T03:31:51Z	bb3d89e13a6354257e80443b2d85736862086fd6	ea87ddbd979fc6be528bdf099a724bb5ca040c1c40bdb6eecd055df584c6530a	direct-git	control	2.55.0	2264a8042763edf2620cfe32d96b096e1f3d26aa	5.9.2	2.55.0	1000	150	dirty	18	5.356	5.356	0	1	0	na	1788319961.484774	1788319961.644907	202660384	202660446
2026-09-02T03:31:51Z	bb3d89e13a6354257e80443b2d85736862086fd6	ea87ddbd979fc6be528bdf099a724bb5ca040c1c40bdb6eecd055df584c6530a	direct-git	control	2.55.0	2264a8042763edf2620cfe32d96b096e1f3d26aa	5.9.2	2.55.0	1000	150	dirty	19	5.713	5.713	0	1	0	na	1788319961.805449	1788319961.966096	202660512	202661444
2026-09-02T03:31:51Z	bb3d89e13a6354257e80443b2d85736862086fd6	ea87ddbd979fc6be528bdf099a724bb5ca040c1c40bdb6eecd055df584c6530a	direct-git	control	2.55.0	2264a8042763edf2620cfe32d96b096e1f3d26aa	5.9.2	2.55.0	1000	150	dirty	20	5.225	5.225	0	1	0	na	1788319962.127196	1788319962.286827	202661525	202661600
2026-09-02T03:31:51Z	bb3d89e13a6354257e80443b2d85736862086fd6	ea87ddbd979fc6be528bdf099a724bb5ca040c1c40bdb6eecd055df584c6530a	direct-git	control	2.55.0	2264a8042763edf2620cfe32d96b096e1f3d26aa	5.9.2	2.55.0	1000	150	untracked	1	5.432	5.432	0	1	0	na	1788319962.469450	1788319962.628512	202661676	202661736
2026-09-02T03:31:51Z	bb3d89e13a6354257e80443b2d85736862086fd6	ea87ddbd979fc6be528bdf099a724bb5ca040c1c40bdb6eecd055df584c6530a	direct-git	control	2.55.0	2264a8042763edf2620cfe32d96b096e1f3d26aa	5.9.2	2.55.0	1000	150	untracked	2	5.288	5.288	0	1	0	na	1788319962.789287	1788319962.948297	202661878	202661957
2026-09-02T03:31:51Z	bb3d89e13a6354257e80443b2d85736862086fd6	ea87ddbd979fc6be528bdf099a724bb5ca040c1c40bdb6eecd055df584c6530a	direct-git	control	2.55.0	2264a8042763edf2620cfe32d96b096e1f3d26aa	5.9.2	2.55.0	1000	150	untracked	3	5.394	5.394	0	1	0	na	1788319963.110773	1788319963.270061	202662096	202662190
2026-09-02T03:31:51Z	bb3d89e13a6354257e80443b2d85736862086fd6	ea87ddbd979fc6be528bdf099a724bb5ca040c1c40bdb6eecd055df584c6530a	direct-git	control	2.55.0	2264a8042763edf2620cfe32d96b096e1f3d26aa	5.9.2	2.55.0	1000	150	untracked	4	5.411	5.411	0	1	0	na	1788319963.431817	1788319963.591123	202663508	202663578
2026-09-02T03:31:51Z	bb3d89e13a6354257e80443b2d85736862086fd6	ea87ddbd979fc6be528bdf099a724bb5ca040c1c40bdb6eecd055df584c6530a	direct-git	control	2.55.0	2264a8042763edf2620cfe32d96b096e1f3d26aa	5.9.2	2.55.0	1000	150	untracked	5	5.407	5.407	0	1	0	na	1788319963.752531	1788319963.912243	202664384	202664487
2026-09-02T03:31:51Z	bb3d89e13a6354257e80443b2d85736862086fd6	ea87ddbd979fc6be528bdf099a724bb5ca040c1c40bdb6eecd055df584c6530a	direct-git	control	2.55.0	2264a8042763edf2620cfe32d96b096e1f3d26aa	5.9.2	2.55.0	1000	150	untracked	6	5.944	5.944	0	1	0	na	1788319964.074085	1788319964.234634	202664819	202664951
2026-09-02T03:31:51Z	bb3d89e13a6354257e80443b2d85736862086fd6	ea87ddbd979fc6be528bdf099a724bb5ca040c1c40bdb6eecd055df584c6530a	direct-git	control	2.55.0	2264a8042763edf2620cfe32d96b096e1f3d26aa	5.9.2	2.55.0	1000	150	untracked	7	5.943	5.943	0	1	0	na	1788319964.396721	1788319964.558444	202665409	202666059
2026-09-02T03:31:51Z	bb3d89e13a6354257e80443b2d85736862086fd6	ea87ddbd979fc6be528bdf099a724bb5ca040c1c40bdb6eecd055df584c6530a	direct-git	control	2.55.0	2264a8042763edf2620cfe32d96b096e1f3d26aa	5.9.2	2.55.0	1000	150	untracked	8	5.325	5.325	0	1	0	na	1788319964.720583	1788319964.881024	202666231	202666475
2026-09-02T03:31:51Z	bb3d89e13a6354257e80443b2d85736862086fd6	ea87ddbd979fc6be528bdf099a724bb5ca040c1c40bdb6eecd055df584c6530a	direct-git	control	2.55.0	2264a8042763edf2620cfe32d96b096e1f3d26aa	5.9.2	2.55.0	1000	150	untracked	9	5.574	5.574	0	1	0	na	1788319965.043513	1788319965.204036	202666662	202666751
2026-09-02T03:31:51Z	bb3d89e13a6354257e80443b2d85736862086fd6	ea87ddbd979fc6be528bdf099a724bb5ca040c1c40bdb6eecd055df584c6530a	direct-git	control	2.55.0	2264a8042763edf2620cfe32d96b096e1f3d26aa	5.9.2	2.55.0	1000	150	untracked	10	5.534	5.534	0	1	0	na	1788319965.365352	1788319965.525175	202666842	202666994
2026-09-02T03:31:51Z	bb3d89e13a6354257e80443b2d85736862086fd6	ea87ddbd979fc6be528bdf099a724bb5ca040c1c40bdb6eecd055df584c6530a	direct-git	control	2.55.0	2264a8042763edf2620cfe32d96b096e1f3d26aa	5.9.2	2.55.0	1000	150	untracked	11	5.286	5.286	0	1	0	na	1788319965.686630	1788319965.846076	202667119	202667284
2026-09-02T03:31:51Z	bb3d89e13a6354257e80443b2d85736862086fd6	ea87ddbd979fc6be528bdf099a724bb5ca040c1c40bdb6eecd055df584c6530a	direct-git	control	2.55.0	2264a8042763edf2620cfe32d96b096e1f3d26aa	5.9.2	2.55.0	1000	150	untracked	12	5.566	5.566	0	1	0	na	1788319966.007500	1788319966.167093	202667387	202667426
2026-09-02T03:31:51Z	bb3d89e13a6354257e80443b2d85736862086fd6	ea87ddbd979fc6be528bdf099a724bb5ca040c1c40bdb6eecd055df584c6530a	direct-git	control	2.55.0	2264a8042763edf2620cfe32d96b096e1f3d26aa	5.9.2	2.55.0	1000	150	untracked	13	5.585	5.585	0	1	0	na	1788319966.328572	1788319966.488184	202667510	202668321
2026-09-02T03:31:51Z	bb3d89e13a6354257e80443b2d85736862086fd6	ea87ddbd979fc6be528bdf099a724bb5ca040c1c40bdb6eecd055df584c6530a	direct-git	control	2.55.0	2264a8042763edf2620cfe32d96b096e1f3d26aa	5.9.2	2.55.0	1000	150	untracked	14	5.250	5.250	0	1	0	na	1788319966.650665	1788319966.810819	202668469	202668639
2026-09-02T03:31:51Z	bb3d89e13a6354257e80443b2d85736862086fd6	ea87ddbd979fc6be528bdf099a724bb5ca040c1c40bdb6eecd055df584c6530a	direct-git	control	2.55.0	2264a8042763edf2620cfe32d96b096e1f3d26aa	5.9.2	2.55.0	1000	150	untracked	15	5.251	5.251	0	1	0	na	1788319966.972359	1788319967.131852	202668693	202669499
2026-09-02T03:31:51Z	bb3d89e13a6354257e80443b2d85736862086fd6	ea87ddbd979fc6be528bdf099a724bb5ca040c1c40bdb6eecd055df584c6530a	direct-git	control	2.55.0	2264a8042763edf2620cfe32d96b096e1f3d26aa	5.9.2	2.55.0	1000	150	untracked	16	5.182	5.182	0	1	0	na	1788319967.294325	1788319967.454803	202669633	202669737
2026-09-02T03:31:51Z	bb3d89e13a6354257e80443b2d85736862086fd6	ea87ddbd979fc6be528bdf099a724bb5ca040c1c40bdb6eecd055df584c6530a	direct-git	control	2.55.0	2264a8042763edf2620cfe32d96b096e1f3d26aa	5.9.2	2.55.0	1000	150	untracked	17	5.697	5.697	0	1	0	na	1788319967.617047	1788319967.777466	202670562	202670609
2026-09-02T03:31:51Z	bb3d89e13a6354257e80443b2d85736862086fd6	ea87ddbd979fc6be528bdf099a724bb5ca040c1c40bdb6eecd055df584c6530a	direct-git	control	2.55.0	2264a8042763edf2620cfe32d96b096e1f3d26aa	5.9.2	2.55.0	1000	150	untracked	18	5.462	5.462	0	1	0	na	1788319967.939608	1788319968.100324	202670699	202671351
2026-09-02T03:31:51Z	bb3d89e13a6354257e80443b2d85736862086fd6	ea87ddbd979fc6be528bdf099a724bb5ca040c1c40bdb6eecd055df584c6530a	direct-git	control	2.55.0	2264a8042763edf2620cfe32d96b096e1f3d26aa	5.9.2	2.55.0	1000	150	untracked	19	5.997	5.997	0	1	0	na	1788319968.262381	1788319968.422372	202671400	202671493
2026-09-02T03:31:51Z	bb3d89e13a6354257e80443b2d85736862086fd6	ea87ddbd979fc6be528bdf099a724bb5ca040c1c40bdb6eecd055df584c6530a	direct-git	control	2.55.0	2264a8042763edf2620cfe32d96b096e1f3d26aa	5.9.2	2.55.0	1000	150	untracked	20	5.365	5.365	0	1	0	na	1788319968.584322	1788319968.743949	202671600	202672330
2026-09-02T03:31:51Z	bb3d89e13a6354257e80443b2d85736862086fd6	ea87ddbd979fc6be528bdf099a724bb5ca040c1c40bdb6eecd055df584c6530a	wsh	local	842524259bce7b86906f8a8cecb7b56dbe4493aaf15a2c0263a108a8168bb793	2264a8042763edf2620cfe32d96b096e1f3d26aa	5.9.2	2.55.0	1000	150	clean	1	0.943	7.603	1	1	0	1	1788319969.119431	1788319969.281330	202672659	202672758
2026-09-02T03:31:51Z	bb3d89e13a6354257e80443b2d85736862086fd6	ea87ddbd979fc6be528bdf099a724bb5ca040c1c40bdb6eecd055df584c6530a	wsh	local	842524259bce7b86906f8a8cecb7b56dbe4493aaf15a2c0263a108a8168bb793	2264a8042763edf2620cfe32d96b096e1f3d26aa	5.9.2	2.55.0	1000	150	clean	2	0.936	7.776	1	1	0	1	1788319969.611429	1788319969.773962	202672989	202673990
2026-09-02T03:31:51Z	bb3d89e13a6354257e80443b2d85736862086fd6	ea87ddbd979fc6be528bdf099a724bb5ca040c1c40bdb6eecd055df584c6530a	wsh	local	842524259bce7b86906f8a8cecb7b56dbe4493aaf15a2c0263a108a8168bb793	2264a8042763edf2620cfe32d96b096e1f3d26aa	5.9.2	2.55.0	1000	150	clean	3	0.943	7.809	1	1	0	1	1788319970.103839	1788319970.266170	202674733	202674792
2026-09-02T03:31:51Z	bb3d89e13a6354257e80443b2d85736862086fd6	ea87ddbd979fc6be528bdf099a724bb5ca040c1c40bdb6eecd055df584c6530a	wsh	local	842524259bce7b86906f8a8cecb7b56dbe4493aaf15a2c0263a108a8168bb793	2264a8042763edf2620cfe32d96b096e1f3d26aa	5.9.2	2.55.0	1000	150	clean	4	0.943	7.847	1	1	0	1	1788319970.595996	1788319970.758386	202675032	202675080
2026-09-02T03:31:51Z	bb3d89e13a6354257e80443b2d85736862086fd6	ea87ddbd979fc6be528bdf099a724bb5ca040c1c40bdb6eecd055df584c6530a	wsh	local	842524259bce7b86906f8a8cecb7b56dbe4493aaf15a2c0263a108a8168bb793	2264a8042763edf2620cfe32d96b096e1f3d26aa	5.9.2	2.55.0	1000	150	clean	5	0.974	7.845	1	1	0	1	1788319971.089196	1788319971.251147	202676044	202676243
2026-09-02T03:31:51Z	bb3d89e13a6354257e80443b2d85736862086fd6	ea87ddbd979fc6be528bdf099a724bb5ca040c1c40bdb6eecd055df584c6530a	wsh	local	842524259bce7b86906f8a8cecb7b56dbe4493aaf15a2c0263a108a8168bb793	2264a8042763edf2620cfe32d96b096e1f3d26aa	5.9.2	2.55.0	1000	150	clean	6	0.923	7.894	1	1	0	1	1788319971.581911	1788319971.744694	202676562	202676890
2026-09-02T03:31:51Z	bb3d89e13a6354257e80443b2d85736862086fd6	ea87ddbd979fc6be528bdf099a724bb5ca040c1c40bdb6eecd055df584c6530a	wsh	local	842524259bce7b86906f8a8cecb7b56dbe4493aaf15a2c0263a108a8168bb793	2264a8042763edf2620cfe32d96b096e1f3d26aa	5.9.2	2.55.0	1000	150	clean	7	0.973	6.718	1	1	0	1	1788319972.075465	1788319972.236726	202677820	202677965
2026-09-02T03:31:51Z	bb3d89e13a6354257e80443b2d85736862086fd6	ea87ddbd979fc6be528bdf099a724bb5ca040c1c40bdb6eecd055df584c6530a	wsh	local	842524259bce7b86906f8a8cecb7b56dbe4493aaf15a2c0263a108a8168bb793	2264a8042763edf2620cfe32d96b096e1f3d26aa	5.9.2	2.55.0	1000	150	clean	8	1.040	6.593	1	1	0	1	1788319972.566713	1788319972.727766	202678308	202678421
2026-09-02T03:31:51Z	bb3d89e13a6354257e80443b2d85736862086fd6	ea87ddbd979fc6be528bdf099a724bb5ca040c1c40bdb6eecd055df584c6530a	wsh	local	842524259bce7b86906f8a8cecb7b56dbe4493aaf15a2c0263a108a8168bb793	2264a8042763edf2620cfe32d96b096e1f3d26aa	5.9.2	2.55.0	1000	150	clean	9	1.078	7.939	1	1	0	1	1788319973.058018	1788319973.220736	202678860	202678987
2026-09-02T03:31:51Z	bb3d89e13a6354257e80443b2d85736862086fd6	ea87ddbd979fc6be528bdf099a724bb5ca040c1c40bdb6eecd055df584c6530a	wsh	local	842524259bce7b86906f8a8cecb7b56dbe4493aaf15a2c0263a108a8168bb793	2264a8042763edf2620cfe32d96b096e1f3d26aa	5.9.2	2.55.0	1000	150	clean	10	0.946	6.557	1	1	0	1	1788319973.551097	1788319973.712057	202679314	202679466
2026-09-02T03:31:51Z	bb3d89e13a6354257e80443b2d85736862086fd6	ea87ddbd979fc6be528bdf099a724bb5ca040c1c40bdb6eecd055df584c6530a	wsh	local	842524259bce7b86906f8a8cecb7b56dbe4493aaf15a2c0263a108a8168bb793	2264a8042763edf2620cfe32d96b096e1f3d26aa	5.9.2	2.55.0	1000	150	clean	11	0.949	7.594	1	1	0	1	1788319974.041216	1788319974.203578	202679896	202680059
2026-09-02T03:31:51Z	bb3d89e13a6354257e80443b2d85736862086fd6	ea87ddbd979fc6be528bdf099a724bb5ca040c1c40bdb6eecd055df584c6530a	wsh	local	842524259bce7b86906f8a8cecb7b56dbe4493aaf15a2c0263a108a8168bb793	2264a8042763edf2620cfe32d96b096e1f3d26aa	5.9.2	2.55.0	1000	150	clean	12	0.957	6.636	1	1	0	1	1788319974.534066	1788319974.695488	202680576	202680744
2026-09-02T03:31:51Z	bb3d89e13a6354257e80443b2d85736862086fd6	ea87ddbd979fc6be528bdf099a724bb5ca040c1c40bdb6eecd055df584c6530a	wsh	local	842524259bce7b86906f8a8cecb7b56dbe4493aaf15a2c0263a108a8168bb793	2264a8042763edf2620cfe32d96b096e1f3d26aa	5.9.2	2.55.0	1000	150	clean	13	0.986	7.665	1	1	0	1	1788319975.025657	1788319975.188244	202681427	202681732
2026-09-02T03:31:51Z	bb3d89e13a6354257e80443b2d85736862086fd6	ea87ddbd979fc6be528bdf099a724bb5ca040c1c40bdb6eecd055df584c6530a	wsh	local	842524259bce7b86906f8a8cecb7b56dbe4493aaf15a2c0263a108a8168bb793	2264a8042763edf2620cfe32d96b096e1f3d26aa	5.9.2	2.55.0	1000	150	clean	14	1.033	7.804	1	1	0	1	1788319975.518679	1788319975.681465	202682049	202682333
2026-09-02T03:31:51Z	bb3d89e13a6354257e80443b2d85736862086fd6	ea87ddbd979fc6be528bdf099a724bb5ca040c1c40bdb6eecd055df584c6530a	wsh	local	842524259bce7b86906f8a8cecb7b56dbe4493aaf15a2c0263a108a8168bb793	2264a8042763edf2620cfe32d96b096e1f3d26aa	5.9.2	2.55.0	1000	150	clean	15	1.066	7.855	1	1	0	1	1788319976.012876	1788319976.175618	202683004	202683152
2026-09-02T03:31:51Z	bb3d89e13a6354257e80443b2d85736862086fd6	ea87ddbd979fc6be528bdf099a724bb5ca040c1c40bdb6eecd055df584c6530a	wsh	local	842524259bce7b86906f8a8cecb7b56dbe4493aaf15a2c0263a108a8168bb793	2264a8042763edf2620cfe32d96b096e1f3d26aa	5.9.2	2.55.0	1000	150	clean	16	0.964	7.564	1	1	0	1	1788319976.505364	1788319976.667443	202683504	202683706
2026-09-02T03:31:51Z	bb3d89e13a6354257e80443b2d85736862086fd6	ea87ddbd979fc6be528bdf099a724bb5ca040c1c40bdb6eecd055df584c6530a	wsh	local	842524259bce7b86906f8a8cecb7b56dbe4493aaf15a2c0263a108a8168bb793	2264a8042763edf2620cfe32d96b096e1f3d26aa	5.9.2	2.55.0	1000	150	clean	17	0.895	7.814	1	1	0	1	1788319976.999764	1788319977.162494	202684695	202684915
2026-09-02T03:31:51Z	bb3d89e13a6354257e80443b2d85736862086fd6	ea87ddbd979fc6be528bdf099a724bb5ca040c1c40bdb6eecd055df584c6530a	wsh	local	842524259bce7b86906f8a8cecb7b56dbe4493aaf15a2c0263a108a8168bb793	2264a8042763edf2620cfe32d96b096e1f3d26aa	5.9.2	2.55.0	1000	150	clean	18	1.051	6.652	1	1	0	1	1788319977.493461	1788319977.654933	202685381	202685557
2026-09-02T03:31:51Z	bb3d89e13a6354257e80443b2d85736862086fd6	ea87ddbd979fc6be528bdf099a724bb5ca040c1c40bdb6eecd055df584c6530a	wsh	local	842524259bce7b86906f8a8cecb7b56dbe4493aaf15a2c0263a108a8168bb793	2264a8042763edf2620cfe32d96b096e1f3d26aa	5.9.2	2.55.0	1000	150	clean	19	1.027	7.743	1	1	0	1	1788319977.984702	1788319978.147954	202685980	202686203
2026-09-02T03:31:51Z	bb3d89e13a6354257e80443b2d85736862086fd6	ea87ddbd979fc6be528bdf099a724bb5ca040c1c40bdb6eecd055df584c6530a	wsh	local	842524259bce7b86906f8a8cecb7b56dbe4493aaf15a2c0263a108a8168bb793	2264a8042763edf2620cfe32d96b096e1f3d26aa	5.9.2	2.55.0	1000	150	clean	20	1.032	7.598	1	1	0	1	1788319978.477604	1788319978.640051	202686493	202686642
2026-09-02T03:31:51Z	bb3d89e13a6354257e80443b2d85736862086fd6	ea87ddbd979fc6be528bdf099a724bb5ca040c1c40bdb6eecd055df584c6530a	wsh	local	842524259bce7b86906f8a8cecb7b56dbe4493aaf15a2c0263a108a8168bb793	2264a8042763edf2620cfe32d96b096e1f3d26aa	5.9.2	2.55.0	1000	150	dirty	1	0.914	6.722	1	1	0	1	1788319978.995205	1788319979.157015	202687015	202687192
2026-09-02T03:31:51Z	bb3d89e13a6354257e80443b2d85736862086fd6	ea87ddbd979fc6be528bdf099a724bb5ca040c1c40bdb6eecd055df584c6530a	wsh	local	842524259bce7b86906f8a8cecb7b56dbe4493aaf15a2c0263a108a8168bb793	2264a8042763edf2620cfe32d96b096e1f3d26aa	5.9.2	2.55.0	1000	150	dirty	2	0.833	6.592	1	1	0	1	1788319979.486536	1788319979.647924	202687503	202687635
2026-09-02T03:31:51Z	bb3d89e13a6354257e80443b2d85736862086fd6	ea87ddbd979fc6be528bdf099a724bb5ca040c1c40bdb6eecd055df584c6530a	wsh	local	842524259bce7b86906f8a8cecb7b56dbe4493aaf15a2c0263a108a8168bb793	2264a8042763edf2620cfe32d96b096e1f3d26aa	5.9.2	2.55.0	1000	150	dirty	3	0.894	6.699	1	1	0	1	1788319979.978943	1788319980.140749	202688099	202688269
2026-09-02T03:31:51Z	bb3d89e13a6354257e80443b2d85736862086fd6	ea87ddbd979fc6be528bdf099a724bb5ca040c1c40bdb6eecd055df584c6530a	wsh	local	842524259bce7b86906f8a8cecb7b56dbe4493aaf15a2c0263a108a8168bb793	2264a8042763edf2620cfe32d96b096e1f3d26aa	5.9.2	2.55.0	1000	150	dirty	4	1.049	6.809	1	1	0	1	1788319980.471633	1788319980.633664	202688620	202688828
2026-09-02T03:31:51Z	bb3d89e13a6354257e80443b2d85736862086fd6	ea87ddbd979fc6be528bdf099a724bb5ca040c1c40bdb6eecd055df584c6530a	wsh	local	842524259bce7b86906f8a8cecb7b56dbe4493aaf15a2c0263a108a8168bb793	2264a8042763edf2620cfe32d96b096e1f3d26aa	5.9.2	2.55.0	1000	150	dirty	5	1.091	7.970	1	1	0	1	1788319980.964579	1788319981.127693	202689378	202689564
2026-09-02T03:31:51Z	bb3d89e13a6354257e80443b2d85736862086fd6	ea87ddbd979fc6be528bdf099a724bb5ca040c1c40bdb6eecd055df584c6530a	wsh	local	842524259bce7b86906f8a8cecb7b56dbe4493aaf15a2c0263a108a8168bb793	2264a8042763edf2620cfe32d96b096e1f3d26aa	5.9.2	2.55.0	1000	150	dirty	6	0.897	6.925	1	1	0	1	1788319981.458238	1788319981.620291	202690002	202690163
2026-09-02T03:31:51Z	bb3d89e13a6354257e80443b2d85736862086fd6	ea87ddbd979fc6be528bdf099a724bb5ca040c1c40bdb6eecd055df584c6530a	wsh	local	842524259bce7b86906f8a8cecb7b56dbe4493aaf15a2c0263a108a8168bb793	2264a8042763edf2620cfe32d96b096e1f3d26aa	5.9.2	2.55.0	1000	150	dirty	7	0.873	7.770	1	1	0	1	1788319981.953096	1788319982.116578	202690749	202691324
2026-09-02T03:31:51Z	bb3d89e13a6354257e80443b2d85736862086fd6	ea87ddbd979fc6be528bdf099a724bb5ca040c1c40bdb6eecd055df584c6530a	wsh	local	842524259bce7b86906f8a8cecb7b56dbe4493aaf15a2c0263a108a8168bb793	2264a8042763edf2620cfe32d96b096e1f3d26aa	5.9.2	2.55.0	1000	150	dirty	8	0.868	7.734	1	1	0	1	1788319982.450078	1788319982.613894	202692440	202692799
2026-09-02T03:31:51Z	bb3d89e13a6354257e80443b2d85736862086fd6	ea87ddbd979fc6be528bdf099a724bb5ca040c1c40bdb6eecd055df584c6530a	wsh	local	842524259bce7b86906f8a8cecb7b56dbe4493aaf15a2c0263a108a8168bb793	2264a8042763edf2620cfe32d96b096e1f3d26aa	5.9.2	2.55.0	1000	150	dirty	9	0.886	7.682	1	1	0	1	1788319982.947266	1788319983.110770	202693754	202694270
2026-09-02T03:31:51Z	bb3d89e13a6354257e80443b2d85736862086fd6	ea87ddbd979fc6be528bdf099a724bb5ca040c1c40bdb6eecd055df584c6530a	wsh	local	842524259bce7b86906f8a8cecb7b56dbe4493aaf15a2c0263a108a8168bb793	2264a8042763edf2620cfe32d96b096e1f3d26aa	5.9.2	2.55.0	1000	150	dirty	10	1.102	7.960	1	1	0	1	1788319983.443770	1788319983.607715	202694880	202695121
2026-09-02T03:31:51Z	bb3d89e13a6354257e80443b2d85736862086fd6	ea87ddbd979fc6be528bdf099a724bb5ca040c1c40bdb6eecd055df584c6530a	wsh	local	842524259bce7b86906f8a8cecb7b56dbe4493aaf15a2c0263a108a8168bb793	2264a8042763edf2620cfe32d96b096e1f3d26aa	5.9.2	2.55.0	1000	150	dirty	11	0.905	7.769	1	1	0	1	1788319983.941755	1788319984.106357	202696051	202696226
2026-09-02T03:31:51Z	bb3d89e13a6354257e80443b2d85736862086fd6	ea87ddbd979fc6be528bdf099a724bb5ca040c1c40bdb6eecd055df584c6530a	wsh	local	842524259bce7b86906f8a8cecb7b56dbe4493aaf15a2c0263a108a8168bb793	2264a8042763edf2620cfe32d96b096e1f3d26aa	5.9.2	2.55.0	1000	150	dirty	12	0.896	7.677	1	1	0	1	1788319984.438912	1788319984.602375	202696825	202696979
2026-09-02T03:31:51Z	bb3d89e13a6354257e80443b2d85736862086fd6	ea87ddbd979fc6be528bdf099a724bb5ca040c1c40bdb6eecd055df584c6530a	wsh	local	842524259bce7b86906f8a8cecb7b56dbe4493aaf15a2c0263a108a8168bb793	2264a8042763edf2620cfe32d96b096e1f3d26aa	5.9.2	2.55.0	1000	150	dirty	13	0.885	6.617	1	1	0	1	1788319984.935025	1788319985.097201	202697425	202697578
2026-09-02T03:31:51Z	bb3d89e13a6354257e80443b2d85736862086fd6	ea87ddbd979fc6be528bdf099a724bb5ca040c1c40bdb6eecd055df584c6530a	wsh	local	842524259bce7b86906f8a8cecb7b56dbe4493aaf15a2c0263a108a8168bb793	2264a8042763edf2620cfe32d96b096e1f3d26aa	5.9.2	2.55.0	1000	150	dirty	14	0.901	7.917	1	1	0	1	1788319985.428639	1788319985.592125	202697990	202698178
2026-09-02T03:31:51Z	bb3d89e13a6354257e80443b2d85736862086fd6	ea87ddbd979fc6be528bdf099a724bb5ca040c1c40bdb6eecd055df584c6530a	wsh	local	842524259bce7b86906f8a8cecb7b56dbe4493aaf15a2c0263a108a8168bb793	2264a8042763edf2620cfe32d96b096e1f3d26aa	5.9.2	2.55.0	1000	150	dirty	15	1.068	8.099	1	1	0	1	1788319985.924564	1788319986.088229	202698561	202698783
2026-09-02T03:31:51Z	bb3d89e13a6354257e80443b2d85736862086fd6	ea87ddbd979fc6be528bdf099a724bb5ca040c1c40bdb6eecd055df584c6530a	wsh	local	842524259bce7b86906f8a8cecb7b56dbe4493aaf15a2c0263a108a8168bb793	2264a8042763edf2620cfe32d96b096e1f3d26aa	5.9.2	2.55.0	1000	150	dirty	16	0.946	7.952	1	1	0	1	1788319986.420828	1788319986.584162	202699203	202699426
2026-09-02T03:31:51Z	bb3d89e13a6354257e80443b2d85736862086fd6	ea87ddbd979fc6be528bdf099a724bb5ca040c1c40bdb6eecd055df584c6530a	wsh	local	842524259bce7b86906f8a8cecb7b56dbe4493aaf15a2c0263a108a8168bb793	2264a8042763edf2620cfe32d96b096e1f3d26aa	5.9.2	2.55.0	1000	150	dirty	17	0.895	8.082	1	1	0	1	1788319986.916840	1788319987.080627	202699856	202700049
2026-09-02T03:31:51Z	bb3d89e13a6354257e80443b2d85736862086fd6	ea87ddbd979fc6be528bdf099a724bb5ca040c1c40bdb6eecd055df584c6530a	wsh	local	842524259bce7b86906f8a8cecb7b56dbe4493aaf15a2c0263a108a8168bb793	2264a8042763edf2620cfe32d96b096e1f3d26aa	5.9.2	2.55.0	1000	150	dirty	18	1.095	6.928	1	1	0	1	1788319987.412602	1788319987.575179	202700406	202700602
2026-09-02T03:31:51Z	bb3d89e13a6354257e80443b2d85736862086fd6	ea87ddbd979fc6be528bdf099a724bb5ca040c1c40bdb6eecd055df584c6530a	wsh	local	842524259bce7b86906f8a8cecb7b56dbe4493aaf15a2c0263a108a8168bb793	2264a8042763edf2620cfe32d96b096e1f3d26aa	5.9.2	2.55.0	1000	150	dirty	19	0.920	7.921	1	1	0	1	1788319987.908346	1788319988.072065	202700979	202701138
2026-09-02T03:31:51Z	bb3d89e13a6354257e80443b2d85736862086fd6	ea87ddbd979fc6be528bdf099a724bb5ca040c1c40bdb6eecd055df584c6530a	wsh	local	842524259bce7b86906f8a8cecb7b56dbe4493aaf15a2c0263a108a8168bb793	2264a8042763edf2620cfe32d96b096e1f3d26aa	5.9.2	2.55.0	1000	150	dirty	20	0.916	8.102	1	1	0	1	1788319988.404528	1788319988.568346	202701490	202701657
2026-09-02T03:31:51Z	bb3d89e13a6354257e80443b2d85736862086fd6	ea87ddbd979fc6be528bdf099a724bb5ca040c1c40bdb6eecd055df584c6530a	wsh	local	842524259bce7b86906f8a8cecb7b56dbe4493aaf15a2c0263a108a8168bb793	2264a8042763edf2620cfe32d96b096e1f3d26aa	5.9.2	2.55.0	1000	150	untracked	1	1.120	7.173	1	1	0	1	1788319988.925580	1788319989.088174	202702328	202702489
2026-09-02T03:31:51Z	bb3d89e13a6354257e80443b2d85736862086fd6	ea87ddbd979fc6be528bdf099a724bb5ca040c1c40bdb6eecd055df584c6530a	wsh	local	842524259bce7b86906f8a8cecb7b56dbe4493aaf15a2c0263a108a8168bb793	2264a8042763edf2620cfe32d96b096e1f3d26aa	5.9.2	2.55.0	1000	150	untracked	2	0.984	8.095	1	1	0	1	1788319989.421101	1788319989.585088	202702960	202703159
2026-09-02T03:31:51Z	bb3d89e13a6354257e80443b2d85736862086fd6	ea87ddbd979fc6be528bdf099a724bb5ca040c1c40bdb6eecd055df584c6530a	wsh	local	842524259bce7b86906f8a8cecb7b56dbe4493aaf15a2c0263a108a8168bb793	2264a8042763edf2620cfe32d96b096e1f3d26aa	5.9.2	2.55.0	1000	150	untracked	3	1.138	7.914	1	1	0	1	1788319989.919922	1788319990.083632	202703583	202703832
2026-09-02T03:31:51Z	bb3d89e13a6354257e80443b2d85736862086fd6	ea87ddbd979fc6be528bdf099a724bb5ca040c1c40bdb6eecd055df584c6530a	wsh	local	842524259bce7b86906f8a8cecb7b56dbe4493aaf15a2c0263a108a8168bb793	2264a8042763edf2620cfe32d96b096e1f3d26aa	5.9.2	2.55.0	1000	150	untracked	4	1.112	6.789	1	1	0	1	1788319990.417397	1788319990.580288	202704510	202704651
2026-09-02T03:31:51Z	bb3d89e13a6354257e80443b2d85736862086fd6	ea87ddbd979fc6be528bdf099a724bb5ca040c1c40bdb6eecd055df584c6530a	wsh	local	842524259bce7b86906f8a8cecb7b56dbe4493aaf15a2c0263a108a8168bb793	2264a8042763edf2620cfe32d96b096e1f3d26aa	5.9.2	2.55.0	1000	150	untracked	5	1.133	7.995	1	1	0	1	1788319990.914881	1788319991.078598	202704965	202705134
2026-09-02T03:31:51Z	bb3d89e13a6354257e80443b2d85736862086fd6	ea87ddbd979fc6be528bdf099a724bb5ca040c1c40bdb6eecd055df584c6530a	wsh	local	842524259bce7b86906f8a8cecb7b56dbe4493aaf15a2c0263a108a8168bb793	2264a8042763edf2620cfe32d96b096e1f3d26aa	5.9.2	2.55.0	1000	150	untracked	6	0.950	8.088	1	1	0	1	1788319991.414007	1788319991.577921	202705573	202705737
2026-09-02T03:31:51Z	bb3d89e13a6354257e80443b2d85736862086fd6	ea87ddbd979fc6be528bdf099a724bb5ca040c1c40bdb6eecd055df584c6530a	wsh	local	842524259bce7b86906f8a8cecb7b56dbe4493aaf15a2c0263a108a8168bb793	2264a8042763edf2620cfe32d96b096e1f3d26aa	5.9.2	2.55.0	1000	150	untracked	7	1.147	8.089	1	1	0	1	1788319991.913016	1788319992.077385	202706052	202706261
2026-09-02T03:31:51Z	bb3d89e13a6354257e80443b2d85736862086fd6	ea87ddbd979fc6be528bdf099a724bb5ca040c1c40bdb6eecd055df584c6530a	wsh	local	842524259bce7b86906f8a8cecb7b56dbe4493aaf15a2c0263a108a8168bb793	2264a8042763edf2620cfe32d96b096e1f3d26aa	5.9.2	2.55.0	1000	150	untracked	8	0.936	8.003	1	1	0	1	1788319992.412783	1788319992.576516	202706607	202706761
2026-09-02T03:31:51Z	bb3d89e13a6354257e80443b2d85736862086fd6	ea87ddbd979fc6be528bdf099a724bb5ca040c1c40bdb6eecd055df584c6530a	wsh	local	842524259bce7b86906f8a8cecb7b56dbe4493aaf15a2c0263a108a8168bb793	2264a8042763edf2620cfe32d96b096e1f3d26aa	5.9.2	2.55.0	1000	150	untracked	9	0.955	7.943	1	1	0	1	1788319992.910058	1788319993.073681	202707149	202707306
2026-09-02T03:31:51Z	bb3d89e13a6354257e80443b2d85736862086fd6	ea87ddbd979fc6be528bdf099a724bb5ca040c1c40bdb6eecd055df584c6530a	wsh	local	842524259bce7b86906f8a8cecb7b56dbe4493aaf15a2c0263a108a8168bb793	2264a8042763edf2620cfe32d96b096e1f3d26aa	5.9.2	2.55.0	1000	150	untracked	10	1.182	6.793	1	1	0	1	1788319993.409521	1788319993.572520	202707623	202707802
2026-09-02T03:31:51Z	bb3d89e13a6354257e80443b2d85736862086fd6	ea87ddbd979fc6be528bdf099a724bb5ca040c1c40bdb6eecd055df584c6530a	wsh	local	842524259bce7b86906f8a8cecb7b56dbe4493aaf15a2c0263a108a8168bb793	2264a8042763edf2620cfe32d96b096e1f3d26aa	5.9.2	2.55.0	1000	150	untracked	11	1.191	8.003	1	1	0	1	1788319993.907957	1788319994.071986	202708131	202708344
2026-09-02T03:31:51Z	bb3d89e13a6354257e80443b2d85736862086fd6	ea87ddbd979fc6be528bdf099a724bb5ca040c1c40bdb6eecd055df584c6530a	wsh	local	842524259bce7b86906f8a8cecb7b56dbe4493aaf15a2c0263a108a8168bb793	2264a8042763edf2620cfe32d96b096e1f3d26aa	5.9.2	2.55.0	1000	150	untracked	12	0.920	7.715	1	1	0	1	1788319994.407233	1788319994.570610	202708662	202708798
2026-09-02T03:31:51Z	bb3d89e13a6354257e80443b2d85736862086fd6	ea87ddbd979fc6be528bdf099a724bb5ca040c1c40bdb6eecd055df584c6530a	wsh	local	842524259bce7b86906f8a8cecb7b56dbe4493aaf15a2c0263a108a8168bb793	2264a8042763edf2620cfe32d96b096e1f3d26aa	5.9.2	2.55.0	1000	150	untracked	13	1.099	8.039	1	1	0	1	1788319994.906587	1788319995.070777	202709241	202709380
2026-09-02T03:31:51Z	bb3d89e13a6354257e80443b2d85736862086fd6	ea87ddbd979fc6be528bdf099a724bb5ca040c1c40bdb6eecd055df584c6530a	wsh	local	842524259bce7b86906f8a8cecb7b56dbe4493aaf15a2c0263a108a8168bb793	2264a8042763edf2620cfe32d96b096e1f3d26aa	5.9.2	2.55.0	1000	150	untracked	14	0.937	7.811	1	1	0	1	1788319995.406678	1788319995.570117	202709750	202709925
2026-09-02T03:31:51Z	bb3d89e13a6354257e80443b2d85736862086fd6	ea87ddbd979fc6be528bdf099a724bb5ca040c1c40bdb6eecd055df584c6530a	wsh	local	842524259bce7b86906f8a8cecb7b56dbe4493aaf15a2c0263a108a8168bb793	2264a8042763edf2620cfe32d96b096e1f3d26aa	5.9.2	2.55.0	1000	150	untracked	15	0.972	8.006	1	1	0	1	1788319995.905041	1788319996.068866	202710281	202710470
2026-09-02T03:31:51Z	bb3d89e13a6354257e80443b2d85736862086fd6	ea87ddbd979fc6be528bdf099a724bb5ca040c1c40bdb6eecd055df584c6530a	wsh	local	842524259bce7b86906f8a8cecb7b56dbe4493aaf15a2c0263a108a8168bb793	2264a8042763edf2620cfe32d96b096e1f3d26aa	5.9.2	2.55.0	1000	150	untracked	16	1.097	8.203	1	1	0	1	1788319996.404724	1788319996.569057	202710821	202711037
2026-09-02T03:31:51Z	bb3d89e13a6354257e80443b2d85736862086fd6	ea87ddbd979fc6be528bdf099a724bb5ca040c1c40bdb6eecd055df584c6530a	wsh	local	842524259bce7b86906f8a8cecb7b56dbe4493aaf15a2c0263a108a8168bb793	2264a8042763edf2620cfe32d96b096e1f3d26aa	5.9.2	2.55.0	1000	150	untracked	17	1.284	6.993	1	1	0	1	1788319996.905208	1788319997.068331	202711459	202711720
2026-09-02T03:31:51Z	bb3d89e13a6354257e80443b2d85736862086fd6	ea87ddbd979fc6be528bdf099a724bb5ca040c1c40bdb6eecd055df584c6530a	wsh	local	842524259bce7b86906f8a8cecb7b56dbe4493aaf15a2c0263a108a8168bb793	2264a8042763edf2620cfe32d96b096e1f3d26aa	5.9.2	2.55.0	1000	150	untracked	18	0.991	7.776	1	1	0	1	1788319997.403414	1788319997.567601	202712036	202712183
2026-09-02T03:31:51Z	bb3d89e13a6354257e80443b2d85736862086fd6	ea87ddbd979fc6be528bdf099a724bb5ca040c1c40bdb6eecd055df584c6530a	wsh	local	842524259bce7b86906f8a8cecb7b56dbe4493aaf15a2c0263a108a8168bb793	2264a8042763edf2620cfe32d96b096e1f3d26aa	5.9.2	2.55.0	1000	150	untracked	19	1.034	8.211	1	1	0	1	1788319997.903765	1788319998.068237	202712711	202712886
2026-09-02T03:31:51Z	bb3d89e13a6354257e80443b2d85736862086fd6	ea87ddbd979fc6be528bdf099a724bb5ca040c1c40bdb6eecd055df584c6530a	wsh	local	842524259bce7b86906f8a8cecb7b56dbe4493aaf15a2c0263a108a8168bb793	2264a8042763edf2620cfe32d96b096e1f3d26aa	5.9.2	2.55.0	1000	150	untracked	20	1.014	7.683	1	1	0	1	1788319998.404411	1788319998.568131	202713166	202713283
2026-09-02T03:31:51Z	bb3d89e13a6354257e80443b2d85736862086fd6	ea87ddbd979fc6be528bdf099a724bb5ca040c1c40bdb6eecd055df584c6530a	wsh-trace	local	842524259bce7b86906f8a8cecb7b56dbe4493aaf15a2c0263a108a8168bb793	2264a8042763edf2620cfe32d96b096e1f3d26aa	5.9.2	2.55.0	1000	150	clean	1	0.965	7.699	1	1	0	1	1788319999.808918	1788319999.973014	202715018	202715237
2026-09-02T03:31:51Z	bb3d89e13a6354257e80443b2d85736862086fd6	ea87ddbd979fc6be528bdf099a724bb5ca040c1c40bdb6eecd055df584c6530a	wsh-trace	local	842524259bce7b86906f8a8cecb7b56dbe4493aaf15a2c0263a108a8168bb793	2264a8042763edf2620cfe32d96b096e1f3d26aa	5.9.2	2.55.0	1000	150	clean	2	1.012	7.740	1	1	0	1	1788320000.307945	1788320000.472018	202715642	202715849
2026-09-02T03:31:51Z	bb3d89e13a6354257e80443b2d85736862086fd6	ea87ddbd979fc6be528bdf099a724bb5ca040c1c40bdb6eecd055df584c6530a	wsh-trace	local	842524259bce7b86906f8a8cecb7b56dbe4493aaf15a2c0263a108a8168bb793	2264a8042763edf2620cfe32d96b096e1f3d26aa	5.9.2	2.55.0	1000	150	clean	3	1.246	6.834	1	1	0	1	1788320000.806254	1788320000.969685	202716269	202716436
2026-09-02T03:31:51Z	bb3d89e13a6354257e80443b2d85736862086fd6	ea87ddbd979fc6be528bdf099a724bb5ca040c1c40bdb6eecd055df584c6530a	wsh-trace	local	842524259bce7b86906f8a8cecb7b56dbe4493aaf15a2c0263a108a8168bb793	2264a8042763edf2620cfe32d96b096e1f3d26aa	5.9.2	2.55.0	1000	150	clean	4	1.013	6.704	1	1	0	1	1788320001.304538	1788320001.467324	202716772	202716911
2026-09-02T03:31:51Z	bb3d89e13a6354257e80443b2d85736862086fd6	ea87ddbd979fc6be528bdf099a724bb5ca040c1c40bdb6eecd055df584c6530a	wsh-trace	local	842524259bce7b86906f8a8cecb7b56dbe4493aaf15a2c0263a108a8168bb793	2264a8042763edf2620cfe32d96b096e1f3d26aa	5.9.2	2.55.0	1000	150	clean	5	0.971	7.912	1	1	0	1	1788320001.801764	1788320001.966366	202717213	202717419
2026-09-02T03:31:51Z	bb3d89e13a6354257e80443b2d85736862086fd6	ea87ddbd979fc6be528bdf099a724bb5ca040c1c40bdb6eecd055df584c6530a	wsh-trace	local	842524259bce7b86906f8a8cecb7b56dbe4493aaf15a2c0263a108a8168bb793	2264a8042763edf2620cfe32d96b096e1f3d26aa	5.9.2	2.55.0	1000	150	clean	6	0.998	7.879	1	1	0	1	1788320002.300997	1788320002.465757	202717778	202718181
2026-09-02T03:31:51Z	bb3d89e13a6354257e80443b2d85736862086fd6	ea87ddbd979fc6be528bdf099a724bb5ca040c1c40bdb6eecd055df584c6530a	wsh-trace	local	842524259bce7b86906f8a8cecb7b56dbe4493aaf15a2c0263a108a8168bb793	2264a8042763edf2620cfe32d96b096e1f3d26aa	5.9.2	2.55.0	1000	150	clean	7	1.003	7.726	1	1	0	1	1788320002.801385	1788320002.965207	202718891	202719063
2026-09-02T03:31:51Z	bb3d89e13a6354257e80443b2d85736862086fd6	ea87ddbd979fc6be528bdf099a724bb5ca040c1c40bdb6eecd055df584c6530a	wsh-trace	local	842524259bce7b86906f8a8cecb7b56dbe4493aaf15a2c0263a108a8168bb793	2264a8042763edf2620cfe32d96b096e1f3d26aa	5.9.2	2.55.0	1000	150	clean	8	1.095	7.891	1	1	0	1	1788320003.300810	1788320003.465651	202719726	202719974
2026-09-02T03:31:51Z	bb3d89e13a6354257e80443b2d85736862086fd6	ea87ddbd979fc6be528bdf099a724bb5ca040c1c40bdb6eecd055df584c6530a	wsh-trace	local	842524259bce7b86906f8a8cecb7b56dbe4493aaf15a2c0263a108a8168bb793	2264a8042763edf2620cfe32d96b096e1f3d26aa	5.9.2	2.55.0	1000	150	clean	9	1.007	7.637	1	1	0	1	1788320003.801443	1788320003.965547	202720429	202720563
2026-09-02T03:31:51Z	bb3d89e13a6354257e80443b2d85736862086fd6	ea87ddbd979fc6be528bdf099a724bb5ca040c1c40bdb6eecd055df584c6530a	wsh-trace	local	842524259bce7b86906f8a8cecb7b56dbe4493aaf15a2c0263a108a8168bb793	2264a8042763edf2620cfe32d96b096e1f3d26aa	5.9.2	2.55.0	1000	150	clean	10	1.048	7.625	1	1	0	1	1788320004.299871	1788320004.464506	202720859	202721015
2026-09-02T03:31:51Z	bb3d89e13a6354257e80443b2d85736862086fd6	ea87ddbd979fc6be528bdf099a724bb5ca040c1c40bdb6eecd055df584c6530a	wsh-trace	local	842524259bce7b86906f8a8cecb7b56dbe4493aaf15a2c0263a108a8168bb793	2264a8042763edf2620cfe32d96b096e1f3d26aa	5.9.2	2.55.0	1000	150	clean	11	1.092	7.812	1	1	0	1	1788320004.799947	1788320004.964204	202721320	202721539
2026-09-02T03:31:51Z	bb3d89e13a6354257e80443b2d85736862086fd6	ea87ddbd979fc6be528bdf099a724bb5ca040c1c40bdb6eecd055df584c6530a	wsh-trace	local	842524259bce7b86906f8a8cecb7b56dbe4493aaf15a2c0263a108a8168bb793	2264a8042763edf2620cfe32d96b096e1f3d26aa	5.9.2	2.55.0	1000	150	clean	12	1.060	7.650	1	1	0	1	1788320005.300200	1788320005.464947	202721962	202722133
2026-09-02T03:31:51Z	bb3d89e13a6354257e80443b2d85736862086fd6	ea87ddbd979fc6be528bdf099a724bb5ca040c1c40bdb6eecd055df584c6530a	wsh-trace	local	842524259bce7b86906f8a8cecb7b56dbe4493aaf15a2c0263a108a8168bb793	2264a8042763edf2620cfe32d96b096e1f3d26aa	5.9.2	2.55.0	1000	150	clean	13	1.105	8.013	1	1	0	1	1788320005.799702	1788320005.964694	202722779	202723157
2026-09-02T03:31:51Z	bb3d89e13a6354257e80443b2d85736862086fd6	ea87ddbd979fc6be528bdf099a724bb5ca040c1c40bdb6eecd055df584c6530a	wsh-trace	local	842524259bce7b86906f8a8cecb7b56dbe4493aaf15a2c0263a108a8168bb793	2264a8042763edf2620cfe32d96b096e1f3d26aa	5.9.2	2.55.0	1000	150	clean	14	1.083	7.609	1	1	0	1	1788320006.300188	1788320006.465279	202723541	202723910
2026-09-02T03:31:51Z	bb3d89e13a6354257e80443b2d85736862086fd6	ea87ddbd979fc6be528bdf099a724bb5ca040c1c40bdb6eecd055df584c6530a	wsh-trace	local	842524259bce7b86906f8a8cecb7b56dbe4493aaf15a2c0263a108a8168bb793	2264a8042763edf2620cfe32d96b096e1f3d26aa	5.9.2	2.55.0	1000	150	clean	15	1.017	7.746	1	1	0	1	1788320006.801476	1788320006.965949	202724831	202724988
2026-09-02T03:31:51Z	bb3d89e13a6354257e80443b2d85736862086fd6	ea87ddbd979fc6be528bdf099a724bb5ca040c1c40bdb6eecd055df584c6530a	wsh-trace	local	842524259bce7b86906f8a8cecb7b56dbe4493aaf15a2c0263a108a8168bb793	2264a8042763edf2620cfe32d96b096e1f3d26aa	5.9.2	2.55.0	1000	150	clean	16	1.102	7.876	1	1	0	1	1788320007.302353	1788320007.468907	202725220	202725530
2026-09-02T03:31:51Z	bb3d89e13a6354257e80443b2d85736862086fd6	ea87ddbd979fc6be528bdf099a724bb5ca040c1c40bdb6eecd055df584c6530a	wsh-trace	local	842524259bce7b86906f8a8cecb7b56dbe4493aaf15a2c0263a108a8168bb793	2264a8042763edf2620cfe32d96b096e1f3d26aa	5.9.2	2.55.0	1000	150	clean	17	0.981	7.887	1	1	0	1	1788320007.805807	1788320007.970499	202725864	202726084
2026-09-02T03:31:51Z	bb3d89e13a6354257e80443b2d85736862086fd6	ea87ddbd979fc6be528bdf099a724bb5ca040c1c40bdb6eecd055df584c6530a	wsh-trace	local	842524259bce7b86906f8a8cecb7b56dbe4493aaf15a2c0263a108a8168bb793	2264a8042763edf2620cfe32d96b096e1f3d26aa	5.9.2	2.55.0	1000	150	clean	18	1.148	7.693	1	1	0	1	1788320008.305148	1788320008.469390	202726482	202726735
2026-09-02T03:31:51Z	bb3d89e13a6354257e80443b2d85736862086fd6	ea87ddbd979fc6be528bdf099a724bb5ca040c1c40bdb6eecd055df584c6530a	wsh-trace	local	842524259bce7b86906f8a8cecb7b56dbe4493aaf15a2c0263a108a8168bb793	2264a8042763edf2620cfe32d96b096e1f3d26aa	5.9.2	2.55.0	1000	150	clean	19	1.060	6.911	1	1	0	1	1788320008.806697	1788320008.970403	202727705	202728454
2026-09-02T03:31:51Z	bb3d89e13a6354257e80443b2d85736862086fd6	ea87ddbd979fc6be528bdf099a724bb5ca040c1c40bdb6eecd055df584c6530a	wsh-trace	local	842524259bce7b86906f8a8cecb7b56dbe4493aaf15a2c0263a108a8168bb793	2264a8042763edf2620cfe32d96b096e1f3d26aa	5.9.2	2.55.0	1000	150	clean	20	0.978	6.628	1	1	0	1	1788320009.306562	1788320009.469891	202728864	202729005
2026-09-02T03:31:51Z	bb3d89e13a6354257e80443b2d85736862086fd6	ea87ddbd979fc6be528bdf099a724bb5ca040c1c40bdb6eecd055df584c6530a	wsh-trace	local	842524259bce7b86906f8a8cecb7b56dbe4493aaf15a2c0263a108a8168bb793	2264a8042763edf2620cfe32d96b096e1f3d26aa	5.9.2	2.55.0	1000	150	dirty	1	1.063	8.157	1	1	0	1	1788320009.829441	1788320009.994492	202729348	202729556
2026-09-02T03:31:51Z	bb3d89e13a6354257e80443b2d85736862086fd6	ea87ddbd979fc6be528bdf099a724bb5ca040c1c40bdb6eecd055df584c6530a	wsh-trace	local	842524259bce7b86906f8a8cecb7b56dbe4493aaf15a2c0263a108a8168bb793	2264a8042763edf2620cfe32d96b096e1f3d26aa	5.9.2	2.55.0	1000	150	dirty	2	1.153	6.789	1	1	0	1	1788320010.330296	1788320010.494071	202729877	202730165
2026-09-02T03:31:51Z	bb3d89e13a6354257e80443b2d85736862086fd6	ea87ddbd979fc6be528bdf099a724bb5ca040c1c40bdb6eecd055df584c6530a	wsh-trace	local	842524259bce7b86906f8a8cecb7b56dbe4493aaf15a2c0263a108a8168bb793	2264a8042763edf2620cfe32d96b096e1f3d26aa	5.9.2	2.55.0	1000	150	dirty	3	1.066	8.047	1	1	0	1	1788320010.828881	1788320010.993528	202730559	202730712
2026-09-02T03:31:51Z	bb3d89e13a6354257e80443b2d85736862086fd6	ea87ddbd979fc6be528bdf099a724bb5ca040c1c40bdb6eecd055df584c6530a	wsh-trace	local	842524259bce7b86906f8a8cecb7b56dbe4493aaf15a2c0263a108a8168bb793	2264a8042763edf2620cfe32d96b096e1f3d26aa	5.9.2	2.55.0	1000	150	dirty	4	0.814	7.713	1	1	0	1	1788320011.328807	1788320011.493339	202731011	202731196
2026-09-02T03:31:51Z	bb3d89e13a6354257e80443b2d85736862086fd6	ea87ddbd979fc6be528bdf099a724bb5ca040c1c40bdb6eecd055df584c6530a	wsh-trace	local	842524259bce7b86906f8a8cecb7b56dbe4493aaf15a2c0263a108a8168bb793	2264a8042763edf2620cfe32d96b096e1f3d26aa	5.9.2	2.55.0	1000	150	dirty	5	1.111	7.824	1	1	0	1	1788320011.829483	1788320011.994239	202731569	202731746
2026-09-02T03:31:51Z	bb3d89e13a6354257e80443b2d85736862086fd6	ea87ddbd979fc6be528bdf099a724bb5ca040c1c40bdb6eecd055df584c6530a	wsh-trace	local	842524259bce7b86906f8a8cecb7b56dbe4493aaf15a2c0263a108a8168bb793	2264a8042763edf2620cfe32d96b096e1f3d26aa	5.9.2	2.55.0	1000	150	dirty	6	1.093	6.739	1	1	0	1	1788320012.329680	1788320012.493013	202732070	202732207
2026-09-02T03:31:51Z	bb3d89e13a6354257e80443b2d85736862086fd6	ea87ddbd979fc6be528bdf099a724bb5ca040c1c40bdb6eecd055df584c6530a	wsh-trace	local	842524259bce7b86906f8a8cecb7b56dbe4493aaf15a2c0263a108a8168bb793	2264a8042763edf2620cfe32d96b096e1f3d26aa	5.9.2	2.55.0	1000	150	dirty	7	1.090	8.042	1	1	0	1	1788320012.827660	1788320012.992593	202732632	202732851
2026-09-02T03:31:51Z	bb3d89e13a6354257e80443b2d85736862086fd6	ea87ddbd979fc6be528bdf099a724bb5ca040c1c40bdb6eecd055df584c6530a	wsh-trace	local	842524259bce7b86906f8a8cecb7b56dbe4493aaf15a2c0263a108a8168bb793	2264a8042763edf2620cfe32d96b096e1f3d26aa	5.9.2	2.55.0	1000	150	dirty	8	0.808	7.878	1	1	0	1	1788320013.329045	1788320013.493909	202733252	202733430
2026-09-02T03:31:51Z	bb3d89e13a6354257e80443b2d85736862086fd6	ea87ddbd979fc6be528bdf099a724bb5ca040c1c40bdb6eecd055df584c6530a	wsh-trace	local	842524259bce7b86906f8a8cecb7b56dbe4493aaf15a2c0263a108a8168bb793	2264a8042763edf2620cfe32d96b096e1f3d26aa	5.9.2	2.55.0	1000	150	dirty	9	0.823	7.731	1	1	0	1	1788320013.830210	1788320013.994979	202733711	202733893
2026-09-02T03:31:51Z	bb3d89e13a6354257e80443b2d85736862086fd6	ea87ddbd979fc6be528bdf099a724bb5ca040c1c40bdb6eecd055df584c6530a	wsh-trace	local	842524259bce7b86906f8a8cecb7b56dbe4493aaf15a2c0263a108a8168bb793	2264a8042763edf2620cfe32d96b096e1f3d26aa	5.9.2	2.55.0	1000	150	dirty	10	0.815	6.640	1	1	0	1	1788320014.330523	1788320014.494227	202734203	202734369
2026-09-02T03:31:51Z	bb3d89e13a6354257e80443b2d85736862086fd6	ea87ddbd979fc6be528bdf099a724bb5ca040c1c40bdb6eecd055df584c6530a	wsh-trace	local	842524259bce7b86906f8a8cecb7b56dbe4493aaf15a2c0263a108a8168bb793	2264a8042763edf2620cfe32d96b096e1f3d26aa	5.9.2	2.55.0	1000	150	dirty	11	0.855	7.838	1	1	0	1	1788320014.830515	1788320014.995033	202734725	202734904
2026-09-02T03:31:51Z	bb3d89e13a6354257e80443b2d85736862086fd6	ea87ddbd979fc6be528bdf099a724bb5ca040c1c40bdb6eecd055df584c6530a	wsh-trace	local	842524259bce7b86906f8a8cecb7b56dbe4493aaf15a2c0263a108a8168bb793	2264a8042763edf2620cfe32d96b096e1f3d26aa	5.9.2	2.55.0	1000	150	dirty	12	1.148	6.756	1	1	0	1	1788320015.331903	1788320015.495890	202735310	202735509
2026-09-02T03:31:51Z	bb3d89e13a6354257e80443b2d85736862086fd6	ea87ddbd979fc6be528bdf099a724bb5ca040c1c40bdb6eecd055df584c6530a	wsh-trace	local	842524259bce7b86906f8a8cecb7b56dbe4493aaf15a2c0263a108a8168bb793	2264a8042763edf2620cfe32d96b096e1f3d26aa	5.9.2	2.55.0	1000	150	dirty	13	1.117	6.856	1	1	0	1	1788320015.832225	1788320015.996112	202735939	202736081
2026-09-02T03:31:51Z	bb3d89e13a6354257e80443b2d85736862086fd6	ea87ddbd979fc6be528bdf099a724bb5ca040c1c40bdb6eecd055df584c6530a	wsh-trace	local	842524259bce7b86906f8a8cecb7b56dbe4493aaf15a2c0263a108a8168bb793	2264a8042763edf2620cfe32d96b096e1f3d26aa	5.9.2	2.55.0	1000	150	dirty	14	1.114	6.779	1	1	0	1	1788320016.332964	1788320016.496742	202736382	202736579
2026-09-02T03:31:51Z	bb3d89e13a6354257e80443b2d85736862086fd6	ea87ddbd979fc6be528bdf099a724bb5ca040c1c40bdb6eecd055df584c6530a	wsh-trace	local	842524259bce7b86906f8a8cecb7b56dbe4493aaf15a2c0263a108a8168bb793	2264a8042763edf2620cfe32d96b096e1f3d26aa	5.9.2	2.55.0	1000	150	dirty	15	1.122	8.145	1	1	0	1	1788320016.834321	1788320016.999584	202736857	202736987
2026-09-02T03:31:51Z	bb3d89e13a6354257e80443b2d85736862086fd6	ea87ddbd979fc6be528bdf099a724bb5ca040c1c40bdb6eecd055df584c6530a	wsh-trace	local	842524259bce7b86906f8a8cecb7b56dbe4493aaf15a2c0263a108a8168bb793	2264a8042763edf2620cfe32d96b096e1f3d26aa	5.9.2	2.55.0	1000	150	dirty	16	1.151	8.165	1	1	0	1	1788320017.335480	1788320017.500579	202737229	202737383
2026-09-02T03:31:51Z	bb3d89e13a6354257e80443b2d85736862086fd6	ea87ddbd979fc6be528bdf099a724bb5ca040c1c40bdb6eecd055df584c6530a	wsh-trace	local	842524259bce7b86906f8a8cecb7b56dbe4493aaf15a2c0263a108a8168bb793	2264a8042763edf2620cfe32d96b096e1f3d26aa	5.9.2	2.55.0	1000	150	dirty	17	1.146	8.361	1	1	0	1	1788320017.836440	1788320018.001655	202737632	202737883
2026-09-02T03:31:51Z	bb3d89e13a6354257e80443b2d85736862086fd6	ea87ddbd979fc6be528bdf099a724bb5ca040c1c40bdb6eecd055df584c6530a	wsh-trace	local	842524259bce7b86906f8a8cecb7b56dbe4493aaf15a2c0263a108a8168bb793	2264a8042763edf2620cfe32d96b096e1f3d26aa	5.9.2	2.55.0	1000	150	dirty	18	1.190	8.233	1	1	0	1	1788320018.338191	1788320018.504149	202738106	202738224
2026-09-02T03:31:51Z	bb3d89e13a6354257e80443b2d85736862086fd6	ea87ddbd979fc6be528bdf099a724bb5ca040c1c40bdb6eecd055df584c6530a	wsh-trace	local	842524259bce7b86906f8a8cecb7b56dbe4493aaf15a2c0263a108a8168bb793	2264a8042763edf2620cfe32d96b096e1f3d26aa	5.9.2	2.55.0	1000	150	dirty	19	1.148	8.171	1	1	0	1	1788320018.842228	1788320019.007566	202738774	202739097
2026-09-02T03:31:51Z	bb3d89e13a6354257e80443b2d85736862086fd6	ea87ddbd979fc6be528bdf099a724bb5ca040c1c40bdb6eecd055df584c6530a	wsh-trace	local	842524259bce7b86906f8a8cecb7b56dbe4493aaf15a2c0263a108a8168bb793	2264a8042763edf2620cfe32d96b096e1f3d26aa	5.9.2	2.55.0	1000	150	dirty	20	0.861	7.757	1	1	0	1	1788320019.344967	1788320019.509894	202739570	202739634
2026-09-02T03:31:51Z	bb3d89e13a6354257e80443b2d85736862086fd6	ea87ddbd979fc6be528bdf099a724bb5ca040c1c40bdb6eecd055df584c6530a	wsh-trace	local	842524259bce7b86906f8a8cecb7b56dbe4493aaf15a2c0263a108a8168bb793	2264a8042763edf2620cfe32d96b096e1f3d26aa	5.9.2	2.55.0	1000	150	untracked	1	1.233	7.916	1	1	0	1	1788320019.870532	1788320020.036098	202740241	202740458
2026-09-02T03:31:51Z	bb3d89e13a6354257e80443b2d85736862086fd6	ea87ddbd979fc6be528bdf099a724bb5ca040c1c40bdb6eecd055df584c6530a	wsh-trace	local	842524259bce7b86906f8a8cecb7b56dbe4493aaf15a2c0263a108a8168bb793	2264a8042763edf2620cfe32d96b096e1f3d26aa	5.9.2	2.55.0	1000	150	untracked	2	1.134	7.820	1	1	0	1	1788320020.375598	1788320020.540862	202741133	202741290
2026-09-02T03:31:51Z	bb3d89e13a6354257e80443b2d85736862086fd6	ea87ddbd979fc6be528bdf099a724bb5ca040c1c40bdb6eecd055df584c6530a	wsh-trace	local	842524259bce7b86906f8a8cecb7b56dbe4493aaf15a2c0263a108a8168bb793	2264a8042763edf2620cfe32d96b096e1f3d26aa	5.9.2	2.55.0	1000	150	untracked	3	1.203	8.105	1	1	0	1	1788320020.878898	1788320021.044642	202741710	202741857
2026-09-02T03:31:51Z	bb3d89e13a6354257e80443b2d85736862086fd6	ea87ddbd979fc6be528bdf099a724bb5ca040c1c40bdb6eecd055df584c6530a	wsh-trace	local	842524259bce7b86906f8a8cecb7b56dbe4493aaf15a2c0263a108a8168bb793	2264a8042763edf2620cfe32d96b096e1f3d26aa	5.9.2	2.55.0	1000	150	untracked	4	1.233	8.096	1	1	0	1	1788320021.384400	1788320021.549829	202742338	202742472
2026-09-02T03:31:51Z	bb3d89e13a6354257e80443b2d85736862086fd6	ea87ddbd979fc6be528bdf099a724bb5ca040c1c40bdb6eecd055df584c6530a	wsh-trace	local	842524259bce7b86906f8a8cecb7b56dbe4493aaf15a2c0263a108a8168bb793	2264a8042763edf2620cfe32d96b096e1f3d26aa	5.9.2	2.55.0	1000	150	untracked	5	1.144	8.059	1	1	0	1	1788320021.888161	1788320022.053802	202742808	202742986
2026-09-02T03:31:51Z	bb3d89e13a6354257e80443b2d85736862086fd6	ea87ddbd979fc6be528bdf099a724bb5ca040c1c40bdb6eecd055df584c6530a	wsh-trace	local	842524259bce7b86906f8a8cecb7b56dbe4493aaf15a2c0263a108a8168bb793	2264a8042763edf2620cfe32d96b096e1f3d26aa	5.9.2	2.55.0	1000	150	untracked	6	1.200	8.104	1	1	0	1	1788320022.394021	1788320022.559744	202743310	202743429
2026-09-02T03:31:51Z	bb3d89e13a6354257e80443b2d85736862086fd6	ea87ddbd979fc6be528bdf099a724bb5ca040c1c40bdb6eecd055df584c6530a	wsh-trace	local	842524259bce7b86906f8a8cecb7b56dbe4493aaf15a2c0263a108a8168bb793	2264a8042763edf2620cfe32d96b096e1f3d26aa	5.9.2	2.55.0	1000	150	untracked	7	1.265	8.050	1	1	0	1	1788320022.900886	1788320023.066516	202743703	202743833
2026-09-02T03:31:51Z	bb3d89e13a6354257e80443b2d85736862086fd6	ea87ddbd979fc6be528bdf099a724bb5ca040c1c40bdb6eecd055df584c6530a	wsh-trace	local	842524259bce7b86906f8a8cecb7b56dbe4493aaf15a2c0263a108a8168bb793	2264a8042763edf2620cfe32d96b096e1f3d26aa	5.9.2	2.55.0	1000	150	untracked	8	1.183	7.001	1	1	0	1	1788320023.406354	1788320023.570680	202744294	202744400
2026-09-02T03:31:51Z	bb3d89e13a6354257e80443b2d85736862086fd6	ea87ddbd979fc6be528bdf099a724bb5ca040c1c40bdb6eecd055df584c6530a	wsh-trace	local	842524259bce7b86906f8a8cecb7b56dbe4493aaf15a2c0263a108a8168bb793	2264a8042763edf2620cfe32d96b096e1f3d26aa	5.9.2	2.55.0	1000	150	untracked	9	1.164	7.032	1	1	0	1	1788320023.909505	1788320024.074033	202744790	202745001
2026-09-02T03:31:51Z	bb3d89e13a6354257e80443b2d85736862086fd6	ea87ddbd979fc6be528bdf099a724bb5ca040c1c40bdb6eecd055df584c6530a	wsh-trace	local	842524259bce7b86906f8a8cecb7b56dbe4493aaf15a2c0263a108a8168bb793	2264a8042763edf2620cfe32d96b096e1f3d26aa	5.9.2	2.55.0	1000	150	untracked	10	1.184	7.083	1	1	0	1	1788320024.413922	1788320024.578664	202745349	202745498
2026-09-02T03:31:51Z	bb3d89e13a6354257e80443b2d85736862086fd6	ea87ddbd979fc6be528bdf099a724bb5ca040c1c40bdb6eecd055df584c6530a	wsh-trace	local	842524259bce7b86906f8a8cecb7b56dbe4493aaf15a2c0263a108a8168bb793	2264a8042763edf2620cfe32d96b096e1f3d26aa	5.9.2	2.55.0	1000	150	untracked	11	1.250	7.866	1	1	0	1	1788320024.920399	1788320025.085782	202746289	202746566
2026-09-02T03:31:51Z	bb3d89e13a6354257e80443b2d85736862086fd6	ea87ddbd979fc6be528bdf099a724bb5ca040c1c40bdb6eecd055df584c6530a	wsh-trace	local	842524259bce7b86906f8a8cecb7b56dbe4493aaf15a2c0263a108a8168bb793	2264a8042763edf2620cfe32d96b096e1f3d26aa	5.9.2	2.55.0	1000	150	untracked	12	1.217	7.989	1	1	0	1	1788320025.425787	1788320025.591529	202746944	202747172
2026-09-02T03:31:51Z	bb3d89e13a6354257e80443b2d85736862086fd6	ea87ddbd979fc6be528bdf099a724bb5ca040c1c40bdb6eecd055df584c6530a	wsh-trace	local	842524259bce7b86906f8a8cecb7b56dbe4493aaf15a2c0263a108a8168bb793	2264a8042763edf2620cfe32d96b096e1f3d26aa	5.9.2	2.55.0	1000	150	untracked	13	1.336	7.877	1	1	0	1	1788320025.931907	1788320026.097273	202748036	202748212
2026-09-02T03:31:51Z	bb3d89e13a6354257e80443b2d85736862086fd6	ea87ddbd979fc6be528bdf099a724bb5ca040c1c40bdb6eecd055df584c6530a	wsh-trace	local	842524259bce7b86906f8a8cecb7b56dbe4493aaf15a2c0263a108a8168bb793	2264a8042763edf2620cfe32d96b096e1f3d26aa	5.9.2	2.55.0	1000	150	untracked	14	1.239	7.926	1	1	0	1	1788320026.437004	1788320026.603692	202748610	202749540
2026-09-02T03:31:51Z	bb3d89e13a6354257e80443b2d85736862086fd6	ea87ddbd979fc6be528bdf099a724bb5ca040c1c40bdb6eecd055df584c6530a	wsh-trace	local	842524259bce7b86906f8a8cecb7b56dbe4493aaf15a2c0263a108a8168bb793	2264a8042763edf2620cfe32d96b096e1f3d26aa	5.9.2	2.55.0	1000	150	untracked	15	1.240	7.982	1	1	0	1	1788320026.944103	1788320027.109411	202750153	202750294
2026-09-02T03:31:51Z	bb3d89e13a6354257e80443b2d85736862086fd6	ea87ddbd979fc6be528bdf099a724bb5ca040c1c40bdb6eecd055df584c6530a	wsh-trace	local	842524259bce7b86906f8a8cecb7b56dbe4493aaf15a2c0263a108a8168bb793	2264a8042763edf2620cfe32d96b096e1f3d26aa	5.9.2	2.55.0	1000	150	untracked	16	1.221	6.798	1	1	0	1	1788320027.448340	1788320027.612711	202750620	202750779
2026-09-02T03:31:51Z	bb3d89e13a6354257e80443b2d85736862086fd6	ea87ddbd979fc6be528bdf099a724bb5ca040c1c40bdb6eecd055df584c6530a	wsh-trace	local	842524259bce7b86906f8a8cecb7b56dbe4493aaf15a2c0263a108a8168bb793	2264a8042763edf2620cfe32d96b096e1f3d26aa	5.9.2	2.55.0	1000	150	untracked	17	1.233	8.308	1	1	0	1	1788320027.953275	1788320028.119109	202751283	202751439
2026-09-02T03:31:51Z	bb3d89e13a6354257e80443b2d85736862086fd6	ea87ddbd979fc6be528bdf099a724bb5ca040c1c40bdb6eecd055df584c6530a	wsh-trace	local	842524259bce7b86906f8a8cecb7b56dbe4493aaf15a2c0263a108a8168bb793	2264a8042763edf2620cfe32d96b096e1f3d26aa	5.9.2	2.55.0	1000	150	untracked	18	1.240	8.038	1	1	0	1	1788320028.459747	1788320028.625564	202751742	202751860
2026-09-02T03:31:51Z	bb3d89e13a6354257e80443b2d85736862086fd6	ea87ddbd979fc6be528bdf099a724bb5ca040c1c40bdb6eecd055df584c6530a	wsh-trace	local	842524259bce7b86906f8a8cecb7b56dbe4493aaf15a2c0263a108a8168bb793	2264a8042763edf2620cfe32d96b096e1f3d26aa	5.9.2	2.55.0	1000	150	untracked	19	1.397	8.170	1	1	0	1	1788320028.965450	1788320029.131508	202752121	202752264
2026-09-02T03:31:51Z	bb3d89e13a6354257e80443b2d85736862086fd6	ea87ddbd979fc6be528bdf099a724bb5ca040c1c40bdb6eecd055df584c6530a	wsh-trace	local	842524259bce7b86906f8a8cecb7b56dbe4493aaf15a2c0263a108a8168bb793	2264a8042763edf2620cfe32d96b096e1f3d26aa	5.9.2	2.55.0	1000	150	untracked	20	1.224	6.903	1	1	0	1	1788320029.471870	1788320029.636748	202752668	202752792
