snapshot_at_utc	benchmark_commit	runner_sha256	target	target_kind	target_commit	omz_commit	zsh_version	git_version	fixture_files	settle_ms	state	iteration	first_ms	settled_ms	repaints	git_calls	unlocked_calls	semantic_pass	measurement_started_epoch_seconds	measurement_finished_epoch_seconds	cpu_psi_some_total_before	cpu_psi_some_total_after
2026-09-02T03:39:16Z	8dc0b5fea25671d6745a556bffb740d3866e189c	352c096f011eb282f12e6d4c12281340fac96b635a2879cc065d7637a6592872	raw	control	5.9.2	2264a8042763edf2620cfe32d96b096e1f3d26aa	5.9.2	2.55.0	1000	150	clean	1	0.435	0.435	0	0	0	na	1788320356.556933	1788320356.710114	203219581	203219782
2026-09-02T03:39:16Z	8dc0b5fea25671d6745a556bffb740d3866e189c	352c096f011eb282f12e6d4c12281340fac96b635a2879cc065d7637a6592872	raw	control	5.9.2	2264a8042763edf2620cfe32d96b096e1f3d26aa	5.9.2	2.55.0	1000	150	clean	2	0.461	0.461	0	0	0	na	1788320356.863689	1788320357.017310	203220134	203220340
2026-09-02T03:39:16Z	8dc0b5fea25671d6745a556bffb740d3866e189c	352c096f011eb282f12e6d4c12281340fac96b635a2879cc065d7637a6592872	raw	control	5.9.2	2264a8042763edf2620cfe32d96b096e1f3d26aa	5.9.2	2.55.0	1000	150	clean	3	0.433	0.433	0	0	0	na	1788320357.170619	1788320357.324113	203220527	203220721
2026-09-02T03:39:16Z	8dc0b5fea25671d6745a556bffb740d3866e189c	352c096f011eb282f12e6d4c12281340fac96b635a2879cc065d7637a6592872	raw	control	5.9.2	2264a8042763edf2620cfe32d96b096e1f3d26aa	5.9.2	2.55.0	1000	150	clean	4	0.418	0.418	0	0	0	na	1788320357.477540	1788320357.630929	203220930	203221143
2026-09-02T03:39:16Z	8dc0b5fea25671d6745a556bffb740d3866e189c	352c096f011eb282f12e6d4c12281340fac96b635a2879cc065d7637a6592872	raw	control	5.9.2	2264a8042763edf2620cfe32d96b096e1f3d26aa	5.9.2	2.55.0	1000	150	clean	5	0.424	0.424	0	0	0	na	1788320357.784870	1788320357.938554	203222438	203222581
2026-09-02T03:39:16Z	8dc0b5fea25671d6745a556bffb740d3866e189c	352c096f011eb282f12e6d4c12281340fac96b635a2879cc065d7637a6592872	raw	control	5.9.2	2264a8042763edf2620cfe32d96b096e1f3d26aa	5.9.2	2.55.0	1000	150	clean	6	0.410	0.410	0	0	0	na	1788320358.092027	1788320358.245754	203222918	203223413
2026-09-02T03:39:16Z	8dc0b5fea25671d6745a556bffb740d3866e189c	352c096f011eb282f12e6d4c12281340fac96b635a2879cc065d7637a6592872	raw	control	5.9.2	2264a8042763edf2620cfe32d96b096e1f3d26aa	5.9.2	2.55.0	1000	150	clean	7	0.468	0.468	0	0	0	na	1788320358.399192	1788320358.552831	203223544	203223636
2026-09-02T03:39:16Z	8dc0b5fea25671d6745a556bffb740d3866e189c	352c096f011eb282f12e6d4c12281340fac96b635a2879cc065d7637a6592872	raw	control	5.9.2	2264a8042763edf2620cfe32d96b096e1f3d26aa	5.9.2	2.55.0	1000	150	clean	8	0.444	0.444	0	0	0	na	1788320358.706348	1788320358.860053	203223945	203224236
2026-09-02T03:39:16Z	8dc0b5fea25671d6745a556bffb740d3866e189c	352c096f011eb282f12e6d4c12281340fac96b635a2879cc065d7637a6592872	raw	control	5.9.2	2264a8042763edf2620cfe32d96b096e1f3d26aa	5.9.2	2.55.0	1000	150	clean	9	0.445	0.445	0	0	0	na	1788320359.013495	1788320359.167099	203224339	203224457
2026-09-02T03:39:16Z	8dc0b5fea25671d6745a556bffb740d3866e189c	352c096f011eb282f12e6d4c12281340fac96b635a2879cc065d7637a6592872	raw	control	5.9.2	2264a8042763edf2620cfe32d96b096e1f3d26aa	5.9.2	2.55.0	1000	150	clean	10	0.509	0.509	0	0	0	na	1788320359.320622	1788320359.474340	203224639	203224812
2026-09-02T03:39:16Z	8dc0b5fea25671d6745a556bffb740d3866e189c	352c096f011eb282f12e6d4c12281340fac96b635a2879cc065d7637a6592872	raw	control	5.9.2	2264a8042763edf2620cfe32d96b096e1f3d26aa	5.9.2	2.55.0	1000	150	clean	11	0.414	0.414	0	0	0	na	1788320359.627733	1788320359.781057	203225005	203225162
2026-09-02T03:39:16Z	8dc0b5fea25671d6745a556bffb740d3866e189c	352c096f011eb282f12e6d4c12281340fac96b635a2879cc065d7637a6592872	raw	control	5.9.2	2264a8042763edf2620cfe32d96b096e1f3d26aa	5.9.2	2.55.0	1000	150	clean	12	0.451	0.451	0	0	0	na	1788320359.934432	1788320360.088003	203225363	203225546
2026-09-02T03:39:16Z	8dc0b5fea25671d6745a556bffb740d3866e189c	352c096f011eb282f12e6d4c12281340fac96b635a2879cc065d7637a6592872	raw	control	5.9.2	2264a8042763edf2620cfe32d96b096e1f3d26aa	5.9.2	2.55.0	1000	150	clean	13	0.421	0.421	0	0	0	na	1788320360.241195	1788320360.394715	203225721	203225892
2026-09-02T03:39:16Z	8dc0b5fea25671d6745a556bffb740d3866e189c	352c096f011eb282f12e6d4c12281340fac96b635a2879cc065d7637a6592872	raw	control	5.9.2	2264a8042763edf2620cfe32d96b096e1f3d26aa	5.9.2	2.55.0	1000	150	clean	14	0.434	0.434	0	0	0	na	1788320360.548435	1788320360.701884	203226091	203226260
2026-09-02T03:39:16Z	8dc0b5fea25671d6745a556bffb740d3866e189c	352c096f011eb282f12e6d4c12281340fac96b635a2879cc065d7637a6592872	raw	control	5.9.2	2264a8042763edf2620cfe32d96b096e1f3d26aa	5.9.2	2.55.0	1000	150	clean	15	0.474	0.474	0	0	0	na	1788320360.855260	1788320361.008802	203226536	203226726
2026-09-02T03:39:16Z	8dc0b5fea25671d6745a556bffb740d3866e189c	352c096f011eb282f12e6d4c12281340fac96b635a2879cc065d7637a6592872	raw	control	5.9.2	2264a8042763edf2620cfe32d96b096e1f3d26aa	5.9.2	2.55.0	1000	150	clean	16	0.427	0.427	0	0	0	na	1788320361.162166	1788320361.315704	203226893	203227090
2026-09-02T03:39:16Z	8dc0b5fea25671d6745a556bffb740d3866e189c	352c096f011eb282f12e6d4c12281340fac96b635a2879cc065d7637a6592872	raw	control	5.9.2	2264a8042763edf2620cfe32d96b096e1f3d26aa	5.9.2	2.55.0	1000	150	clean	17	0.416	0.416	0	0	0	na	1788320361.469104	1788320361.622500	203227290	203227461
2026-09-02T03:39:16Z	8dc0b5fea25671d6745a556bffb740d3866e189c	352c096f011eb282f12e6d4c12281340fac96b635a2879cc065d7637a6592872	raw	control	5.9.2	2264a8042763edf2620cfe32d96b096e1f3d26aa	5.9.2	2.55.0	1000	150	clean	18	0.465	0.465	0	0	0	na	1788320361.775755	1788320361.929421	203227632	203228056
2026-09-02T03:39:16Z	8dc0b5fea25671d6745a556bffb740d3866e189c	352c096f011eb282f12e6d4c12281340fac96b635a2879cc065d7637a6592872	raw	control	5.9.2	2264a8042763edf2620cfe32d96b096e1f3d26aa	5.9.2	2.55.0	1000	150	clean	19	0.528	0.528	0	0	0	na	1788320362.082845	1788320362.236290	203228201	203228332
2026-09-02T03:39:16Z	8dc0b5fea25671d6745a556bffb740d3866e189c	352c096f011eb282f12e6d4c12281340fac96b635a2879cc065d7637a6592872	raw	control	5.9.2	2264a8042763edf2620cfe32d96b096e1f3d26aa	5.9.2	2.55.0	1000	150	clean	20	0.484	0.484	0	0	0	na	1788320362.389433	1788320362.542929	203228497	203228679
2026-09-02T03:39:16Z	8dc0b5fea25671d6745a556bffb740d3866e189c	352c096f011eb282f12e6d4c12281340fac96b635a2879cc065d7637a6592872	raw	control	5.9.2	2264a8042763edf2620cfe32d96b096e1f3d26aa	5.9.2	2.55.0	1000	150	dirty	1	0.374	0.374	0	0	0	na	1788320362.726224	1788320362.879821	203228866	203229059
2026-09-02T03:39:16Z	8dc0b5fea25671d6745a556bffb740d3866e189c	352c096f011eb282f12e6d4c12281340fac96b635a2879cc065d7637a6592872	raw	control	5.9.2	2264a8042763edf2620cfe32d96b096e1f3d26aa	5.9.2	2.55.0	1000	150	dirty	2	0.357	0.357	0	0	0	na	1788320363.033209	1788320363.186576	203229227	203229370
2026-09-02T03:39:16Z	8dc0b5fea25671d6745a556bffb740d3866e189c	352c096f011eb282f12e6d4c12281340fac96b635a2879cc065d7637a6592872	raw	control	5.9.2	2264a8042763edf2620cfe32d96b096e1f3d26aa	5.9.2	2.55.0	1000	150	dirty	3	0.447	0.447	0	0	0	na	1788320363.339987	1788320363.493398	203229524	203229688
2026-09-02T03:39:16Z	8dc0b5fea25671d6745a556bffb740d3866e189c	352c096f011eb282f12e6d4c12281340fac96b635a2879cc065d7637a6592872	raw	control	5.9.2	2264a8042763edf2620cfe32d96b096e1f3d26aa	5.9.2	2.55.0	1000	150	dirty	4	0.388	0.388	0	0	0	na	1788320363.646776	1788320363.800000	203229857	203230047
2026-09-02T03:39:16Z	8dc0b5fea25671d6745a556bffb740d3866e189c	352c096f011eb282f12e6d4c12281340fac96b635a2879cc065d7637a6592872	raw	control	5.9.2	2264a8042763edf2620cfe32d96b096e1f3d26aa	5.9.2	2.55.0	1000	150	dirty	5	0.387	0.387	0	0	0	na	1788320363.953307	1788320364.106604	203230216	203230404
2026-09-02T03:39:16Z	8dc0b5fea25671d6745a556bffb740d3866e189c	352c096f011eb282f12e6d4c12281340fac96b635a2879cc065d7637a6592872	raw	control	5.9.2	2264a8042763edf2620cfe32d96b096e1f3d26aa	5.9.2	2.55.0	1000	150	dirty	6	0.364	0.364	0	0	0	na	1788320364.259890	1788320364.413238	203230539	203230710
2026-09-02T03:39:16Z	8dc0b5fea25671d6745a556bffb740d3866e189c	352c096f011eb282f12e6d4c12281340fac96b635a2879cc065d7637a6592872	raw	control	5.9.2	2264a8042763edf2620cfe32d96b096e1f3d26aa	5.9.2	2.55.0	1000	150	dirty	7	0.419	0.419	0	0	0	na	1788320364.566657	1788320364.720022	203230832	203231024
2026-09-02T03:39:16Z	8dc0b5fea25671d6745a556bffb740d3866e189c	352c096f011eb282f12e6d4c12281340fac96b635a2879cc065d7637a6592872	raw	control	5.9.2	2264a8042763edf2620cfe32d96b096e1f3d26aa	5.9.2	2.55.0	1000	150	dirty	8	0.359	0.359	0	0	0	na	1788320364.873299	1788320365.026711	203231183	203231342
2026-09-02T03:39:16Z	8dc0b5fea25671d6745a556bffb740d3866e189c	352c096f011eb282f12e6d4c12281340fac96b635a2879cc065d7637a6592872	raw	control	5.9.2	2264a8042763edf2620cfe32d96b096e1f3d26aa	5.9.2	2.55.0	1000	150	dirty	9	0.379	0.379	0	0	0	na	1788320365.180213	1788320365.333487	203231510	203231665
2026-09-02T03:39:16Z	8dc0b5fea25671d6745a556bffb740d3866e189c	352c096f011eb282f12e6d4c12281340fac96b635a2879cc065d7637a6592872	raw	control	5.9.2	2264a8042763edf2620cfe32d96b096e1f3d26aa	5.9.2	2.55.0	1000	150	dirty	10	0.380	0.380	0	0	0	na	1788320365.486825	1788320365.640032	203231904	203232113
2026-09-02T03:39:16Z	8dc0b5fea25671d6745a556bffb740d3866e189c	352c096f011eb282f12e6d4c12281340fac96b635a2879cc065d7637a6592872	raw	control	5.9.2	2264a8042763edf2620cfe32d96b096e1f3d26aa	5.9.2	2.55.0	1000	150	dirty	11	0.354	0.354	0	0	0	na	1788320365.793314	1788320365.946660	203232492	203232753
2026-09-02T03:39:16Z	8dc0b5fea25671d6745a556bffb740d3866e189c	352c096f011eb282f12e6d4c12281340fac96b635a2879cc065d7637a6592872	raw	control	5.9.2	2264a8042763edf2620cfe32d96b096e1f3d26aa	5.9.2	2.55.0	1000	150	dirty	12	0.407	0.407	0	0	0	na	1788320366.100316	1788320366.253765	203232967	203233147
2026-09-02T03:39:16Z	8dc0b5fea25671d6745a556bffb740d3866e189c	352c096f011eb282f12e6d4c12281340fac96b635a2879cc065d7637a6592872	raw	control	5.9.2	2264a8042763edf2620cfe32d96b096e1f3d26aa	5.9.2	2.55.0	1000	150	dirty	13	0.352	0.352	0	0	0	na	1788320366.407313	1788320366.560590	203233325	203233488
2026-09-02T03:39:16Z	8dc0b5fea25671d6745a556bffb740d3866e189c	352c096f011eb282f12e6d4c12281340fac96b635a2879cc065d7637a6592872	raw	control	5.9.2	2264a8042763edf2620cfe32d96b096e1f3d26aa	5.9.2	2.55.0	1000	150	dirty	14	0.353	0.353	0	0	0	na	1788320366.714056	1788320366.867520	203233673	203233957
2026-09-02T03:39:16Z	8dc0b5fea25671d6745a556bffb740d3866e189c	352c096f011eb282f12e6d4c12281340fac96b635a2879cc065d7637a6592872	raw	control	5.9.2	2264a8042763edf2620cfe32d96b096e1f3d26aa	5.9.2	2.55.0	1000	150	dirty	15	0.456	0.456	0	0	0	na	1788320367.020908	1788320367.174440	203234147	203234316
2026-09-02T03:39:16Z	8dc0b5fea25671d6745a556bffb740d3866e189c	352c096f011eb282f12e6d4c12281340fac96b635a2879cc065d7637a6592872	raw	control	5.9.2	2264a8042763edf2620cfe32d96b096e1f3d26aa	5.9.2	2.55.0	1000	150	dirty	16	0.385	0.385	0	0	0	na	1788320367.328006	1788320367.481529	203234490	203235008
2026-09-02T03:39:16Z	8dc0b5fea25671d6745a556bffb740d3866e189c	352c096f011eb282f12e6d4c12281340fac96b635a2879cc065d7637a6592872	raw	control	5.9.2	2264a8042763edf2620cfe32d96b096e1f3d26aa	5.9.2	2.55.0	1000	150	dirty	17	0.404	0.404	0	0	0	na	1788320367.634980	1788320367.788494	203235189	203235391
2026-09-02T03:39:16Z	8dc0b5fea25671d6745a556bffb740d3866e189c	352c096f011eb282f12e6d4c12281340fac96b635a2879cc065d7637a6592872	raw	control	5.9.2	2264a8042763edf2620cfe32d96b096e1f3d26aa	5.9.2	2.55.0	1000	150	dirty	18	0.365	0.365	0	0	0	na	1788320367.941967	1788320368.095380	203235690	203235846
2026-09-02T03:39:16Z	8dc0b5fea25671d6745a556bffb740d3866e189c	352c096f011eb282f12e6d4c12281340fac96b635a2879cc065d7637a6592872	raw	control	5.9.2	2264a8042763edf2620cfe32d96b096e1f3d26aa	5.9.2	2.55.0	1000	150	dirty	19	0.459	0.459	0	0	0	na	1788320368.248876	1788320368.402244	203235975	203236107
2026-09-02T03:39:16Z	8dc0b5fea25671d6745a556bffb740d3866e189c	352c096f011eb282f12e6d4c12281340fac96b635a2879cc065d7637a6592872	raw	control	5.9.2	2264a8042763edf2620cfe32d96b096e1f3d26aa	5.9.2	2.55.0	1000	150	dirty	20	0.455	0.455	0	0	0	na	1788320368.555746	1788320368.709093	203236353	203236503
2026-09-02T03:39:16Z	8dc0b5fea25671d6745a556bffb740d3866e189c	352c096f011eb282f12e6d4c12281340fac96b635a2879cc065d7637a6592872	raw	control	5.9.2	2264a8042763edf2620cfe32d96b096e1f3d26aa	5.9.2	2.55.0	1000	150	untracked	1	0.505	0.505	0	0	0	na	1788320368.886614	1788320369.040686	203236693	203236808
2026-09-02T03:39:16Z	8dc0b5fea25671d6745a556bffb740d3866e189c	352c096f011eb282f12e6d4c12281340fac96b635a2879cc065d7637a6592872	raw	control	5.9.2	2264a8042763edf2620cfe32d96b096e1f3d26aa	5.9.2	2.55.0	1000	150	untracked	2	0.444	0.444	0	0	0	na	1788320369.195757	1788320369.349665	203236957	203237105
2026-09-02T03:39:16Z	8dc0b5fea25671d6745a556bffb740d3866e189c	352c096f011eb282f12e6d4c12281340fac96b635a2879cc065d7637a6592872	raw	control	5.9.2	2264a8042763edf2620cfe32d96b096e1f3d26aa	5.9.2	2.55.0	1000	150	untracked	3	0.475	0.475	0	0	0	na	1788320369.504765	1788320369.658096	203237606	203237751
2026-09-02T03:39:16Z	8dc0b5fea25671d6745a556bffb740d3866e189c	352c096f011eb282f12e6d4c12281340fac96b635a2879cc065d7637a6592872	raw	control	5.9.2	2264a8042763edf2620cfe32d96b096e1f3d26aa	5.9.2	2.55.0	1000	150	untracked	4	0.428	0.428	0	0	0	na	1788320369.812811	1788320369.966247	203237943	203238177
2026-09-02T03:39:16Z	8dc0b5fea25671d6745a556bffb740d3866e189c	352c096f011eb282f12e6d4c12281340fac96b635a2879cc065d7637a6592872	raw	control	5.9.2	2264a8042763edf2620cfe32d96b096e1f3d26aa	5.9.2	2.55.0	1000	150	untracked	5	0.442	0.442	0	0	0	na	1788320370.121675	1788320370.275225	203238321	203238607
2026-09-02T03:39:16Z	8dc0b5fea25671d6745a556bffb740d3866e189c	352c096f011eb282f12e6d4c12281340fac96b635a2879cc065d7637a6592872	raw	control	5.9.2	2264a8042763edf2620cfe32d96b096e1f3d26aa	5.9.2	2.55.0	1000	150	untracked	6	0.460	0.460	0	0	0	na	1788320370.430221	1788320370.583757	203238949	203239115
2026-09-02T03:39:16Z	8dc0b5fea25671d6745a556bffb740d3866e189c	352c096f011eb282f12e6d4c12281340fac96b635a2879cc065d7637a6592872	raw	control	5.9.2	2264a8042763edf2620cfe32d96b096e1f3d26aa	5.9.2	2.55.0	1000	150	untracked	7	0.414	0.414	0	0	0	na	1788320370.738435	1788320370.892247	203239640	203239928
2026-09-02T03:39:16Z	8dc0b5fea25671d6745a556bffb740d3866e189c	352c096f011eb282f12e6d4c12281340fac96b635a2879cc065d7637a6592872	raw	control	5.9.2	2264a8042763edf2620cfe32d96b096e1f3d26aa	5.9.2	2.55.0	1000	150	untracked	8	0.439	0.439	0	0	0	na	1788320371.046853	1788320371.200553	203240264	203240474
2026-09-02T03:39:16Z	8dc0b5fea25671d6745a556bffb740d3866e189c	352c096f011eb282f12e6d4c12281340fac96b635a2879cc065d7637a6592872	raw	control	5.9.2	2264a8042763edf2620cfe32d96b096e1f3d26aa	5.9.2	2.55.0	1000	150	untracked	9	0.406	0.406	0	0	0	na	1788320371.355308	1788320371.508701	203240627	203241206
2026-09-02T03:39:16Z	8dc0b5fea25671d6745a556bffb740d3866e189c	352c096f011eb282f12e6d4c12281340fac96b635a2879cc065d7637a6592872	raw	control	5.9.2	2264a8042763edf2620cfe32d96b096e1f3d26aa	5.9.2	2.55.0	1000	150	untracked	10	0.462	0.462	0	0	0	na	1788320371.663047	1788320371.816455	203241395	203241581
2026-09-02T03:39:16Z	8dc0b5fea25671d6745a556bffb740d3866e189c	352c096f011eb282f12e6d4c12281340fac96b635a2879cc065d7637a6592872	raw	control	5.9.2	2264a8042763edf2620cfe32d96b096e1f3d26aa	5.9.2	2.55.0	1000	150	untracked	11	0.450	0.450	0	0	0	na	1788320371.971107	1788320372.124681	203241733	203241854
2026-09-02T03:39:16Z	8dc0b5fea25671d6745a556bffb740d3866e189c	352c096f011eb282f12e6d4c12281340fac96b635a2879cc065d7637a6592872	raw	control	5.9.2	2264a8042763edf2620cfe32d96b096e1f3d26aa	5.9.2	2.55.0	1000	150	untracked	12	0.376	0.376	0	0	0	na	1788320372.279341	1788320372.432849	203241994	203242107
2026-09-02T03:39:16Z	8dc0b5fea25671d6745a556bffb740d3866e189c	352c096f011eb282f12e6d4c12281340fac96b635a2879cc065d7637a6592872	raw	control	5.9.2	2264a8042763edf2620cfe32d96b096e1f3d26aa	5.9.2	2.55.0	1000	150	untracked	13	0.398	0.398	0	0	0	na	1788320372.587637	1788320372.741277	203242349	203242541
2026-09-02T03:39:16Z	8dc0b5fea25671d6745a556bffb740d3866e189c	352c096f011eb282f12e6d4c12281340fac96b635a2879cc065d7637a6592872	raw	control	5.9.2	2264a8042763edf2620cfe32d96b096e1f3d26aa	5.9.2	2.55.0	1000	150	untracked	14	0.372	0.372	0	0	0	na	1788320372.895873	1788320373.049280	203242912	203243081
2026-09-02T03:39:16Z	8dc0b5fea25671d6745a556bffb740d3866e189c	352c096f011eb282f12e6d4c12281340fac96b635a2879cc065d7637a6592872	raw	control	5.9.2	2264a8042763edf2620cfe32d96b096e1f3d26aa	5.9.2	2.55.0	1000	150	untracked	15	0.405	0.405	0	0	0	na	1788320373.204025	1788320373.357594	203243304	203243521
2026-09-02T03:39:16Z	8dc0b5fea25671d6745a556bffb740d3866e189c	352c096f011eb282f12e6d4c12281340fac96b635a2879cc065d7637a6592872	raw	control	5.9.2	2264a8042763edf2620cfe32d96b096e1f3d26aa	5.9.2	2.55.0	1000	150	untracked	16	0.411	0.411	0	0	0	na	1788320373.512079	1788320373.665637	203243683	203243819
2026-09-02T03:39:16Z	8dc0b5fea25671d6745a556bffb740d3866e189c	352c096f011eb282f12e6d4c12281340fac96b635a2879cc065d7637a6592872	raw	control	5.9.2	2264a8042763edf2620cfe32d96b096e1f3d26aa	5.9.2	2.55.0	1000	150	untracked	17	0.388	0.388	0	0	0	na	1788320373.820268	1788320373.973653	203244100	203244333
2026-09-02T03:39:16Z	8dc0b5fea25671d6745a556bffb740d3866e189c	352c096f011eb282f12e6d4c12281340fac96b635a2879cc065d7637a6592872	raw	control	5.9.2	2264a8042763edf2620cfe32d96b096e1f3d26aa	5.9.2	2.55.0	1000	150	untracked	18	0.352	0.352	0	0	0	na	1788320374.128067	1788320374.281488	203244484	203244650
2026-09-02T03:39:16Z	8dc0b5fea25671d6745a556bffb740d3866e189c	352c096f011eb282f12e6d4c12281340fac96b635a2879cc065d7637a6592872	raw	control	5.9.2	2264a8042763edf2620cfe32d96b096e1f3d26aa	5.9.2	2.55.0	1000	150	untracked	19	0.438	0.438	0	0	0	na	1788320374.436080	1788320374.589728	203244822	203244968
2026-09-02T03:39:16Z	8dc0b5fea25671d6745a556bffb740d3866e189c	352c096f011eb282f12e6d4c12281340fac96b635a2879cc065d7637a6592872	raw	control	5.9.2	2264a8042763edf2620cfe32d96b096e1f3d26aa	5.9.2	2.55.0	1000	150	untracked	20	0.371	0.371	0	0	0	na	1788320374.744406	1788320374.897934	203245140	203245500
2026-09-02T03:39:16Z	8dc0b5fea25671d6745a556bffb740d3866e189c	352c096f011eb282f12e6d4c12281340fac96b635a2879cc065d7637a6592872	wsh-idle	control	5d6e8847420178b32e92e35a6ab32ba501f1baf6e976c496abd5881219858856	2264a8042763edf2620cfe32d96b096e1f3d26aa	5.9.2	2.55.0	1000	150	clean	1	0.492	0.492	0	0	0	na	1788320375.253423	1788320375.407117	203245881	203246076
2026-09-02T03:39:16Z	8dc0b5fea25671d6745a556bffb740d3866e189c	352c096f011eb282f12e6d4c12281340fac96b635a2879cc065d7637a6592872	wsh-idle	control	5d6e8847420178b32e92e35a6ab32ba501f1baf6e976c496abd5881219858856	2264a8042763edf2620cfe32d96b096e1f3d26aa	5.9.2	2.55.0	1000	150	clean	2	0.414	0.414	0	0	0	na	1788320375.560569	1788320375.714118	203246240	203246451
2026-09-02T03:39:16Z	8dc0b5fea25671d6745a556bffb740d3866e189c	352c096f011eb282f12e6d4c12281340fac96b635a2879cc065d7637a6592872	wsh-idle	control	5d6e8847420178b32e92e35a6ab32ba501f1baf6e976c496abd5881219858856	2264a8042763edf2620cfe32d96b096e1f3d26aa	5.9.2	2.55.0	1000	150	clean	3	0.443	0.443	0	0	0	na	1788320375.867662	1788320376.021148	203246671	203246901
2026-09-02T03:39:16Z	8dc0b5fea25671d6745a556bffb740d3866e189c	352c096f011eb282f12e6d4c12281340fac96b635a2879cc065d7637a6592872	wsh-idle	control	5d6e8847420178b32e92e35a6ab32ba501f1baf6e976c496abd5881219858856	2264a8042763edf2620cfe32d96b096e1f3d26aa	5.9.2	2.55.0	1000	150	clean	4	0.422	0.422	0	0	0	na	1788320376.174552	1788320376.328103	203247126	203247371
2026-09-02T03:39:16Z	8dc0b5fea25671d6745a556bffb740d3866e189c	352c096f011eb282f12e6d4c12281340fac96b635a2879cc065d7637a6592872	wsh-idle	control	5d6e8847420178b32e92e35a6ab32ba501f1baf6e976c496abd5881219858856	2264a8042763edf2620cfe32d96b096e1f3d26aa	5.9.2	2.55.0	1000	150	clean	5	0.510	0.510	0	0	0	na	1788320376.481535	1788320376.635252	203247620	203247800
2026-09-02T03:39:16Z	8dc0b5fea25671d6745a556bffb740d3866e189c	352c096f011eb282f12e6d4c12281340fac96b635a2879cc065d7637a6592872	wsh-idle	control	5d6e8847420178b32e92e35a6ab32ba501f1baf6e976c496abd5881219858856	2264a8042763edf2620cfe32d96b096e1f3d26aa	5.9.2	2.55.0	1000	150	clean	6	0.479	0.479	0	0	0	na	1788320376.788712	1788320376.942395	203248013	203248197
2026-09-02T03:39:16Z	8dc0b5fea25671d6745a556bffb740d3866e189c	352c096f011eb282f12e6d4c12281340fac96b635a2879cc065d7637a6592872	wsh-idle	control	5d6e8847420178b32e92e35a6ab32ba501f1baf6e976c496abd5881219858856	2264a8042763edf2620cfe32d96b096e1f3d26aa	5.9.2	2.55.0	1000	150	clean	7	0.411	0.411	0	0	0	na	1788320377.095803	1788320377.249507	203248467	203248668
2026-09-02T03:39:16Z	8dc0b5fea25671d6745a556bffb740d3866e189c	352c096f011eb282f12e6d4c12281340fac96b635a2879cc065d7637a6592872	wsh-idle	control	5d6e8847420178b32e92e35a6ab32ba501f1baf6e976c496abd5881219858856	2264a8042763edf2620cfe32d96b096e1f3d26aa	5.9.2	2.55.0	1000	150	clean	8	0.420	0.420	0	0	0	na	1788320377.403131	1788320377.556680	203248882	203249197
2026-09-02T03:39:16Z	8dc0b5fea25671d6745a556bffb740d3866e189c	352c096f011eb282f12e6d4c12281340fac96b635a2879cc065d7637a6592872	wsh-idle	control	5d6e8847420178b32e92e35a6ab32ba501f1baf6e976c496abd5881219858856	2264a8042763edf2620cfe32d96b096e1f3d26aa	5.9.2	2.55.0	1000	150	clean	9	0.492	0.492	0	0	0	na	1788320377.709964	1788320377.863315	203249394	203249605
2026-09-02T03:39:16Z	8dc0b5fea25671d6745a556bffb740d3866e189c	352c096f011eb282f12e6d4c12281340fac96b635a2879cc065d7637a6592872	wsh-idle	control	5d6e8847420178b32e92e35a6ab32ba501f1baf6e976c496abd5881219858856	2264a8042763edf2620cfe32d96b096e1f3d26aa	5.9.2	2.55.0	1000	150	clean	10	0.404	0.404	0	0	0	na	1788320378.016454	1788320378.169893	203249844	203250048
2026-09-02T03:39:16Z	8dc0b5fea25671d6745a556bffb740d3866e189c	352c096f011eb282f12e6d4c12281340fac96b635a2879cc065d7637a6592872	wsh-idle	control	5d6e8847420178b32e92e35a6ab32ba501f1baf6e976c496abd5881219858856	2264a8042763edf2620cfe32d96b096e1f3d26aa	5.9.2	2.55.0	1000	150	clean	11	0.400	0.400	0	0	0	na	1788320378.323168	1788320378.476509	203250189	203250423
2026-09-02T03:39:16Z	8dc0b5fea25671d6745a556bffb740d3866e189c	352c096f011eb282f12e6d4c12281340fac96b635a2879cc065d7637a6592872	wsh-idle	control	5d6e8847420178b32e92e35a6ab32ba501f1baf6e976c496abd5881219858856	2264a8042763edf2620cfe32d96b096e1f3d26aa	5.9.2	2.55.0	1000	150	clean	12	0.490	0.490	0	0	0	na	1788320378.629702	1788320378.783148	203250600	203250761
2026-09-02T03:39:16Z	8dc0b5fea25671d6745a556bffb740d3866e189c	352c096f011eb282f12e6d4c12281340fac96b635a2879cc065d7637a6592872	wsh-idle	control	5d6e8847420178b32e92e35a6ab32ba501f1baf6e976c496abd5881219858856	2264a8042763edf2620cfe32d96b096e1f3d26aa	5.9.2	2.55.0	1000	150	clean	13	0.453	0.453	0	0	0	na	1788320378.936638	1788320379.090197	203250934	203251074
2026-09-02T03:39:16Z	8dc0b5fea25671d6745a556bffb740d3866e189c	352c096f011eb282f12e6d4c12281340fac96b635a2879cc065d7637a6592872	wsh-idle	control	5d6e8847420178b32e92e35a6ab32ba501f1baf6e976c496abd5881219858856	2264a8042763edf2620cfe32d96b096e1f3d26aa	5.9.2	2.55.0	1000	150	clean	14	0.404	0.404	0	0	0	na	1788320379.243487	1788320379.397046	203251222	203251351
2026-09-02T03:39:16Z	8dc0b5fea25671d6745a556bffb740d3866e189c	352c096f011eb282f12e6d4c12281340fac96b635a2879cc065d7637a6592872	wsh-idle	control	5d6e8847420178b32e92e35a6ab32ba501f1baf6e976c496abd5881219858856	2264a8042763edf2620cfe32d96b096e1f3d26aa	5.9.2	2.55.0	1000	150	clean	15	0.412	0.412	0	0	0	na	1788320379.550214	1788320379.703600	203251499	203252152
2026-09-02T03:39:16Z	8dc0b5fea25671d6745a556bffb740d3866e189c	352c096f011eb282f12e6d4c12281340fac96b635a2879cc065d7637a6592872	wsh-idle	control	5d6e8847420178b32e92e35a6ab32ba501f1baf6e976c496abd5881219858856	2264a8042763edf2620cfe32d96b096e1f3d26aa	5.9.2	2.55.0	1000	150	clean	16	0.471	0.471	0	0	0	na	1788320379.857227	1788320380.011062	203252601	203252978
2026-09-02T03:39:16Z	8dc0b5fea25671d6745a556bffb740d3866e189c	352c096f011eb282f12e6d4c12281340fac96b635a2879cc065d7637a6592872	wsh-idle	control	5d6e8847420178b32e92e35a6ab32ba501f1baf6e976c496abd5881219858856	2264a8042763edf2620cfe32d96b096e1f3d26aa	5.9.2	2.55.0	1000	150	clean	17	0.424	0.424	0	0	0	na	1788320380.164598	1788320380.318151	203253159	203253248
2026-09-02T03:39:16Z	8dc0b5fea25671d6745a556bffb740d3866e189c	352c096f011eb282f12e6d4c12281340fac96b635a2879cc065d7637a6592872	wsh-idle	control	5d6e8847420178b32e92e35a6ab32ba501f1baf6e976c496abd5881219858856	2264a8042763edf2620cfe32d96b096e1f3d26aa	5.9.2	2.55.0	1000	150	clean	18	0.428	0.428	0	0	0	na	1788320380.471703	1788320380.625371	203253475	203253777
2026-09-02T03:39:16Z	8dc0b5fea25671d6745a556bffb740d3866e189c	352c096f011eb282f12e6d4c12281340fac96b635a2879cc065d7637a6592872	wsh-idle	control	5d6e8847420178b32e92e35a6ab32ba501f1baf6e976c496abd5881219858856	2264a8042763edf2620cfe32d96b096e1f3d26aa	5.9.2	2.55.0	1000	150	clean	19	0.438	0.438	0	0	0	na	1788320380.778762	1788320380.932225	203254437	203254628
2026-09-02T03:39:16Z	8dc0b5fea25671d6745a556bffb740d3866e189c	352c096f011eb282f12e6d4c12281340fac96b635a2879cc065d7637a6592872	wsh-idle	control	5d6e8847420178b32e92e35a6ab32ba501f1baf6e976c496abd5881219858856	2264a8042763edf2620cfe32d96b096e1f3d26aa	5.9.2	2.55.0	1000	150	clean	20	0.426	0.426	0	0	0	na	1788320381.085878	1788320381.239545	203254928	203255072
2026-09-02T03:39:16Z	8dc0b5fea25671d6745a556bffb740d3866e189c	352c096f011eb282f12e6d4c12281340fac96b635a2879cc065d7637a6592872	wsh-idle	control	5d6e8847420178b32e92e35a6ab32ba501f1baf6e976c496abd5881219858856	2264a8042763edf2620cfe32d96b096e1f3d26aa	5.9.2	2.55.0	1000	150	dirty	1	0.371	0.371	0	0	0	na	1788320381.411725	1788320381.565207	203255213	203255388
2026-09-02T03:39:16Z	8dc0b5fea25671d6745a556bffb740d3866e189c	352c096f011eb282f12e6d4c12281340fac96b635a2879cc065d7637a6592872	wsh-idle	control	5d6e8847420178b32e92e35a6ab32ba501f1baf6e976c496abd5881219858856	2264a8042763edf2620cfe32d96b096e1f3d26aa	5.9.2	2.55.0	1000	150	dirty	2	0.405	0.405	0	0	0	na	1788320381.718798	1788320381.872344	203255550	203255780
2026-09-02T03:39:16Z	8dc0b5fea25671d6745a556bffb740d3866e189c	352c096f011eb282f12e6d4c12281340fac96b635a2879cc065d7637a6592872	wsh-idle	control	5d6e8847420178b32e92e35a6ab32ba501f1baf6e976c496abd5881219858856	2264a8042763edf2620cfe32d96b096e1f3d26aa	5.9.2	2.55.0	1000	150	dirty	3	0.400	0.400	0	0	0	na	1788320382.025826	1788320382.179501	203256026	203256231
2026-09-02T03:39:16Z	8dc0b5fea25671d6745a556bffb740d3866e189c	352c096f011eb282f12e6d4c12281340fac96b635a2879cc065d7637a6592872	wsh-idle	control	5d6e8847420178b32e92e35a6ab32ba501f1baf6e976c496abd5881219858856	2264a8042763edf2620cfe32d96b096e1f3d26aa	5.9.2	2.55.0	1000	150	dirty	4	0.355	0.355	0	0	0	na	1788320382.333035	1788320382.486430	203256527	203256775
2026-09-02T03:39:16Z	8dc0b5fea25671d6745a556bffb740d3866e189c	352c096f011eb282f12e6d4c12281340fac96b635a2879cc065d7637a6592872	wsh-idle	control	5d6e8847420178b32e92e35a6ab32ba501f1baf6e976c496abd5881219858856	2264a8042763edf2620cfe32d96b096e1f3d26aa	5.9.2	2.55.0	1000	150	dirty	5	0.356	0.356	0	0	0	na	1788320382.640028	1788320382.793519	203257014	203257251
2026-09-02T03:39:16Z	8dc0b5fea25671d6745a556bffb740d3866e189c	352c096f011eb282f12e6d4c12281340fac96b635a2879cc065d7637a6592872	wsh-idle	control	5d6e8847420178b32e92e35a6ab32ba501f1baf6e976c496abd5881219858856	2264a8042763edf2620cfe32d96b096e1f3d26aa	5.9.2	2.55.0	1000	150	dirty	6	0.417	0.417	0	0	0	na	1788320382.947331	1788320383.101300	203257491	203257685
2026-09-02T03:39:16Z	8dc0b5fea25671d6745a556bffb740d3866e189c	352c096f011eb282f12e6d4c12281340fac96b635a2879cc065d7637a6592872	wsh-idle	control	5d6e8847420178b32e92e35a6ab32ba501f1baf6e976c496abd5881219858856	2264a8042763edf2620cfe32d96b096e1f3d26aa	5.9.2	2.55.0	1000	150	dirty	7	0.407	0.407	0	0	0	na	1788320383.254686	1788320383.408279	203257869	203258052
2026-09-02T03:39:16Z	8dc0b5fea25671d6745a556bffb740d3866e189c	352c096f011eb282f12e6d4c12281340fac96b635a2879cc065d7637a6592872	wsh-idle	control	5d6e8847420178b32e92e35a6ab32ba501f1baf6e976c496abd5881219858856	2264a8042763edf2620cfe32d96b096e1f3d26aa	5.9.2	2.55.0	1000	150	dirty	8	0.484	0.484	0	0	0	na	1788320383.561651	1788320383.715165	203258202	203258367
2026-09-02T03:39:16Z	8dc0b5fea25671d6745a556bffb740d3866e189c	352c096f011eb282f12e6d4c12281340fac96b635a2879cc065d7637a6592872	wsh-idle	control	5d6e8847420178b32e92e35a6ab32ba501f1baf6e976c496abd5881219858856	2264a8042763edf2620cfe32d96b096e1f3d26aa	5.9.2	2.55.0	1000	150	dirty	9	0.400	0.400	0	0	0	na	1788320383.868564	1788320384.021875	203258662	203258804
2026-09-02T03:39:16Z	8dc0b5fea25671d6745a556bffb740d3866e189c	352c096f011eb282f12e6d4c12281340fac96b635a2879cc065d7637a6592872	wsh-idle	control	5d6e8847420178b32e92e35a6ab32ba501f1baf6e976c496abd5881219858856	2264a8042763edf2620cfe32d96b096e1f3d26aa	5.9.2	2.55.0	1000	150	dirty	10	0.366	0.366	0	0	0	na	1788320384.175179	1788320384.328369	203258943	203259116
2026-09-02T03:39:16Z	8dc0b5fea25671d6745a556bffb740d3866e189c	352c096f011eb282f12e6d4c12281340fac96b635a2879cc065d7637a6592872	wsh-idle	control	5d6e8847420178b32e92e35a6ab32ba501f1baf6e976c496abd5881219858856	2264a8042763edf2620cfe32d96b096e1f3d26aa	5.9.2	2.55.0	1000	150	dirty	11	0.450	0.450	0	0	0	na	1788320384.481639	1788320384.635056	203259283	203259453
2026-09-02T03:39:16Z	8dc0b5fea25671d6745a556bffb740d3866e189c	352c096f011eb282f12e6d4c12281340fac96b635a2879cc065d7637a6592872	wsh-idle	control	5d6e8847420178b32e92e35a6ab32ba501f1baf6e976c496abd5881219858856	2264a8042763edf2620cfe32d96b096e1f3d26aa	5.9.2	2.55.0	1000	150	dirty	12	0.376	0.376	0	0	0	na	1788320384.788495	1788320384.941749	203260395	203260532
2026-09-02T03:39:16Z	8dc0b5fea25671d6745a556bffb740d3866e189c	352c096f011eb282f12e6d4c12281340fac96b635a2879cc065d7637a6592872	wsh-idle	control	5d6e8847420178b32e92e35a6ab32ba501f1baf6e976c496abd5881219858856	2264a8042763edf2620cfe32d96b096e1f3d26aa	5.9.2	2.55.0	1000	150	dirty	13	0.362	0.362	0	0	0	na	1788320385.095225	1788320385.248555	203260742	203260915
2026-09-02T03:39:16Z	8dc0b5fea25671d6745a556bffb740d3866e189c	352c096f011eb282f12e6d4c12281340fac96b635a2879cc065d7637a6592872	wsh-idle	control	5d6e8847420178b32e92e35a6ab32ba501f1baf6e976c496abd5881219858856	2264a8042763edf2620cfe32d96b096e1f3d26aa	5.9.2	2.55.0	1000	150	dirty	14	0.392	0.392	0	0	0	na	1788320385.402013	1788320385.555426	203261042	203261428
2026-09-02T03:39:16Z	8dc0b5fea25671d6745a556bffb740d3866e189c	352c096f011eb282f12e6d4c12281340fac96b635a2879cc065d7637a6592872	wsh-idle	control	5d6e8847420178b32e92e35a6ab32ba501f1baf6e976c496abd5881219858856	2264a8042763edf2620cfe32d96b096e1f3d26aa	5.9.2	2.55.0	1000	150	dirty	15	0.391	0.391	0	0	0	na	1788320385.708994	1788320385.862426	203261603	203262040
2026-09-02T03:39:16Z	8dc0b5fea25671d6745a556bffb740d3866e189c	352c096f011eb282f12e6d4c12281340fac96b635a2879cc065d7637a6592872	wsh-idle	control	5d6e8847420178b32e92e35a6ab32ba501f1baf6e976c496abd5881219858856	2264a8042763edf2620cfe32d96b096e1f3d26aa	5.9.2	2.55.0	1000	150	dirty	16	0.402	0.402	0	0	0	na	1788320386.015849	1788320386.169057	203262189	203262377
2026-09-02T03:39:16Z	8dc0b5fea25671d6745a556bffb740d3866e189c	352c096f011eb282f12e6d4c12281340fac96b635a2879cc065d7637a6592872	wsh-idle	control	5d6e8847420178b32e92e35a6ab32ba501f1baf6e976c496abd5881219858856	2264a8042763edf2620cfe32d96b096e1f3d26aa	5.9.2	2.55.0	1000	150	dirty	17	0.491	0.491	0	0	0	na	1788320386.322496	1788320386.476075	203262668	203262900
2026-09-02T03:39:16Z	8dc0b5fea25671d6745a556bffb740d3866e189c	352c096f011eb282f12e6d4c12281340fac96b635a2879cc065d7637a6592872	wsh-idle	control	5d6e8847420178b32e92e35a6ab32ba501f1baf6e976c496abd5881219858856	2264a8042763edf2620cfe32d96b096e1f3d26aa	5.9.2	2.55.0	1000	150	dirty	18	0.354	0.354	0	0	0	na	1788320386.629561	1788320386.782881	203263144	203263346
2026-09-02T03:39:16Z	8dc0b5fea25671d6745a556bffb740d3866e189c	352c096f011eb282f12e6d4c12281340fac96b635a2879cc065d7637a6592872	wsh-idle	control	5d6e8847420178b32e92e35a6ab32ba501f1baf6e976c496abd5881219858856	2264a8042763edf2620cfe32d96b096e1f3d26aa	5.9.2	2.55.0	1000	150	dirty	19	0.378	0.378	0	0	0	na	1788320386.936204	1788320387.089495	203263715	203263915
2026-09-02T03:39:16Z	8dc0b5fea25671d6745a556bffb740d3866e189c	352c096f011eb282f12e6d4c12281340fac96b635a2879cc065d7637a6592872	wsh-idle	control	5d6e8847420178b32e92e35a6ab32ba501f1baf6e976c496abd5881219858856	2264a8042763edf2620cfe32d96b096e1f3d26aa	5.9.2	2.55.0	1000	150	dirty	20	0.357	0.357	0	0	0	na	1788320387.242694	1788320387.395846	203264227	203264516
2026-09-02T03:39:16Z	8dc0b5fea25671d6745a556bffb740d3866e189c	352c096f011eb282f12e6d4c12281340fac96b635a2879cc065d7637a6592872	wsh-idle	control	5d6e8847420178b32e92e35a6ab32ba501f1baf6e976c496abd5881219858856	2264a8042763edf2620cfe32d96b096e1f3d26aa	5.9.2	2.55.0	1000	150	untracked	1	0.460	0.460	0	0	0	na	1788320387.573631	1788320387.727276	203265319	203265482
2026-09-02T03:39:16Z	8dc0b5fea25671d6745a556bffb740d3866e189c	352c096f011eb282f12e6d4c12281340fac96b635a2879cc065d7637a6592872	wsh-idle	control	5d6e8847420178b32e92e35a6ab32ba501f1baf6e976c496abd5881219858856	2264a8042763edf2620cfe32d96b096e1f3d26aa	5.9.2	2.55.0	1000	150	untracked	2	0.444	0.444	0	0	0	na	1788320387.881886	1788320388.035340	203265774	203266006
2026-09-02T03:39:16Z	8dc0b5fea25671d6745a556bffb740d3866e189c	352c096f011eb282f12e6d4c12281340fac96b635a2879cc065d7637a6592872	wsh-idle	control	5d6e8847420178b32e92e35a6ab32ba501f1baf6e976c496abd5881219858856	2264a8042763edf2620cfe32d96b096e1f3d26aa	5.9.2	2.55.0	1000	150	untracked	3	0.475	0.475	0	0	0	na	1788320388.189984	1788320388.343637	203266260	203266539
2026-09-02T03:39:16Z	8dc0b5fea25671d6745a556bffb740d3866e189c	352c096f011eb282f12e6d4c12281340fac96b635a2879cc065d7637a6592872	wsh-idle	control	5d6e8847420178b32e92e35a6ab32ba501f1baf6e976c496abd5881219858856	2264a8042763edf2620cfe32d96b096e1f3d26aa	5.9.2	2.55.0	1000	150	untracked	4	0.412	0.412	0	0	0	na	1788320388.498534	1788320388.652018	203266812	203267011
2026-09-02T03:39:16Z	8dc0b5fea25671d6745a556bffb740d3866e189c	352c096f011eb282f12e6d4c12281340fac96b635a2879cc065d7637a6592872	wsh-idle	control	5d6e8847420178b32e92e35a6ab32ba501f1baf6e976c496abd5881219858856	2264a8042763edf2620cfe32d96b096e1f3d26aa	5.9.2	2.55.0	1000	150	untracked	5	0.420	0.420	0	0	0	na	1788320388.806975	1788320388.960514	203267298	203267586
2026-09-02T03:39:16Z	8dc0b5fea25671d6745a556bffb740d3866e189c	352c096f011eb282f12e6d4c12281340fac96b635a2879cc065d7637a6592872	wsh-idle	control	5d6e8847420178b32e92e35a6ab32ba501f1baf6e976c496abd5881219858856	2264a8042763edf2620cfe32d96b096e1f3d26aa	5.9.2	2.55.0	1000	150	untracked	6	0.399	0.399	0	0	0	na	1788320389.115024	1788320389.268359	203267764	203267997
2026-09-02T03:39:16Z	8dc0b5fea25671d6745a556bffb740d3866e189c	352c096f011eb282f12e6d4c12281340fac96b635a2879cc065d7637a6592872	wsh-idle	control	5d6e8847420178b32e92e35a6ab32ba501f1baf6e976c496abd5881219858856	2264a8042763edf2620cfe32d96b096e1f3d26aa	5.9.2	2.55.0	1000	150	untracked	7	0.399	0.399	0	0	0	na	1788320389.423008	1788320389.576388	203268183	203268351
2026-09-02T03:39:16Z	8dc0b5fea25671d6745a556bffb740d3866e189c	352c096f011eb282f12e6d4c12281340fac96b635a2879cc065d7637a6592872	wsh-idle	control	5d6e8847420178b32e92e35a6ab32ba501f1baf6e976c496abd5881219858856	2264a8042763edf2620cfe32d96b096e1f3d26aa	5.9.2	2.55.0	1000	150	untracked	8	0.427	0.427	0	0	0	na	1788320389.730662	1788320389.884106	203268536	203268725
2026-09-02T03:39:16Z	8dc0b5fea25671d6745a556bffb740d3866e189c	352c096f011eb282f12e6d4c12281340fac96b635a2879cc065d7637a6592872	wsh-idle	control	5d6e8847420178b32e92e35a6ab32ba501f1baf6e976c496abd5881219858856	2264a8042763edf2620cfe32d96b096e1f3d26aa	5.9.2	2.55.0	1000	150	untracked	9	0.395	0.395	0	0	0	na	1788320390.038793	1788320390.192087	203268900	203269105
2026-09-02T03:39:16Z	8dc0b5fea25671d6745a556bffb740d3866e189c	352c096f011eb282f12e6d4c12281340fac96b635a2879cc065d7637a6592872	wsh-idle	control	5d6e8847420178b32e92e35a6ab32ba501f1baf6e976c496abd5881219858856	2264a8042763edf2620cfe32d96b096e1f3d26aa	5.9.2	2.55.0	1000	150	untracked	10	0.484	0.484	0	0	0	na	1788320390.346769	1788320390.500848	203269255	203269444
2026-09-02T03:39:16Z	8dc0b5fea25671d6745a556bffb740d3866e189c	352c096f011eb282f12e6d4c12281340fac96b635a2879cc065d7637a6592872	wsh-idle	control	5d6e8847420178b32e92e35a6ab32ba501f1baf6e976c496abd5881219858856	2264a8042763edf2620cfe32d96b096e1f3d26aa	5.9.2	2.55.0	1000	150	untracked	11	0.434	0.434	0	0	0	na	1788320390.655969	1788320390.809867	203269707	203269904
2026-09-02T03:39:16Z	8dc0b5fea25671d6745a556bffb740d3866e189c	352c096f011eb282f12e6d4c12281340fac96b635a2879cc065d7637a6592872	wsh-idle	control	5d6e8847420178b32e92e35a6ab32ba501f1baf6e976c496abd5881219858856	2264a8042763edf2620cfe32d96b096e1f3d26aa	5.9.2	2.55.0	1000	150	untracked	12	0.439	0.439	0	0	0	na	1788320390.964935	1788320391.118184	203270241	203270414
2026-09-02T03:39:16Z	8dc0b5fea25671d6745a556bffb740d3866e189c	352c096f011eb282f12e6d4c12281340fac96b635a2879cc065d7637a6592872	wsh-idle	control	5d6e8847420178b32e92e35a6ab32ba501f1baf6e976c496abd5881219858856	2264a8042763edf2620cfe32d96b096e1f3d26aa	5.9.2	2.55.0	1000	150	untracked	13	0.401	0.401	0	0	0	na	1788320391.272541	1788320391.425597	203270614	203270906
2026-09-02T03:39:16Z	8dc0b5fea25671d6745a556bffb740d3866e189c	352c096f011eb282f12e6d4c12281340fac96b635a2879cc065d7637a6592872	wsh-idle	control	5d6e8847420178b32e92e35a6ab32ba501f1baf6e976c496abd5881219858856	2264a8042763edf2620cfe32d96b096e1f3d26aa	5.9.2	2.55.0	1000	150	untracked	14	0.388	0.388	0	0	0	na	1788320391.580098	1788320391.733420	203271172	203271401
2026-09-02T03:39:16Z	8dc0b5fea25671d6745a556bffb740d3866e189c	352c096f011eb282f12e6d4c12281340fac96b635a2879cc065d7637a6592872	wsh-idle	control	5d6e8847420178b32e92e35a6ab32ba501f1baf6e976c496abd5881219858856	2264a8042763edf2620cfe32d96b096e1f3d26aa	5.9.2	2.55.0	1000	150	untracked	15	0.457	0.457	0	0	0	na	1788320391.888233	1788320392.041655	203271578	203272141
2026-09-02T03:39:16Z	8dc0b5fea25671d6745a556bffb740d3866e189c	352c096f011eb282f12e6d4c12281340fac96b635a2879cc065d7637a6592872	wsh-idle	control	5d6e8847420178b32e92e35a6ab32ba501f1baf6e976c496abd5881219858856	2264a8042763edf2620cfe32d96b096e1f3d26aa	5.9.2	2.55.0	1000	150	untracked	16	0.423	0.423	0	0	0	na	1788320392.196495	1788320392.349862	203272511	203272702
2026-09-02T03:39:16Z	8dc0b5fea25671d6745a556bffb740d3866e189c	352c096f011eb282f12e6d4c12281340fac96b635a2879cc065d7637a6592872	wsh-idle	control	5d6e8847420178b32e92e35a6ab32ba501f1baf6e976c496abd5881219858856	2264a8042763edf2620cfe32d96b096e1f3d26aa	5.9.2	2.55.0	1000	150	untracked	17	0.413	0.413	0	0	0	na	1788320392.504270	1788320392.657547	203272894	203273108
2026-09-02T03:39:16Z	8dc0b5fea25671d6745a556bffb740d3866e189c	352c096f011eb282f12e6d4c12281340fac96b635a2879cc065d7637a6592872	wsh-idle	control	5d6e8847420178b32e92e35a6ab32ba501f1baf6e976c496abd5881219858856	2264a8042763edf2620cfe32d96b096e1f3d26aa	5.9.2	2.55.0	1000	150	untracked	18	0.431	0.431	0	0	0	na	1788320392.812003	1788320392.965503	203273438	203273781
2026-09-02T03:39:16Z	8dc0b5fea25671d6745a556bffb740d3866e189c	352c096f011eb282f12e6d4c12281340fac96b635a2879cc065d7637a6592872	wsh-idle	control	5d6e8847420178b32e92e35a6ab32ba501f1baf6e976c496abd5881219858856	2264a8042763edf2620cfe32d96b096e1f3d26aa	5.9.2	2.55.0	1000	150	untracked	19	0.432	0.432	0	0	0	na	1788320393.120079	1788320393.273376	203273963	203274209
2026-09-02T03:39:16Z	8dc0b5fea25671d6745a556bffb740d3866e189c	352c096f011eb282f12e6d4c12281340fac96b635a2879cc065d7637a6592872	wsh-idle	control	5d6e8847420178b32e92e35a6ab32ba501f1baf6e976c496abd5881219858856	2264a8042763edf2620cfe32d96b096e1f3d26aa	5.9.2	2.55.0	1000	150	untracked	20	0.376	0.376	0	0	0	na	1788320393.427812	1788320393.581147	203274455	203274592
2026-09-02T03:39:16Z	8dc0b5fea25671d6745a556bffb740d3866e189c	352c096f011eb282f12e6d4c12281340fac96b635a2879cc065d7637a6592872	direct-git	control	2.55.0	2264a8042763edf2620cfe32d96b096e1f3d26aa	5.9.2	2.55.0	1000	150	clean	1	5.059	5.059	0	1	0	na	1788320393.941109	1788320394.099748	203275115	203275399
2026-09-02T03:39:16Z	8dc0b5fea25671d6745a556bffb740d3866e189c	352c096f011eb282f12e6d4c12281340fac96b635a2879cc065d7637a6592872	direct-git	control	2.55.0	2264a8042763edf2620cfe32d96b096e1f3d26aa	5.9.2	2.55.0	1000	150	clean	2	5.215	5.215	0	1	0	na	1788320394.258274	1788320394.417120	203275564	203275790
2026-09-02T03:39:16Z	8dc0b5fea25671d6745a556bffb740d3866e189c	352c096f011eb282f12e6d4c12281340fac96b635a2879cc065d7637a6592872	direct-git	control	2.55.0	2264a8042763edf2620cfe32d96b096e1f3d26aa	5.9.2	2.55.0	1000	150	clean	3	5.136	5.136	0	1	0	na	1788320394.575713	1788320394.734032	203275964	203276155
2026-09-02T03:39:16Z	8dc0b5fea25671d6745a556bffb740d3866e189c	352c096f011eb282f12e6d4c12281340fac96b635a2879cc065d7637a6592872	direct-git	control	2.55.0	2264a8042763edf2620cfe32d96b096e1f3d26aa	5.9.2	2.55.0	1000	150	clean	4	4.942	4.942	0	1	0	na	1788320394.892592	1788320395.051217	203276868	203276997
2026-09-02T03:39:16Z	8dc0b5fea25671d6745a556bffb740d3866e189c	352c096f011eb282f12e6d4c12281340fac96b635a2879cc065d7637a6592872	direct-git	control	2.55.0	2264a8042763edf2620cfe32d96b096e1f3d26aa	5.9.2	2.55.0	1000	150	clean	5	5.060	5.060	0	1	0	na	1788320395.210203	1788320395.368822	203277171	203277298
2026-09-02T03:39:16Z	8dc0b5fea25671d6745a556bffb740d3866e189c	352c096f011eb282f12e6d4c12281340fac96b635a2879cc065d7637a6592872	direct-git	control	2.55.0	2264a8042763edf2620cfe32d96b096e1f3d26aa	5.9.2	2.55.0	1000	150	clean	6	4.908	4.908	0	1	0	na	1788320395.527256	1788320395.685627	203277500	203277806
2026-09-02T03:39:16Z	8dc0b5fea25671d6745a556bffb740d3866e189c	352c096f011eb282f12e6d4c12281340fac96b635a2879cc065d7637a6592872	direct-git	control	2.55.0	2264a8042763edf2620cfe32d96b096e1f3d26aa	5.9.2	2.55.0	1000	150	clean	7	5.040	5.040	0	1	0	na	1788320395.844387	1788320396.002699	203277978	203278258
2026-09-02T03:39:16Z	8dc0b5fea25671d6745a556bffb740d3866e189c	352c096f011eb282f12e6d4c12281340fac96b635a2879cc065d7637a6592872	direct-git	control	2.55.0	2264a8042763edf2620cfe32d96b096e1f3d26aa	5.9.2	2.55.0	1000	150	clean	8	5.186	5.186	0	1	0	na	1788320396.161507	1788320396.320395	203278424	203278610
2026-09-02T03:39:16Z	8dc0b5fea25671d6745a556bffb740d3866e189c	352c096f011eb282f12e6d4c12281340fac96b635a2879cc065d7637a6592872	direct-git	control	2.55.0	2264a8042763edf2620cfe32d96b096e1f3d26aa	5.9.2	2.55.0	1000	150	clean	9	5.255	5.255	0	1	0	na	1788320396.479504	1788320396.638297	203278810	203279133
2026-09-02T03:39:16Z	8dc0b5fea25671d6745a556bffb740d3866e189c	352c096f011eb282f12e6d4c12281340fac96b635a2879cc065d7637a6592872	direct-git	control	2.55.0	2264a8042763edf2620cfe32d96b096e1f3d26aa	5.9.2	2.55.0	1000	150	clean	10	5.470	5.470	0	1	0	na	1788320396.797350	1788320396.956517	203279317	203279499
2026-09-02T03:39:16Z	8dc0b5fea25671d6745a556bffb740d3866e189c	352c096f011eb282f12e6d4c12281340fac96b635a2879cc065d7637a6592872	direct-git	control	2.55.0	2264a8042763edf2620cfe32d96b096e1f3d26aa	5.9.2	2.55.0	1000	150	clean	11	5.096	5.096	0	1	0	na	1788320397.115574	1788320397.274317	203279678	203279866
2026-09-02T03:39:16Z	8dc0b5fea25671d6745a556bffb740d3866e189c	352c096f011eb282f12e6d4c12281340fac96b635a2879cc065d7637a6592872	direct-git	control	2.55.0	2264a8042763edf2620cfe32d96b096e1f3d26aa	5.9.2	2.55.0	1000	150	clean	12	5.545	5.545	0	1	0	na	1788320397.433134	1788320397.592392	203280007	203280200
2026-09-02T03:39:16Z	8dc0b5fea25671d6745a556bffb740d3866e189c	352c096f011eb282f12e6d4c12281340fac96b635a2879cc065d7637a6592872	direct-git	control	2.55.0	2264a8042763edf2620cfe32d96b096e1f3d26aa	5.9.2	2.55.0	1000	150	clean	13	5.646	5.646	0	1	0	na	1788320397.751493	1788320397.910870	203280416	203280654
2026-09-02T03:39:16Z	8dc0b5fea25671d6745a556bffb740d3866e189c	352c096f011eb282f12e6d4c12281340fac96b635a2879cc065d7637a6592872	direct-git	control	2.55.0	2264a8042763edf2620cfe32d96b096e1f3d26aa	5.9.2	2.55.0	1000	150	clean	14	5.329	5.329	0	1	0	na	1788320398.069878	1788320398.229512	203280802	203281395
2026-09-02T03:39:16Z	8dc0b5fea25671d6745a556bffb740d3866e189c	352c096f011eb282f12e6d4c12281340fac96b635a2879cc065d7637a6592872	direct-git	control	2.55.0	2264a8042763edf2620cfe32d96b096e1f3d26aa	5.9.2	2.55.0	1000	150	clean	15	5.549	5.549	0	1	0	na	1788320398.388896	1788320398.548318	203281630	203282004
2026-09-02T03:39:16Z	8dc0b5fea25671d6745a556bffb740d3866e189c	352c096f011eb282f12e6d4c12281340fac96b635a2879cc065d7637a6592872	direct-git	control	2.55.0	2264a8042763edf2620cfe32d96b096e1f3d26aa	5.9.2	2.55.0	1000	150	clean	16	5.241	5.241	0	1	0	na	1788320398.707608	1788320398.866930	203282216	203282808
2026-09-02T03:39:16Z	8dc0b5fea25671d6745a556bffb740d3866e189c	352c096f011eb282f12e6d4c12281340fac96b635a2879cc065d7637a6592872	direct-git	control	2.55.0	2264a8042763edf2620cfe32d96b096e1f3d26aa	5.9.2	2.55.0	1000	150	clean	17	5.674	5.674	0	1	0	na	1788320399.026028	1788320399.185360	203283034	203283406
2026-09-02T03:39:16Z	8dc0b5fea25671d6745a556bffb740d3866e189c	352c096f011eb282f12e6d4c12281340fac96b635a2879cc065d7637a6592872	direct-git	control	2.55.0	2264a8042763edf2620cfe32d96b096e1f3d26aa	5.9.2	2.55.0	1000	150	clean	18	5.097	5.097	0	1	0	na	1788320399.344379	1788320399.502902	203283604	203283700
2026-09-02T03:39:16Z	8dc0b5fea25671d6745a556bffb740d3866e189c	352c096f011eb282f12e6d4c12281340fac96b635a2879cc065d7637a6592872	direct-git	control	2.55.0	2264a8042763edf2620cfe32d96b096e1f3d26aa	5.9.2	2.55.0	1000	150	clean	19	5.351	5.351	0	1	0	na	1788320399.662575	1788320399.821628	203284001	203284183
2026-09-02T03:39:16Z	8dc0b5fea25671d6745a556bffb740d3866e189c	352c096f011eb282f12e6d4c12281340fac96b635a2879cc065d7637a6592872	direct-git	control	2.55.0	2264a8042763edf2620cfe32d96b096e1f3d26aa	5.9.2	2.55.0	1000	150	clean	20	5.434	5.434	0	1	0	na	1788320399.981162	1788320400.140571	203284363	203284531
2026-09-02T03:39:16Z	8dc0b5fea25671d6745a556bffb740d3866e189c	352c096f011eb282f12e6d4c12281340fac96b635a2879cc065d7637a6592872	direct-git	control	2.55.0	2264a8042763edf2620cfe32d96b096e1f3d26aa	5.9.2	2.55.0	1000	150	dirty	1	5.433	5.433	0	1	0	na	1788320400.319050	1788320400.478078	203284715	203284984
2026-09-02T03:39:16Z	8dc0b5fea25671d6745a556bffb740d3866e189c	352c096f011eb282f12e6d4c12281340fac96b635a2879cc065d7637a6592872	direct-git	control	2.55.0	2264a8042763edf2620cfe32d96b096e1f3d26aa	5.9.2	2.55.0	1000	150	dirty	2	5.073	5.073	0	1	0	na	1788320400.637548	1788320400.796654	203285221	203285443
2026-09-02T03:39:16Z	8dc0b5fea25671d6745a556bffb740d3866e189c	352c096f011eb282f12e6d4c12281340fac96b635a2879cc065d7637a6592872	direct-git	control	2.55.0	2264a8042763edf2620cfe32d96b096e1f3d26aa	5.9.2	2.55.0	1000	150	dirty	3	5.116	5.116	0	1	0	na	1788320400.956433	1788320401.115430	203285756	203285871
2026-09-02T03:39:16Z	8dc0b5fea25671d6745a556bffb740d3866e189c	352c096f011eb282f12e6d4c12281340fac96b635a2879cc065d7637a6592872	direct-git	control	2.55.0	2264a8042763edf2620cfe32d96b096e1f3d26aa	5.9.2	2.55.0	1000	150	dirty	4	5.187	5.187	0	1	0	na	1788320401.274782	1788320401.433856	203286014	203286189
2026-09-02T03:39:16Z	8dc0b5fea25671d6745a556bffb740d3866e189c	352c096f011eb282f12e6d4c12281340fac96b635a2879cc065d7637a6592872	direct-git	control	2.55.0	2264a8042763edf2620cfe32d96b096e1f3d26aa	5.9.2	2.55.0	1000	150	dirty	5	4.824	4.824	0	1	0	na	1788320401.592939	1788320401.751908	203286368	203286595
2026-09-02T03:39:16Z	8dc0b5fea25671d6745a556bffb740d3866e189c	352c096f011eb282f12e6d4c12281340fac96b635a2879cc065d7637a6592872	direct-git	control	2.55.0	2264a8042763edf2620cfe32d96b096e1f3d26aa	5.9.2	2.55.0	1000	150	dirty	6	4.934	4.934	0	1	0	na	1788320401.911493	1788320402.070429	203286801	203287048
2026-09-02T03:39:16Z	8dc0b5fea25671d6745a556bffb740d3866e189c	352c096f011eb282f12e6d4c12281340fac96b635a2879cc065d7637a6592872	direct-git	control	2.55.0	2264a8042763edf2620cfe32d96b096e1f3d26aa	5.9.2	2.55.0	1000	150	dirty	7	5.209	5.209	0	1	0	na	1788320402.229886	1788320402.388992	203287236	203287425
2026-09-02T03:39:16Z	8dc0b5fea25671d6745a556bffb740d3866e189c	352c096f011eb282f12e6d4c12281340fac96b635a2879cc065d7637a6592872	direct-git	control	2.55.0	2264a8042763edf2620cfe32d96b096e1f3d26aa	5.9.2	2.55.0	1000	150	dirty	8	4.933	4.933	0	1	0	na	1788320402.548405	1788320402.707202	203287596	203287746
2026-09-02T03:39:16Z	8dc0b5fea25671d6745a556bffb740d3866e189c	352c096f011eb282f12e6d4c12281340fac96b635a2879cc065d7637a6592872	direct-git	control	2.55.0	2264a8042763edf2620cfe32d96b096e1f3d26aa	5.9.2	2.55.0	1000	150	dirty	9	5.937	5.937	0	1	0	na	1788320402.866576	1788320403.026459	203287898	203288087
2026-09-02T03:39:16Z	8dc0b5fea25671d6745a556bffb740d3866e189c	352c096f011eb282f12e6d4c12281340fac96b635a2879cc065d7637a6592872	direct-git	control	2.55.0	2264a8042763edf2620cfe32d96b096e1f3d26aa	5.9.2	2.55.0	1000	150	dirty	10	5.134	5.134	0	1	0	na	1788320403.186315	1788320403.345466	203288291	203288451
2026-09-02T03:39:16Z	8dc0b5fea25671d6745a556bffb740d3866e189c	352c096f011eb282f12e6d4c12281340fac96b635a2879cc065d7637a6592872	direct-git	control	2.55.0	2264a8042763edf2620cfe32d96b096e1f3d26aa	5.9.2	2.55.0	1000	150	dirty	11	5.026	5.026	0	1	0	na	1788320403.504858	1788320403.663637	203288745	203288905
2026-09-02T03:39:16Z	8dc0b5fea25671d6745a556bffb740d3866e189c	352c096f011eb282f12e6d4c12281340fac96b635a2879cc065d7637a6592872	direct-git	control	2.55.0	2264a8042763edf2620cfe32d96b096e1f3d26aa	5.9.2	2.55.0	1000	150	dirty	12	5.064	5.064	0	1	0	na	1788320403.823644	1788320403.982663	203289095	203289285
2026-09-02T03:39:16Z	8dc0b5fea25671d6745a556bffb740d3866e189c	352c096f011eb282f12e6d4c12281340fac96b635a2879cc065d7637a6592872	direct-git	control	2.55.0	2264a8042763edf2620cfe32d96b096e1f3d26aa	5.9.2	2.55.0	1000	150	dirty	13	5.131	5.131	0	1	0	na	1788320404.142356	1788320404.301383	203289536	203289651
2026-09-02T03:39:16Z	8dc0b5fea25671d6745a556bffb740d3866e189c	352c096f011eb282f12e6d4c12281340fac96b635a2879cc065d7637a6592872	direct-git	control	2.55.0	2264a8042763edf2620cfe32d96b096e1f3d26aa	5.9.2	2.55.0	1000	150	dirty	14	5.442	5.442	0	1	0	na	1788320404.461018	1788320404.620423	203289808	203289958
2026-09-02T03:39:16Z	8dc0b5fea25671d6745a556bffb740d3866e189c	352c096f011eb282f12e6d4c12281340fac96b635a2879cc065d7637a6592872	direct-git	control	2.55.0	2264a8042763edf2620cfe32d96b096e1f3d26aa	5.9.2	2.55.0	1000	150	dirty	15	5.258	5.258	0	1	0	na	1788320404.779890	1788320404.939408	203290102	203290251
2026-09-02T03:39:16Z	8dc0b5fea25671d6745a556bffb740d3866e189c	352c096f011eb282f12e6d4c12281340fac96b635a2879cc065d7637a6592872	direct-git	control	2.55.0	2264a8042763edf2620cfe32d96b096e1f3d26aa	5.9.2	2.55.0	1000	150	dirty	16	5.508	5.508	0	1	0	na	1788320405.099042	1788320405.258726	203290399	203290579
2026-09-02T03:39:16Z	8dc0b5fea25671d6745a556bffb740d3866e189c	352c096f011eb282f12e6d4c12281340fac96b635a2879cc065d7637a6592872	direct-git	control	2.55.0	2264a8042763edf2620cfe32d96b096e1f3d26aa	5.9.2	2.55.0	1000	150	dirty	17	5.118	5.118	0	1	0	na	1788320405.418326	1788320405.577468	203290753	203290910
2026-09-02T03:39:16Z	8dc0b5fea25671d6745a556bffb740d3866e189c	352c096f011eb282f12e6d4c12281340fac96b635a2879cc065d7637a6592872	direct-git	control	2.55.0	2264a8042763edf2620cfe32d96b096e1f3d26aa	5.9.2	2.55.0	1000	150	dirty	18	5.257	5.257	0	1	0	na	1788320405.738042	1788320405.897234	203291085	203291451
2026-09-02T03:39:16Z	8dc0b5fea25671d6745a556bffb740d3866e189c	352c096f011eb282f12e6d4c12281340fac96b635a2879cc065d7637a6592872	direct-git	control	2.55.0	2264a8042763edf2620cfe32d96b096e1f3d26aa	5.9.2	2.55.0	1000	150	dirty	19	5.139	5.139	0	1	0	na	1788320406.056910	1788320406.215936	203291614	203291737
2026-09-02T03:39:16Z	8dc0b5fea25671d6745a556bffb740d3866e189c	352c096f011eb282f12e6d4c12281340fac96b635a2879cc065d7637a6592872	direct-git	control	2.55.0	2264a8042763edf2620cfe32d96b096e1f3d26aa	5.9.2	2.55.0	1000	150	dirty	20	5.460	5.460	0	1	0	na	1788320406.375405	1788320406.534559	203291862	203292067
2026-09-02T03:39:16Z	8dc0b5fea25671d6745a556bffb740d3866e189c	352c096f011eb282f12e6d4c12281340fac96b635a2879cc065d7637a6592872	direct-git	control	2.55.0	2264a8042763edf2620cfe32d96b096e1f3d26aa	5.9.2	2.55.0	1000	150	untracked	1	5.287	5.287	0	1	0	na	1788320406.716910	1788320406.876109	203292220	203292548
2026-09-02T03:39:16Z	8dc0b5fea25671d6745a556bffb740d3866e189c	352c096f011eb282f12e6d4c12281340fac96b635a2879cc065d7637a6592872	direct-git	control	2.55.0	2264a8042763edf2620cfe32d96b096e1f3d26aa	5.9.2	2.55.0	1000	150	untracked	2	5.010	5.010	0	1	0	na	1788320407.036740	1788320407.195668	203292696	203292878
2026-09-02T03:39:16Z	8dc0b5fea25671d6745a556bffb740d3866e189c	352c096f011eb282f12e6d4c12281340fac96b635a2879cc065d7637a6592872	direct-git	control	2.55.0	2264a8042763edf2620cfe32d96b096e1f3d26aa	5.9.2	2.55.0	1000	150	untracked	3	5.526	5.526	0	1	0	na	1788320407.357440	1788320407.517369	203293052	203293194
2026-09-02T03:39:16Z	8dc0b5fea25671d6745a556bffb740d3866e189c	352c096f011eb282f12e6d4c12281340fac96b635a2879cc065d7637a6592872	direct-git	control	2.55.0	2264a8042763edf2620cfe32d96b096e1f3d26aa	5.9.2	2.55.0	1000	150	untracked	4	5.414	5.414	0	1	0	na	1788320407.678381	1788320407.838013	203293359	203293546
2026-09-02T03:39:16Z	8dc0b5fea25671d6745a556bffb740d3866e189c	352c096f011eb282f12e6d4c12281340fac96b635a2879cc065d7637a6592872	direct-git	control	2.55.0	2264a8042763edf2620cfe32d96b096e1f3d26aa	5.9.2	2.55.0	1000	150	untracked	5	5.627	5.627	0	1	0	na	1788320407.999807	1788320408.159858	203293747	203293911
2026-09-02T03:39:16Z	8dc0b5fea25671d6745a556bffb740d3866e189c	352c096f011eb282f12e6d4c12281340fac96b635a2879cc065d7637a6592872	direct-git	control	2.55.0	2264a8042763edf2620cfe32d96b096e1f3d26aa	5.9.2	2.55.0	1000	150	untracked	6	5.451	5.451	0	1	0	na	1788320408.320859	1788320408.480711	203294054	203294221
2026-09-02T03:39:16Z	8dc0b5fea25671d6745a556bffb740d3866e189c	352c096f011eb282f12e6d4c12281340fac96b635a2879cc065d7637a6592872	direct-git	control	2.55.0	2264a8042763edf2620cfe32d96b096e1f3d26aa	5.9.2	2.55.0	1000	150	untracked	7	5.222	5.222	0	1	0	na	1788320408.642238	1788320408.801861	203294435	203295029
2026-09-02T03:39:16Z	8dc0b5fea25671d6745a556bffb740d3866e189c	352c096f011eb282f12e6d4c12281340fac96b635a2879cc065d7637a6592872	direct-git	control	2.55.0	2264a8042763edf2620cfe32d96b096e1f3d26aa	5.9.2	2.55.0	1000	150	untracked	8	5.547	5.547	0	1	0	na	1788320408.962903	1788320409.122843	203295206	203295360
2026-09-02T03:39:16Z	8dc0b5fea25671d6745a556bffb740d3866e189c	352c096f011eb282f12e6d4c12281340fac96b635a2879cc065d7637a6592872	direct-git	control	2.55.0	2264a8042763edf2620cfe32d96b096e1f3d26aa	5.9.2	2.55.0	1000	150	untracked	9	5.558	5.558	0	1	0	na	1788320409.284780	1788320409.444736	203295554	203295794
2026-09-02T03:39:16Z	8dc0b5fea25671d6745a556bffb740d3866e189c	352c096f011eb282f12e6d4c12281340fac96b635a2879cc065d7637a6592872	direct-git	control	2.55.0	2264a8042763edf2620cfe32d96b096e1f3d26aa	5.9.2	2.55.0	1000	150	untracked	10	5.252	5.252	0	1	0	na	1788320409.606308	1788320409.766059	203296308	203296661
2026-09-02T03:39:16Z	8dc0b5fea25671d6745a556bffb740d3866e189c	352c096f011eb282f12e6d4c12281340fac96b635a2879cc065d7637a6592872	direct-git	control	2.55.0	2264a8042763edf2620cfe32d96b096e1f3d26aa	5.9.2	2.55.0	1000	150	untracked	11	5.241	5.241	0	1	0	na	1788320409.927868	1788320410.087483	203296847	203297017
2026-09-02T03:39:16Z	8dc0b5fea25671d6745a556bffb740d3866e189c	352c096f011eb282f12e6d4c12281340fac96b635a2879cc065d7637a6592872	direct-git	control	2.55.0	2264a8042763edf2620cfe32d96b096e1f3d26aa	5.9.2	2.55.0	1000	150	untracked	12	5.383	5.383	0	1	0	na	1788320410.249800	1788320410.409415	203297175	203297333
2026-09-02T03:39:16Z	8dc0b5fea25671d6745a556bffb740d3866e189c	352c096f011eb282f12e6d4c12281340fac96b635a2879cc065d7637a6592872	direct-git	control	2.55.0	2264a8042763edf2620cfe32d96b096e1f3d26aa	5.9.2	2.55.0	1000	150	untracked	13	5.735	5.735	0	1	0	na	1788320410.571503	1788320410.731634	203297594	203297881
2026-09-02T03:39:16Z	8dc0b5fea25671d6745a556bffb740d3866e189c	352c096f011eb282f12e6d4c12281340fac96b635a2879cc065d7637a6592872	direct-git	control	2.55.0	2264a8042763edf2620cfe32d96b096e1f3d26aa	5.9.2	2.55.0	1000	150	untracked	14	5.475	5.475	0	1	0	na	1788320410.893434	1788320411.053399	203298154	203298393
2026-09-02T03:39:16Z	8dc0b5fea25671d6745a556bffb740d3866e189c	352c096f011eb282f12e6d4c12281340fac96b635a2879cc065d7637a6592872	direct-git	control	2.55.0	2264a8042763edf2620cfe32d96b096e1f3d26aa	5.9.2	2.55.0	1000	150	untracked	15	5.361	5.361	0	1	0	na	1788320411.215134	1788320411.374709	203298618	203298804
2026-09-02T03:39:16Z	8dc0b5fea25671d6745a556bffb740d3866e189c	352c096f011eb282f12e6d4c12281340fac96b635a2879cc065d7637a6592872	direct-git	control	2.55.0	2264a8042763edf2620cfe32d96b096e1f3d26aa	5.9.2	2.55.0	1000	150	untracked	16	5.226	5.226	0	1	0	na	1788320411.536438	1788320411.696015	203299004	203299165
2026-09-02T03:39:16Z	8dc0b5fea25671d6745a556bffb740d3866e189c	352c096f011eb282f12e6d4c12281340fac96b635a2879cc065d7637a6592872	direct-git	control	2.55.0	2264a8042763edf2620cfe32d96b096e1f3d26aa	5.9.2	2.55.0	1000	150	untracked	17	5.176	5.176	0	1	0	na	1788320411.857592	1788320412.017417	203299407	203299581
2026-09-02T03:39:16Z	8dc0b5fea25671d6745a556bffb740d3866e189c	352c096f011eb282f12e6d4c12281340fac96b635a2879cc065d7637a6592872	direct-git	control	2.55.0	2264a8042763edf2620cfe32d96b096e1f3d26aa	5.9.2	2.55.0	1000	150	untracked	18	5.731	5.731	0	1	0	na	1788320412.179120	1788320412.339268	203299778	203299967
2026-09-02T03:39:16Z	8dc0b5fea25671d6745a556bffb740d3866e189c	352c096f011eb282f12e6d4c12281340fac96b635a2879cc065d7637a6592872	direct-git	control	2.55.0	2264a8042763edf2620cfe32d96b096e1f3d26aa	5.9.2	2.55.0	1000	150	untracked	19	6.088	6.088	0	1	0	na	1788320412.501385	1788320412.661962	203300095	203300241
2026-09-02T03:39:16Z	8dc0b5fea25671d6745a556bffb740d3866e189c	352c096f011eb282f12e6d4c12281340fac96b635a2879cc065d7637a6592872	direct-git	control	2.55.0	2264a8042763edf2620cfe32d96b096e1f3d26aa	5.9.2	2.55.0	1000	150	untracked	20	5.390	5.390	0	1	0	na	1788320412.824256	1788320412.984048	203300390	203300522
2026-09-02T03:39:16Z	8dc0b5fea25671d6745a556bffb740d3866e189c	352c096f011eb282f12e6d4c12281340fac96b635a2879cc065d7637a6592872	wsh	local	5d6e8847420178b32e92e35a6ab32ba501f1baf6e976c496abd5881219858856	2264a8042763edf2620cfe32d96b096e1f3d26aa	5.9.2	2.55.0	1000	150	clean	1	0.923	6.889	1	1	0	1	1788320413.360232	1788320413.521383	203300964	203301157
2026-09-02T03:39:16Z	8dc0b5fea25671d6745a556bffb740d3866e189c	352c096f011eb282f12e6d4c12281340fac96b635a2879cc065d7637a6592872	wsh	local	5d6e8847420178b32e92e35a6ab32ba501f1baf6e976c496abd5881219858856	2264a8042763edf2620cfe32d96b096e1f3d26aa	5.9.2	2.55.0	1000	150	clean	2	0.900	6.876	1	1	0	1	1788320413.850784	1788320414.012684	203301523	203301755
2026-09-02T03:39:16Z	8dc0b5fea25671d6745a556bffb740d3866e189c	352c096f011eb282f12e6d4c12281340fac96b635a2879cc065d7637a6592872	wsh	local	5d6e8847420178b32e92e35a6ab32ba501f1baf6e976c496abd5881219858856	2264a8042763edf2620cfe32d96b096e1f3d26aa	5.9.2	2.55.0	1000	150	clean	3	1.010	6.753	1	1	0	1	1788320414.341111	1788320414.502357	203302080	203302210
2026-09-02T03:39:16Z	8dc0b5fea25671d6745a556bffb740d3866e189c	352c096f011eb282f12e6d4c12281340fac96b635a2879cc065d7637a6592872	wsh	local	5d6e8847420178b32e92e35a6ab32ba501f1baf6e976c496abd5881219858856	2264a8042763edf2620cfe32d96b096e1f3d26aa	5.9.2	2.55.0	1000	150	clean	4	0.947	7.067	1	1	0	1	1788320414.830974	1788320414.992410	203302503	203302652
2026-09-02T03:39:16Z	8dc0b5fea25671d6745a556bffb740d3866e189c	352c096f011eb282f12e6d4c12281340fac96b635a2879cc065d7637a6592872	wsh	local	5d6e8847420178b32e92e35a6ab32ba501f1baf6e976c496abd5881219858856	2264a8042763edf2620cfe32d96b096e1f3d26aa	5.9.2	2.55.0	1000	150	clean	5	0.912	6.410	1	1	0	1	1788320415.321316	1788320415.482040	203303037	203303192
2026-09-02T03:39:16Z	8dc0b5fea25671d6745a556bffb740d3866e189c	352c096f011eb282f12e6d4c12281340fac96b635a2879cc065d7637a6592872	wsh	local	5d6e8847420178b32e92e35a6ab32ba501f1baf6e976c496abd5881219858856	2264a8042763edf2620cfe32d96b096e1f3d26aa	5.9.2	2.55.0	1000	150	clean	6	1.075	7.739	1	1	0	1	1788320415.810797	1788320415.972942	203303444	203303572
2026-09-02T03:39:16Z	8dc0b5fea25671d6745a556bffb740d3866e189c	352c096f011eb282f12e6d4c12281340fac96b635a2879cc065d7637a6592872	wsh	local	5d6e8847420178b32e92e35a6ab32ba501f1baf6e976c496abd5881219858856	2264a8042763edf2620cfe32d96b096e1f3d26aa	5.9.2	2.55.0	1000	150	clean	7	0.991	7.039	1	1	0	1	1788320416.302346	1788320416.463822	203303821	203303939
2026-09-02T03:39:16Z	8dc0b5fea25671d6745a556bffb740d3866e189c	352c096f011eb282f12e6d4c12281340fac96b635a2879cc065d7637a6592872	wsh	local	5d6e8847420178b32e92e35a6ab32ba501f1baf6e976c496abd5881219858856	2264a8042763edf2620cfe32d96b096e1f3d26aa	5.9.2	2.55.0	1000	150	clean	8	0.991	7.422	1	1	0	1	1788320416.792819	1788320416.955087	203304214	203304440
2026-09-02T03:39:16Z	8dc0b5fea25671d6745a556bffb740d3866e189c	352c096f011eb282f12e6d4c12281340fac96b635a2879cc065d7637a6592872	wsh	local	5d6e8847420178b32e92e35a6ab32ba501f1baf6e976c496abd5881219858856	2264a8042763edf2620cfe32d96b096e1f3d26aa	5.9.2	2.55.0	1000	150	clean	9	0.945	6.442	1	1	0	1	1788320417.284423	1788320417.445671	203304783	203304929
2026-09-02T03:39:16Z	8dc0b5fea25671d6745a556bffb740d3866e189c	352c096f011eb282f12e6d4c12281340fac96b635a2879cc065d7637a6592872	wsh	local	5d6e8847420178b32e92e35a6ab32ba501f1baf6e976c496abd5881219858856	2264a8042763edf2620cfe32d96b096e1f3d26aa	5.9.2	2.55.0	1000	150	clean	10	0.981	6.391	1	1	0	1	1788320417.774904	1788320417.936065	203305259	203305405
2026-09-02T03:39:16Z	8dc0b5fea25671d6745a556bffb740d3866e189c	352c096f011eb282f12e6d4c12281340fac96b635a2879cc065d7637a6592872	wsh	local	5d6e8847420178b32e92e35a6ab32ba501f1baf6e976c496abd5881219858856	2264a8042763edf2620cfe32d96b096e1f3d26aa	5.9.2	2.55.0	1000	150	clean	11	0.992	6.693	1	1	0	1	1788320418.266581	1788320418.428232	203305790	203305946
2026-09-02T03:39:16Z	8dc0b5fea25671d6745a556bffb740d3866e189c	352c096f011eb282f12e6d4c12281340fac96b635a2879cc065d7637a6592872	wsh	local	5d6e8847420178b32e92e35a6ab32ba501f1baf6e976c496abd5881219858856	2264a8042763edf2620cfe32d96b096e1f3d26aa	5.9.2	2.55.0	1000	150	clean	12	0.980	7.249	1	1	0	1	1788320418.757513	1788320418.919644	203306240	203306454
2026-09-02T03:39:16Z	8dc0b5fea25671d6745a556bffb740d3866e189c	352c096f011eb282f12e6d4c12281340fac96b635a2879cc065d7637a6592872	wsh	local	5d6e8847420178b32e92e35a6ab32ba501f1baf6e976c496abd5881219858856	2264a8042763edf2620cfe32d96b096e1f3d26aa	5.9.2	2.55.0	1000	150	clean	13	1.026	7.377	1	1	0	1	1788320419.249432	1788320419.411751	203306945	203307115
2026-09-02T03:39:16Z	8dc0b5fea25671d6745a556bffb740d3866e189c	352c096f011eb282f12e6d4c12281340fac96b635a2879cc065d7637a6592872	wsh	local	5d6e8847420178b32e92e35a6ab32ba501f1baf6e976c496abd5881219858856	2264a8042763edf2620cfe32d96b096e1f3d26aa	5.9.2	2.55.0	1000	150	clean	14	0.966	6.512	1	1	0	1	1788320419.741383	1788320419.902833	203307438	203307598
2026-09-02T03:39:16Z	8dc0b5fea25671d6745a556bffb740d3866e189c	352c096f011eb282f12e6d4c12281340fac96b635a2879cc065d7637a6592872	wsh	local	5d6e8847420178b32e92e35a6ab32ba501f1baf6e976c496abd5881219858856	2264a8042763edf2620cfe32d96b096e1f3d26aa	5.9.2	2.55.0	1000	150	clean	15	0.853	6.972	1	1	0	1	1788320420.232358	1788320420.394398	203307861	203307971
2026-09-02T03:39:16Z	8dc0b5fea25671d6745a556bffb740d3866e189c	352c096f011eb282f12e6d4c12281340fac96b635a2879cc065d7637a6592872	wsh	local	5d6e8847420178b32e92e35a6ab32ba501f1baf6e976c496abd5881219858856	2264a8042763edf2620cfe32d96b096e1f3d26aa	5.9.2	2.55.0	1000	150	clean	16	0.976	6.698	1	1	0	1	1788320420.724375	1788320420.885826	203308186	203308363
2026-09-02T03:39:16Z	8dc0b5fea25671d6745a556bffb740d3866e189c	352c096f011eb282f12e6d4c12281340fac96b635a2879cc065d7637a6592872	wsh	local	5d6e8847420178b32e92e35a6ab32ba501f1baf6e976c496abd5881219858856	2264a8042763edf2620cfe32d96b096e1f3d26aa	5.9.2	2.55.0	1000	150	clean	17	1.016	6.482	1	1	0	1	1788320421.215062	1788320421.376495	203308709	203308842
2026-09-02T03:39:16Z	8dc0b5fea25671d6745a556bffb740d3866e189c	352c096f011eb282f12e6d4c12281340fac96b635a2879cc065d7637a6592872	wsh	local	5d6e8847420178b32e92e35a6ab32ba501f1baf6e976c496abd5881219858856	2264a8042763edf2620cfe32d96b096e1f3d26aa	5.9.2	2.55.0	1000	150	clean	18	0.979	6.950	1	1	0	1	1788320421.706159	1788320421.868273	203309139	203309474
2026-09-02T03:39:16Z	8dc0b5fea25671d6745a556bffb740d3866e189c	352c096f011eb282f12e6d4c12281340fac96b635a2879cc065d7637a6592872	wsh	local	5d6e8847420178b32e92e35a6ab32ba501f1baf6e976c496abd5881219858856	2264a8042763edf2620cfe32d96b096e1f3d26aa	5.9.2	2.55.0	1000	150	clean	19	0.993	6.497	1	1	0	1	1788320422.198564	1788320422.359811	203309925	203310110
2026-09-02T03:39:16Z	8dc0b5fea25671d6745a556bffb740d3866e189c	352c096f011eb282f12e6d4c12281340fac96b635a2879cc065d7637a6592872	wsh	local	5d6e8847420178b32e92e35a6ab32ba501f1baf6e976c496abd5881219858856	2264a8042763edf2620cfe32d96b096e1f3d26aa	5.9.2	2.55.0	1000	150	clean	20	1.088	6.781	1	1	0	1	1788320422.689701	1788320422.851546	203310401	203310574
2026-09-02T03:39:16Z	8dc0b5fea25671d6745a556bffb740d3866e189c	352c096f011eb282f12e6d4c12281340fac96b635a2879cc065d7637a6592872	wsh	local	5d6e8847420178b32e92e35a6ab32ba501f1baf6e976c496abd5881219858856	2264a8042763edf2620cfe32d96b096e1f3d26aa	5.9.2	2.55.0	1000	150	dirty	1	0.813	6.675	1	1	0	1	1788320423.205784	1788320423.367636	203310873	203311007
2026-09-02T03:39:16Z	8dc0b5fea25671d6745a556bffb740d3866e189c	352c096f011eb282f12e6d4c12281340fac96b635a2879cc065d7637a6592872	wsh	local	5d6e8847420178b32e92e35a6ab32ba501f1baf6e976c496abd5881219858856	2264a8042763edf2620cfe32d96b096e1f3d26aa	5.9.2	2.55.0	1000	150	dirty	2	0.833	6.323	1	1	0	1	1788320423.698276	1788320423.859925	203311321	203311616
2026-09-02T03:39:16Z	8dc0b5fea25671d6745a556bffb740d3866e189c	352c096f011eb282f12e6d4c12281340fac96b635a2879cc065d7637a6592872	wsh	local	5d6e8847420178b32e92e35a6ab32ba501f1baf6e976c496abd5881219858856	2264a8042763edf2620cfe32d96b096e1f3d26aa	5.9.2	2.55.0	1000	150	dirty	3	0.860	6.695	1	1	0	1	1788320424.190636	1788320424.352517	203311843	203312041
2026-09-02T03:39:16Z	8dc0b5fea25671d6745a556bffb740d3866e189c	352c096f011eb282f12e6d4c12281340fac96b635a2879cc065d7637a6592872	wsh	local	5d6e8847420178b32e92e35a6ab32ba501f1baf6e976c496abd5881219858856	2264a8042763edf2620cfe32d96b096e1f3d26aa	5.9.2	2.55.0	1000	150	dirty	4	1.063	7.296	1	1	0	1	1788320424.683313	1788320424.846116	203312413	203312680
2026-09-02T03:39:16Z	8dc0b5fea25671d6745a556bffb740d3866e189c	352c096f011eb282f12e6d4c12281340fac96b635a2879cc065d7637a6592872	wsh	local	5d6e8847420178b32e92e35a6ab32ba501f1baf6e976c496abd5881219858856	2264a8042763edf2620cfe32d96b096e1f3d26aa	5.9.2	2.55.0	1000	150	dirty	5	1.062	7.346	1	1	0	1	1788320425.176939	1788320425.339698	203313100	203313382
2026-09-02T03:39:16Z	8dc0b5fea25671d6745a556bffb740d3866e189c	352c096f011eb282f12e6d4c12281340fac96b635a2879cc065d7637a6592872	wsh	local	5d6e8847420178b32e92e35a6ab32ba501f1baf6e976c496abd5881219858856	2264a8042763edf2620cfe32d96b096e1f3d26aa	5.9.2	2.55.0	1000	150	dirty	6	0.893	7.086	1	1	0	1	1788320425.670673	1788320425.833037	203313888	203314212
2026-09-02T03:39:16Z	8dc0b5fea25671d6745a556bffb740d3866e189c	352c096f011eb282f12e6d4c12281340fac96b635a2879cc065d7637a6592872	wsh	local	5d6e8847420178b32e92e35a6ab32ba501f1baf6e976c496abd5881219858856	2264a8042763edf2620cfe32d96b096e1f3d26aa	5.9.2	2.55.0	1000	150	dirty	7	0.842	6.823	1	1	0	1	1788320426.163962	1788320426.326351	203314628	203314977
2026-09-02T03:39:16Z	8dc0b5fea25671d6745a556bffb740d3866e189c	352c096f011eb282f12e6d4c12281340fac96b635a2879cc065d7637a6592872	wsh	local	5d6e8847420178b32e92e35a6ab32ba501f1baf6e976c496abd5881219858856	2264a8042763edf2620cfe32d96b096e1f3d26aa	5.9.2	2.55.0	1000	150	dirty	8	0.951	7.003	1	1	0	1	1788320426.657761	1788320426.820321	203315555	203315831
2026-09-02T03:39:16Z	8dc0b5fea25671d6745a556bffb740d3866e189c	352c096f011eb282f12e6d4c12281340fac96b635a2879cc065d7637a6592872	wsh	local	5d6e8847420178b32e92e35a6ab32ba501f1baf6e976c496abd5881219858856	2264a8042763edf2620cfe32d96b096e1f3d26aa	5.9.2	2.55.0	1000	150	dirty	9	1.066	6.942	1	1	0	1	1788320427.151828	1788320427.314286	203316227	203316651
2026-09-02T03:39:16Z	8dc0b5fea25671d6745a556bffb740d3866e189c	352c096f011eb282f12e6d4c12281340fac96b635a2879cc065d7637a6592872	wsh	local	5d6e8847420178b32e92e35a6ab32ba501f1baf6e976c496abd5881219858856	2264a8042763edf2620cfe32d96b096e1f3d26aa	5.9.2	2.55.0	1000	150	dirty	10	1.143	6.713	1	1	0	1	1788320427.646710	1788320427.809210	203316988	203317206
2026-09-02T03:39:16Z	8dc0b5fea25671d6745a556bffb740d3866e189c	352c096f011eb282f12e6d4c12281340fac96b635a2879cc065d7637a6592872	wsh	local	5d6e8847420178b32e92e35a6ab32ba501f1baf6e976c496abd5881219858856	2264a8042763edf2620cfe32d96b096e1f3d26aa	5.9.2	2.55.0	1000	150	dirty	11	0.895	6.905	1	1	0	1	1788320428.140167	1788320428.302824	203317541	203317790
2026-09-02T03:39:16Z	8dc0b5fea25671d6745a556bffb740d3866e189c	352c096f011eb282f12e6d4c12281340fac96b635a2879cc065d7637a6592872	wsh	local	5d6e8847420178b32e92e35a6ab32ba501f1baf6e976c496abd5881219858856	2264a8042763edf2620cfe32d96b096e1f3d26aa	5.9.2	2.55.0	1000	150	dirty	12	1.077	7.024	1	1	0	1	1788320428.634209	1788320428.796906	203318079	203318240
2026-09-02T03:39:16Z	8dc0b5fea25671d6745a556bffb740d3866e189c	352c096f011eb282f12e6d4c12281340fac96b635a2879cc065d7637a6592872	wsh	local	5d6e8847420178b32e92e35a6ab32ba501f1baf6e976c496abd5881219858856	2264a8042763edf2620cfe32d96b096e1f3d26aa	5.9.2	2.55.0	1000	150	dirty	13	0.910	6.843	1	1	0	1	1788320429.127349	1788320429.289263	203318562	203318768
2026-09-02T03:39:16Z	8dc0b5fea25671d6745a556bffb740d3866e189c	352c096f011eb282f12e6d4c12281340fac96b635a2879cc065d7637a6592872	wsh	local	5d6e8847420178b32e92e35a6ab32ba501f1baf6e976c496abd5881219858856	2264a8042763edf2620cfe32d96b096e1f3d26aa	5.9.2	2.55.0	1000	150	dirty	14	1.094	7.115	1	1	0	1	1788320429.621117	1788320429.783859	203319104	203319311
2026-09-02T03:39:16Z	8dc0b5fea25671d6745a556bffb740d3866e189c	352c096f011eb282f12e6d4c12281340fac96b635a2879cc065d7637a6592872	wsh	local	5d6e8847420178b32e92e35a6ab32ba501f1baf6e976c496abd5881219858856	2264a8042763edf2620cfe32d96b096e1f3d26aa	5.9.2	2.55.0	1000	150	dirty	15	0.875	6.696	1	1	0	1	1788320430.115157	1788320430.277367	203319584	203319741
2026-09-02T03:39:16Z	8dc0b5fea25671d6745a556bffb740d3866e189c	352c096f011eb282f12e6d4c12281340fac96b635a2879cc065d7637a6592872	wsh	local	5d6e8847420178b32e92e35a6ab32ba501f1baf6e976c496abd5881219858856	2264a8042763edf2620cfe32d96b096e1f3d26aa	5.9.2	2.55.0	1000	150	dirty	16	0.992	6.636	1	1	0	1	1788320430.609120	1788320430.771408	203320289	203320522
2026-09-02T03:39:16Z	8dc0b5fea25671d6745a556bffb740d3866e189c	352c096f011eb282f12e6d4c12281340fac96b635a2879cc065d7637a6592872	wsh	local	5d6e8847420178b32e92e35a6ab32ba501f1baf6e976c496abd5881219858856	2264a8042763edf2620cfe32d96b096e1f3d26aa	5.9.2	2.55.0	1000	150	dirty	17	1.156	6.909	1	1	0	1	1788320431.103336	1788320431.265611	203320922	203321218
2026-09-02T03:39:16Z	8dc0b5fea25671d6745a556bffb740d3866e189c	352c096f011eb282f12e6d4c12281340fac96b635a2879cc065d7637a6592872	wsh	local	5d6e8847420178b32e92e35a6ab32ba501f1baf6e976c496abd5881219858856	2264a8042763edf2620cfe32d96b096e1f3d26aa	5.9.2	2.55.0	1000	150	dirty	18	1.038	6.991	1	1	0	1	1788320431.597665	1788320431.759910	203321830	203322056
2026-09-02T03:39:16Z	8dc0b5fea25671d6745a556bffb740d3866e189c	352c096f011eb282f12e6d4c12281340fac96b635a2879cc065d7637a6592872	wsh	local	5d6e8847420178b32e92e35a6ab32ba501f1baf6e976c496abd5881219858856	2264a8042763edf2620cfe32d96b096e1f3d26aa	5.9.2	2.55.0	1000	150	dirty	19	0.952	7.700	1	1	0	1	1788320432.092576	1788320432.255816	203322530	203322781
2026-09-02T03:39:16Z	8dc0b5fea25671d6745a556bffb740d3866e189c	352c096f011eb282f12e6d4c12281340fac96b635a2879cc065d7637a6592872	wsh	local	5d6e8847420178b32e92e35a6ab32ba501f1baf6e976c496abd5881219858856	2264a8042763edf2620cfe32d96b096e1f3d26aa	5.9.2	2.55.0	1000	150	dirty	20	1.130	7.214	1	1	0	1	1788320432.587160	1788320432.750092	203323102	203323264
2026-09-02T03:39:16Z	8dc0b5fea25671d6745a556bffb740d3866e189c	352c096f011eb282f12e6d4c12281340fac96b635a2879cc065d7637a6592872	wsh	local	5d6e8847420178b32e92e35a6ab32ba501f1baf6e976c496abd5881219858856	2264a8042763edf2620cfe32d96b096e1f3d26aa	5.9.2	2.55.0	1000	150	untracked	1	1.056	7.385	1	1	0	1	1788320433.105865	1788320433.269028	203323641	203323781
2026-09-02T03:39:16Z	8dc0b5fea25671d6745a556bffb740d3866e189c	352c096f011eb282f12e6d4c12281340fac96b635a2879cc065d7637a6592872	wsh	local	5d6e8847420178b32e92e35a6ab32ba501f1baf6e976c496abd5881219858856	2264a8042763edf2620cfe32d96b096e1f3d26aa	5.9.2	2.55.0	1000	150	untracked	2	0.942	6.730	1	1	0	1	1788320433.603090	1788320433.765826	203324434	203324667
2026-09-02T03:39:16Z	8dc0b5fea25671d6745a556bffb740d3866e189c	352c096f011eb282f12e6d4c12281340fac96b635a2879cc065d7637a6592872	wsh	local	5d6e8847420178b32e92e35a6ab32ba501f1baf6e976c496abd5881219858856	2264a8042763edf2620cfe32d96b096e1f3d26aa	5.9.2	2.55.0	1000	150	untracked	3	0.935	6.795	1	1	0	1	1788320434.099525	1788320434.262121	203325158	203325357
2026-09-02T03:39:16Z	8dc0b5fea25671d6745a556bffb740d3866e189c	352c096f011eb282f12e6d4c12281340fac96b635a2879cc065d7637a6592872	wsh	local	5d6e8847420178b32e92e35a6ab32ba501f1baf6e976c496abd5881219858856	2264a8042763edf2620cfe32d96b096e1f3d26aa	5.9.2	2.55.0	1000	150	untracked	4	1.241	6.793	1	1	0	1	1788320434.595014	1788320434.757462	203325760	203325916
2026-09-02T03:39:16Z	8dc0b5fea25671d6745a556bffb740d3866e189c	352c096f011eb282f12e6d4c12281340fac96b635a2879cc065d7637a6592872	wsh	local	5d6e8847420178b32e92e35a6ab32ba501f1baf6e976c496abd5881219858856	2264a8042763edf2620cfe32d96b096e1f3d26aa	5.9.2	2.55.0	1000	150	untracked	5	0.941	6.833	1	1	0	1	1788320435.092118	1788320435.254378	203326689	203326846
2026-09-02T03:39:16Z	8dc0b5fea25671d6745a556bffb740d3866e189c	352c096f011eb282f12e6d4c12281340fac96b635a2879cc065d7637a6592872	wsh	local	5d6e8847420178b32e92e35a6ab32ba501f1baf6e976c496abd5881219858856	2264a8042763edf2620cfe32d96b096e1f3d26aa	5.9.2	2.55.0	1000	150	untracked	6	1.341	7.055	1	1	0	1	1788320435.587161	1788320435.750168	203327149	203327367
2026-09-02T03:39:16Z	8dc0b5fea25671d6745a556bffb740d3866e189c	352c096f011eb282f12e6d4c12281340fac96b635a2879cc065d7637a6592872	wsh	local	5d6e8847420178b32e92e35a6ab32ba501f1baf6e976c496abd5881219858856	2264a8042763edf2620cfe32d96b096e1f3d26aa	5.9.2	2.55.0	1000	150	untracked	7	1.169	6.801	1	1	0	1	1788320436.084299	1788320436.246900	203327970	203328117
2026-09-02T03:39:16Z	8dc0b5fea25671d6745a556bffb740d3866e189c	352c096f011eb282f12e6d4c12281340fac96b635a2879cc065d7637a6592872	wsh	local	5d6e8847420178b32e92e35a6ab32ba501f1baf6e976c496abd5881219858856	2264a8042763edf2620cfe32d96b096e1f3d26aa	5.9.2	2.55.0	1000	150	untracked	8	1.162	7.018	1	1	0	1	1788320436.580919	1788320436.743894	203328435	203328636
2026-09-02T03:39:16Z	8dc0b5fea25671d6745a556bffb740d3866e189c	352c096f011eb282f12e6d4c12281340fac96b635a2879cc065d7637a6592872	wsh	local	5d6e8847420178b32e92e35a6ab32ba501f1baf6e976c496abd5881219858856	2264a8042763edf2620cfe32d96b096e1f3d26aa	5.9.2	2.55.0	1000	150	untracked	9	1.176	6.738	1	1	0	1	1788320437.078896	1788320437.241499	203329001	203329199
2026-09-02T03:39:16Z	8dc0b5fea25671d6745a556bffb740d3866e189c	352c096f011eb282f12e6d4c12281340fac96b635a2879cc065d7637a6592872	wsh	local	5d6e8847420178b32e92e35a6ab32ba501f1baf6e976c496abd5881219858856	2264a8042763edf2620cfe32d96b096e1f3d26aa	5.9.2	2.55.0	1000	150	untracked	10	0.965	7.348	1	1	0	1	1788320437.576180	1788320437.740303	203329540	203329807
2026-09-02T03:39:16Z	8dc0b5fea25671d6745a556bffb740d3866e189c	352c096f011eb282f12e6d4c12281340fac96b635a2879cc065d7637a6592872	wsh	local	5d6e8847420178b32e92e35a6ab32ba501f1baf6e976c496abd5881219858856	2264a8042763edf2620cfe32d96b096e1f3d26aa	5.9.2	2.55.0	1000	150	untracked	11	0.980	7.070	1	1	0	1	1788320438.075766	1788320438.239363	203330689	203330912
2026-09-02T03:39:16Z	8dc0b5fea25671d6745a556bffb740d3866e189c	352c096f011eb282f12e6d4c12281340fac96b635a2879cc065d7637a6592872	wsh	local	5d6e8847420178b32e92e35a6ab32ba501f1baf6e976c496abd5881219858856	2264a8042763edf2620cfe32d96b096e1f3d26aa	5.9.2	2.55.0	1000	150	untracked	12	0.964	7.055	1	1	0	1	1788320438.573774	1788320438.736705	203331337	203331632
2026-09-02T03:39:16Z	8dc0b5fea25671d6745a556bffb740d3866e189c	352c096f011eb282f12e6d4c12281340fac96b635a2879cc065d7637a6592872	wsh	local	5d6e8847420178b32e92e35a6ab32ba501f1baf6e976c496abd5881219858856	2264a8042763edf2620cfe32d96b096e1f3d26aa	5.9.2	2.55.0	1000	150	untracked	13	1.229	6.993	1	1	0	1	1788320439.071321	1788320439.233926	203332137	203332325
2026-09-02T03:39:16Z	8dc0b5fea25671d6745a556bffb740d3866e189c	352c096f011eb282f12e6d4c12281340fac96b635a2879cc065d7637a6592872	wsh	local	5d6e8847420178b32e92e35a6ab32ba501f1baf6e976c496abd5881219858856	2264a8042763edf2620cfe32d96b096e1f3d26aa	5.9.2	2.55.0	1000	150	untracked	14	0.990	6.839	1	1	0	1	1788320439.568248	1788320439.731159	203332913	203333154
2026-09-02T03:39:16Z	8dc0b5fea25671d6745a556bffb740d3866e189c	352c096f011eb282f12e6d4c12281340fac96b635a2879cc065d7637a6592872	wsh	local	5d6e8847420178b32e92e35a6ab32ba501f1baf6e976c496abd5881219858856	2264a8042763edf2620cfe32d96b096e1f3d26aa	5.9.2	2.55.0	1000	150	untracked	15	1.448	7.337	1	1	0	1	1788320440.066303	1788320440.230164	203333937	203334139
2026-09-02T03:39:16Z	8dc0b5fea25671d6745a556bffb740d3866e189c	352c096f011eb282f12e6d4c12281340fac96b635a2879cc065d7637a6592872	wsh	local	5d6e8847420178b32e92e35a6ab32ba501f1baf6e976c496abd5881219858856	2264a8042763edf2620cfe32d96b096e1f3d26aa	5.9.2	2.55.0	1000	150	untracked	16	1.218	6.872	1	1	0	1	1788320440.564711	1788320440.727475	203334566	203334783
2026-09-02T03:39:16Z	8dc0b5fea25671d6745a556bffb740d3866e189c	352c096f011eb282f12e6d4c12281340fac96b635a2879cc065d7637a6592872	wsh	local	5d6e8847420178b32e92e35a6ab32ba501f1baf6e976c496abd5881219858856	2264a8042763edf2620cfe32d96b096e1f3d26aa	5.9.2	2.55.0	1000	150	untracked	17	1.002	7.054	1	1	0	1	1788320441.062853	1788320441.225358	203335474	203335638
2026-09-02T03:39:16Z	8dc0b5fea25671d6745a556bffb740d3866e189c	352c096f011eb282f12e6d4c12281340fac96b635a2879cc065d7637a6592872	wsh	local	5d6e8847420178b32e92e35a6ab32ba501f1baf6e976c496abd5881219858856	2264a8042763edf2620cfe32d96b096e1f3d26aa	5.9.2	2.55.0	1000	150	untracked	18	1.011	6.768	1	1	0	1	1788320441.560156	1788320441.723267	203335955	203336142
2026-09-02T03:39:16Z	8dc0b5fea25671d6745a556bffb740d3866e189c	352c096f011eb282f12e6d4c12281340fac96b635a2879cc065d7637a6592872	wsh	local	5d6e8847420178b32e92e35a6ab32ba501f1baf6e976c496abd5881219858856	2264a8042763edf2620cfe32d96b096e1f3d26aa	5.9.2	2.55.0	1000	150	untracked	19	0.980	7.075	1	1	0	1	1788320442.058267	1788320442.221564	203336473	203336616
2026-09-02T03:39:16Z	8dc0b5fea25671d6745a556bffb740d3866e189c	352c096f011eb282f12e6d4c12281340fac96b635a2879cc065d7637a6592872	wsh	local	5d6e8847420178b32e92e35a6ab32ba501f1baf6e976c496abd5881219858856	2264a8042763edf2620cfe32d96b096e1f3d26aa	5.9.2	2.55.0	1000	150	untracked	20	1.008	6.651	1	1	0	1	1788320442.556727	1788320442.719651	203337046	203337238
2026-09-02T03:39:16Z	8dc0b5fea25671d6745a556bffb740d3866e189c	352c096f011eb282f12e6d4c12281340fac96b635a2879cc065d7637a6592872	wsh-trace	local	5d6e8847420178b32e92e35a6ab32ba501f1baf6e976c496abd5881219858856	2264a8042763edf2620cfe32d96b096e1f3d26aa	5.9.2	2.55.0	1000	150	clean	1	1.014	6.555	1	1	0	1	1788320443.958500	1788320444.120926	203338855	203339019
2026-09-02T03:39:16Z	8dc0b5fea25671d6745a556bffb740d3866e189c	352c096f011eb282f12e6d4c12281340fac96b635a2879cc065d7637a6592872	wsh-trace	local	5d6e8847420178b32e92e35a6ab32ba501f1baf6e976c496abd5881219858856	2264a8042763edf2620cfe32d96b096e1f3d26aa	5.9.2	2.55.0	1000	150	clean	2	1.035	6.737	1	1	0	1	1788320444.454581	1788320444.617577	203339367	203339493
2026-09-02T03:39:16Z	8dc0b5fea25671d6745a556bffb740d3866e189c	352c096f011eb282f12e6d4c12281340fac96b635a2879cc065d7637a6592872	wsh-trace	local	5d6e8847420178b32e92e35a6ab32ba501f1baf6e976c496abd5881219858856	2264a8042763edf2620cfe32d96b096e1f3d26aa	5.9.2	2.55.0	1000	150	clean	3	1.036	6.970	1	1	0	1	1788320444.952318	1788320445.115467	203339922	203340048
2026-09-02T03:39:16Z	8dc0b5fea25671d6745a556bffb740d3866e189c	352c096f011eb282f12e6d4c12281340fac96b635a2879cc065d7637a6592872	wsh-trace	local	5d6e8847420178b32e92e35a6ab32ba501f1baf6e976c496abd5881219858856	2264a8042763edf2620cfe32d96b096e1f3d26aa	5.9.2	2.55.0	1000	150	clean	4	0.991	6.892	1	1	0	1	1788320445.448824	1788320445.612061	203340306	203340481
2026-09-02T03:39:16Z	8dc0b5fea25671d6745a556bffb740d3866e189c	352c096f011eb282f12e6d4c12281340fac96b635a2879cc065d7637a6592872	wsh-trace	local	5d6e8847420178b32e92e35a6ab32ba501f1baf6e976c496abd5881219858856	2264a8042763edf2620cfe32d96b096e1f3d26aa	5.9.2	2.55.0	1000	150	clean	5	1.030	6.841	1	1	0	1	1788320445.946225	1788320446.109291	203340781	203340954
2026-09-02T03:39:16Z	8dc0b5fea25671d6745a556bffb740d3866e189c	352c096f011eb282f12e6d4c12281340fac96b635a2879cc065d7637a6592872	wsh-trace	local	5d6e8847420178b32e92e35a6ab32ba501f1baf6e976c496abd5881219858856	2264a8042763edf2620cfe32d96b096e1f3d26aa	5.9.2	2.55.0	1000	150	clean	6	1.024	7.375	1	1	0	1	1788320446.442856	1788320446.606677	203341325	203341564
2026-09-02T03:39:16Z	8dc0b5fea25671d6745a556bffb740d3866e189c	352c096f011eb282f12e6d4c12281340fac96b635a2879cc065d7637a6592872	wsh-trace	local	5d6e8847420178b32e92e35a6ab32ba501f1baf6e976c496abd5881219858856	2264a8042763edf2620cfe32d96b096e1f3d26aa	5.9.2	2.55.0	1000	150	clean	7	1.062	6.788	1	1	0	1	1788320446.941248	1788320447.104756	203341947	203342256
2026-09-02T03:39:16Z	8dc0b5fea25671d6745a556bffb740d3866e189c	352c096f011eb282f12e6d4c12281340fac96b635a2879cc065d7637a6592872	wsh-trace	local	5d6e8847420178b32e92e35a6ab32ba501f1baf6e976c496abd5881219858856	2264a8042763edf2620cfe32d96b096e1f3d26aa	5.9.2	2.55.0	1000	150	clean	8	1.044	7.096	1	1	0	1	1788320447.439509	1788320447.603113	203342805	203342944
2026-09-02T03:39:16Z	8dc0b5fea25671d6745a556bffb740d3866e189c	352c096f011eb282f12e6d4c12281340fac96b635a2879cc065d7637a6592872	wsh-trace	local	5d6e8847420178b32e92e35a6ab32ba501f1baf6e976c496abd5881219858856	2264a8042763edf2620cfe32d96b096e1f3d26aa	5.9.2	2.55.0	1000	150	clean	9	1.024	7.411	1	1	0	1	1788320447.938076	1788320448.102375	203343583	203343845
2026-09-02T03:39:16Z	8dc0b5fea25671d6745a556bffb740d3866e189c	352c096f011eb282f12e6d4c12281340fac96b635a2879cc065d7637a6592872	wsh-trace	local	5d6e8847420178b32e92e35a6ab32ba501f1baf6e976c496abd5881219858856	2264a8042763edf2620cfe32d96b096e1f3d26aa	5.9.2	2.55.0	1000	150	clean	10	1.056	6.959	1	1	0	1	1788320448.438109	1788320448.601727	203344151	203344368
2026-09-02T03:39:16Z	8dc0b5fea25671d6745a556bffb740d3866e189c	352c096f011eb282f12e6d4c12281340fac96b635a2879cc065d7637a6592872	wsh-trace	local	5d6e8847420178b32e92e35a6ab32ba501f1baf6e976c496abd5881219858856	2264a8042763edf2620cfe32d96b096e1f3d26aa	5.9.2	2.55.0	1000	150	clean	11	1.102	7.051	1	1	0	1	1788320448.936407	1788320449.100122	203344854	203345039
2026-09-02T03:39:16Z	8dc0b5fea25671d6745a556bffb740d3866e189c	352c096f011eb282f12e6d4c12281340fac96b635a2879cc065d7637a6592872	wsh-trace	local	5d6e8847420178b32e92e35a6ab32ba501f1baf6e976c496abd5881219858856	2264a8042763edf2620cfe32d96b096e1f3d26aa	5.9.2	2.55.0	1000	150	clean	12	1.074	7.147	1	1	0	1	1788320449.434912	1788320449.598451	203345367	203345523
2026-09-02T03:39:16Z	8dc0b5fea25671d6745a556bffb740d3866e189c	352c096f011eb282f12e6d4c12281340fac96b635a2879cc065d7637a6592872	wsh-trace	local	5d6e8847420178b32e92e35a6ab32ba501f1baf6e976c496abd5881219858856	2264a8042763edf2620cfe32d96b096e1f3d26aa	5.9.2	2.55.0	1000	150	clean	13	1.004	6.956	1	1	0	1	1788320449.933270	1788320450.097239	203345905	203346082
2026-09-02T03:39:16Z	8dc0b5fea25671d6745a556bffb740d3866e189c	352c096f011eb282f12e6d4c12281340fac96b635a2879cc065d7637a6592872	wsh-trace	local	5d6e8847420178b32e92e35a6ab32ba501f1baf6e976c496abd5881219858856	2264a8042763edf2620cfe32d96b096e1f3d26aa	5.9.2	2.55.0	1000	150	clean	14	1.085	6.909	1	1	0	1	1788320450.431934	1788320450.595011	203346353	203346482
2026-09-02T03:39:16Z	8dc0b5fea25671d6745a556bffb740d3866e189c	352c096f011eb282f12e6d4c12281340fac96b635a2879cc065d7637a6592872	wsh-trace	local	5d6e8847420178b32e92e35a6ab32ba501f1baf6e976c496abd5881219858856	2264a8042763edf2620cfe32d96b096e1f3d26aa	5.9.2	2.55.0	1000	150	clean	15	1.089	6.960	1	1	0	1	1788320450.929694	1788320451.093128	203346769	203346906
2026-09-02T03:39:16Z	8dc0b5fea25671d6745a556bffb740d3866e189c	352c096f011eb282f12e6d4c12281340fac96b635a2879cc065d7637a6592872	wsh-trace	local	5d6e8847420178b32e92e35a6ab32ba501f1baf6e976c496abd5881219858856	2264a8042763edf2620cfe32d96b096e1f3d26aa	5.9.2	2.55.0	1000	150	clean	16	1.104	6.736	1	1	0	1	1788320451.428058	1788320451.591495	203347223	203347383
2026-09-02T03:39:16Z	8dc0b5fea25671d6745a556bffb740d3866e189c	352c096f011eb282f12e6d4c12281340fac96b635a2879cc065d7637a6592872	wsh-trace	local	5d6e8847420178b32e92e35a6ab32ba501f1baf6e976c496abd5881219858856	2264a8042763edf2620cfe32d96b096e1f3d26aa	5.9.2	2.55.0	1000	150	clean	17	1.073	7.085	1	1	0	1	1788320451.926879	1788320452.091078	203347859	203348197
2026-09-02T03:39:16Z	8dc0b5fea25671d6745a556bffb740d3866e189c	352c096f011eb282f12e6d4c12281340fac96b635a2879cc065d7637a6592872	wsh-trace	local	5d6e8847420178b32e92e35a6ab32ba501f1baf6e976c496abd5881219858856	2264a8042763edf2620cfe32d96b096e1f3d26aa	5.9.2	2.55.0	1000	150	clean	18	1.039	6.975	1	1	0	1	1788320452.425864	1788320452.589593	203348545	203348700
2026-09-02T03:39:16Z	8dc0b5fea25671d6745a556bffb740d3866e189c	352c096f011eb282f12e6d4c12281340fac96b635a2879cc065d7637a6592872	wsh-trace	local	5d6e8847420178b32e92e35a6ab32ba501f1baf6e976c496abd5881219858856	2264a8042763edf2620cfe32d96b096e1f3d26aa	5.9.2	2.55.0	1000	150	clean	19	1.090	6.777	1	1	0	1	1788320452.924702	1788320453.088664	203349032	203349259
2026-09-02T03:39:16Z	8dc0b5fea25671d6745a556bffb740d3866e189c	352c096f011eb282f12e6d4c12281340fac96b635a2879cc065d7637a6592872	wsh-trace	local	5d6e8847420178b32e92e35a6ab32ba501f1baf6e976c496abd5881219858856	2264a8042763edf2620cfe32d96b096e1f3d26aa	5.9.2	2.55.0	1000	150	clean	20	1.038	6.463	1	1	0	1	1788320453.423577	1788320453.586861	203349640	203349809
2026-09-02T03:39:16Z	8dc0b5fea25671d6745a556bffb740d3866e189c	352c096f011eb282f12e6d4c12281340fac96b635a2879cc065d7637a6592872	wsh-trace	local	5d6e8847420178b32e92e35a6ab32ba501f1baf6e976c496abd5881219858856	2264a8042763edf2620cfe32d96b096e1f3d26aa	5.9.2	2.55.0	1000	150	dirty	1	1.073	6.771	1	1	0	1	1788320453.945908	1788320454.109683	203350237	203350405
2026-09-02T03:39:16Z	8dc0b5fea25671d6745a556bffb740d3866e189c	352c096f011eb282f12e6d4c12281340fac96b635a2879cc065d7637a6592872	wsh-trace	local	5d6e8847420178b32e92e35a6ab32ba501f1baf6e976c496abd5881219858856	2264a8042763edf2620cfe32d96b096e1f3d26aa	5.9.2	2.55.0	1000	150	dirty	2	1.094	7.125	1	1	0	1	1788320454.444965	1788320454.609029	203350818	203351016
2026-09-02T03:39:16Z	8dc0b5fea25671d6745a556bffb740d3866e189c	352c096f011eb282f12e6d4c12281340fac96b635a2879cc065d7637a6592872	wsh-trace	local	5d6e8847420178b32e92e35a6ab32ba501f1baf6e976c496abd5881219858856	2264a8042763edf2620cfe32d96b096e1f3d26aa	5.9.2	2.55.0	1000	150	dirty	3	1.136	6.824	1	1	0	1	1788320454.944973	1788320455.108469	203351386	203351546
2026-09-02T03:39:16Z	8dc0b5fea25671d6745a556bffb740d3866e189c	352c096f011eb282f12e6d4c12281340fac96b635a2879cc065d7637a6592872	wsh-trace	local	5d6e8847420178b32e92e35a6ab32ba501f1baf6e976c496abd5881219858856	2264a8042763edf2620cfe32d96b096e1f3d26aa	5.9.2	2.55.0	1000	150	dirty	4	1.084	7.212	1	1	0	1	1788320455.444325	1788320455.608791	203352060	203352222
2026-09-02T03:39:16Z	8dc0b5fea25671d6745a556bffb740d3866e189c	352c096f011eb282f12e6d4c12281340fac96b635a2879cc065d7637a6592872	wsh-trace	local	5d6e8847420178b32e92e35a6ab32ba501f1baf6e976c496abd5881219858856	2264a8042763edf2620cfe32d96b096e1f3d26aa	5.9.2	2.55.0	1000	150	dirty	5	1.079	7.038	1	1	0	1	1788320455.944247	1788320456.108080	203352523	203352680
2026-09-02T03:39:16Z	8dc0b5fea25671d6745a556bffb740d3866e189c	352c096f011eb282f12e6d4c12281340fac96b635a2879cc065d7637a6592872	wsh-trace	local	5d6e8847420178b32e92e35a6ab32ba501f1baf6e976c496abd5881219858856	2264a8042763edf2620cfe32d96b096e1f3d26aa	5.9.2	2.55.0	1000	150	dirty	6	0.854	7.565	1	1	0	1	1788320456.443497	1788320456.608962	203352989	203353262
2026-09-02T03:39:16Z	8dc0b5fea25671d6745a556bffb740d3866e189c	352c096f011eb282f12e6d4c12281340fac96b635a2879cc065d7637a6592872	wsh-trace	local	5d6e8847420178b32e92e35a6ab32ba501f1baf6e976c496abd5881219858856	2264a8042763edf2620cfe32d96b096e1f3d26aa	5.9.2	2.55.0	1000	150	dirty	7	1.110	7.223	1	1	0	1	1788320456.946265	1788320457.110642	203353585	203353896
2026-09-02T03:39:16Z	8dc0b5fea25671d6745a556bffb740d3866e189c	352c096f011eb282f12e6d4c12281340fac96b635a2879cc065d7637a6592872	wsh-trace	local	5d6e8847420178b32e92e35a6ab32ba501f1baf6e976c496abd5881219858856	2264a8042763edf2620cfe32d96b096e1f3d26aa	5.9.2	2.55.0	1000	150	dirty	8	1.091	6.881	1	1	0	1	1788320457.445907	1788320457.610753	203354478	203354710
2026-09-02T03:39:16Z	8dc0b5fea25671d6745a556bffb740d3866e189c	352c096f011eb282f12e6d4c12281340fac96b635a2879cc065d7637a6592872	wsh-trace	local	5d6e8847420178b32e92e35a6ab32ba501f1baf6e976c496abd5881219858856	2264a8042763edf2620cfe32d96b096e1f3d26aa	5.9.2	2.55.0	1000	150	dirty	9	1.135	6.875	1	1	0	1	1788320457.946650	1788320458.110707	203355112	203355347
2026-09-02T03:39:16Z	8dc0b5fea25671d6745a556bffb740d3866e189c	352c096f011eb282f12e6d4c12281340fac96b635a2879cc065d7637a6592872	wsh-trace	local	5d6e8847420178b32e92e35a6ab32ba501f1baf6e976c496abd5881219858856	2264a8042763edf2620cfe32d96b096e1f3d26aa	5.9.2	2.55.0	1000	150	dirty	10	1.104	6.570	1	1	0	1	1788320458.446681	1788320458.610272	203355883	203356035
2026-09-02T03:39:16Z	8dc0b5fea25671d6745a556bffb740d3866e189c	352c096f011eb282f12e6d4c12281340fac96b635a2879cc065d7637a6592872	wsh-trace	local	5d6e8847420178b32e92e35a6ab32ba501f1baf6e976c496abd5881219858856	2264a8042763edf2620cfe32d96b096e1f3d26aa	5.9.2	2.55.0	1000	150	dirty	11	1.147	7.260	1	1	0	1	1788320458.946386	1788320459.110515	203356501	203356737
2026-09-02T03:39:16Z	8dc0b5fea25671d6745a556bffb740d3866e189c	352c096f011eb282f12e6d4c12281340fac96b635a2879cc065d7637a6592872	wsh-trace	local	5d6e8847420178b32e92e35a6ab32ba501f1baf6e976c496abd5881219858856	2264a8042763edf2620cfe32d96b096e1f3d26aa	5.9.2	2.55.0	1000	150	dirty	12	1.122	7.250	1	1	0	1	1788320459.446698	1788320459.611336	203357095	203357326
2026-09-02T03:39:16Z	8dc0b5fea25671d6745a556bffb740d3866e189c	352c096f011eb282f12e6d4c12281340fac96b635a2879cc065d7637a6592872	wsh-trace	local	5d6e8847420178b32e92e35a6ab32ba501f1baf6e976c496abd5881219858856	2264a8042763edf2620cfe32d96b096e1f3d26aa	5.9.2	2.55.0	1000	150	dirty	13	1.121	6.738	1	1	0	1	1788320459.948181	1788320460.112327	203357743	203358053
2026-09-02T03:39:16Z	8dc0b5fea25671d6745a556bffb740d3866e189c	352c096f011eb282f12e6d4c12281340fac96b635a2879cc065d7637a6592872	wsh-trace	local	5d6e8847420178b32e92e35a6ab32ba501f1baf6e976c496abd5881219858856	2264a8042763edf2620cfe32d96b096e1f3d26aa	5.9.2	2.55.0	1000	150	dirty	14	0.837	7.185	1	1	0	1	1788320460.448606	1788320460.613308	203358397	203358558
2026-09-02T03:39:16Z	8dc0b5fea25671d6745a556bffb740d3866e189c	352c096f011eb282f12e6d4c12281340fac96b635a2879cc065d7637a6592872	wsh-trace	local	5d6e8847420178b32e92e35a6ab32ba501f1baf6e976c496abd5881219858856	2264a8042763edf2620cfe32d96b096e1f3d26aa	5.9.2	2.55.0	1000	150	dirty	15	1.120	7.277	1	1	0	1	1788320460.949429	1788320461.113623	203358894	203359338
2026-09-02T03:39:16Z	8dc0b5fea25671d6745a556bffb740d3866e189c	352c096f011eb282f12e6d4c12281340fac96b635a2879cc065d7637a6592872	wsh-trace	local	5d6e8847420178b32e92e35a6ab32ba501f1baf6e976c496abd5881219858856	2264a8042763edf2620cfe32d96b096e1f3d26aa	5.9.2	2.55.0	1000	150	dirty	16	1.126	7.241	1	1	0	1	1788320461.449563	1788320461.614048	203359665	203360150
2026-09-02T03:39:16Z	8dc0b5fea25671d6745a556bffb740d3866e189c	352c096f011eb282f12e6d4c12281340fac96b635a2879cc065d7637a6592872	wsh-trace	local	5d6e8847420178b32e92e35a6ab32ba501f1baf6e976c496abd5881219858856	2264a8042763edf2620cfe32d96b096e1f3d26aa	5.9.2	2.55.0	1000	150	dirty	17	1.181	6.915	1	1	0	1	1788320461.950801	1788320462.115311	203360476	203360649
2026-09-02T03:39:16Z	8dc0b5fea25671d6745a556bffb740d3866e189c	352c096f011eb282f12e6d4c12281340fac96b635a2879cc065d7637a6592872	wsh-trace	local	5d6e8847420178b32e92e35a6ab32ba501f1baf6e976c496abd5881219858856	2264a8042763edf2620cfe32d96b096e1f3d26aa	5.9.2	2.55.0	1000	150	dirty	18	1.176	6.817	1	1	0	1	1788320462.453372	1788320462.618166	203361021	203361327
2026-09-02T03:39:16Z	8dc0b5fea25671d6745a556bffb740d3866e189c	352c096f011eb282f12e6d4c12281340fac96b635a2879cc065d7637a6592872	wsh-trace	local	5d6e8847420178b32e92e35a6ab32ba501f1baf6e976c496abd5881219858856	2264a8042763edf2620cfe32d96b096e1f3d26aa	5.9.2	2.55.0	1000	150	dirty	19	1.208	6.832	1	1	0	1	1788320462.955607	1788320463.120169	203361911	203362383
2026-09-02T03:39:16Z	8dc0b5fea25671d6745a556bffb740d3866e189c	352c096f011eb282f12e6d4c12281340fac96b635a2879cc065d7637a6592872	wsh-trace	local	5d6e8847420178b32e92e35a6ab32ba501f1baf6e976c496abd5881219858856	2264a8042763edf2620cfe32d96b096e1f3d26aa	5.9.2	2.55.0	1000	150	dirty	20	1.175	7.265	1	1	0	1	1788320463.457647	1788320463.622973	203363231	203363691
2026-09-02T03:39:16Z	8dc0b5fea25671d6745a556bffb740d3866e189c	352c096f011eb282f12e6d4c12281340fac96b635a2879cc065d7637a6592872	wsh-trace	local	5d6e8847420178b32e92e35a6ab32ba501f1baf6e976c496abd5881219858856	2264a8042763edf2620cfe32d96b096e1f3d26aa	5.9.2	2.55.0	1000	150	untracked	1	1.259	7.292	1	1	0	1	1788320463.982983	1788320464.147659	203364319	203364565
2026-09-02T03:39:16Z	8dc0b5fea25671d6745a556bffb740d3866e189c	352c096f011eb282f12e6d4c12281340fac96b635a2879cc065d7637a6592872	wsh-trace	local	5d6e8847420178b32e92e35a6ab32ba501f1baf6e976c496abd5881219858856	2264a8042763edf2620cfe32d96b096e1f3d26aa	5.9.2	2.55.0	1000	150	untracked	2	1.200	6.891	1	1	0	1	1788320464.486061	1788320464.651484	203365123	203365428
2026-09-02T03:39:16Z	8dc0b5fea25671d6745a556bffb740d3866e189c	352c096f011eb282f12e6d4c12281340fac96b635a2879cc065d7637a6592872	wsh-trace	local	5d6e8847420178b32e92e35a6ab32ba501f1baf6e976c496abd5881219858856	2264a8042763edf2620cfe32d96b096e1f3d26aa	5.9.2	2.55.0	1000	150	untracked	3	1.300	7.284	1	1	0	1	1788320464.991682	1788320465.156626	203366058	203366326
2026-09-02T03:39:16Z	8dc0b5fea25671d6745a556bffb740d3866e189c	352c096f011eb282f12e6d4c12281340fac96b635a2879cc065d7637a6592872	wsh-trace	local	5d6e8847420178b32e92e35a6ab32ba501f1baf6e976c496abd5881219858856	2264a8042763edf2620cfe32d96b096e1f3d26aa	5.9.2	2.55.0	1000	150	untracked	4	1.156	7.535	1	1	0	1	1788320465.495345	1788320465.660517	203366916	203367066
2026-09-02T03:39:16Z	8dc0b5fea25671d6745a556bffb740d3866e189c	352c096f011eb282f12e6d4c12281340fac96b635a2879cc065d7637a6592872	wsh-trace	local	5d6e8847420178b32e92e35a6ab32ba501f1baf6e976c496abd5881219858856	2264a8042763edf2620cfe32d96b096e1f3d26aa	5.9.2	2.55.0	1000	150	untracked	5	1.221	6.862	1	1	0	1	1788320465.999582	1788320466.164321	203367481	203367758
2026-09-02T03:39:16Z	8dc0b5fea25671d6745a556bffb740d3866e189c	352c096f011eb282f12e6d4c12281340fac96b635a2879cc065d7637a6592872	wsh-trace	local	5d6e8847420178b32e92e35a6ab32ba501f1baf6e976c496abd5881219858856	2264a8042763edf2620cfe32d96b096e1f3d26aa	5.9.2	2.55.0	1000	150	untracked	6	1.205	6.912	1	1	0	1	1788320466.503436	1788320466.668034	203368138	203368283
2026-09-02T03:39:16Z	8dc0b5fea25671d6745a556bffb740d3866e189c	352c096f011eb282f12e6d4c12281340fac96b635a2879cc065d7637a6592872	wsh-trace	local	5d6e8847420178b32e92e35a6ab32ba501f1baf6e976c496abd5881219858856	2264a8042763edf2620cfe32d96b096e1f3d26aa	5.9.2	2.55.0	1000	150	untracked	7	1.198	7.274	1	1	0	1	1788320467.007291	1788320467.172356	203368796	203369043
2026-09-02T03:39:16Z	8dc0b5fea25671d6745a556bffb740d3866e189c	352c096f011eb282f12e6d4c12281340fac96b635a2879cc065d7637a6592872	wsh-trace	local	5d6e8847420178b32e92e35a6ab32ba501f1baf6e976c496abd5881219858856	2264a8042763edf2620cfe32d96b096e1f3d26aa	5.9.2	2.55.0	1000	150	untracked	8	1.233	6.612	1	1	0	1	1788320467.512022	1788320467.676129	203369548	203369717
2026-09-02T03:39:16Z	8dc0b5fea25671d6745a556bffb740d3866e189c	352c096f011eb282f12e6d4c12281340fac96b635a2879cc065d7637a6592872	wsh-trace	local	5d6e8847420178b32e92e35a6ab32ba501f1baf6e976c496abd5881219858856	2264a8042763edf2620cfe32d96b096e1f3d26aa	5.9.2	2.55.0	1000	150	untracked	9	1.209	7.028	1	1	0	1	1788320468.016365	1788320468.181090	203370093	203370271
2026-09-02T03:39:16Z	8dc0b5fea25671d6745a556bffb740d3866e189c	352c096f011eb282f12e6d4c12281340fac96b635a2879cc065d7637a6592872	wsh-trace	local	5d6e8847420178b32e92e35a6ab32ba501f1baf6e976c496abd5881219858856	2264a8042763edf2620cfe32d96b096e1f3d26aa	5.9.2	2.55.0	1000	150	untracked	10	0.898	6.743	1	1	0	1	1788320468.520594	1788320468.685595	203370549	203370714
2026-09-02T03:39:16Z	8dc0b5fea25671d6745a556bffb740d3866e189c	352c096f011eb282f12e6d4c12281340fac96b635a2879cc065d7637a6592872	wsh-trace	local	5d6e8847420178b32e92e35a6ab32ba501f1baf6e976c496abd5881219858856	2264a8042763edf2620cfe32d96b096e1f3d26aa	5.9.2	2.55.0	1000	150	untracked	11	1.231	6.866	1	1	0	1	1788320469.025220	1788320469.190090	203371494	203371672
2026-09-02T03:39:16Z	8dc0b5fea25671d6745a556bffb740d3866e189c	352c096f011eb282f12e6d4c12281340fac96b635a2879cc065d7637a6592872	wsh-trace	local	5d6e8847420178b32e92e35a6ab32ba501f1baf6e976c496abd5881219858856	2264a8042763edf2620cfe32d96b096e1f3d26aa	5.9.2	2.55.0	1000	150	untracked	12	1.237	6.800	1	1	0	1	1788320469.529107	1788320469.693614	203372010	203372129
2026-09-02T03:39:16Z	8dc0b5fea25671d6745a556bffb740d3866e189c	352c096f011eb282f12e6d4c12281340fac96b635a2879cc065d7637a6592872	wsh-trace	local	5d6e8847420178b32e92e35a6ab32ba501f1baf6e976c496abd5881219858856	2264a8042763edf2620cfe32d96b096e1f3d26aa	5.9.2	2.55.0	1000	150	untracked	13	1.220	6.910	1	1	0	1	1788320470.033726	1788320470.198537	203372501	203372594
2026-09-02T03:39:16Z	8dc0b5fea25671d6745a556bffb740d3866e189c	352c096f011eb282f12e6d4c12281340fac96b635a2879cc065d7637a6592872	wsh-trace	local	5d6e8847420178b32e92e35a6ab32ba501f1baf6e976c496abd5881219858856	2264a8042763edf2620cfe32d96b096e1f3d26aa	5.9.2	2.55.0	1000	150	untracked	14	1.212	7.470	1	1	0	1	1788320470.538344	1788320470.704081	203373048	203373208
2026-09-02T03:39:16Z	8dc0b5fea25671d6745a556bffb740d3866e189c	352c096f011eb282f12e6d4c12281340fac96b635a2879cc065d7637a6592872	wsh-trace	local	5d6e8847420178b32e92e35a6ab32ba501f1baf6e976c496abd5881219858856	2264a8042763edf2620cfe32d96b096e1f3d26aa	5.9.2	2.55.0	1000	150	untracked	15	1.220	7.001	1	1	0	1	1788320471.044322	1788320471.209913	203373647	203374107
2026-09-02T03:39:16Z	8dc0b5fea25671d6745a556bffb740d3866e189c	352c096f011eb282f12e6d4c12281340fac96b635a2879cc065d7637a6592872	wsh-trace	local	5d6e8847420178b32e92e35a6ab32ba501f1baf6e976c496abd5881219858856	2264a8042763edf2620cfe32d96b096e1f3d26aa	5.9.2	2.55.0	1000	150	untracked	16	1.217	6.942	1	1	0	1	1788320471.549328	1788320471.713891	203374808	203374936
2026-09-02T03:39:16Z	8dc0b5fea25671d6745a556bffb740d3866e189c	352c096f011eb282f12e6d4c12281340fac96b635a2879cc065d7637a6592872	wsh-trace	local	5d6e8847420178b32e92e35a6ab32ba501f1baf6e976c496abd5881219858856	2264a8042763edf2620cfe32d96b096e1f3d26aa	5.9.2	2.55.0	1000	150	untracked	17	1.270	7.110	1	1	0	1	1788320472.053528	1788320472.218380	203375789	203376135
2026-09-02T03:39:16Z	8dc0b5fea25671d6745a556bffb740d3866e189c	352c096f011eb282f12e6d4c12281340fac96b635a2879cc065d7637a6592872	wsh-trace	local	5d6e8847420178b32e92e35a6ab32ba501f1baf6e976c496abd5881219858856	2264a8042763edf2620cfe32d96b096e1f3d26aa	5.9.2	2.55.0	1000	150	untracked	18	1.247	7.320	1	1	0	1	1788320472.558463	1788320472.723954	203376562	203377063
2026-09-02T03:39:16Z	8dc0b5fea25671d6745a556bffb740d3866e189c	352c096f011eb282f12e6d4c12281340fac96b635a2879cc065d7637a6592872	wsh-trace	local	5d6e8847420178b32e92e35a6ab32ba501f1baf6e976c496abd5881219858856	2264a8042763edf2620cfe32d96b096e1f3d26aa	5.9.2	2.55.0	1000	150	untracked	19	1.208	6.935	1	1	0	1	1788320473.063718	1788320473.228280	203377671	203377882
2026-09-02T03:39:16Z	8dc0b5fea25671d6745a556bffb740d3866e189c	352c096f011eb282f12e6d4c12281340fac96b635a2879cc065d7637a6592872	wsh-trace	local	5d6e8847420178b32e92e35a6ab32ba501f1baf6e976c496abd5881219858856	2264a8042763edf2620cfe32d96b096e1f3d26aa	5.9.2	2.55.0	1000	150	untracked	20	1.273	6.536	1	1	0	1	1788320473.567943	1788320473.732387	203378351	203378522
