snapshot_at_utc	benchmark_commit	runner_sha256	target	target_kind	target_commit	omz_commit	zsh_version	git_version	fixture_files	settle_ms	state	iteration	first_ms	settled_ms	repaints	git_calls	unlocked_calls	semantic_pass	measurement_started_epoch_seconds	measurement_finished_epoch_seconds	cpu_psi_some_total_before	cpu_psi_some_total_after
2026-09-02T03:29:00Z	bb3d89e13a6354257e80443b2d85736862086fd6	ea87ddbd979fc6be528bdf099a724bb5ca040c1c40bdb6eecd055df584c6530a	raw	control	5.9.2	2264a8042763edf2620cfe32d96b096e1f3d26aa	5.9.2	2.55.0	1000	150	clean	1	0.483	0.483	0	0	0	na	1788319741.124789	1788319741.278016	200769570	200770231
2026-09-02T03:29:00Z	bb3d89e13a6354257e80443b2d85736862086fd6	ea87ddbd979fc6be528bdf099a724bb5ca040c1c40bdb6eecd055df584c6530a	raw	control	5.9.2	2264a8042763edf2620cfe32d96b096e1f3d26aa	5.9.2	2.55.0	1000	150	clean	2	0.430	0.430	0	0	0	na	1788319741.431067	1788319741.584128	200770723	200771281
2026-09-02T03:29:00Z	bb3d89e13a6354257e80443b2d85736862086fd6	ea87ddbd979fc6be528bdf099a724bb5ca040c1c40bdb6eecd055df584c6530a	raw	control	5.9.2	2264a8042763edf2620cfe32d96b096e1f3d26aa	5.9.2	2.55.0	1000	150	clean	3	0.460	0.460	0	0	0	na	1788319741.737185	1788319741.890438	200771451	200771612
2026-09-02T03:29:00Z	bb3d89e13a6354257e80443b2d85736862086fd6	ea87ddbd979fc6be528bdf099a724bb5ca040c1c40bdb6eecd055df584c6530a	raw	control	5.9.2	2264a8042763edf2620cfe32d96b096e1f3d26aa	5.9.2	2.55.0	1000	150	clean	4	0.464	0.464	0	0	0	na	1788319742.043740	1788319742.197388	200771713	200771871
2026-09-02T03:29:00Z	bb3d89e13a6354257e80443b2d85736862086fd6	ea87ddbd979fc6be528bdf099a724bb5ca040c1c40bdb6eecd055df584c6530a	raw	control	5.9.2	2264a8042763edf2620cfe32d96b096e1f3d26aa	5.9.2	2.55.0	1000	150	clean	5	0.400	0.400	0	0	0	na	1788319742.350665	1788319742.504339	200772087	200772269
2026-09-02T03:29:00Z	bb3d89e13a6354257e80443b2d85736862086fd6	ea87ddbd979fc6be528bdf099a724bb5ca040c1c40bdb6eecd055df584c6530a	raw	control	5.9.2	2264a8042763edf2620cfe32d96b096e1f3d26aa	5.9.2	2.55.0	1000	150	clean	6	0.465	0.465	0	0	0	na	1788319742.657714	1788319742.811170	200772387	200772598
2026-09-02T03:29:00Z	bb3d89e13a6354257e80443b2d85736862086fd6	ea87ddbd979fc6be528bdf099a724bb5ca040c1c40bdb6eecd055df584c6530a	raw	control	5.9.2	2264a8042763edf2620cfe32d96b096e1f3d26aa	5.9.2	2.55.0	1000	150	clean	7	0.421	0.421	0	0	0	na	1788319742.964570	1788319743.117996	200772780	200772962
2026-09-02T03:29:00Z	bb3d89e13a6354257e80443b2d85736862086fd6	ea87ddbd979fc6be528bdf099a724bb5ca040c1c40bdb6eecd055df584c6530a	raw	control	5.9.2	2264a8042763edf2620cfe32d96b096e1f3d26aa	5.9.2	2.55.0	1000	150	clean	8	0.406	0.406	0	0	0	na	1788319743.271428	1788319743.424815	200773134	200773322
2026-09-02T03:29:00Z	bb3d89e13a6354257e80443b2d85736862086fd6	ea87ddbd979fc6be528bdf099a724bb5ca040c1c40bdb6eecd055df584c6530a	raw	control	5.9.2	2264a8042763edf2620cfe32d96b096e1f3d26aa	5.9.2	2.55.0	1000	150	clean	9	0.355	0.355	0	0	0	na	1788319743.578272	1788319743.731563	200773477	200773673
2026-09-02T03:29:00Z	bb3d89e13a6354257e80443b2d85736862086fd6	ea87ddbd979fc6be528bdf099a724bb5ca040c1c40bdb6eecd055df584c6530a	raw	control	5.9.2	2264a8042763edf2620cfe32d96b096e1f3d26aa	5.9.2	2.55.0	1000	150	clean	10	0.397	0.397	0	0	0	na	1788319743.884879	1788319744.038397	200773833	200774027
2026-09-02T03:29:00Z	bb3d89e13a6354257e80443b2d85736862086fd6	ea87ddbd979fc6be528bdf099a724bb5ca040c1c40bdb6eecd055df584c6530a	raw	control	5.9.2	2264a8042763edf2620cfe32d96b096e1f3d26aa	5.9.2	2.55.0	1000	150	clean	11	0.360	0.360	0	0	0	na	1788319744.191731	1788319744.345004	200774202	200774340
2026-09-02T03:29:00Z	bb3d89e13a6354257e80443b2d85736862086fd6	ea87ddbd979fc6be528bdf099a724bb5ca040c1c40bdb6eecd055df584c6530a	raw	control	5.9.2	2264a8042763edf2620cfe32d96b096e1f3d26aa	5.9.2	2.55.0	1000	150	clean	12	0.395	0.395	0	0	0	na	1788319744.498417	1788319744.651728	200774488	200774618
2026-09-02T03:29:00Z	bb3d89e13a6354257e80443b2d85736862086fd6	ea87ddbd979fc6be528bdf099a724bb5ca040c1c40bdb6eecd055df584c6530a	raw	control	5.9.2	2264a8042763edf2620cfe32d96b096e1f3d26aa	5.9.2	2.55.0	1000	150	clean	13	0.434	0.434	0	0	0	na	1788319744.805016	1788319744.958411	200774820	200774948
2026-09-02T03:29:00Z	bb3d89e13a6354257e80443b2d85736862086fd6	ea87ddbd979fc6be528bdf099a724bb5ca040c1c40bdb6eecd055df584c6530a	raw	control	5.9.2	2264a8042763edf2620cfe32d96b096e1f3d26aa	5.9.2	2.55.0	1000	150	clean	14	0.365	0.365	0	0	0	na	1788319745.111487	1788319745.264825	200775101	200775364
2026-09-02T03:29:00Z	bb3d89e13a6354257e80443b2d85736862086fd6	ea87ddbd979fc6be528bdf099a724bb5ca040c1c40bdb6eecd055df584c6530a	raw	control	5.9.2	2264a8042763edf2620cfe32d96b096e1f3d26aa	5.9.2	2.55.0	1000	150	clean	15	0.415	0.415	0	0	0	na	1788319745.418074	1788319745.571492	200775551	200775693
2026-09-02T03:29:00Z	bb3d89e13a6354257e80443b2d85736862086fd6	ea87ddbd979fc6be528bdf099a724bb5ca040c1c40bdb6eecd055df584c6530a	raw	control	5.9.2	2264a8042763edf2620cfe32d96b096e1f3d26aa	5.9.2	2.55.0	1000	150	clean	16	0.421	0.421	0	0	0	na	1788319745.724787	1788319745.878389	200775851	200776068
2026-09-02T03:29:00Z	bb3d89e13a6354257e80443b2d85736862086fd6	ea87ddbd979fc6be528bdf099a724bb5ca040c1c40bdb6eecd055df584c6530a	raw	control	5.9.2	2264a8042763edf2620cfe32d96b096e1f3d26aa	5.9.2	2.55.0	1000	150	clean	17	0.363	0.363	0	0	0	na	1788319746.031661	1788319746.185139	200776224	200776361
2026-09-02T03:29:00Z	bb3d89e13a6354257e80443b2d85736862086fd6	ea87ddbd979fc6be528bdf099a724bb5ca040c1c40bdb6eecd055df584c6530a	raw	control	5.9.2	2264a8042763edf2620cfe32d96b096e1f3d26aa	5.9.2	2.55.0	1000	150	clean	18	0.379	0.379	0	0	0	na	1788319746.338402	1788319746.491838	200776593	200776753
2026-09-02T03:29:00Z	bb3d89e13a6354257e80443b2d85736862086fd6	ea87ddbd979fc6be528bdf099a724bb5ca040c1c40bdb6eecd055df584c6530a	raw	control	5.9.2	2264a8042763edf2620cfe32d96b096e1f3d26aa	5.9.2	2.55.0	1000	150	clean	19	0.365	0.365	0	0	0	na	1788319746.645158	1788319746.798379	200776895	200777041
2026-09-02T03:29:00Z	bb3d89e13a6354257e80443b2d85736862086fd6	ea87ddbd979fc6be528bdf099a724bb5ca040c1c40bdb6eecd055df584c6530a	raw	control	5.9.2	2264a8042763edf2620cfe32d96b096e1f3d26aa	5.9.2	2.55.0	1000	150	clean	20	0.529	0.529	0	0	0	na	1788319746.951825	1788319747.105400	200777279	200777405
2026-09-02T03:29:00Z	bb3d89e13a6354257e80443b2d85736862086fd6	ea87ddbd979fc6be528bdf099a724bb5ca040c1c40bdb6eecd055df584c6530a	raw	control	5.9.2	2264a8042763edf2620cfe32d96b096e1f3d26aa	5.9.2	2.55.0	1000	150	dirty	1	0.333	0.333	0	0	0	na	1788319747.286375	1788319747.439612	200777541	200777640
2026-09-02T03:29:00Z	bb3d89e13a6354257e80443b2d85736862086fd6	ea87ddbd979fc6be528bdf099a724bb5ca040c1c40bdb6eecd055df584c6530a	raw	control	5.9.2	2264a8042763edf2620cfe32d96b096e1f3d26aa	5.9.2	2.55.0	1000	150	dirty	2	0.331	0.331	0	0	0	na	1788319747.592800	1788319747.745919	200777801	200777957
2026-09-02T03:29:00Z	bb3d89e13a6354257e80443b2d85736862086fd6	ea87ddbd979fc6be528bdf099a724bb5ca040c1c40bdb6eecd055df584c6530a	raw	control	5.9.2	2264a8042763edf2620cfe32d96b096e1f3d26aa	5.9.2	2.55.0	1000	150	dirty	3	0.330	0.330	0	0	0	na	1788319747.899011	1788319748.052180	200778092	200778253
2026-09-02T03:29:00Z	bb3d89e13a6354257e80443b2d85736862086fd6	ea87ddbd979fc6be528bdf099a724bb5ca040c1c40bdb6eecd055df584c6530a	raw	control	5.9.2	2264a8042763edf2620cfe32d96b096e1f3d26aa	5.9.2	2.55.0	1000	150	dirty	4	0.345	0.345	0	0	0	na	1788319748.205724	1788319748.359045	200778463	200778750
2026-09-02T03:29:00Z	bb3d89e13a6354257e80443b2d85736862086fd6	ea87ddbd979fc6be528bdf099a724bb5ca040c1c40bdb6eecd055df584c6530a	raw	control	5.9.2	2264a8042763edf2620cfe32d96b096e1f3d26aa	5.9.2	2.55.0	1000	150	dirty	5	0.339	0.339	0	0	0	na	1788319748.512415	1788319748.665768	200779042	200779209
2026-09-02T03:29:00Z	bb3d89e13a6354257e80443b2d85736862086fd6	ea87ddbd979fc6be528bdf099a724bb5ca040c1c40bdb6eecd055df584c6530a	raw	control	5.9.2	2264a8042763edf2620cfe32d96b096e1f3d26aa	5.9.2	2.55.0	1000	150	dirty	6	0.382	0.382	0	0	0	na	1788319748.819309	1788319748.972580	200779376	200779622
2026-09-02T03:29:00Z	bb3d89e13a6354257e80443b2d85736862086fd6	ea87ddbd979fc6be528bdf099a724bb5ca040c1c40bdb6eecd055df584c6530a	raw	control	5.9.2	2264a8042763edf2620cfe32d96b096e1f3d26aa	5.9.2	2.55.0	1000	150	dirty	7	0.404	0.404	0	0	0	na	1788319749.125858	1788319749.279257	200779750	200779877
2026-09-02T03:29:00Z	bb3d89e13a6354257e80443b2d85736862086fd6	ea87ddbd979fc6be528bdf099a724bb5ca040c1c40bdb6eecd055df584c6530a	raw	control	5.9.2	2264a8042763edf2620cfe32d96b096e1f3d26aa	5.9.2	2.55.0	1000	150	dirty	8	0.362	0.362	0	0	0	na	1788319749.432452	1788319749.585697	200779995	200780162
2026-09-02T03:29:00Z	bb3d89e13a6354257e80443b2d85736862086fd6	ea87ddbd979fc6be528bdf099a724bb5ca040c1c40bdb6eecd055df584c6530a	raw	control	5.9.2	2264a8042763edf2620cfe32d96b096e1f3d26aa	5.9.2	2.55.0	1000	150	dirty	9	0.341	0.341	0	0	0	na	1788319749.739004	1788319749.892251	200780341	200780507
2026-09-02T03:29:00Z	bb3d89e13a6354257e80443b2d85736862086fd6	ea87ddbd979fc6be528bdf099a724bb5ca040c1c40bdb6eecd055df584c6530a	raw	control	5.9.2	2264a8042763edf2620cfe32d96b096e1f3d26aa	5.9.2	2.55.0	1000	150	dirty	10	0.336	0.336	0	0	0	na	1788319750.045656	1788319750.198920	200780676	200780810
2026-09-02T03:29:00Z	bb3d89e13a6354257e80443b2d85736862086fd6	ea87ddbd979fc6be528bdf099a724bb5ca040c1c40bdb6eecd055df584c6530a	raw	control	5.9.2	2264a8042763edf2620cfe32d96b096e1f3d26aa	5.9.2	2.55.0	1000	150	dirty	11	0.368	0.368	0	0	0	na	1788319750.352119	1788319750.505446	200780935	200781076
2026-09-02T03:29:00Z	bb3d89e13a6354257e80443b2d85736862086fd6	ea87ddbd979fc6be528bdf099a724bb5ca040c1c40bdb6eecd055df584c6530a	raw	control	5.9.2	2264a8042763edf2620cfe32d96b096e1f3d26aa	5.9.2	2.55.0	1000	150	dirty	12	0.323	0.323	0	0	0	na	1788319750.658545	1788319750.811849	200781190	200782448
2026-09-02T03:29:00Z	bb3d89e13a6354257e80443b2d85736862086fd6	ea87ddbd979fc6be528bdf099a724bb5ca040c1c40bdb6eecd055df584c6530a	raw	control	5.9.2	2264a8042763edf2620cfe32d96b096e1f3d26aa	5.9.2	2.55.0	1000	150	dirty	13	0.341	0.341	0	0	0	na	1788319750.965110	1788319751.118305	200782624	200782797
2026-09-02T03:29:00Z	bb3d89e13a6354257e80443b2d85736862086fd6	ea87ddbd979fc6be528bdf099a724bb5ca040c1c40bdb6eecd055df584c6530a	raw	control	5.9.2	2264a8042763edf2620cfe32d96b096e1f3d26aa	5.9.2	2.55.0	1000	150	dirty	14	0.414	0.414	0	0	0	na	1788319751.271500	1788319751.424872	200782903	200782992
2026-09-02T03:29:00Z	bb3d89e13a6354257e80443b2d85736862086fd6	ea87ddbd979fc6be528bdf099a724bb5ca040c1c40bdb6eecd055df584c6530a	raw	control	5.9.2	2264a8042763edf2620cfe32d96b096e1f3d26aa	5.9.2	2.55.0	1000	150	dirty	15	0.319	0.319	0	0	0	na	1788319751.578051	1788319751.731236	200783091	200783214
2026-09-02T03:29:00Z	bb3d89e13a6354257e80443b2d85736862086fd6	ea87ddbd979fc6be528bdf099a724bb5ca040c1c40bdb6eecd055df584c6530a	raw	control	5.9.2	2264a8042763edf2620cfe32d96b096e1f3d26aa	5.9.2	2.55.0	1000	150	dirty	16	0.311	0.311	0	0	0	na	1788319751.884505	1788319752.037701	200783469	200783599
2026-09-02T03:29:00Z	bb3d89e13a6354257e80443b2d85736862086fd6	ea87ddbd979fc6be528bdf099a724bb5ca040c1c40bdb6eecd055df584c6530a	raw	control	5.9.2	2264a8042763edf2620cfe32d96b096e1f3d26aa	5.9.2	2.55.0	1000	150	dirty	17	0.332	0.332	0	0	0	na	1788319752.190872	1788319752.344041	200783708	200783835
2026-09-02T03:29:00Z	bb3d89e13a6354257e80443b2d85736862086fd6	ea87ddbd979fc6be528bdf099a724bb5ca040c1c40bdb6eecd055df584c6530a	raw	control	5.9.2	2264a8042763edf2620cfe32d96b096e1f3d26aa	5.9.2	2.55.0	1000	150	dirty	18	0.326	0.326	0	0	0	na	1788319752.497179	1788319752.650209	200784052	200784343
2026-09-02T03:29:00Z	bb3d89e13a6354257e80443b2d85736862086fd6	ea87ddbd979fc6be528bdf099a724bb5ca040c1c40bdb6eecd055df584c6530a	raw	control	5.9.2	2264a8042763edf2620cfe32d96b096e1f3d26aa	5.9.2	2.55.0	1000	150	dirty	19	0.318	0.318	0	0	0	na	1788319752.803284	1788319752.956479	200784460	200784571
2026-09-02T03:29:00Z	bb3d89e13a6354257e80443b2d85736862086fd6	ea87ddbd979fc6be528bdf099a724bb5ca040c1c40bdb6eecd055df584c6530a	raw	control	5.9.2	2264a8042763edf2620cfe32d96b096e1f3d26aa	5.9.2	2.55.0	1000	150	dirty	20	0.305	0.305	0	0	0	na	1788319753.109622	1788319753.262607	200784716	200784826
2026-09-02T03:29:00Z	bb3d89e13a6354257e80443b2d85736862086fd6	ea87ddbd979fc6be528bdf099a724bb5ca040c1c40bdb6eecd055df584c6530a	raw	control	5.9.2	2264a8042763edf2620cfe32d96b096e1f3d26aa	5.9.2	2.55.0	1000	150	untracked	1	0.401	0.401	0	0	0	na	1788319753.438373	1788319753.591562	200784977	200785108
2026-09-02T03:29:00Z	bb3d89e13a6354257e80443b2d85736862086fd6	ea87ddbd979fc6be528bdf099a724bb5ca040c1c40bdb6eecd055df584c6530a	raw	control	5.9.2	2264a8042763edf2620cfe32d96b096e1f3d26aa	5.9.2	2.55.0	1000	150	untracked	2	0.442	0.442	0	0	0	na	1788319753.745983	1788319753.899297	200785341	200785448
2026-09-02T03:29:00Z	bb3d89e13a6354257e80443b2d85736862086fd6	ea87ddbd979fc6be528bdf099a724bb5ca040c1c40bdb6eecd055df584c6530a	raw	control	5.9.2	2264a8042763edf2620cfe32d96b096e1f3d26aa	5.9.2	2.55.0	1000	150	untracked	3	0.438	0.438	0	0	0	na	1788319754.053638	1788319754.206891	200785539	200785704
2026-09-02T03:29:00Z	bb3d89e13a6354257e80443b2d85736862086fd6	ea87ddbd979fc6be528bdf099a724bb5ca040c1c40bdb6eecd055df584c6530a	raw	control	5.9.2	2264a8042763edf2620cfe32d96b096e1f3d26aa	5.9.2	2.55.0	1000	150	untracked	4	0.400	0.400	0	0	0	na	1788319754.361403	1788319754.514630	200785815	200785973
2026-09-02T03:29:00Z	bb3d89e13a6354257e80443b2d85736862086fd6	ea87ddbd979fc6be528bdf099a724bb5ca040c1c40bdb6eecd055df584c6530a	raw	control	5.9.2	2264a8042763edf2620cfe32d96b096e1f3d26aa	5.9.2	2.55.0	1000	150	untracked	5	0.396	0.396	0	0	0	na	1788319754.668868	1788319754.822056	200786111	200786300
2026-09-02T03:29:00Z	bb3d89e13a6354257e80443b2d85736862086fd6	ea87ddbd979fc6be528bdf099a724bb5ca040c1c40bdb6eecd055df584c6530a	raw	control	5.9.2	2264a8042763edf2620cfe32d96b096e1f3d26aa	5.9.2	2.55.0	1000	150	untracked	6	0.418	0.418	0	0	0	na	1788319754.976538	1788319755.129894	200786427	200786573
2026-09-02T03:29:00Z	bb3d89e13a6354257e80443b2d85736862086fd6	ea87ddbd979fc6be528bdf099a724bb5ca040c1c40bdb6eecd055df584c6530a	raw	control	5.9.2	2264a8042763edf2620cfe32d96b096e1f3d26aa	5.9.2	2.55.0	1000	150	untracked	7	0.396	0.396	0	0	0	na	1788319755.284212	1788319755.437451	200786764	200786950
2026-09-02T03:29:00Z	bb3d89e13a6354257e80443b2d85736862086fd6	ea87ddbd979fc6be528bdf099a724bb5ca040c1c40bdb6eecd055df584c6530a	raw	control	5.9.2	2264a8042763edf2620cfe32d96b096e1f3d26aa	5.9.2	2.55.0	1000	150	untracked	8	0.380	0.380	0	0	0	na	1788319755.591999	1788319755.745228	200787076	200787237
2026-09-02T03:29:00Z	bb3d89e13a6354257e80443b2d85736862086fd6	ea87ddbd979fc6be528bdf099a724bb5ca040c1c40bdb6eecd055df584c6530a	raw	control	5.9.2	2264a8042763edf2620cfe32d96b096e1f3d26aa	5.9.2	2.55.0	1000	150	untracked	9	0.407	0.407	0	0	0	na	1788319755.899591	1788319756.053173	200787395	200787536
2026-09-02T03:29:00Z	bb3d89e13a6354257e80443b2d85736862086fd6	ea87ddbd979fc6be528bdf099a724bb5ca040c1c40bdb6eecd055df584c6530a	raw	control	5.9.2	2264a8042763edf2620cfe32d96b096e1f3d26aa	5.9.2	2.55.0	1000	150	untracked	10	0.377	0.377	0	0	0	na	1788319756.207825	1788319756.361035	200787714	200787865
2026-09-02T03:29:00Z	bb3d89e13a6354257e80443b2d85736862086fd6	ea87ddbd979fc6be528bdf099a724bb5ca040c1c40bdb6eecd055df584c6530a	raw	control	5.9.2	2264a8042763edf2620cfe32d96b096e1f3d26aa	5.9.2	2.55.0	1000	150	untracked	11	0.392	0.392	0	0	0	na	1788319756.515476	1788319756.668746	200788017	200788142
2026-09-02T03:29:00Z	bb3d89e13a6354257e80443b2d85736862086fd6	ea87ddbd979fc6be528bdf099a724bb5ca040c1c40bdb6eecd055df584c6530a	raw	control	5.9.2	2264a8042763edf2620cfe32d96b096e1f3d26aa	5.9.2	2.55.0	1000	150	untracked	12	0.409	0.409	0	0	0	na	1788319756.823319	1788319756.976770	200788265	200788402
2026-09-02T03:29:00Z	bb3d89e13a6354257e80443b2d85736862086fd6	ea87ddbd979fc6be528bdf099a724bb5ca040c1c40bdb6eecd055df584c6530a	raw	control	5.9.2	2264a8042763edf2620cfe32d96b096e1f3d26aa	5.9.2	2.55.0	1000	150	untracked	13	0.466	0.466	0	0	0	na	1788319757.131242	1788319757.285261	200788570	200788720
2026-09-02T03:29:00Z	bb3d89e13a6354257e80443b2d85736862086fd6	ea87ddbd979fc6be528bdf099a724bb5ca040c1c40bdb6eecd055df584c6530a	raw	control	5.9.2	2264a8042763edf2620cfe32d96b096e1f3d26aa	5.9.2	2.55.0	1000	150	untracked	14	0.410	0.410	0	0	0	na	1788319757.440218	1788319757.594061	200788832	200788961
2026-09-02T03:29:00Z	bb3d89e13a6354257e80443b2d85736862086fd6	ea87ddbd979fc6be528bdf099a724bb5ca040c1c40bdb6eecd055df584c6530a	raw	control	5.9.2	2264a8042763edf2620cfe32d96b096e1f3d26aa	5.9.2	2.55.0	1000	150	untracked	15	0.443	0.443	0	0	0	na	1788319757.749016	1788319757.902896	200789077	200789232
2026-09-02T03:29:00Z	bb3d89e13a6354257e80443b2d85736862086fd6	ea87ddbd979fc6be528bdf099a724bb5ca040c1c40bdb6eecd055df584c6530a	raw	control	5.9.2	2264a8042763edf2620cfe32d96b096e1f3d26aa	5.9.2	2.55.0	1000	150	untracked	16	0.450	0.450	0	0	0	na	1788319758.057921	1788319758.211819	200789378	200789596
2026-09-02T03:29:00Z	bb3d89e13a6354257e80443b2d85736862086fd6	ea87ddbd979fc6be528bdf099a724bb5ca040c1c40bdb6eecd055df584c6530a	raw	control	5.9.2	2264a8042763edf2620cfe32d96b096e1f3d26aa	5.9.2	2.55.0	1000	150	untracked	17	0.443	0.443	0	0	0	na	1788319758.366838	1788319758.520734	200789831	200790064
2026-09-02T03:29:00Z	bb3d89e13a6354257e80443b2d85736862086fd6	ea87ddbd979fc6be528bdf099a724bb5ca040c1c40bdb6eecd055df584c6530a	raw	control	5.9.2	2264a8042763edf2620cfe32d96b096e1f3d26aa	5.9.2	2.55.0	1000	150	untracked	18	0.400	0.400	0	0	0	na	1788319758.675781	1788319758.829625	200790219	200790392
2026-09-02T03:29:00Z	bb3d89e13a6354257e80443b2d85736862086fd6	ea87ddbd979fc6be528bdf099a724bb5ca040c1c40bdb6eecd055df584c6530a	raw	control	5.9.2	2264a8042763edf2620cfe32d96b096e1f3d26aa	5.9.2	2.55.0	1000	150	untracked	19	0.390	0.390	0	0	0	na	1788319758.984608	1788319759.137933	200790576	200790711
2026-09-02T03:29:00Z	bb3d89e13a6354257e80443b2d85736862086fd6	ea87ddbd979fc6be528bdf099a724bb5ca040c1c40bdb6eecd055df584c6530a	raw	control	5.9.2	2264a8042763edf2620cfe32d96b096e1f3d26aa	5.9.2	2.55.0	1000	150	untracked	20	0.367	0.367	0	0	0	na	1788319759.292568	1788319759.445877	200791159	200791303
2026-09-02T03:29:00Z	bb3d89e13a6354257e80443b2d85736862086fd6	ea87ddbd979fc6be528bdf099a724bb5ca040c1c40bdb6eecd055df584c6530a	wsh-idle	control	842524259bce7b86906f8a8cecb7b56dbe4493aaf15a2c0263a108a8168bb793	2264a8042763edf2620cfe32d96b096e1f3d26aa	5.9.2	2.55.0	1000	150	clean	1	0.428	0.428	0	0	0	na	1788319759.802466	1788319759.956039	200791693	200791803
2026-09-02T03:29:00Z	bb3d89e13a6354257e80443b2d85736862086fd6	ea87ddbd979fc6be528bdf099a724bb5ca040c1c40bdb6eecd055df584c6530a	wsh-idle	control	842524259bce7b86906f8a8cecb7b56dbe4493aaf15a2c0263a108a8168bb793	2264a8042763edf2620cfe32d96b096e1f3d26aa	5.9.2	2.55.0	1000	150	clean	2	0.517	0.517	0	0	0	na	1788319760.109967	1788319760.263370	200792023	200792280
2026-09-02T03:29:00Z	bb3d89e13a6354257e80443b2d85736862086fd6	ea87ddbd979fc6be528bdf099a724bb5ca040c1c40bdb6eecd055df584c6530a	wsh-idle	control	842524259bce7b86906f8a8cecb7b56dbe4493aaf15a2c0263a108a8168bb793	2264a8042763edf2620cfe32d96b096e1f3d26aa	5.9.2	2.55.0	1000	150	clean	3	0.421	0.421	0	0	0	na	1788319760.416678	1788319760.570040	200792720	200792856
2026-09-02T03:29:00Z	bb3d89e13a6354257e80443b2d85736862086fd6	ea87ddbd979fc6be528bdf099a724bb5ca040c1c40bdb6eecd055df584c6530a	wsh-idle	control	842524259bce7b86906f8a8cecb7b56dbe4493aaf15a2c0263a108a8168bb793	2264a8042763edf2620cfe32d96b096e1f3d26aa	5.9.2	2.55.0	1000	150	clean	4	0.428	0.428	0	0	0	na	1788319760.723321	1788319760.876814	200792976	200793149
2026-09-02T03:29:00Z	bb3d89e13a6354257e80443b2d85736862086fd6	ea87ddbd979fc6be528bdf099a724bb5ca040c1c40bdb6eecd055df584c6530a	wsh-idle	control	842524259bce7b86906f8a8cecb7b56dbe4493aaf15a2c0263a108a8168bb793	2264a8042763edf2620cfe32d96b096e1f3d26aa	5.9.2	2.55.0	1000	150	clean	5	0.396	0.396	0	0	0	na	1788319761.030190	1788319761.183625	200793265	200793398
2026-09-02T03:29:00Z	bb3d89e13a6354257e80443b2d85736862086fd6	ea87ddbd979fc6be528bdf099a724bb5ca040c1c40bdb6eecd055df584c6530a	wsh-idle	control	842524259bce7b86906f8a8cecb7b56dbe4493aaf15a2c0263a108a8168bb793	2264a8042763edf2620cfe32d96b096e1f3d26aa	5.9.2	2.55.0	1000	150	clean	6	0.386	0.386	0	0	0	na	1788319761.337040	1788319761.490370	200793547	200793697
2026-09-02T03:29:00Z	bb3d89e13a6354257e80443b2d85736862086fd6	ea87ddbd979fc6be528bdf099a724bb5ca040c1c40bdb6eecd055df584c6530a	wsh-idle	control	842524259bce7b86906f8a8cecb7b56dbe4493aaf15a2c0263a108a8168bb793	2264a8042763edf2620cfe32d96b096e1f3d26aa	5.9.2	2.55.0	1000	150	clean	7	0.408	0.408	0	0	0	na	1788319761.643599	1788319761.796945	200793828	200794034
2026-09-02T03:29:00Z	bb3d89e13a6354257e80443b2d85736862086fd6	ea87ddbd979fc6be528bdf099a724bb5ca040c1c40bdb6eecd055df584c6530a	wsh-idle	control	842524259bce7b86906f8a8cecb7b56dbe4493aaf15a2c0263a108a8168bb793	2264a8042763edf2620cfe32d96b096e1f3d26aa	5.9.2	2.55.0	1000	150	clean	8	0.446	0.446	0	0	0	na	1788319761.950172	1788319762.103685	200794233	200794468
2026-09-02T03:29:00Z	bb3d89e13a6354257e80443b2d85736862086fd6	ea87ddbd979fc6be528bdf099a724bb5ca040c1c40bdb6eecd055df584c6530a	wsh-idle	control	842524259bce7b86906f8a8cecb7b56dbe4493aaf15a2c0263a108a8168bb793	2264a8042763edf2620cfe32d96b096e1f3d26aa	5.9.2	2.55.0	1000	150	clean	9	0.395	0.395	0	0	0	na	1788319762.256804	1788319762.410050	200794607	200794753
2026-09-02T03:29:00Z	bb3d89e13a6354257e80443b2d85736862086fd6	ea87ddbd979fc6be528bdf099a724bb5ca040c1c40bdb6eecd055df584c6530a	wsh-idle	control	842524259bce7b86906f8a8cecb7b56dbe4493aaf15a2c0263a108a8168bb793	2264a8042763edf2620cfe32d96b096e1f3d26aa	5.9.2	2.55.0	1000	150	clean	10	0.419	0.419	0	0	0	na	1788319762.563264	1788319762.716529	200794864	200794980
2026-09-02T03:29:00Z	bb3d89e13a6354257e80443b2d85736862086fd6	ea87ddbd979fc6be528bdf099a724bb5ca040c1c40bdb6eecd055df584c6530a	wsh-idle	control	842524259bce7b86906f8a8cecb7b56dbe4493aaf15a2c0263a108a8168bb793	2264a8042763edf2620cfe32d96b096e1f3d26aa	5.9.2	2.55.0	1000	150	clean	11	0.404	0.404	0	0	0	na	1788319762.869732	1788319763.023104	200795319	200795424
2026-09-02T03:29:00Z	bb3d89e13a6354257e80443b2d85736862086fd6	ea87ddbd979fc6be528bdf099a724bb5ca040c1c40bdb6eecd055df584c6530a	wsh-idle	control	842524259bce7b86906f8a8cecb7b56dbe4493aaf15a2c0263a108a8168bb793	2264a8042763edf2620cfe32d96b096e1f3d26aa	5.9.2	2.55.0	1000	150	clean	12	0.421	0.421	0	0	0	na	1788319763.176349	1788319763.329858	200795555	200795663
2026-09-02T03:29:00Z	bb3d89e13a6354257e80443b2d85736862086fd6	ea87ddbd979fc6be528bdf099a724bb5ca040c1c40bdb6eecd055df584c6530a	wsh-idle	control	842524259bce7b86906f8a8cecb7b56dbe4493aaf15a2c0263a108a8168bb793	2264a8042763edf2620cfe32d96b096e1f3d26aa	5.9.2	2.55.0	1000	150	clean	13	0.382	0.382	0	0	0	na	1788319763.482985	1788319763.636327	200795806	200795918
2026-09-02T03:29:00Z	bb3d89e13a6354257e80443b2d85736862086fd6	ea87ddbd979fc6be528bdf099a724bb5ca040c1c40bdb6eecd055df584c6530a	wsh-idle	control	842524259bce7b86906f8a8cecb7b56dbe4493aaf15a2c0263a108a8168bb793	2264a8042763edf2620cfe32d96b096e1f3d26aa	5.9.2	2.55.0	1000	150	clean	14	0.389	0.389	0	0	0	na	1788319763.789471	1788319763.942820	200796063	200796271
2026-09-02T03:29:00Z	bb3d89e13a6354257e80443b2d85736862086fd6	ea87ddbd979fc6be528bdf099a724bb5ca040c1c40bdb6eecd055df584c6530a	wsh-idle	control	842524259bce7b86906f8a8cecb7b56dbe4493aaf15a2c0263a108a8168bb793	2264a8042763edf2620cfe32d96b096e1f3d26aa	5.9.2	2.55.0	1000	150	clean	15	0.433	0.433	0	0	0	na	1788319764.095924	1788319764.249526	200796493	200796651
2026-09-02T03:29:00Z	bb3d89e13a6354257e80443b2d85736862086fd6	ea87ddbd979fc6be528bdf099a724bb5ca040c1c40bdb6eecd055df584c6530a	wsh-idle	control	842524259bce7b86906f8a8cecb7b56dbe4493aaf15a2c0263a108a8168bb793	2264a8042763edf2620cfe32d96b096e1f3d26aa	5.9.2	2.55.0	1000	150	clean	16	0.396	0.396	0	0	0	na	1788319764.402756	1788319764.556011	200796831	200796967
2026-09-02T03:29:00Z	bb3d89e13a6354257e80443b2d85736862086fd6	ea87ddbd979fc6be528bdf099a724bb5ca040c1c40bdb6eecd055df584c6530a	wsh-idle	control	842524259bce7b86906f8a8cecb7b56dbe4493aaf15a2c0263a108a8168bb793	2264a8042763edf2620cfe32d96b096e1f3d26aa	5.9.2	2.55.0	1000	150	clean	17	0.452	0.452	0	0	0	na	1788319764.709466	1788319764.862825	200797253	200797417
2026-09-02T03:29:00Z	bb3d89e13a6354257e80443b2d85736862086fd6	ea87ddbd979fc6be528bdf099a724bb5ca040c1c40bdb6eecd055df584c6530a	wsh-idle	control	842524259bce7b86906f8a8cecb7b56dbe4493aaf15a2c0263a108a8168bb793	2264a8042763edf2620cfe32d96b096e1f3d26aa	5.9.2	2.55.0	1000	150	clean	18	0.387	0.387	0	0	0	na	1788319765.016051	1788319765.169229	200797557	200797695
2026-09-02T03:29:00Z	bb3d89e13a6354257e80443b2d85736862086fd6	ea87ddbd979fc6be528bdf099a724bb5ca040c1c40bdb6eecd055df584c6530a	wsh-idle	control	842524259bce7b86906f8a8cecb7b56dbe4493aaf15a2c0263a108a8168bb793	2264a8042763edf2620cfe32d96b096e1f3d26aa	5.9.2	2.55.0	1000	150	clean	19	0.419	0.419	0	0	0	na	1788319765.322438	1788319765.475792	200797823	200797986
2026-09-02T03:29:00Z	bb3d89e13a6354257e80443b2d85736862086fd6	ea87ddbd979fc6be528bdf099a724bb5ca040c1c40bdb6eecd055df584c6530a	wsh-idle	control	842524259bce7b86906f8a8cecb7b56dbe4493aaf15a2c0263a108a8168bb793	2264a8042763edf2620cfe32d96b096e1f3d26aa	5.9.2	2.55.0	1000	150	clean	20	0.435	0.435	0	0	0	na	1788319765.628868	1788319765.782087	200798079	200798220
2026-09-02T03:29:00Z	bb3d89e13a6354257e80443b2d85736862086fd6	ea87ddbd979fc6be528bdf099a724bb5ca040c1c40bdb6eecd055df584c6530a	wsh-idle	control	842524259bce7b86906f8a8cecb7b56dbe4493aaf15a2c0263a108a8168bb793	2264a8042763edf2620cfe32d96b096e1f3d26aa	5.9.2	2.55.0	1000	150	dirty	1	0.440	0.440	0	0	0	na	1788319765.956731	1788319766.110292	200798446	200798564
2026-09-02T03:29:00Z	bb3d89e13a6354257e80443b2d85736862086fd6	ea87ddbd979fc6be528bdf099a724bb5ca040c1c40bdb6eecd055df584c6530a	wsh-idle	control	842524259bce7b86906f8a8cecb7b56dbe4493aaf15a2c0263a108a8168bb793	2264a8042763edf2620cfe32d96b096e1f3d26aa	5.9.2	2.55.0	1000	150	dirty	2	0.359	0.359	0	0	0	na	1788319766.263498	1788319766.416707	200798759	200798910
2026-09-02T03:29:00Z	bb3d89e13a6354257e80443b2d85736862086fd6	ea87ddbd979fc6be528bdf099a724bb5ca040c1c40bdb6eecd055df584c6530a	wsh-idle	control	842524259bce7b86906f8a8cecb7b56dbe4493aaf15a2c0263a108a8168bb793	2264a8042763edf2620cfe32d96b096e1f3d26aa	5.9.2	2.55.0	1000	150	dirty	3	0.404	0.404	0	0	0	na	1788319766.569750	1788319766.723155	200799007	200799138
2026-09-02T03:29:00Z	bb3d89e13a6354257e80443b2d85736862086fd6	ea87ddbd979fc6be528bdf099a724bb5ca040c1c40bdb6eecd055df584c6530a	wsh-idle	control	842524259bce7b86906f8a8cecb7b56dbe4493aaf15a2c0263a108a8168bb793	2264a8042763edf2620cfe32d96b096e1f3d26aa	5.9.2	2.55.0	1000	150	dirty	4	0.351	0.351	0	0	0	na	1788319766.876464	1788319767.029947	200799330	200799449
2026-09-02T03:29:00Z	bb3d89e13a6354257e80443b2d85736862086fd6	ea87ddbd979fc6be528bdf099a724bb5ca040c1c40bdb6eecd055df584c6530a	wsh-idle	control	842524259bce7b86906f8a8cecb7b56dbe4493aaf15a2c0263a108a8168bb793	2264a8042763edf2620cfe32d96b096e1f3d26aa	5.9.2	2.55.0	1000	150	dirty	5	0.385	0.385	0	0	0	na	1788319767.183349	1788319767.336745	200799569	200799687
2026-09-02T03:29:00Z	bb3d89e13a6354257e80443b2d85736862086fd6	ea87ddbd979fc6be528bdf099a724bb5ca040c1c40bdb6eecd055df584c6530a	wsh-idle	control	842524259bce7b86906f8a8cecb7b56dbe4493aaf15a2c0263a108a8168bb793	2264a8042763edf2620cfe32d96b096e1f3d26aa	5.9.2	2.55.0	1000	150	dirty	6	0.387	0.387	0	0	0	na	1788319767.490083	1788319767.643424	200799800	200799918
2026-09-02T03:29:00Z	bb3d89e13a6354257e80443b2d85736862086fd6	ea87ddbd979fc6be528bdf099a724bb5ca040c1c40bdb6eecd055df584c6530a	wsh-idle	control	842524259bce7b86906f8a8cecb7b56dbe4493aaf15a2c0263a108a8168bb793	2264a8042763edf2620cfe32d96b096e1f3d26aa	5.9.2	2.55.0	1000	150	dirty	7	0.358	0.358	0	0	0	na	1788319767.796740	1788319767.950011	200800125	200800245
2026-09-02T03:29:00Z	bb3d89e13a6354257e80443b2d85736862086fd6	ea87ddbd979fc6be528bdf099a724bb5ca040c1c40bdb6eecd055df584c6530a	wsh-idle	control	842524259bce7b86906f8a8cecb7b56dbe4493aaf15a2c0263a108a8168bb793	2264a8042763edf2620cfe32d96b096e1f3d26aa	5.9.2	2.55.0	1000	150	dirty	8	0.385	0.385	0	0	0	na	1788319768.103179	1788319768.256572	200800365	200800485
2026-09-02T03:29:00Z	bb3d89e13a6354257e80443b2d85736862086fd6	ea87ddbd979fc6be528bdf099a724bb5ca040c1c40bdb6eecd055df584c6530a	wsh-idle	control	842524259bce7b86906f8a8cecb7b56dbe4493aaf15a2c0263a108a8168bb793	2264a8042763edf2620cfe32d96b096e1f3d26aa	5.9.2	2.55.0	1000	150	dirty	9	0.362	0.362	0	0	0	na	1788319768.409824	1788319768.563025	200800614	200800745
2026-09-02T03:29:00Z	bb3d89e13a6354257e80443b2d85736862086fd6	ea87ddbd979fc6be528bdf099a724bb5ca040c1c40bdb6eecd055df584c6530a	wsh-idle	control	842524259bce7b86906f8a8cecb7b56dbe4493aaf15a2c0263a108a8168bb793	2264a8042763edf2620cfe32d96b096e1f3d26aa	5.9.2	2.55.0	1000	150	dirty	10	0.390	0.390	0	0	0	na	1788319768.716340	1788319768.869680	200800920	200801242
2026-09-02T03:29:00Z	bb3d89e13a6354257e80443b2d85736862086fd6	ea87ddbd979fc6be528bdf099a724bb5ca040c1c40bdb6eecd055df584c6530a	wsh-idle	control	842524259bce7b86906f8a8cecb7b56dbe4493aaf15a2c0263a108a8168bb793	2264a8042763edf2620cfe32d96b096e1f3d26aa	5.9.2	2.55.0	1000	150	dirty	11	0.379	0.379	0	0	0	na	1788319769.023001	1788319769.176239	200801395	200801713
2026-09-02T03:29:00Z	bb3d89e13a6354257e80443b2d85736862086fd6	ea87ddbd979fc6be528bdf099a724bb5ca040c1c40bdb6eecd055df584c6530a	wsh-idle	control	842524259bce7b86906f8a8cecb7b56dbe4493aaf15a2c0263a108a8168bb793	2264a8042763edf2620cfe32d96b096e1f3d26aa	5.9.2	2.55.0	1000	150	dirty	12	0.386	0.386	0	0	0	na	1788319769.329414	1788319769.482647	200801864	200802005
2026-09-02T03:29:00Z	bb3d89e13a6354257e80443b2d85736862086fd6	ea87ddbd979fc6be528bdf099a724bb5ca040c1c40bdb6eecd055df584c6530a	wsh-idle	control	842524259bce7b86906f8a8cecb7b56dbe4493aaf15a2c0263a108a8168bb793	2264a8042763edf2620cfe32d96b096e1f3d26aa	5.9.2	2.55.0	1000	150	dirty	13	0.348	0.348	0	0	0	na	1788319769.635726	1788319769.788866	200802116	200802247
2026-09-02T03:29:00Z	bb3d89e13a6354257e80443b2d85736862086fd6	ea87ddbd979fc6be528bdf099a724bb5ca040c1c40bdb6eecd055df584c6530a	wsh-idle	control	842524259bce7b86906f8a8cecb7b56dbe4493aaf15a2c0263a108a8168bb793	2264a8042763edf2620cfe32d96b096e1f3d26aa	5.9.2	2.55.0	1000	150	dirty	14	0.444	0.444	0	0	0	na	1788319769.942083	1788319770.095467	200802732	200802847
2026-09-02T03:29:00Z	bb3d89e13a6354257e80443b2d85736862086fd6	ea87ddbd979fc6be528bdf099a724bb5ca040c1c40bdb6eecd055df584c6530a	wsh-idle	control	842524259bce7b86906f8a8cecb7b56dbe4493aaf15a2c0263a108a8168bb793	2264a8042763edf2620cfe32d96b096e1f3d26aa	5.9.2	2.55.0	1000	150	dirty	15	0.366	0.366	0	0	0	na	1788319770.248692	1788319770.401887	200803021	200803138
2026-09-02T03:29:00Z	bb3d89e13a6354257e80443b2d85736862086fd6	ea87ddbd979fc6be528bdf099a724bb5ca040c1c40bdb6eecd055df584c6530a	wsh-idle	control	842524259bce7b86906f8a8cecb7b56dbe4493aaf15a2c0263a108a8168bb793	2264a8042763edf2620cfe32d96b096e1f3d26aa	5.9.2	2.55.0	1000	150	dirty	16	0.351	0.351	0	0	0	na	1788319770.555134	1788319770.708341	200803237	200803310
2026-09-02T03:29:00Z	bb3d89e13a6354257e80443b2d85736862086fd6	ea87ddbd979fc6be528bdf099a724bb5ca040c1c40bdb6eecd055df584c6530a	wsh-idle	control	842524259bce7b86906f8a8cecb7b56dbe4493aaf15a2c0263a108a8168bb793	2264a8042763edf2620cfe32d96b096e1f3d26aa	5.9.2	2.55.0	1000	150	dirty	17	0.356	0.356	0	0	0	na	1788319770.861649	1788319771.015041	200803665	200803984
2026-09-02T03:29:00Z	bb3d89e13a6354257e80443b2d85736862086fd6	ea87ddbd979fc6be528bdf099a724bb5ca040c1c40bdb6eecd055df584c6530a	wsh-idle	control	842524259bce7b86906f8a8cecb7b56dbe4493aaf15a2c0263a108a8168bb793	2264a8042763edf2620cfe32d96b096e1f3d26aa	5.9.2	2.55.0	1000	150	dirty	18	0.460	0.460	0	0	0	na	1788319771.168561	1788319771.322397	200804154	200804665
2026-09-02T03:29:00Z	bb3d89e13a6354257e80443b2d85736862086fd6	ea87ddbd979fc6be528bdf099a724bb5ca040c1c40bdb6eecd055df584c6530a	wsh-idle	control	842524259bce7b86906f8a8cecb7b56dbe4493aaf15a2c0263a108a8168bb793	2264a8042763edf2620cfe32d96b096e1f3d26aa	5.9.2	2.55.0	1000	150	dirty	19	0.375	0.375	0	0	0	na	1788319771.475870	1788319771.629487	200805235	200806020
2026-09-02T03:29:00Z	bb3d89e13a6354257e80443b2d85736862086fd6	ea87ddbd979fc6be528bdf099a724bb5ca040c1c40bdb6eecd055df584c6530a	wsh-idle	control	842524259bce7b86906f8a8cecb7b56dbe4493aaf15a2c0263a108a8168bb793	2264a8042763edf2620cfe32d96b096e1f3d26aa	5.9.2	2.55.0	1000	150	dirty	20	0.359	0.359	0	0	0	na	1788319771.783216	1788319771.936631	200806803	200807100
2026-09-02T03:29:00Z	bb3d89e13a6354257e80443b2d85736862086fd6	ea87ddbd979fc6be528bdf099a724bb5ca040c1c40bdb6eecd055df584c6530a	wsh-idle	control	842524259bce7b86906f8a8cecb7b56dbe4493aaf15a2c0263a108a8168bb793	2264a8042763edf2620cfe32d96b096e1f3d26aa	5.9.2	2.55.0	1000	150	untracked	1	0.599	0.599	0	0	0	na	1788319772.112561	1788319772.265964	200807374	200807535
2026-09-02T03:29:00Z	bb3d89e13a6354257e80443b2d85736862086fd6	ea87ddbd979fc6be528bdf099a724bb5ca040c1c40bdb6eecd055df584c6530a	wsh-idle	control	842524259bce7b86906f8a8cecb7b56dbe4493aaf15a2c0263a108a8168bb793	2264a8042763edf2620cfe32d96b096e1f3d26aa	5.9.2	2.55.0	1000	150	untracked	2	0.438	0.438	0	0	0	na	1788319772.420359	1788319772.573777	200807710	200807943
2026-09-02T03:29:00Z	bb3d89e13a6354257e80443b2d85736862086fd6	ea87ddbd979fc6be528bdf099a724bb5ca040c1c40bdb6eecd055df584c6530a	wsh-idle	control	842524259bce7b86906f8a8cecb7b56dbe4493aaf15a2c0263a108a8168bb793	2264a8042763edf2620cfe32d96b096e1f3d26aa	5.9.2	2.55.0	1000	150	untracked	3	0.407	0.407	0	0	0	na	1788319772.728564	1788319772.881874	200808352	200808624
2026-09-02T03:29:00Z	bb3d89e13a6354257e80443b2d85736862086fd6	ea87ddbd979fc6be528bdf099a724bb5ca040c1c40bdb6eecd055df584c6530a	wsh-idle	control	842524259bce7b86906f8a8cecb7b56dbe4493aaf15a2c0263a108a8168bb793	2264a8042763edf2620cfe32d96b096e1f3d26aa	5.9.2	2.55.0	1000	150	untracked	4	0.471	0.471	0	0	0	na	1788319773.036707	1788319773.190093	200808783	200808969
2026-09-02T03:29:00Z	bb3d89e13a6354257e80443b2d85736862086fd6	ea87ddbd979fc6be528bdf099a724bb5ca040c1c40bdb6eecd055df584c6530a	wsh-idle	control	842524259bce7b86906f8a8cecb7b56dbe4493aaf15a2c0263a108a8168bb793	2264a8042763edf2620cfe32d96b096e1f3d26aa	5.9.2	2.55.0	1000	150	untracked	5	0.427	0.427	0	0	0	na	1788319773.344747	1788319773.498151	200809138	200809289
2026-09-02T03:29:00Z	bb3d89e13a6354257e80443b2d85736862086fd6	ea87ddbd979fc6be528bdf099a724bb5ca040c1c40bdb6eecd055df584c6530a	wsh-idle	control	842524259bce7b86906f8a8cecb7b56dbe4493aaf15a2c0263a108a8168bb793	2264a8042763edf2620cfe32d96b096e1f3d26aa	5.9.2	2.55.0	1000	150	untracked	6	0.436	0.436	0	0	0	na	1788319773.652918	1788319773.806312	200809446	200809656
2026-09-02T03:29:00Z	bb3d89e13a6354257e80443b2d85736862086fd6	ea87ddbd979fc6be528bdf099a724bb5ca040c1c40bdb6eecd055df584c6530a	wsh-idle	control	842524259bce7b86906f8a8cecb7b56dbe4493aaf15a2c0263a108a8168bb793	2264a8042763edf2620cfe32d96b096e1f3d26aa	5.9.2	2.55.0	1000	150	untracked	7	0.409	0.409	0	0	0	na	1788319773.961084	1788319774.114575	200809818	200810032
2026-09-02T03:29:00Z	bb3d89e13a6354257e80443b2d85736862086fd6	ea87ddbd979fc6be528bdf099a724bb5ca040c1c40bdb6eecd055df584c6530a	wsh-idle	control	842524259bce7b86906f8a8cecb7b56dbe4493aaf15a2c0263a108a8168bb793	2264a8042763edf2620cfe32d96b096e1f3d26aa	5.9.2	2.55.0	1000	150	untracked	8	0.397	0.397	0	0	0	na	1788319774.269108	1788319774.422368	200810162	200810309
2026-09-02T03:29:00Z	bb3d89e13a6354257e80443b2d85736862086fd6	ea87ddbd979fc6be528bdf099a724bb5ca040c1c40bdb6eecd055df584c6530a	wsh-idle	control	842524259bce7b86906f8a8cecb7b56dbe4493aaf15a2c0263a108a8168bb793	2264a8042763edf2620cfe32d96b096e1f3d26aa	5.9.2	2.55.0	1000	150	untracked	9	0.416	0.416	0	0	0	na	1788319774.576940	1788319774.730422	200810476	200810678
2026-09-02T03:29:00Z	bb3d89e13a6354257e80443b2d85736862086fd6	ea87ddbd979fc6be528bdf099a724bb5ca040c1c40bdb6eecd055df584c6530a	wsh-idle	control	842524259bce7b86906f8a8cecb7b56dbe4493aaf15a2c0263a108a8168bb793	2264a8042763edf2620cfe32d96b096e1f3d26aa	5.9.2	2.55.0	1000	150	untracked	10	0.429	0.429	0	0	0	na	1788319774.884959	1788319775.038445	200810846	200810996
2026-09-02T03:29:00Z	bb3d89e13a6354257e80443b2d85736862086fd6	ea87ddbd979fc6be528bdf099a724bb5ca040c1c40bdb6eecd055df584c6530a	wsh-idle	control	842524259bce7b86906f8a8cecb7b56dbe4493aaf15a2c0263a108a8168bb793	2264a8042763edf2620cfe32d96b096e1f3d26aa	5.9.2	2.55.0	1000	150	untracked	11	0.411	0.411	0	0	0	na	1788319775.193186	1788319775.346930	200811216	200811558
2026-09-02T03:29:00Z	bb3d89e13a6354257e80443b2d85736862086fd6	ea87ddbd979fc6be528bdf099a724bb5ca040c1c40bdb6eecd055df584c6530a	wsh-idle	control	842524259bce7b86906f8a8cecb7b56dbe4493aaf15a2c0263a108a8168bb793	2264a8042763edf2620cfe32d96b096e1f3d26aa	5.9.2	2.55.0	1000	150	untracked	12	0.411	0.411	0	0	0	na	1788319775.501967	1788319775.655801	200811896	200812025
2026-09-02T03:29:00Z	bb3d89e13a6354257e80443b2d85736862086fd6	ea87ddbd979fc6be528bdf099a724bb5ca040c1c40bdb6eecd055df584c6530a	wsh-idle	control	842524259bce7b86906f8a8cecb7b56dbe4493aaf15a2c0263a108a8168bb793	2264a8042763edf2620cfe32d96b096e1f3d26aa	5.9.2	2.55.0	1000	150	untracked	13	0.452	0.452	0	0	0	na	1788319775.810636	1788319775.964364	200812715	200813007
2026-09-02T03:29:00Z	bb3d89e13a6354257e80443b2d85736862086fd6	ea87ddbd979fc6be528bdf099a724bb5ca040c1c40bdb6eecd055df584c6530a	wsh-idle	control	842524259bce7b86906f8a8cecb7b56dbe4493aaf15a2c0263a108a8168bb793	2264a8042763edf2620cfe32d96b096e1f3d26aa	5.9.2	2.55.0	1000	150	untracked	14	0.398	0.398	0	0	0	na	1788319776.119198	1788319776.272578	200813176	200813261
2026-09-02T03:29:00Z	bb3d89e13a6354257e80443b2d85736862086fd6	ea87ddbd979fc6be528bdf099a724bb5ca040c1c40bdb6eecd055df584c6530a	wsh-idle	control	842524259bce7b86906f8a8cecb7b56dbe4493aaf15a2c0263a108a8168bb793	2264a8042763edf2620cfe32d96b096e1f3d26aa	5.9.2	2.55.0	1000	150	untracked	15	0.410	0.410	0	0	0	na	1788319776.427295	1788319776.580662	200813517	200813790
2026-09-02T03:29:00Z	bb3d89e13a6354257e80443b2d85736862086fd6	ea87ddbd979fc6be528bdf099a724bb5ca040c1c40bdb6eecd055df584c6530a	wsh-idle	control	842524259bce7b86906f8a8cecb7b56dbe4493aaf15a2c0263a108a8168bb793	2264a8042763edf2620cfe32d96b096e1f3d26aa	5.9.2	2.55.0	1000	150	untracked	16	0.426	0.426	0	0	0	na	1788319776.735156	1788319776.888476	200813922	200814307
2026-09-02T03:29:00Z	bb3d89e13a6354257e80443b2d85736862086fd6	ea87ddbd979fc6be528bdf099a724bb5ca040c1c40bdb6eecd055df584c6530a	wsh-idle	control	842524259bce7b86906f8a8cecb7b56dbe4493aaf15a2c0263a108a8168bb793	2264a8042763edf2620cfe32d96b096e1f3d26aa	5.9.2	2.55.0	1000	150	untracked	17	0.477	0.477	0	0	0	na	1788319777.044229	1788319777.199222	200817660	200821270
2026-09-02T03:29:00Z	bb3d89e13a6354257e80443b2d85736862086fd6	ea87ddbd979fc6be528bdf099a724bb5ca040c1c40bdb6eecd055df584c6530a	wsh-idle	control	842524259bce7b86906f8a8cecb7b56dbe4493aaf15a2c0263a108a8168bb793	2264a8042763edf2620cfe32d96b096e1f3d26aa	5.9.2	2.55.0	1000	150	untracked	18	0.463	0.463	0	0	0	na	1788319777.355058	1788319777.510112	200824347	200827758
2026-09-02T03:29:00Z	bb3d89e13a6354257e80443b2d85736862086fd6	ea87ddbd979fc6be528bdf099a724bb5ca040c1c40bdb6eecd055df584c6530a	wsh-idle	control	842524259bce7b86906f8a8cecb7b56dbe4493aaf15a2c0263a108a8168bb793	2264a8042763edf2620cfe32d96b096e1f3d26aa	5.9.2	2.55.0	1000	150	untracked	19	0.441	0.441	0	0	0	na	1788319777.666633	1788319777.821339	200831264	200834053
2026-09-02T03:29:00Z	bb3d89e13a6354257e80443b2d85736862086fd6	ea87ddbd979fc6be528bdf099a724bb5ca040c1c40bdb6eecd055df584c6530a	wsh-idle	control	842524259bce7b86906f8a8cecb7b56dbe4493aaf15a2c0263a108a8168bb793	2264a8042763edf2620cfe32d96b096e1f3d26aa	5.9.2	2.55.0	1000	150	untracked	20	0.456	0.456	0	0	0	na	1788319777.977009	1788319778.130480	200836864	200838914
2026-09-02T03:29:00Z	bb3d89e13a6354257e80443b2d85736862086fd6	ea87ddbd979fc6be528bdf099a724bb5ca040c1c40bdb6eecd055df584c6530a	direct-git	control	2.55.0	2264a8042763edf2620cfe32d96b096e1f3d26aa	5.9.2	2.55.0	1000	150	clean	1	5.207	5.207	0	1	0	na	1788319778.489578	1788319778.648081	200839174	200839311
2026-09-02T03:29:00Z	bb3d89e13a6354257e80443b2d85736862086fd6	ea87ddbd979fc6be528bdf099a724bb5ca040c1c40bdb6eecd055df584c6530a	direct-git	control	2.55.0	2264a8042763edf2620cfe32d96b096e1f3d26aa	5.9.2	2.55.0	1000	150	clean	2	5.182	5.182	0	1	0	na	1788319778.806897	1788319778.965540	200839527	200839684
2026-09-02T03:29:00Z	bb3d89e13a6354257e80443b2d85736862086fd6	ea87ddbd979fc6be528bdf099a724bb5ca040c1c40bdb6eecd055df584c6530a	direct-git	control	2.55.0	2264a8042763edf2620cfe32d96b096e1f3d26aa	5.9.2	2.55.0	1000	150	clean	3	5.255	5.255	0	1	0	na	1788319779.124336	1788319779.283032	200839809	200839963
2026-09-02T03:29:00Z	bb3d89e13a6354257e80443b2d85736862086fd6	ea87ddbd979fc6be528bdf099a724bb5ca040c1c40bdb6eecd055df584c6530a	direct-git	control	2.55.0	2264a8042763edf2620cfe32d96b096e1f3d26aa	5.9.2	2.55.0	1000	150	clean	4	5.123	5.123	0	1	0	na	1788319779.441833	1788319779.600381	200840093	200840276
2026-09-02T03:29:00Z	bb3d89e13a6354257e80443b2d85736862086fd6	ea87ddbd979fc6be528bdf099a724bb5ca040c1c40bdb6eecd055df584c6530a	direct-git	control	2.55.0	2264a8042763edf2620cfe32d96b096e1f3d26aa	5.9.2	2.55.0	1000	150	clean	5	5.368	5.368	0	1	0	na	1788319779.759223	1788319779.917973	200840455	200840718
2026-09-02T03:29:00Z	bb3d89e13a6354257e80443b2d85736862086fd6	ea87ddbd979fc6be528bdf099a724bb5ca040c1c40bdb6eecd055df584c6530a	direct-git	control	2.55.0	2264a8042763edf2620cfe32d96b096e1f3d26aa	5.9.2	2.55.0	1000	150	clean	6	5.166	5.166	0	1	0	na	1788319780.077179	1788319780.235726	200840849	200840969
2026-09-02T03:29:00Z	bb3d89e13a6354257e80443b2d85736862086fd6	ea87ddbd979fc6be528bdf099a724bb5ca040c1c40bdb6eecd055df584c6530a	direct-git	control	2.55.0	2264a8042763edf2620cfe32d96b096e1f3d26aa	5.9.2	2.55.0	1000	150	clean	7	4.940	4.940	0	1	0	na	1788319780.394326	1788319780.552816	200841085	200841211
2026-09-02T03:29:00Z	bb3d89e13a6354257e80443b2d85736862086fd6	ea87ddbd979fc6be528bdf099a724bb5ca040c1c40bdb6eecd055df584c6530a	direct-git	control	2.55.0	2264a8042763edf2620cfe32d96b096e1f3d26aa	5.9.2	2.55.0	1000	150	clean	8	5.460	5.460	0	1	0	na	1788319780.711409	1788319780.870367	200841388	200841827
2026-09-02T03:29:00Z	bb3d89e13a6354257e80443b2d85736862086fd6	ea87ddbd979fc6be528bdf099a724bb5ca040c1c40bdb6eecd055df584c6530a	direct-git	control	2.55.0	2264a8042763edf2620cfe32d96b096e1f3d26aa	5.9.2	2.55.0	1000	150	clean	9	5.415	5.415	0	1	0	na	1788319781.028822	1788319781.187545	200842084	200842388
2026-09-02T03:29:00Z	bb3d89e13a6354257e80443b2d85736862086fd6	ea87ddbd979fc6be528bdf099a724bb5ca040c1c40bdb6eecd055df584c6530a	direct-git	control	2.55.0	2264a8042763edf2620cfe32d96b096e1f3d26aa	5.9.2	2.55.0	1000	150	clean	10	4.964	4.964	0	1	0	na	1788319781.345718	1788319781.504047	200842720	200842870
2026-09-02T03:29:00Z	bb3d89e13a6354257e80443b2d85736862086fd6	ea87ddbd979fc6be528bdf099a724bb5ca040c1c40bdb6eecd055df584c6530a	direct-git	control	2.55.0	2264a8042763edf2620cfe32d96b096e1f3d26aa	5.9.2	2.55.0	1000	150	clean	11	5.516	5.516	0	1	0	na	1788319781.663973	1788319781.822997	200843211	200843441
2026-09-02T03:29:00Z	bb3d89e13a6354257e80443b2d85736862086fd6	ea87ddbd979fc6be528bdf099a724bb5ca040c1c40bdb6eecd055df584c6530a	direct-git	control	2.55.0	2264a8042763edf2620cfe32d96b096e1f3d26aa	5.9.2	2.55.0	1000	150	clean	12	5.227	5.227	0	1	0	na	1788319781.981833	1788319782.140617	200843595	200843695
2026-09-02T03:29:00Z	bb3d89e13a6354257e80443b2d85736862086fd6	ea87ddbd979fc6be528bdf099a724bb5ca040c1c40bdb6eecd055df584c6530a	direct-git	control	2.55.0	2264a8042763edf2620cfe32d96b096e1f3d26aa	5.9.2	2.55.0	1000	150	clean	13	5.529	5.529	0	1	0	na	1788319782.299406	1788319782.458383	200843885	200844197
2026-09-02T03:29:00Z	bb3d89e13a6354257e80443b2d85736862086fd6	ea87ddbd979fc6be528bdf099a724bb5ca040c1c40bdb6eecd055df584c6530a	direct-git	control	2.55.0	2264a8042763edf2620cfe32d96b096e1f3d26aa	5.9.2	2.55.0	1000	150	clean	14	5.203	5.203	0	1	0	na	1788319782.617918	1788319782.776874	200844549	200844823
2026-09-02T03:29:00Z	bb3d89e13a6354257e80443b2d85736862086fd6	ea87ddbd979fc6be528bdf099a724bb5ca040c1c40bdb6eecd055df584c6530a	direct-git	control	2.55.0	2264a8042763edf2620cfe32d96b096e1f3d26aa	5.9.2	2.55.0	1000	150	clean	15	5.387	5.387	0	1	0	na	1788319782.936115	1788319783.095049	200845210	200845604
2026-09-02T03:29:00Z	bb3d89e13a6354257e80443b2d85736862086fd6	ea87ddbd979fc6be528bdf099a724bb5ca040c1c40bdb6eecd055df584c6530a	direct-git	control	2.55.0	2264a8042763edf2620cfe32d96b096e1f3d26aa	5.9.2	2.55.0	1000	150	clean	16	5.264	5.264	0	1	0	na	1788319783.254044	1788319783.412931	200845840	200845991
2026-09-02T03:29:00Z	bb3d89e13a6354257e80443b2d85736862086fd6	ea87ddbd979fc6be528bdf099a724bb5ca040c1c40bdb6eecd055df584c6530a	direct-git	control	2.55.0	2264a8042763edf2620cfe32d96b096e1f3d26aa	5.9.2	2.55.0	1000	150	clean	17	5.482	5.482	0	1	0	na	1788319783.572209	1788319783.731578	200846185	200846329
2026-09-02T03:29:00Z	bb3d89e13a6354257e80443b2d85736862086fd6	ea87ddbd979fc6be528bdf099a724bb5ca040c1c40bdb6eecd055df584c6530a	direct-git	control	2.55.0	2264a8042763edf2620cfe32d96b096e1f3d26aa	5.9.2	2.55.0	1000	150	clean	18	5.593	5.593	0	1	0	na	1788319783.890594	1788319784.050299	200846743	200846988
2026-09-02T03:29:00Z	bb3d89e13a6354257e80443b2d85736862086fd6	ea87ddbd979fc6be528bdf099a724bb5ca040c1c40bdb6eecd055df584c6530a	direct-git	control	2.55.0	2264a8042763edf2620cfe32d96b096e1f3d26aa	5.9.2	2.55.0	1000	150	clean	19	5.498	5.498	0	1	0	na	1788319784.209934	1788319784.369015	200847122	200847252
2026-09-02T03:29:00Z	bb3d89e13a6354257e80443b2d85736862086fd6	ea87ddbd979fc6be528bdf099a724bb5ca040c1c40bdb6eecd055df584c6530a	direct-git	control	2.55.0	2264a8042763edf2620cfe32d96b096e1f3d26aa	5.9.2	2.55.0	1000	150	clean	20	5.217	5.217	0	1	0	na	1788319784.528176	1788319784.687083	200847394	200847534
2026-09-02T03:29:00Z	bb3d89e13a6354257e80443b2d85736862086fd6	ea87ddbd979fc6be528bdf099a724bb5ca040c1c40bdb6eecd055df584c6530a	direct-git	control	2.55.0	2264a8042763edf2620cfe32d96b096e1f3d26aa	5.9.2	2.55.0	1000	150	dirty	1	5.122	5.122	0	1	0	na	1788319784.864952	1788319785.023861	200848314	200848446
2026-09-02T03:29:00Z	bb3d89e13a6354257e80443b2d85736862086fd6	ea87ddbd979fc6be528bdf099a724bb5ca040c1c40bdb6eecd055df584c6530a	direct-git	control	2.55.0	2264a8042763edf2620cfe32d96b096e1f3d26aa	5.9.2	2.55.0	1000	150	dirty	2	5.016	5.016	0	1	0	na	1788319785.182941	1788319785.341660	200848584	200848742
2026-09-02T03:29:00Z	bb3d89e13a6354257e80443b2d85736862086fd6	ea87ddbd979fc6be528bdf099a724bb5ca040c1c40bdb6eecd055df584c6530a	direct-git	control	2.55.0	2264a8042763edf2620cfe32d96b096e1f3d26aa	5.9.2	2.55.0	1000	150	dirty	3	5.011	5.011	0	1	0	na	1788319785.501010	1788319785.659682	200848886	200849020
2026-09-02T03:29:00Z	bb3d89e13a6354257e80443b2d85736862086fd6	ea87ddbd979fc6be528bdf099a724bb5ca040c1c40bdb6eecd055df584c6530a	direct-git	control	2.55.0	2264a8042763edf2620cfe32d96b096e1f3d26aa	5.9.2	2.55.0	1000	150	dirty	4	5.014	5.014	0	1	0	na	1788319785.818879	1788319785.977509	200849398	200849591
2026-09-02T03:29:00Z	bb3d89e13a6354257e80443b2d85736862086fd6	ea87ddbd979fc6be528bdf099a724bb5ca040c1c40bdb6eecd055df584c6530a	direct-git	control	2.55.0	2264a8042763edf2620cfe32d96b096e1f3d26aa	5.9.2	2.55.0	1000	150	dirty	5	5.388	5.388	0	1	0	na	1788319786.137387	1788319786.296968	200849761	200850236
2026-09-02T03:29:00Z	bb3d89e13a6354257e80443b2d85736862086fd6	ea87ddbd979fc6be528bdf099a724bb5ca040c1c40bdb6eecd055df584c6530a	direct-git	control	2.55.0	2264a8042763edf2620cfe32d96b096e1f3d26aa	5.9.2	2.55.0	1000	150	dirty	6	5.341	5.341	0	1	0	na	1788319786.456856	1788319786.616180	200850339	200850676
2026-09-02T03:29:00Z	bb3d89e13a6354257e80443b2d85736862086fd6	ea87ddbd979fc6be528bdf099a724bb5ca040c1c40bdb6eecd055df584c6530a	direct-git	control	2.55.0	2264a8042763edf2620cfe32d96b096e1f3d26aa	5.9.2	2.55.0	1000	150	dirty	7	5.264	5.264	0	1	0	na	1788319786.775754	1788319786.934753	200850987	200851136
2026-09-02T03:29:00Z	bb3d89e13a6354257e80443b2d85736862086fd6	ea87ddbd979fc6be528bdf099a724bb5ca040c1c40bdb6eecd055df584c6530a	direct-git	control	2.55.0	2264a8042763edf2620cfe32d96b096e1f3d26aa	5.9.2	2.55.0	1000	150	dirty	8	5.398	5.398	0	1	0	na	1788319787.094137	1788319787.253614	200851353	200851710
2026-09-02T03:29:00Z	bb3d89e13a6354257e80443b2d85736862086fd6	ea87ddbd979fc6be528bdf099a724bb5ca040c1c40bdb6eecd055df584c6530a	direct-git	control	2.55.0	2264a8042763edf2620cfe32d96b096e1f3d26aa	5.9.2	2.55.0	1000	150	dirty	9	5.091	5.091	0	1	0	na	1788319787.413508	1788319787.572505	200852060	200852156
2026-09-02T03:29:00Z	bb3d89e13a6354257e80443b2d85736862086fd6	ea87ddbd979fc6be528bdf099a724bb5ca040c1c40bdb6eecd055df584c6530a	direct-git	control	2.55.0	2264a8042763edf2620cfe32d96b096e1f3d26aa	5.9.2	2.55.0	1000	150	dirty	10	5.448	5.448	0	1	0	na	1788319787.732540	1788319787.891917	200852466	200852690
2026-09-02T03:29:00Z	bb3d89e13a6354257e80443b2d85736862086fd6	ea87ddbd979fc6be528bdf099a724bb5ca040c1c40bdb6eecd055df584c6530a	direct-git	control	2.55.0	2264a8042763edf2620cfe32d96b096e1f3d26aa	5.9.2	2.55.0	1000	150	dirty	11	5.327	5.327	0	1	0	na	1788319788.051736	1788319788.211038	200852865	200853020
2026-09-02T03:29:00Z	bb3d89e13a6354257e80443b2d85736862086fd6	ea87ddbd979fc6be528bdf099a724bb5ca040c1c40bdb6eecd055df584c6530a	direct-git	control	2.55.0	2264a8042763edf2620cfe32d96b096e1f3d26aa	5.9.2	2.55.0	1000	150	dirty	12	5.450	5.450	0	1	0	na	1788319788.370924	1788319788.530296	200853188	200853334
2026-09-02T03:29:00Z	bb3d89e13a6354257e80443b2d85736862086fd6	ea87ddbd979fc6be528bdf099a724bb5ca040c1c40bdb6eecd055df584c6530a	direct-git	control	2.55.0	2264a8042763edf2620cfe32d96b096e1f3d26aa	5.9.2	2.55.0	1000	150	dirty	13	5.322	5.322	0	1	0	na	1788319788.689819	1788319788.849087	200853484	200853895
2026-09-02T03:29:00Z	bb3d89e13a6354257e80443b2d85736862086fd6	ea87ddbd979fc6be528bdf099a724bb5ca040c1c40bdb6eecd055df584c6530a	direct-git	control	2.55.0	2264a8042763edf2620cfe32d96b096e1f3d26aa	5.9.2	2.55.0	1000	150	dirty	14	5.143	5.143	0	1	0	na	1788319789.008519	1788319789.167385	200854092	200854360
2026-09-02T03:29:00Z	bb3d89e13a6354257e80443b2d85736862086fd6	ea87ddbd979fc6be528bdf099a724bb5ca040c1c40bdb6eecd055df584c6530a	direct-git	control	2.55.0	2264a8042763edf2620cfe32d96b096e1f3d26aa	5.9.2	2.55.0	1000	150	dirty	15	5.146	5.146	0	1	0	na	1788319789.327406	1788319789.486721	200854720	200855061
2026-09-02T03:29:00Z	bb3d89e13a6354257e80443b2d85736862086fd6	ea87ddbd979fc6be528bdf099a724bb5ca040c1c40bdb6eecd055df584c6530a	direct-git	control	2.55.0	2264a8042763edf2620cfe32d96b096e1f3d26aa	5.9.2	2.55.0	1000	150	dirty	16	4.958	4.958	0	1	0	na	1788319789.646856	1788319789.805794	200855157	200855360
2026-09-02T03:29:00Z	bb3d89e13a6354257e80443b2d85736862086fd6	ea87ddbd979fc6be528bdf099a724bb5ca040c1c40bdb6eecd055df584c6530a	direct-git	control	2.55.0	2264a8042763edf2620cfe32d96b096e1f3d26aa	5.9.2	2.55.0	1000	150	dirty	17	5.203	5.203	0	1	0	na	1788319789.966019	1788319790.125655	200855467	200855796
2026-09-02T03:29:00Z	bb3d89e13a6354257e80443b2d85736862086fd6	ea87ddbd979fc6be528bdf099a724bb5ca040c1c40bdb6eecd055df584c6530a	direct-git	control	2.55.0	2264a8042763edf2620cfe32d96b096e1f3d26aa	5.9.2	2.55.0	1000	150	dirty	18	5.165	5.165	0	1	0	na	1788319790.285773	1788319790.445037	200856110	200856427
2026-09-02T03:29:00Z	bb3d89e13a6354257e80443b2d85736862086fd6	ea87ddbd979fc6be528bdf099a724bb5ca040c1c40bdb6eecd055df584c6530a	direct-git	control	2.55.0	2264a8042763edf2620cfe32d96b096e1f3d26aa	5.9.2	2.55.0	1000	150	dirty	19	5.164	5.164	0	1	0	na	1788319790.605598	1788319790.765095	200856553	200856776
2026-09-02T03:29:00Z	bb3d89e13a6354257e80443b2d85736862086fd6	ea87ddbd979fc6be528bdf099a724bb5ca040c1c40bdb6eecd055df584c6530a	direct-git	control	2.55.0	2264a8042763edf2620cfe32d96b096e1f3d26aa	5.9.2	2.55.0	1000	150	dirty	20	5.274	5.274	0	1	0	na	1788319790.925164	1788319791.084590	200856923	200857199
2026-09-02T03:29:00Z	bb3d89e13a6354257e80443b2d85736862086fd6	ea87ddbd979fc6be528bdf099a724bb5ca040c1c40bdb6eecd055df584c6530a	direct-git	control	2.55.0	2264a8042763edf2620cfe32d96b096e1f3d26aa	5.9.2	2.55.0	1000	150	untracked	1	5.520	5.520	0	1	0	na	1788319791.266325	1788319791.425851	200857408	200857734
2026-09-02T03:29:00Z	bb3d89e13a6354257e80443b2d85736862086fd6	ea87ddbd979fc6be528bdf099a724bb5ca040c1c40bdb6eecd055df584c6530a	direct-git	control	2.55.0	2264a8042763edf2620cfe32d96b096e1f3d26aa	5.9.2	2.55.0	1000	150	untracked	2	4.950	4.950	0	1	0	na	1788319791.586708	1788319791.745785	200857853	200858021
2026-09-02T03:29:00Z	bb3d89e13a6354257e80443b2d85736862086fd6	ea87ddbd979fc6be528bdf099a724bb5ca040c1c40bdb6eecd055df584c6530a	direct-git	control	2.55.0	2264a8042763edf2620cfe32d96b096e1f3d26aa	5.9.2	2.55.0	1000	150	untracked	3	5.427	5.427	0	1	0	na	1788319791.906709	1788319792.066342	200858575	200858763
2026-09-02T03:29:00Z	bb3d89e13a6354257e80443b2d85736862086fd6	ea87ddbd979fc6be528bdf099a724bb5ca040c1c40bdb6eecd055df584c6530a	direct-git	control	2.55.0	2264a8042763edf2620cfe32d96b096e1f3d26aa	5.9.2	2.55.0	1000	150	untracked	4	5.374	5.374	0	1	0	na	1788319792.227442	1788319792.386956	200858982	200859206
2026-09-02T03:29:00Z	bb3d89e13a6354257e80443b2d85736862086fd6	ea87ddbd979fc6be528bdf099a724bb5ca040c1c40bdb6eecd055df584c6530a	direct-git	control	2.55.0	2264a8042763edf2620cfe32d96b096e1f3d26aa	5.9.2	2.55.0	1000	150	untracked	5	4.986	4.986	0	1	0	na	1788319792.547724	1788319792.706959	200859348	200859500
2026-09-02T03:29:00Z	bb3d89e13a6354257e80443b2d85736862086fd6	ea87ddbd979fc6be528bdf099a724bb5ca040c1c40bdb6eecd055df584c6530a	direct-git	control	2.55.0	2264a8042763edf2620cfe32d96b096e1f3d26aa	5.9.2	2.55.0	1000	150	untracked	6	5.325	5.325	0	1	0	na	1788319792.868718	1788319793.028134	200859779	200859959
2026-09-02T03:29:00Z	bb3d89e13a6354257e80443b2d85736862086fd6	ea87ddbd979fc6be528bdf099a724bb5ca040c1c40bdb6eecd055df584c6530a	direct-git	control	2.55.0	2264a8042763edf2620cfe32d96b096e1f3d26aa	5.9.2	2.55.0	1000	150	untracked	7	5.405	5.405	0	1	0	na	1788319793.189357	1788319793.348848	200860201	200860375
2026-09-02T03:29:00Z	bb3d89e13a6354257e80443b2d85736862086fd6	ea87ddbd979fc6be528bdf099a724bb5ca040c1c40bdb6eecd055df584c6530a	direct-git	control	2.55.0	2264a8042763edf2620cfe32d96b096e1f3d26aa	5.9.2	2.55.0	1000	150	untracked	8	5.277	5.277	0	1	0	na	1788319793.510573	1788319793.670098	200860608	200860888
2026-09-02T03:29:00Z	bb3d89e13a6354257e80443b2d85736862086fd6	ea87ddbd979fc6be528bdf099a724bb5ca040c1c40bdb6eecd055df584c6530a	direct-git	control	2.55.0	2264a8042763edf2620cfe32d96b096e1f3d26aa	5.9.2	2.55.0	1000	150	untracked	9	5.410	5.410	0	1	0	na	1788319793.831382	1788319793.991263	200861074	200861243
2026-09-02T03:29:00Z	bb3d89e13a6354257e80443b2d85736862086fd6	ea87ddbd979fc6be528bdf099a724bb5ca040c1c40bdb6eecd055df584c6530a	direct-git	control	2.55.0	2264a8042763edf2620cfe32d96b096e1f3d26aa	5.9.2	2.55.0	1000	150	untracked	10	5.255	5.255	0	1	0	na	1788319794.152354	1788319794.312012	200861386	200861525
2026-09-02T03:29:00Z	bb3d89e13a6354257e80443b2d85736862086fd6	ea87ddbd979fc6be528bdf099a724bb5ca040c1c40bdb6eecd055df584c6530a	direct-git	control	2.55.0	2264a8042763edf2620cfe32d96b096e1f3d26aa	5.9.2	2.55.0	1000	150	untracked	11	5.341	5.341	0	1	0	na	1788319794.473205	1788319794.632926	200861659	200861799
2026-09-02T03:29:00Z	bb3d89e13a6354257e80443b2d85736862086fd6	ea87ddbd979fc6be528bdf099a724bb5ca040c1c40bdb6eecd055df584c6530a	direct-git	control	2.55.0	2264a8042763edf2620cfe32d96b096e1f3d26aa	5.9.2	2.55.0	1000	150	untracked	12	5.091	5.091	0	1	0	na	1788319794.794134	1788319794.953796	200862073	200862225
2026-09-02T03:29:00Z	bb3d89e13a6354257e80443b2d85736862086fd6	ea87ddbd979fc6be528bdf099a724bb5ca040c1c40bdb6eecd055df584c6530a	direct-git	control	2.55.0	2264a8042763edf2620cfe32d96b096e1f3d26aa	5.9.2	2.55.0	1000	150	untracked	13	5.598	5.598	0	1	0	na	1788319795.115615	1788319795.275748	200862427	200862978
2026-09-02T03:29:00Z	bb3d89e13a6354257e80443b2d85736862086fd6	ea87ddbd979fc6be528bdf099a724bb5ca040c1c40bdb6eecd055df584c6530a	direct-git	control	2.55.0	2264a8042763edf2620cfe32d96b096e1f3d26aa	5.9.2	2.55.0	1000	150	untracked	14	5.538	5.538	0	1	0	na	1788319795.437829	1788319795.597684	200863254	200863508
2026-09-02T03:29:00Z	bb3d89e13a6354257e80443b2d85736862086fd6	ea87ddbd979fc6be528bdf099a724bb5ca040c1c40bdb6eecd055df584c6530a	direct-git	control	2.55.0	2264a8042763edf2620cfe32d96b096e1f3d26aa	5.9.2	2.55.0	1000	150	untracked	15	5.425	5.425	0	1	0	na	1788319795.759103	1788319795.918684	200863607	200864071
2026-09-02T03:29:00Z	bb3d89e13a6354257e80443b2d85736862086fd6	ea87ddbd979fc6be528bdf099a724bb5ca040c1c40bdb6eecd055df584c6530a	direct-git	control	2.55.0	2264a8042763edf2620cfe32d96b096e1f3d26aa	5.9.2	2.55.0	1000	150	untracked	16	5.476	5.476	0	1	0	na	1788319796.080428	1788319796.240484	200864358	200864664
2026-09-02T03:29:00Z	bb3d89e13a6354257e80443b2d85736862086fd6	ea87ddbd979fc6be528bdf099a724bb5ca040c1c40bdb6eecd055df584c6530a	direct-git	control	2.55.0	2264a8042763edf2620cfe32d96b096e1f3d26aa	5.9.2	2.55.0	1000	150	untracked	17	5.222	5.222	0	1	0	na	1788319796.402235	1788319796.561801	200864748	200864853
2026-09-02T03:29:00Z	bb3d89e13a6354257e80443b2d85736862086fd6	ea87ddbd979fc6be528bdf099a724bb5ca040c1c40bdb6eecd055df584c6530a	direct-git	control	2.55.0	2264a8042763edf2620cfe32d96b096e1f3d26aa	5.9.2	2.55.0	1000	150	untracked	18	5.449	5.449	0	1	0	na	1788319796.723572	1788319796.883086	200865315	200867033
2026-09-02T03:29:00Z	bb3d89e13a6354257e80443b2d85736862086fd6	ea87ddbd979fc6be528bdf099a724bb5ca040c1c40bdb6eecd055df584c6530a	direct-git	control	2.55.0	2264a8042763edf2620cfe32d96b096e1f3d26aa	5.9.2	2.55.0	1000	150	untracked	19	5.674	5.674	0	1	0	na	1788319797.044682	1788319797.204721	200867820	200869450
2026-09-02T03:29:00Z	bb3d89e13a6354257e80443b2d85736862086fd6	ea87ddbd979fc6be528bdf099a724bb5ca040c1c40bdb6eecd055df584c6530a	direct-git	control	2.55.0	2264a8042763edf2620cfe32d96b096e1f3d26aa	5.9.2	2.55.0	1000	150	untracked	20	5.209	5.209	0	1	0	na	1788319797.366482	1788319797.526051	200870571	200871382
2026-09-02T03:29:00Z	bb3d89e13a6354257e80443b2d85736862086fd6	ea87ddbd979fc6be528bdf099a724bb5ca040c1c40bdb6eecd055df584c6530a	wsh	local	842524259bce7b86906f8a8cecb7b56dbe4493aaf15a2c0263a108a8168bb793	2264a8042763edf2620cfe32d96b096e1f3d26aa	5.9.2	2.55.0	1000	150	clean	1	0.904	7.829	1	1	0	1	1788319797.903538	1788319798.066370	200873393	200874512
2026-09-02T03:29:00Z	bb3d89e13a6354257e80443b2d85736862086fd6	ea87ddbd979fc6be528bdf099a724bb5ca040c1c40bdb6eecd055df584c6530a	wsh	local	842524259bce7b86906f8a8cecb7b56dbe4493aaf15a2c0263a108a8168bb793	2264a8042763edf2620cfe32d96b096e1f3d26aa	5.9.2	2.55.0	1000	150	clean	2	1.012	7.787	1	1	0	1	1788319798.399839	1788319798.562996	200875194	200875278
2026-09-02T03:29:00Z	bb3d89e13a6354257e80443b2d85736862086fd6	ea87ddbd979fc6be528bdf099a724bb5ca040c1c40bdb6eecd055df584c6530a	wsh	local	842524259bce7b86906f8a8cecb7b56dbe4493aaf15a2c0263a108a8168bb793	2264a8042763edf2620cfe32d96b096e1f3d26aa	5.9.2	2.55.0	1000	150	clean	3	2.304	25.649	1	1	0	1	1788319798.892030	1788319799.078583	200884854	200898568
2026-09-02T03:29:00Z	bb3d89e13a6354257e80443b2d85736862086fd6	ea87ddbd979fc6be528bdf099a724bb5ca040c1c40bdb6eecd055df584c6530a	wsh	local	842524259bce7b86906f8a8cecb7b56dbe4493aaf15a2c0263a108a8168bb793	2264a8042763edf2620cfe32d96b096e1f3d26aa	5.9.2	2.55.0	1000	150	clean	4	2.309	33.343	1	1	0	1	1788319799.487747	1788319799.674614	200928455	200961363
2026-09-02T03:29:00Z	bb3d89e13a6354257e80443b2d85736862086fd6	ea87ddbd979fc6be528bdf099a724bb5ca040c1c40bdb6eecd055df584c6530a	wsh	local	842524259bce7b86906f8a8cecb7b56dbe4493aaf15a2c0263a108a8168bb793	2264a8042763edf2620cfe32d96b096e1f3d26aa	5.9.2	2.55.0	1000	150	clean	5	6.516	21.744	1	1	0	1	1788319800.058912	1788319800.243583	201020334	201051225
2026-09-02T03:29:00Z	bb3d89e13a6354257e80443b2d85736862086fd6	ea87ddbd979fc6be528bdf099a724bb5ca040c1c40bdb6eecd055df584c6530a	wsh	local	842524259bce7b86906f8a8cecb7b56dbe4493aaf15a2c0263a108a8168bb793	2264a8042763edf2620cfe32d96b096e1f3d26aa	5.9.2	2.55.0	1000	150	clean	6	8.938	57.362	1	1	0	1	1788319800.641206	1788319800.861906	201118071	201157306
2026-09-02T03:29:00Z	bb3d89e13a6354257e80443b2d85736862086fd6	ea87ddbd979fc6be528bdf099a724bb5ca040c1c40bdb6eecd055df584c6530a	wsh	local	842524259bce7b86906f8a8cecb7b56dbe4493aaf15a2c0263a108a8168bb793	2264a8042763edf2620cfe32d96b096e1f3d26aa	5.9.2	2.55.0	1000	150	clean	7	5.574	81.271	1	1	0	1	1788319801.274646	1788319801.520660	201225333	201264019
2026-09-02T03:29:00Z	bb3d89e13a6354257e80443b2d85736862086fd6	ea87ddbd979fc6be528bdf099a724bb5ca040c1c40bdb6eecd055df584c6530a	wsh	local	842524259bce7b86906f8a8cecb7b56dbe4493aaf15a2c0263a108a8168bb793	2264a8042763edf2620cfe32d96b096e1f3d26aa	5.9.2	2.55.0	1000	150	clean	8	4.464	121.197	1	1	0	1	1788319801.958034	1788319802.233436	201344874	201395947
2026-09-02T03:29:00Z	bb3d89e13a6354257e80443b2d85736862086fd6	ea87ddbd979fc6be528bdf099a724bb5ca040c1c40bdb6eecd055df584c6530a	wsh	local	842524259bce7b86906f8a8cecb7b56dbe4493aaf15a2c0263a108a8168bb793	2264a8042763edf2620cfe32d96b096e1f3d26aa	5.9.2	2.55.0	1000	150	clean	9	10.260	47.609	1	1	0	1	1788319802.690682	1788319802.898543	201493987	201533550
2026-09-02T03:29:00Z	bb3d89e13a6354257e80443b2d85736862086fd6	ea87ddbd979fc6be528bdf099a724bb5ca040c1c40bdb6eecd055df584c6530a	wsh	local	842524259bce7b86906f8a8cecb7b56dbe4493aaf15a2c0263a108a8168bb793	2264a8042763edf2620cfe32d96b096e1f3d26aa	5.9.2	2.55.0	1000	150	clean	10	7.194	53.394	1	1	0	1	1788319803.323952	1788319803.536402	201620657	201660892
2026-09-02T03:29:00Z	bb3d89e13a6354257e80443b2d85736862086fd6	ea87ddbd979fc6be528bdf099a724bb5ca040c1c40bdb6eecd055df584c6530a	wsh	local	842524259bce7b86906f8a8cecb7b56dbe4493aaf15a2c0263a108a8168bb793	2264a8042763edf2620cfe32d96b096e1f3d26aa	5.9.2	2.55.0	1000	150	clean	11	4.581	43.050	1	1	0	1	1788319803.912856	1788319804.113511	201710641	201729802
2026-09-02T03:29:00Z	bb3d89e13a6354257e80443b2d85736862086fd6	ea87ddbd979fc6be528bdf099a724bb5ca040c1c40bdb6eecd055df584c6530a	wsh	local	842524259bce7b86906f8a8cecb7b56dbe4493aaf15a2c0263a108a8168bb793	2264a8042763edf2620cfe32d96b096e1f3d26aa	5.9.2	2.55.0	1000	150	clean	12	1.877	14.500	1	1	0	1	1788319804.504248	1788319804.680365	201770387	201773011
2026-09-02T03:29:00Z	bb3d89e13a6354257e80443b2d85736862086fd6	ea87ddbd979fc6be528bdf099a724bb5ca040c1c40bdb6eecd055df584c6530a	wsh	local	842524259bce7b86906f8a8cecb7b56dbe4493aaf15a2c0263a108a8168bb793	2264a8042763edf2620cfe32d96b096e1f3d26aa	5.9.2	2.55.0	1000	150	clean	13	1.850	15.329	1	1	0	1	1788319805.024760	1788319805.198090	201779393	201781094
2026-09-02T03:29:00Z	bb3d89e13a6354257e80443b2d85736862086fd6	ea87ddbd979fc6be528bdf099a724bb5ca040c1c40bdb6eecd055df584c6530a	wsh	local	842524259bce7b86906f8a8cecb7b56dbe4493aaf15a2c0263a108a8168bb793	2264a8042763edf2620cfe32d96b096e1f3d26aa	5.9.2	2.55.0	1000	150	clean	14	1.787	13.923	1	1	0	1	1788319805.547039	1788319805.711694	201783901	201785692
2026-09-02T03:29:00Z	bb3d89e13a6354257e80443b2d85736862086fd6	ea87ddbd979fc6be528bdf099a724bb5ca040c1c40bdb6eecd055df584c6530a	wsh	local	842524259bce7b86906f8a8cecb7b56dbe4493aaf15a2c0263a108a8168bb793	2264a8042763edf2620cfe32d96b096e1f3d26aa	5.9.2	2.55.0	1000	150	clean	15	1.037	14.640	1	1	0	1	1788319806.057100	1788319806.223585	201788075	201789398
2026-09-02T03:29:00Z	bb3d89e13a6354257e80443b2d85736862086fd6	ea87ddbd979fc6be528bdf099a724bb5ca040c1c40bdb6eecd055df584c6530a	wsh	local	842524259bce7b86906f8a8cecb7b56dbe4493aaf15a2c0263a108a8168bb793	2264a8042763edf2620cfe32d96b096e1f3d26aa	5.9.2	2.55.0	1000	150	clean	16	1.314	8.106	1	1	0	1	1788319806.567556	1788319806.736081	201791380	201792501
2026-09-02T03:29:00Z	bb3d89e13a6354257e80443b2d85736862086fd6	ea87ddbd979fc6be528bdf099a724bb5ca040c1c40bdb6eecd055df584c6530a	wsh	local	842524259bce7b86906f8a8cecb7b56dbe4493aaf15a2c0263a108a8168bb793	2264a8042763edf2620cfe32d96b096e1f3d26aa	5.9.2	2.55.0	1000	150	clean	17	1.220	9.132	1	1	0	1	1788319807.073821	1788319807.238618	201793547	201793978
2026-09-02T03:29:00Z	bb3d89e13a6354257e80443b2d85736862086fd6	ea87ddbd979fc6be528bdf099a724bb5ca040c1c40bdb6eecd055df584c6530a	wsh	local	842524259bce7b86906f8a8cecb7b56dbe4493aaf15a2c0263a108a8168bb793	2264a8042763edf2620cfe32d96b096e1f3d26aa	5.9.2	2.55.0	1000	150	clean	18	1.171	7.867	1	1	0	1	1788319807.570325	1788319807.733080	201794177	201794331
2026-09-02T03:29:00Z	bb3d89e13a6354257e80443b2d85736862086fd6	ea87ddbd979fc6be528bdf099a724bb5ca040c1c40bdb6eecd055df584c6530a	wsh	local	842524259bce7b86906f8a8cecb7b56dbe4493aaf15a2c0263a108a8168bb793	2264a8042763edf2620cfe32d96b096e1f3d26aa	5.9.2	2.55.0	1000	150	clean	19	1.014	7.736	1	1	0	1	1788319808.066093	1788319808.228989	201795337	201795578
2026-09-02T03:29:00Z	bb3d89e13a6354257e80443b2d85736862086fd6	ea87ddbd979fc6be528bdf099a724bb5ca040c1c40bdb6eecd055df584c6530a	wsh	local	842524259bce7b86906f8a8cecb7b56dbe4493aaf15a2c0263a108a8168bb793	2264a8042763edf2620cfe32d96b096e1f3d26aa	5.9.2	2.55.0	1000	150	clean	20	1.196	7.979	1	1	0	1	1788319808.562107	1788319808.726880	201796074	201796235
2026-09-02T03:29:00Z	bb3d89e13a6354257e80443b2d85736862086fd6	ea87ddbd979fc6be528bdf099a724bb5ca040c1c40bdb6eecd055df584c6530a	wsh	local	842524259bce7b86906f8a8cecb7b56dbe4493aaf15a2c0263a108a8168bb793	2264a8042763edf2620cfe32d96b096e1f3d26aa	5.9.2	2.55.0	1000	150	dirty	1	0.996	7.910	1	1	0	1	1788319809.084313	1788319809.247047	201796820	201796983
2026-09-02T03:29:00Z	bb3d89e13a6354257e80443b2d85736862086fd6	ea87ddbd979fc6be528bdf099a724bb5ca040c1c40bdb6eecd055df584c6530a	wsh	local	842524259bce7b86906f8a8cecb7b56dbe4493aaf15a2c0263a108a8168bb793	2264a8042763edf2620cfe32d96b096e1f3d26aa	5.9.2	2.55.0	1000	150	dirty	2	1.045	7.881	1	1	0	1	1788319809.578901	1788319809.742060	201797186	201797436
2026-09-02T03:29:00Z	bb3d89e13a6354257e80443b2d85736862086fd6	ea87ddbd979fc6be528bdf099a724bb5ca040c1c40bdb6eecd055df584c6530a	wsh	local	842524259bce7b86906f8a8cecb7b56dbe4493aaf15a2c0263a108a8168bb793	2264a8042763edf2620cfe32d96b096e1f3d26aa	5.9.2	2.55.0	1000	150	dirty	3	0.891	7.981	1	1	0	1	1788319810.078461	1788319810.241358	201797979	201798052
2026-09-02T03:29:00Z	bb3d89e13a6354257e80443b2d85736862086fd6	ea87ddbd979fc6be528bdf099a724bb5ca040c1c40bdb6eecd055df584c6530a	wsh	local	842524259bce7b86906f8a8cecb7b56dbe4493aaf15a2c0263a108a8168bb793	2264a8042763edf2620cfe32d96b096e1f3d26aa	5.9.2	2.55.0	1000	150	dirty	4	1.081	8.088	1	1	0	1	1788319810.572252	1788319810.735514	201798335	201798617
2026-09-02T03:29:00Z	bb3d89e13a6354257e80443b2d85736862086fd6	ea87ddbd979fc6be528bdf099a724bb5ca040c1c40bdb6eecd055df584c6530a	wsh	local	842524259bce7b86906f8a8cecb7b56dbe4493aaf15a2c0263a108a8168bb793	2264a8042763edf2620cfe32d96b096e1f3d26aa	5.9.2	2.55.0	1000	150	dirty	5	1.051	8.145	1	1	0	1	1788319811.065940	1788319811.229383	201799031	201799245
2026-09-02T03:29:00Z	bb3d89e13a6354257e80443b2d85736862086fd6	ea87ddbd979fc6be528bdf099a724bb5ca040c1c40bdb6eecd055df584c6530a	wsh	local	842524259bce7b86906f8a8cecb7b56dbe4493aaf15a2c0263a108a8168bb793	2264a8042763edf2620cfe32d96b096e1f3d26aa	5.9.2	2.55.0	1000	150	dirty	6	0.874	7.761	1	1	0	1	1788319811.561512	1788319811.724290	201800348	201800424
2026-09-02T03:29:00Z	bb3d89e13a6354257e80443b2d85736862086fd6	ea87ddbd979fc6be528bdf099a724bb5ca040c1c40bdb6eecd055df584c6530a	wsh	local	842524259bce7b86906f8a8cecb7b56dbe4493aaf15a2c0263a108a8168bb793	2264a8042763edf2620cfe32d96b096e1f3d26aa	5.9.2	2.55.0	1000	150	dirty	7	11.407	51.077	1	1	0	1	1788319812.059546	1788319812.277964	201813855	201849364
2026-09-02T03:29:00Z	bb3d89e13a6354257e80443b2d85736862086fd6	ea87ddbd979fc6be528bdf099a724bb5ca040c1c40bdb6eecd055df584c6530a	wsh	local	842524259bce7b86906f8a8cecb7b56dbe4493aaf15a2c0263a108a8168bb793	2264a8042763edf2620cfe32d96b096e1f3d26aa	5.9.2	2.55.0	1000	150	dirty	8	9.212	109.808	1	1	0	1	1788319812.720251	1788319812.991951	201929989	201984485
2026-09-02T03:29:00Z	bb3d89e13a6354257e80443b2d85736862086fd6	ea87ddbd979fc6be528bdf099a724bb5ca040c1c40bdb6eecd055df584c6530a	wsh	local	842524259bce7b86906f8a8cecb7b56dbe4493aaf15a2c0263a108a8168bb793	2264a8042763edf2620cfe32d96b096e1f3d26aa	5.9.2	2.55.0	1000	150	dirty	9	2.066	77.104	1	1	0	1	1788319813.396790	1788319813.634741	202049397	202071125
2026-09-02T03:29:00Z	bb3d89e13a6354257e80443b2d85736862086fd6	ea87ddbd979fc6be528bdf099a724bb5ca040c1c40bdb6eecd055df584c6530a	wsh	local	842524259bce7b86906f8a8cecb7b56dbe4493aaf15a2c0263a108a8168bb793	2264a8042763edf2620cfe32d96b096e1f3d26aa	5.9.2	2.55.0	1000	150	dirty	10	10.329	45.518	1	1	0	1	1788319814.152506	1788319814.351951	202173034	202202347
2026-09-02T03:29:00Z	bb3d89e13a6354257e80443b2d85736862086fd6	ea87ddbd979fc6be528bdf099a724bb5ca040c1c40bdb6eecd055df584c6530a	wsh	local	842524259bce7b86906f8a8cecb7b56dbe4493aaf15a2c0263a108a8168bb793	2264a8042763edf2620cfe32d96b096e1f3d26aa	5.9.2	2.55.0	1000	150	dirty	11	5.702	88.653	1	1	0	1	1788319814.734957	1788319814.988893	202252196	202297360
2026-09-02T03:29:00Z	bb3d89e13a6354257e80443b2d85736862086fd6	ea87ddbd979fc6be528bdf099a724bb5ca040c1c40bdb6eecd055df584c6530a	wsh	local	842524259bce7b86906f8a8cecb7b56dbe4493aaf15a2c0263a108a8168bb793	2264a8042763edf2620cfe32d96b096e1f3d26aa	5.9.2	2.55.0	1000	150	dirty	12	9.668	63.079	1	1	0	1	1788319815.440911	1788319815.665047	202380566	202414563
2026-09-02T03:29:00Z	bb3d89e13a6354257e80443b2d85736862086fd6	ea87ddbd979fc6be528bdf099a724bb5ca040c1c40bdb6eecd055df584c6530a	wsh	local	842524259bce7b86906f8a8cecb7b56dbe4493aaf15a2c0263a108a8168bb793	2264a8042763edf2620cfe32d96b096e1f3d26aa	5.9.2	2.55.0	1000	150	dirty	13	0.992	8.269	1	1	0	1	1788319816.017673	1788319816.181544	202440137	202440233
2026-09-02T03:29:00Z	bb3d89e13a6354257e80443b2d85736862086fd6	ea87ddbd979fc6be528bdf099a724bb5ca040c1c40bdb6eecd055df584c6530a	wsh	local	842524259bce7b86906f8a8cecb7b56dbe4493aaf15a2c0263a108a8168bb793	2264a8042763edf2620cfe32d96b096e1f3d26aa	5.9.2	2.55.0	1000	150	dirty	14	0.842	7.992	1	1	0	1	1788319816.560172	1788319816.724152	202457990	202458292
2026-09-02T03:29:00Z	bb3d89e13a6354257e80443b2d85736862086fd6	ea87ddbd979fc6be528bdf099a724bb5ca040c1c40bdb6eecd055df584c6530a	wsh	local	842524259bce7b86906f8a8cecb7b56dbe4493aaf15a2c0263a108a8168bb793	2264a8042763edf2620cfe32d96b096e1f3d26aa	5.9.2	2.55.0	1000	150	dirty	15	0.919	7.819	1	1	0	1	1788319817.057213	1788319817.220238	202458927	202459307
2026-09-02T03:29:00Z	bb3d89e13a6354257e80443b2d85736862086fd6	ea87ddbd979fc6be528bdf099a724bb5ca040c1c40bdb6eecd055df584c6530a	wsh	local	842524259bce7b86906f8a8cecb7b56dbe4493aaf15a2c0263a108a8168bb793	2264a8042763edf2620cfe32d96b096e1f3d26aa	5.9.2	2.55.0	1000	150	dirty	16	1.106	7.811	1	1	0	1	1788319817.552250	1788319817.715021	202460220	202460251
2026-09-02T03:29:00Z	bb3d89e13a6354257e80443b2d85736862086fd6	ea87ddbd979fc6be528bdf099a724bb5ca040c1c40bdb6eecd055df584c6530a	wsh	local	842524259bce7b86906f8a8cecb7b56dbe4493aaf15a2c0263a108a8168bb793	2264a8042763edf2620cfe32d96b096e1f3d26aa	5.9.2	2.55.0	1000	150	dirty	17	1.162	8.536	1	1	0	1	1788319818.049746	1788319818.216303	202461648	202461871
2026-09-02T03:29:00Z	bb3d89e13a6354257e80443b2d85736862086fd6	ea87ddbd979fc6be528bdf099a724bb5ca040c1c40bdb6eecd055df584c6530a	wsh	local	842524259bce7b86906f8a8cecb7b56dbe4493aaf15a2c0263a108a8168bb793	2264a8042763edf2620cfe32d96b096e1f3d26aa	5.9.2	2.55.0	1000	150	dirty	18	0.892	7.785	1	1	0	1	1788319818.549788	1788319818.713085	202462175	202462356
2026-09-02T03:29:00Z	bb3d89e13a6354257e80443b2d85736862086fd6	ea87ddbd979fc6be528bdf099a724bb5ca040c1c40bdb6eecd055df584c6530a	wsh	local	842524259bce7b86906f8a8cecb7b56dbe4493aaf15a2c0263a108a8168bb793	2264a8042763edf2620cfe32d96b096e1f3d26aa	5.9.2	2.55.0	1000	150	dirty	19	0.862	7.866	1	1	0	1	1788319819.045864	1788319819.209496	202463112	202463399
2026-09-02T03:29:00Z	bb3d89e13a6354257e80443b2d85736862086fd6	ea87ddbd979fc6be528bdf099a724bb5ca040c1c40bdb6eecd055df584c6530a	wsh	local	842524259bce7b86906f8a8cecb7b56dbe4493aaf15a2c0263a108a8168bb793	2264a8042763edf2620cfe32d96b096e1f3d26aa	5.9.2	2.55.0	1000	150	dirty	20	0.914	6.680	1	1	0	1	1788319819.542050	1788319819.704466	202463911	202464171
2026-09-02T03:29:00Z	bb3d89e13a6354257e80443b2d85736862086fd6	ea87ddbd979fc6be528bdf099a724bb5ca040c1c40bdb6eecd055df584c6530a	wsh	local	842524259bce7b86906f8a8cecb7b56dbe4493aaf15a2c0263a108a8168bb793	2264a8042763edf2620cfe32d96b096e1f3d26aa	5.9.2	2.55.0	1000	150	untracked	1	1.136	7.952	1	1	0	1	1788319820.059565	1788319820.222699	202464629	202465065
2026-09-02T03:29:00Z	bb3d89e13a6354257e80443b2d85736862086fd6	ea87ddbd979fc6be528bdf099a724bb5ca040c1c40bdb6eecd055df584c6530a	wsh	local	842524259bce7b86906f8a8cecb7b56dbe4493aaf15a2c0263a108a8168bb793	2264a8042763edf2620cfe32d96b096e1f3d26aa	5.9.2	2.55.0	1000	150	untracked	2	1.138	7.852	1	1	0	1	1788319820.557207	1788319820.720954	202465620	202465889
2026-09-02T03:29:00Z	bb3d89e13a6354257e80443b2d85736862086fd6	ea87ddbd979fc6be528bdf099a724bb5ca040c1c40bdb6eecd055df584c6530a	wsh	local	842524259bce7b86906f8a8cecb7b56dbe4493aaf15a2c0263a108a8168bb793	2264a8042763edf2620cfe32d96b096e1f3d26aa	5.9.2	2.55.0	1000	150	untracked	3	1.246	8.041	1	1	0	1	1788319821.055223	1788319821.218570	202466395	202466621
2026-09-02T03:29:00Z	bb3d89e13a6354257e80443b2d85736862086fd6	ea87ddbd979fc6be528bdf099a724bb5ca040c1c40bdb6eecd055df584c6530a	wsh	local	842524259bce7b86906f8a8cecb7b56dbe4493aaf15a2c0263a108a8168bb793	2264a8042763edf2620cfe32d96b096e1f3d26aa	5.9.2	2.55.0	1000	150	untracked	4	0.895	6.694	1	1	0	1	1788319821.552961	1788319821.715562	202467018	202467226
2026-09-02T03:29:00Z	bb3d89e13a6354257e80443b2d85736862086fd6	ea87ddbd979fc6be528bdf099a724bb5ca040c1c40bdb6eecd055df584c6530a	wsh	local	842524259bce7b86906f8a8cecb7b56dbe4493aaf15a2c0263a108a8168bb793	2264a8042763edf2620cfe32d96b096e1f3d26aa	5.9.2	2.55.0	1000	150	untracked	5	1.168	8.175	1	1	0	1	1788319822.050051	1788319822.214280	202468265	202468617
2026-09-02T03:29:00Z	bb3d89e13a6354257e80443b2d85736862086fd6	ea87ddbd979fc6be528bdf099a724bb5ca040c1c40bdb6eecd055df584c6530a	wsh	local	842524259bce7b86906f8a8cecb7b56dbe4493aaf15a2c0263a108a8168bb793	2264a8042763edf2620cfe32d96b096e1f3d26aa	5.9.2	2.55.0	1000	150	untracked	6	1.226	8.017	1	1	0	1	1788319822.548728	1788319822.712151	202468994	202469387
2026-09-02T03:29:00Z	bb3d89e13a6354257e80443b2d85736862086fd6	ea87ddbd979fc6be528bdf099a724bb5ca040c1c40bdb6eecd055df584c6530a	wsh	local	842524259bce7b86906f8a8cecb7b56dbe4493aaf15a2c0263a108a8168bb793	2264a8042763edf2620cfe32d96b096e1f3d26aa	5.9.2	2.55.0	1000	150	untracked	7	0.945	7.853	1	1	0	1	1788319823.046792	1788319823.210595	202469955	202470083
2026-09-02T03:29:00Z	bb3d89e13a6354257e80443b2d85736862086fd6	ea87ddbd979fc6be528bdf099a724bb5ca040c1c40bdb6eecd055df584c6530a	wsh	local	842524259bce7b86906f8a8cecb7b56dbe4493aaf15a2c0263a108a8168bb793	2264a8042763edf2620cfe32d96b096e1f3d26aa	5.9.2	2.55.0	1000	150	untracked	8	1.138	7.920	1	1	0	1	1788319823.546496	1788319823.710479	202470950	202471575
2026-09-02T03:29:00Z	bb3d89e13a6354257e80443b2d85736862086fd6	ea87ddbd979fc6be528bdf099a724bb5ca040c1c40bdb6eecd055df584c6530a	wsh	local	842524259bce7b86906f8a8cecb7b56dbe4493aaf15a2c0263a108a8168bb793	2264a8042763edf2620cfe32d96b096e1f3d26aa	5.9.2	2.55.0	1000	150	untracked	9	0.911	7.773	1	1	0	1	1788319824.045814	1788319824.209804	202473565	202473921
2026-09-02T03:29:00Z	bb3d89e13a6354257e80443b2d85736862086fd6	ea87ddbd979fc6be528bdf099a724bb5ca040c1c40bdb6eecd055df584c6530a	wsh	local	842524259bce7b86906f8a8cecb7b56dbe4493aaf15a2c0263a108a8168bb793	2264a8042763edf2620cfe32d96b096e1f3d26aa	5.9.2	2.55.0	1000	150	untracked	10	1.195	8.277	1	1	0	1	1788319824.550838	1788319824.716796	202474322	202474625
2026-09-02T03:29:00Z	bb3d89e13a6354257e80443b2d85736862086fd6	ea87ddbd979fc6be528bdf099a724bb5ca040c1c40bdb6eecd055df584c6530a	wsh	local	842524259bce7b86906f8a8cecb7b56dbe4493aaf15a2c0263a108a8168bb793	2264a8042763edf2620cfe32d96b096e1f3d26aa	5.9.2	2.55.0	1000	150	untracked	11	1.214	8.107	1	1	0	1	1788319825.054754	1788319825.218555	202475189	202475370
2026-09-02T03:29:00Z	bb3d89e13a6354257e80443b2d85736862086fd6	ea87ddbd979fc6be528bdf099a724bb5ca040c1c40bdb6eecd055df584c6530a	wsh	local	842524259bce7b86906f8a8cecb7b56dbe4493aaf15a2c0263a108a8168bb793	2264a8042763edf2620cfe32d96b096e1f3d26aa	5.9.2	2.55.0	1000	150	untracked	12	1.170	6.836	1	1	0	1	1788319825.552653	1788319825.715538	202475704	202475934
2026-09-02T03:29:00Z	bb3d89e13a6354257e80443b2d85736862086fd6	ea87ddbd979fc6be528bdf099a724bb5ca040c1c40bdb6eecd055df584c6530a	wsh	local	842524259bce7b86906f8a8cecb7b56dbe4493aaf15a2c0263a108a8168bb793	2264a8042763edf2620cfe32d96b096e1f3d26aa	5.9.2	2.55.0	1000	150	untracked	13	0.920	6.686	1	1	0	1	1788319826.051269	1788319826.213915	202476481	202476656
2026-09-02T03:29:00Z	bb3d89e13a6354257e80443b2d85736862086fd6	ea87ddbd979fc6be528bdf099a724bb5ca040c1c40bdb6eecd055df584c6530a	wsh	local	842524259bce7b86906f8a8cecb7b56dbe4493aaf15a2c0263a108a8168bb793	2264a8042763edf2620cfe32d96b096e1f3d26aa	5.9.2	2.55.0	1000	150	untracked	14	1.209	7.885	1	1	0	1	1788319826.548319	1788319826.712040	202477026	202477219
2026-09-02T03:29:00Z	bb3d89e13a6354257e80443b2d85736862086fd6	ea87ddbd979fc6be528bdf099a724bb5ca040c1c40bdb6eecd055df584c6530a	wsh	local	842524259bce7b86906f8a8cecb7b56dbe4493aaf15a2c0263a108a8168bb793	2264a8042763edf2620cfe32d96b096e1f3d26aa	5.9.2	2.55.0	1000	150	untracked	15	0.938	7.843	1	1	0	1	1788319827.047798	1788319827.211737	202477668	202477853
2026-09-02T03:29:00Z	bb3d89e13a6354257e80443b2d85736862086fd6	ea87ddbd979fc6be528bdf099a724bb5ca040c1c40bdb6eecd055df584c6530a	wsh	local	842524259bce7b86906f8a8cecb7b56dbe4493aaf15a2c0263a108a8168bb793	2264a8042763edf2620cfe32d96b096e1f3d26aa	5.9.2	2.55.0	1000	150	untracked	16	0.936	7.819	1	1	0	1	1788319827.547628	1788319827.711622	202478214	202478390
2026-09-02T03:29:00Z	bb3d89e13a6354257e80443b2d85736862086fd6	ea87ddbd979fc6be528bdf099a724bb5ca040c1c40bdb6eecd055df584c6530a	wsh	local	842524259bce7b86906f8a8cecb7b56dbe4493aaf15a2c0263a108a8168bb793	2264a8042763edf2620cfe32d96b096e1f3d26aa	5.9.2	2.55.0	1000	150	untracked	17	1.211	8.193	1	1	0	1	1788319828.047653	1788319828.212111	202478772	202478934
2026-09-02T03:29:00Z	bb3d89e13a6354257e80443b2d85736862086fd6	ea87ddbd979fc6be528bdf099a724bb5ca040c1c40bdb6eecd055df584c6530a	wsh	local	842524259bce7b86906f8a8cecb7b56dbe4493aaf15a2c0263a108a8168bb793	2264a8042763edf2620cfe32d96b096e1f3d26aa	5.9.2	2.55.0	1000	150	untracked	18	1.048	8.035	1	1	0	1	1788319828.549477	1788319828.713755	202479253	202479422
2026-09-02T03:29:00Z	bb3d89e13a6354257e80443b2d85736862086fd6	ea87ddbd979fc6be528bdf099a724bb5ca040c1c40bdb6eecd055df584c6530a	wsh	local	842524259bce7b86906f8a8cecb7b56dbe4493aaf15a2c0263a108a8168bb793	2264a8042763edf2620cfe32d96b096e1f3d26aa	5.9.2	2.55.0	1000	150	untracked	19	1.053	7.132	1	1	0	1	1788319829.050200	1788319829.213513	202480258	202480424
2026-09-02T03:29:00Z	bb3d89e13a6354257e80443b2d85736862086fd6	ea87ddbd979fc6be528bdf099a724bb5ca040c1c40bdb6eecd055df584c6530a	wsh	local	842524259bce7b86906f8a8cecb7b56dbe4493aaf15a2c0263a108a8168bb793	2264a8042763edf2620cfe32d96b096e1f3d26aa	5.9.2	2.55.0	1000	150	untracked	20	1.006	7.981	1	1	0	1	1788319829.549438	1788319829.713350	202480762	202480934
2026-09-02T03:29:00Z	bb3d89e13a6354257e80443b2d85736862086fd6	ea87ddbd979fc6be528bdf099a724bb5ca040c1c40bdb6eecd055df584c6530a	wsh-trace	local	842524259bce7b86906f8a8cecb7b56dbe4493aaf15a2c0263a108a8168bb793	2264a8042763edf2620cfe32d96b096e1f3d26aa	5.9.2	2.55.0	1000	150	clean	1	0.989	7.916	1	1	0	1	1788319830.956674	1788319831.120970	202482342	202482517
2026-09-02T03:29:00Z	bb3d89e13a6354257e80443b2d85736862086fd6	ea87ddbd979fc6be528bdf099a724bb5ca040c1c40bdb6eecd055df584c6530a	wsh-trace	local	842524259bce7b86906f8a8cecb7b56dbe4493aaf15a2c0263a108a8168bb793	2264a8042763edf2620cfe32d96b096e1f3d26aa	5.9.2	2.55.0	1000	150	clean	2	1.008	6.639	1	1	0	1	1788319831.455406	1788319831.618585	202483012	202483297
2026-09-02T03:29:00Z	bb3d89e13a6354257e80443b2d85736862086fd6	ea87ddbd979fc6be528bdf099a724bb5ca040c1c40bdb6eecd055df584c6530a	wsh-trace	local	842524259bce7b86906f8a8cecb7b56dbe4493aaf15a2c0263a108a8168bb793	2264a8042763edf2620cfe32d96b096e1f3d26aa	5.9.2	2.55.0	1000	150	clean	3	0.988	7.891	1	1	0	1	1788319831.952590	1788319832.116865	202483832	202484007
2026-09-02T03:29:00Z	bb3d89e13a6354257e80443b2d85736862086fd6	ea87ddbd979fc6be528bdf099a724bb5ca040c1c40bdb6eecd055df584c6530a	wsh-trace	local	842524259bce7b86906f8a8cecb7b56dbe4493aaf15a2c0263a108a8168bb793	2264a8042763edf2620cfe32d96b096e1f3d26aa	5.9.2	2.55.0	1000	150	clean	4	1.042	6.652	1	1	0	1	1788319832.451174	1788319832.614202	202484325	202484489
2026-09-02T03:29:00Z	bb3d89e13a6354257e80443b2d85736862086fd6	ea87ddbd979fc6be528bdf099a724bb5ca040c1c40bdb6eecd055df584c6530a	wsh-trace	local	842524259bce7b86906f8a8cecb7b56dbe4493aaf15a2c0263a108a8168bb793	2264a8042763edf2620cfe32d96b096e1f3d26aa	5.9.2	2.55.0	1000	150	clean	5	0.992	7.891	1	1	0	1	1788319832.950603	1788319833.115063	202485332	202485658
2026-09-02T03:29:00Z	bb3d89e13a6354257e80443b2d85736862086fd6	ea87ddbd979fc6be528bdf099a724bb5ca040c1c40bdb6eecd055df584c6530a	wsh-trace	local	842524259bce7b86906f8a8cecb7b56dbe4493aaf15a2c0263a108a8168bb793	2264a8042763edf2620cfe32d96b096e1f3d26aa	5.9.2	2.55.0	1000	150	clean	6	1.115	6.643	1	1	0	1	1788319833.449643	1788319833.612701	202486207	202486498
2026-09-02T03:29:00Z	bb3d89e13a6354257e80443b2d85736862086fd6	ea87ddbd979fc6be528bdf099a724bb5ca040c1c40bdb6eecd055df584c6530a	wsh-trace	local	842524259bce7b86906f8a8cecb7b56dbe4493aaf15a2c0263a108a8168bb793	2264a8042763edf2620cfe32d96b096e1f3d26aa	5.9.2	2.55.0	1000	150	clean	7	1.029	7.714	1	1	0	1	1788319833.949300	1788319834.113410	202487250	202487372
2026-09-02T03:29:00Z	bb3d89e13a6354257e80443b2d85736862086fd6	ea87ddbd979fc6be528bdf099a724bb5ca040c1c40bdb6eecd055df584c6530a	wsh-trace	local	842524259bce7b86906f8a8cecb7b56dbe4493aaf15a2c0263a108a8168bb793	2264a8042763edf2620cfe32d96b096e1f3d26aa	5.9.2	2.55.0	1000	150	clean	8	1.288	6.837	1	1	0	1	1788319834.448068	1788319834.611290	202487915	202488153
2026-09-02T03:29:00Z	bb3d89e13a6354257e80443b2d85736862086fd6	ea87ddbd979fc6be528bdf099a724bb5ca040c1c40bdb6eecd055df584c6530a	wsh-trace	local	842524259bce7b86906f8a8cecb7b56dbe4493aaf15a2c0263a108a8168bb793	2264a8042763edf2620cfe32d96b096e1f3d26aa	5.9.2	2.55.0	1000	150	clean	9	1.039	7.747	1	1	0	1	1788319834.946508	1788319835.110553	202488555	202488709
2026-09-02T03:29:00Z	bb3d89e13a6354257e80443b2d85736862086fd6	ea87ddbd979fc6be528bdf099a724bb5ca040c1c40bdb6eecd055df584c6530a	wsh-trace	local	842524259bce7b86906f8a8cecb7b56dbe4493aaf15a2c0263a108a8168bb793	2264a8042763edf2620cfe32d96b096e1f3d26aa	5.9.2	2.55.0	1000	150	clean	10	1.298	7.952	1	1	0	1	1788319835.445258	1788319835.609629	202489025	202489176
2026-09-02T03:29:00Z	bb3d89e13a6354257e80443b2d85736862086fd6	ea87ddbd979fc6be528bdf099a724bb5ca040c1c40bdb6eecd055df584c6530a	wsh-trace	local	842524259bce7b86906f8a8cecb7b56dbe4493aaf15a2c0263a108a8168bb793	2264a8042763edf2620cfe32d96b096e1f3d26aa	5.9.2	2.55.0	1000	150	clean	11	1.018	7.754	1	1	0	1	1788319835.944918	1788319836.109350	202489438	202489580
2026-09-02T03:29:00Z	bb3d89e13a6354257e80443b2d85736862086fd6	ea87ddbd979fc6be528bdf099a724bb5ca040c1c40bdb6eecd055df584c6530a	wsh-trace	local	842524259bce7b86906f8a8cecb7b56dbe4493aaf15a2c0263a108a8168bb793	2264a8042763edf2620cfe32d96b096e1f3d26aa	5.9.2	2.55.0	1000	150	clean	12	1.118	7.969	1	1	0	1	1788319836.443991	1788319836.608406	202490197	202490358
2026-09-02T03:29:00Z	bb3d89e13a6354257e80443b2d85736862086fd6	ea87ddbd979fc6be528bdf099a724bb5ca040c1c40bdb6eecd055df584c6530a	wsh-trace	local	842524259bce7b86906f8a8cecb7b56dbe4493aaf15a2c0263a108a8168bb793	2264a8042763edf2620cfe32d96b096e1f3d26aa	5.9.2	2.55.0	1000	150	clean	13	1.005	7.808	1	1	0	1	1788319836.944282	1788319837.108473	202491069	202491514
2026-09-02T03:29:00Z	bb3d89e13a6354257e80443b2d85736862086fd6	ea87ddbd979fc6be528bdf099a724bb5ca040c1c40bdb6eecd055df584c6530a	wsh-trace	local	842524259bce7b86906f8a8cecb7b56dbe4493aaf15a2c0263a108a8168bb793	2264a8042763edf2620cfe32d96b096e1f3d26aa	5.9.2	2.55.0	1000	150	clean	14	1.090	8.113	1	1	0	1	1788319837.446049	1788319837.611589	202492296	202492462
2026-09-02T03:29:00Z	bb3d89e13a6354257e80443b2d85736862086fd6	ea87ddbd979fc6be528bdf099a724bb5ca040c1c40bdb6eecd055df584c6530a	wsh-trace	local	842524259bce7b86906f8a8cecb7b56dbe4493aaf15a2c0263a108a8168bb793	2264a8042763edf2620cfe32d96b096e1f3d26aa	5.9.2	2.55.0	1000	150	clean	15	1.232	7.881	1	1	0	1	1788319837.947393	1788319838.111751	202492836	202493047
2026-09-02T03:29:00Z	bb3d89e13a6354257e80443b2d85736862086fd6	ea87ddbd979fc6be528bdf099a724bb5ca040c1c40bdb6eecd055df584c6530a	wsh-trace	local	842524259bce7b86906f8a8cecb7b56dbe4493aaf15a2c0263a108a8168bb793	2264a8042763edf2620cfe32d96b096e1f3d26aa	5.9.2	2.55.0	1000	150	clean	16	1.086	6.566	1	1	0	1	1788319838.447299	1788319838.610085	202493425	202493581
2026-09-02T03:29:00Z	bb3d89e13a6354257e80443b2d85736862086fd6	ea87ddbd979fc6be528bdf099a724bb5ca040c1c40bdb6eecd055df584c6530a	wsh-trace	local	842524259bce7b86906f8a8cecb7b56dbe4493aaf15a2c0263a108a8168bb793	2264a8042763edf2620cfe32d96b096e1f3d26aa	5.9.2	2.55.0	1000	150	clean	17	0.940	7.843	1	1	0	1	1788319838.945635	1788319839.110344	202494178	202494437
2026-09-02T03:29:00Z	bb3d89e13a6354257e80443b2d85736862086fd6	ea87ddbd979fc6be528bdf099a724bb5ca040c1c40bdb6eecd055df584c6530a	wsh-trace	local	842524259bce7b86906f8a8cecb7b56dbe4493aaf15a2c0263a108a8168bb793	2264a8042763edf2620cfe32d96b096e1f3d26aa	5.9.2	2.55.0	1000	150	clean	18	1.107	7.644	1	1	0	1	1788319839.446217	1788319839.610590	202494853	202495023
2026-09-02T03:29:00Z	bb3d89e13a6354257e80443b2d85736862086fd6	ea87ddbd979fc6be528bdf099a724bb5ca040c1c40bdb6eecd055df584c6530a	wsh-trace	local	842524259bce7b86906f8a8cecb7b56dbe4493aaf15a2c0263a108a8168bb793	2264a8042763edf2620cfe32d96b096e1f3d26aa	5.9.2	2.55.0	1000	150	clean	19	1.073	7.639	1	1	0	1	1788319839.946152	1788319840.110536	202495381	202495570
2026-09-02T03:29:00Z	bb3d89e13a6354257e80443b2d85736862086fd6	ea87ddbd979fc6be528bdf099a724bb5ca040c1c40bdb6eecd055df584c6530a	wsh-trace	local	842524259bce7b86906f8a8cecb7b56dbe4493aaf15a2c0263a108a8168bb793	2264a8042763edf2620cfe32d96b096e1f3d26aa	5.9.2	2.55.0	1000	150	clean	20	1.043	7.963	1	1	0	1	1788319840.446262	1788319840.610824	202495916	202496147
2026-09-02T03:29:00Z	bb3d89e13a6354257e80443b2d85736862086fd6	ea87ddbd979fc6be528bdf099a724bb5ca040c1c40bdb6eecd055df584c6530a	wsh-trace	local	842524259bce7b86906f8a8cecb7b56dbe4493aaf15a2c0263a108a8168bb793	2264a8042763edf2620cfe32d96b096e1f3d26aa	5.9.2	2.55.0	1000	150	dirty	1	1.140	6.847	1	1	0	1	1788319840.970601	1788319841.134107	202496604	202496738
2026-09-02T03:29:00Z	bb3d89e13a6354257e80443b2d85736862086fd6	ea87ddbd979fc6be528bdf099a724bb5ca040c1c40bdb6eecd055df584c6530a	wsh-trace	local	842524259bce7b86906f8a8cecb7b56dbe4493aaf15a2c0263a108a8168bb793	2264a8042763edf2620cfe32d96b096e1f3d26aa	5.9.2	2.55.0	1000	150	dirty	2	1.085	6.798	1	1	0	1	1788319841.469058	1788319841.633004	202497052	202497250
2026-09-02T03:29:00Z	bb3d89e13a6354257e80443b2d85736862086fd6	ea87ddbd979fc6be528bdf099a724bb5ca040c1c40bdb6eecd055df584c6530a	wsh-trace	local	842524259bce7b86906f8a8cecb7b56dbe4493aaf15a2c0263a108a8168bb793	2264a8042763edf2620cfe32d96b096e1f3d26aa	5.9.2	2.55.0	1000	150	dirty	3	1.089	6.797	1	1	0	1	1788319841.969357	1788319842.132936	202498035	202498159
2026-09-02T03:29:00Z	bb3d89e13a6354257e80443b2d85736862086fd6	ea87ddbd979fc6be528bdf099a724bb5ca040c1c40bdb6eecd055df584c6530a	wsh-trace	local	842524259bce7b86906f8a8cecb7b56dbe4493aaf15a2c0263a108a8168bb793	2264a8042763edf2620cfe32d96b096e1f3d26aa	5.9.2	2.55.0	1000	150	dirty	4	1.084	7.855	1	1	0	1	1788319842.468681	1788319842.633254	202498618	202498974
2026-09-02T03:29:00Z	bb3d89e13a6354257e80443b2d85736862086fd6	ea87ddbd979fc6be528bdf099a724bb5ca040c1c40bdb6eecd055df584c6530a	wsh-trace	local	842524259bce7b86906f8a8cecb7b56dbe4493aaf15a2c0263a108a8168bb793	2264a8042763edf2620cfe32d96b096e1f3d26aa	5.9.2	2.55.0	1000	150	dirty	5	1.152	6.774	1	1	0	1	1788319842.969398	1788319843.133273	202500155	202500354
2026-09-02T03:29:00Z	bb3d89e13a6354257e80443b2d85736862086fd6	ea87ddbd979fc6be528bdf099a724bb5ca040c1c40bdb6eecd055df584c6530a	wsh-trace	local	842524259bce7b86906f8a8cecb7b56dbe4493aaf15a2c0263a108a8168bb793	2264a8042763edf2620cfe32d96b096e1f3d26aa	5.9.2	2.55.0	1000	150	dirty	6	1.098	6.659	1	1	0	1	1788319843.468573	1788319843.631928	202500667	202500788
2026-09-02T03:29:00Z	bb3d89e13a6354257e80443b2d85736862086fd6	ea87ddbd979fc6be528bdf099a724bb5ca040c1c40bdb6eecd055df584c6530a	wsh-trace	local	842524259bce7b86906f8a8cecb7b56dbe4493aaf15a2c0263a108a8168bb793	2264a8042763edf2620cfe32d96b096e1f3d26aa	5.9.2	2.55.0	1000	150	dirty	7	1.095	7.791	1	1	0	1	1788319843.968215	1788319844.132793	202501169	202501316
2026-09-02T03:29:00Z	bb3d89e13a6354257e80443b2d85736862086fd6	ea87ddbd979fc6be528bdf099a724bb5ca040c1c40bdb6eecd055df584c6530a	wsh-trace	local	842524259bce7b86906f8a8cecb7b56dbe4493aaf15a2c0263a108a8168bb793	2264a8042763edf2620cfe32d96b096e1f3d26aa	5.9.2	2.55.0	1000	150	dirty	8	1.066	7.885	1	1	0	1	1788319844.469126	1788319844.633683	202501856	202502091
2026-09-02T03:29:00Z	bb3d89e13a6354257e80443b2d85736862086fd6	ea87ddbd979fc6be528bdf099a724bb5ca040c1c40bdb6eecd055df584c6530a	wsh-trace	local	842524259bce7b86906f8a8cecb7b56dbe4493aaf15a2c0263a108a8168bb793	2264a8042763edf2620cfe32d96b096e1f3d26aa	5.9.2	2.55.0	1000	150	dirty	9	1.113	7.918	1	1	0	1	1788319844.969369	1788319845.134073	202502626	202502840
2026-09-02T03:29:00Z	bb3d89e13a6354257e80443b2d85736862086fd6	ea87ddbd979fc6be528bdf099a724bb5ca040c1c40bdb6eecd055df584c6530a	wsh-trace	local	842524259bce7b86906f8a8cecb7b56dbe4493aaf15a2c0263a108a8168bb793	2264a8042763edf2620cfe32d96b096e1f3d26aa	5.9.2	2.55.0	1000	150	dirty	10	1.186	7.912	1	1	0	1	1788319845.470608	1788319845.635316	202503172	202503344
2026-09-02T03:29:00Z	bb3d89e13a6354257e80443b2d85736862086fd6	ea87ddbd979fc6be528bdf099a724bb5ca040c1c40bdb6eecd055df584c6530a	wsh-trace	local	842524259bce7b86906f8a8cecb7b56dbe4493aaf15a2c0263a108a8168bb793	2264a8042763edf2620cfe32d96b096e1f3d26aa	5.9.2	2.55.0	1000	150	dirty	11	1.112	7.923	1	1	0	1	1788319845.973874	1788319846.138546	202503708	202503880
2026-09-02T03:29:00Z	bb3d89e13a6354257e80443b2d85736862086fd6	ea87ddbd979fc6be528bdf099a724bb5ca040c1c40bdb6eecd055df584c6530a	wsh-trace	local	842524259bce7b86906f8a8cecb7b56dbe4493aaf15a2c0263a108a8168bb793	2264a8042763edf2620cfe32d96b096e1f3d26aa	5.9.2	2.55.0	1000	150	dirty	12	1.111	7.702	1	1	0	1	1788319846.473608	1788319846.638658	202504211	202504414
2026-09-02T03:29:00Z	bb3d89e13a6354257e80443b2d85736862086fd6	ea87ddbd979fc6be528bdf099a724bb5ca040c1c40bdb6eecd055df584c6530a	wsh-trace	local	842524259bce7b86906f8a8cecb7b56dbe4493aaf15a2c0263a108a8168bb793	2264a8042763edf2620cfe32d96b096e1f3d26aa	5.9.2	2.55.0	1000	150	dirty	13	1.130	7.688	1	1	0	1	1788319846.974930	1788319847.139975	202504797	202505047
2026-09-02T03:29:00Z	bb3d89e13a6354257e80443b2d85736862086fd6	ea87ddbd979fc6be528bdf099a724bb5ca040c1c40bdb6eecd055df584c6530a	wsh-trace	local	842524259bce7b86906f8a8cecb7b56dbe4493aaf15a2c0263a108a8168bb793	2264a8042763edf2620cfe32d96b096e1f3d26aa	5.9.2	2.55.0	1000	150	dirty	14	1.117	6.759	1	1	0	1	1788319847.475695	1788319847.639958	202505349	202505522
2026-09-02T03:29:00Z	bb3d89e13a6354257e80443b2d85736862086fd6	ea87ddbd979fc6be528bdf099a724bb5ca040c1c40bdb6eecd055df584c6530a	wsh-trace	local	842524259bce7b86906f8a8cecb7b56dbe4493aaf15a2c0263a108a8168bb793	2264a8042763edf2620cfe32d96b096e1f3d26aa	5.9.2	2.55.0	1000	150	dirty	15	1.126	7.879	1	1	0	1	1788319847.975963	1788319848.141088	202505886	202506086
2026-09-02T03:29:00Z	bb3d89e13a6354257e80443b2d85736862086fd6	ea87ddbd979fc6be528bdf099a724bb5ca040c1c40bdb6eecd055df584c6530a	wsh-trace	local	842524259bce7b86906f8a8cecb7b56dbe4493aaf15a2c0263a108a8168bb793	2264a8042763edf2620cfe32d96b096e1f3d26aa	5.9.2	2.55.0	1000	150	dirty	16	0.931	7.933	1	1	0	1	1788319848.477347	1788319848.642643	202506354	202506461
2026-09-02T03:29:00Z	bb3d89e13a6354257e80443b2d85736862086fd6	ea87ddbd979fc6be528bdf099a724bb5ca040c1c40bdb6eecd055df584c6530a	wsh-trace	local	842524259bce7b86906f8a8cecb7b56dbe4493aaf15a2c0263a108a8168bb793	2264a8042763edf2620cfe32d96b096e1f3d26aa	5.9.2	2.55.0	1000	150	dirty	17	1.281	8.198	1	1	0	1	1788319848.979566	1788319849.144691	202506811	202507064
2026-09-02T03:29:00Z	bb3d89e13a6354257e80443b2d85736862086fd6	ea87ddbd979fc6be528bdf099a724bb5ca040c1c40bdb6eecd055df584c6530a	wsh-trace	local	842524259bce7b86906f8a8cecb7b56dbe4493aaf15a2c0263a108a8168bb793	2264a8042763edf2620cfe32d96b096e1f3d26aa	5.9.2	2.55.0	1000	150	dirty	18	1.163	7.888	1	1	0	1	1788319849.481186	1788319849.646166	202507629	202507791
2026-09-02T03:29:00Z	bb3d89e13a6354257e80443b2d85736862086fd6	ea87ddbd979fc6be528bdf099a724bb5ca040c1c40bdb6eecd055df584c6530a	wsh-trace	local	842524259bce7b86906f8a8cecb7b56dbe4493aaf15a2c0263a108a8168bb793	2264a8042763edf2620cfe32d96b096e1f3d26aa	5.9.2	2.55.0	1000	150	dirty	19	1.246	7.945	1	1	0	1	1788319849.983963	1788319850.149102	202508323	202508515
2026-09-02T03:29:00Z	bb3d89e13a6354257e80443b2d85736862086fd6	ea87ddbd979fc6be528bdf099a724bb5ca040c1c40bdb6eecd055df584c6530a	wsh-trace	local	842524259bce7b86906f8a8cecb7b56dbe4493aaf15a2c0263a108a8168bb793	2264a8042763edf2620cfe32d96b096e1f3d26aa	5.9.2	2.55.0	1000	150	dirty	20	1.173	7.994	1	1	0	1	1788319850.486178	1788319850.652071	202508815	202508929
2026-09-02T03:29:00Z	bb3d89e13a6354257e80443b2d85736862086fd6	ea87ddbd979fc6be528bdf099a724bb5ca040c1c40bdb6eecd055df584c6530a	wsh-trace	local	842524259bce7b86906f8a8cecb7b56dbe4493aaf15a2c0263a108a8168bb793	2264a8042763edf2620cfe32d96b096e1f3d26aa	5.9.2	2.55.0	1000	150	untracked	1	1.269	8.363	1	1	0	1	1788319851.016530	1788319851.184706	202511240	202512632
2026-09-02T03:29:00Z	bb3d89e13a6354257e80443b2d85736862086fd6	ea87ddbd979fc6be528bdf099a724bb5ca040c1c40bdb6eecd055df584c6530a	wsh-trace	local	842524259bce7b86906f8a8cecb7b56dbe4493aaf15a2c0263a108a8168bb793	2264a8042763edf2620cfe32d96b096e1f3d26aa	5.9.2	2.55.0	1000	150	untracked	2	1.272	7.848	1	1	0	1	1788319851.528128	1788319851.693482	202513444	202513613
2026-09-02T03:29:00Z	bb3d89e13a6354257e80443b2d85736862086fd6	ea87ddbd979fc6be528bdf099a724bb5ca040c1c40bdb6eecd055df584c6530a	wsh-trace	local	842524259bce7b86906f8a8cecb7b56dbe4493aaf15a2c0263a108a8168bb793	2264a8042763edf2620cfe32d96b096e1f3d26aa	5.9.2	2.55.0	1000	150	untracked	3	1.137	6.969	1	1	0	1	1788319852.031884	1788319852.196256	202513978	202514099
2026-09-02T03:29:00Z	bb3d89e13a6354257e80443b2d85736862086fd6	ea87ddbd979fc6be528bdf099a724bb5ca040c1c40bdb6eecd055df584c6530a	wsh-trace	local	842524259bce7b86906f8a8cecb7b56dbe4493aaf15a2c0263a108a8168bb793	2264a8042763edf2620cfe32d96b096e1f3d26aa	5.9.2	2.55.0	1000	150	untracked	4	1.203	8.116	1	1	0	1	1788319852.535531	1788319852.701028	202514414	202514598
2026-09-02T03:29:00Z	bb3d89e13a6354257e80443b2d85736862086fd6	ea87ddbd979fc6be528bdf099a724bb5ca040c1c40bdb6eecd055df584c6530a	wsh-trace	local	842524259bce7b86906f8a8cecb7b56dbe4493aaf15a2c0263a108a8168bb793	2264a8042763edf2620cfe32d96b096e1f3d26aa	5.9.2	2.55.0	1000	150	untracked	5	1.298	8.025	1	1	0	1	1788319853.040190	1788319853.205489	202515291	202515488
2026-09-02T03:29:00Z	bb3d89e13a6354257e80443b2d85736862086fd6	ea87ddbd979fc6be528bdf099a724bb5ca040c1c40bdb6eecd055df584c6530a	wsh-trace	local	842524259bce7b86906f8a8cecb7b56dbe4493aaf15a2c0263a108a8168bb793	2264a8042763edf2620cfe32d96b096e1f3d26aa	5.9.2	2.55.0	1000	150	untracked	6	1.179	6.858	1	1	0	1	1788319853.545213	1788319853.709587	202515930	202516097
2026-09-02T03:29:00Z	bb3d89e13a6354257e80443b2d85736862086fd6	ea87ddbd979fc6be528bdf099a724bb5ca040c1c40bdb6eecd055df584c6530a	wsh-trace	local	842524259bce7b86906f8a8cecb7b56dbe4493aaf15a2c0263a108a8168bb793	2264a8042763edf2620cfe32d96b096e1f3d26aa	5.9.2	2.55.0	1000	150	untracked	7	1.187	8.105	1	1	0	1	1788319854.048859	1788319854.214515	202516489	202516662
2026-09-02T03:29:00Z	bb3d89e13a6354257e80443b2d85736862086fd6	ea87ddbd979fc6be528bdf099a724bb5ca040c1c40bdb6eecd055df584c6530a	wsh-trace	local	842524259bce7b86906f8a8cecb7b56dbe4493aaf15a2c0263a108a8168bb793	2264a8042763edf2620cfe32d96b096e1f3d26aa	5.9.2	2.55.0	1000	150	untracked	8	1.168	8.091	1	1	0	1	1788319854.553816	1788319854.719454	202516947	202517080
2026-09-02T03:29:00Z	bb3d89e13a6354257e80443b2d85736862086fd6	ea87ddbd979fc6be528bdf099a724bb5ca040c1c40bdb6eecd055df584c6530a	wsh-trace	local	842524259bce7b86906f8a8cecb7b56dbe4493aaf15a2c0263a108a8168bb793	2264a8042763edf2620cfe32d96b096e1f3d26aa	5.9.2	2.55.0	1000	150	untracked	9	1.238	8.090	1	1	0	1	1788319855.059801	1788319855.225509	202517462	202517606
2026-09-02T03:29:00Z	bb3d89e13a6354257e80443b2d85736862086fd6	ea87ddbd979fc6be528bdf099a724bb5ca040c1c40bdb6eecd055df584c6530a	wsh-trace	local	842524259bce7b86906f8a8cecb7b56dbe4493aaf15a2c0263a108a8168bb793	2264a8042763edf2620cfe32d96b096e1f3d26aa	5.9.2	2.55.0	1000	150	untracked	10	1.230	7.866	1	1	0	1	1788319855.564358	1788319855.729960	202517941	202518104
2026-09-02T03:29:00Z	bb3d89e13a6354257e80443b2d85736862086fd6	ea87ddbd979fc6be528bdf099a724bb5ca040c1c40bdb6eecd055df584c6530a	wsh-trace	local	842524259bce7b86906f8a8cecb7b56dbe4493aaf15a2c0263a108a8168bb793	2264a8042763edf2620cfe32d96b096e1f3d26aa	5.9.2	2.55.0	1000	150	untracked	11	1.244	7.896	1	1	0	1	1788319856.069726	1788319856.235320	202518586	202518798
2026-09-02T03:29:00Z	bb3d89e13a6354257e80443b2d85736862086fd6	ea87ddbd979fc6be528bdf099a724bb5ca040c1c40bdb6eecd055df584c6530a	wsh-trace	local	842524259bce7b86906f8a8cecb7b56dbe4493aaf15a2c0263a108a8168bb793	2264a8042763edf2620cfe32d96b096e1f3d26aa	5.9.2	2.55.0	1000	150	untracked	12	1.310	8.149	1	1	0	1	1788319856.575721	1788319856.741561	202519351	202519562
2026-09-02T03:29:00Z	bb3d89e13a6354257e80443b2d85736862086fd6	ea87ddbd979fc6be528bdf099a724bb5ca040c1c40bdb6eecd055df584c6530a	wsh-trace	local	842524259bce7b86906f8a8cecb7b56dbe4493aaf15a2c0263a108a8168bb793	2264a8042763edf2620cfe32d96b096e1f3d26aa	5.9.2	2.55.0	1000	150	untracked	13	1.160	8.125	1	1	0	1	1788319857.080959	1788319857.246553	202519933	202520184
2026-09-02T03:29:00Z	bb3d89e13a6354257e80443b2d85736862086fd6	ea87ddbd979fc6be528bdf099a724bb5ca040c1c40bdb6eecd055df584c6530a	wsh-trace	local	842524259bce7b86906f8a8cecb7b56dbe4493aaf15a2c0263a108a8168bb793	2264a8042763edf2620cfe32d96b096e1f3d26aa	5.9.2	2.55.0	1000	150	untracked	14	1.323	7.912	1	1	0	1	1788319857.585396	1788319857.751081	202520874	202521016
2026-09-02T03:29:00Z	bb3d89e13a6354257e80443b2d85736862086fd6	ea87ddbd979fc6be528bdf099a724bb5ca040c1c40bdb6eecd055df584c6530a	wsh-trace	local	842524259bce7b86906f8a8cecb7b56dbe4493aaf15a2c0263a108a8168bb793	2264a8042763edf2620cfe32d96b096e1f3d26aa	5.9.2	2.55.0	1000	150	untracked	15	1.181	7.959	1	1	0	1	1788319858.091285	1788319858.257137	202521747	202521922
2026-09-02T03:29:00Z	bb3d89e13a6354257e80443b2d85736862086fd6	ea87ddbd979fc6be528bdf099a724bb5ca040c1c40bdb6eecd055df584c6530a	wsh-trace	local	842524259bce7b86906f8a8cecb7b56dbe4493aaf15a2c0263a108a8168bb793	2264a8042763edf2620cfe32d96b096e1f3d26aa	5.9.2	2.55.0	1000	150	untracked	16	1.304	8.055	1	1	0	1	1788319858.597379	1788319858.763730	202522243	202522401
2026-09-02T03:29:00Z	bb3d89e13a6354257e80443b2d85736862086fd6	ea87ddbd979fc6be528bdf099a724bb5ca040c1c40bdb6eecd055df584c6530a	wsh-trace	local	842524259bce7b86906f8a8cecb7b56dbe4493aaf15a2c0263a108a8168bb793	2264a8042763edf2620cfe32d96b096e1f3d26aa	5.9.2	2.55.0	1000	150	untracked	17	1.255	8.013	1	1	0	1	1788319859.104174	1788319859.270010	202522890	202523085
2026-09-02T03:29:00Z	bb3d89e13a6354257e80443b2d85736862086fd6	ea87ddbd979fc6be528bdf099a724bb5ca040c1c40bdb6eecd055df584c6530a	wsh-trace	local	842524259bce7b86906f8a8cecb7b56dbe4493aaf15a2c0263a108a8168bb793	2264a8042763edf2620cfe32d96b096e1f3d26aa	5.9.2	2.55.0	1000	150	untracked	18	1.234	7.964	1	1	0	1	1788319859.609704	1788319859.775540	202523654	202523885
2026-09-02T03:29:00Z	bb3d89e13a6354257e80443b2d85736862086fd6	ea87ddbd979fc6be528bdf099a724bb5ca040c1c40bdb6eecd055df584c6530a	wsh-trace	local	842524259bce7b86906f8a8cecb7b56dbe4493aaf15a2c0263a108a8168bb793	2264a8042763edf2620cfe32d96b096e1f3d26aa	5.9.2	2.55.0	1000	150	untracked	19	1.199	8.130	1	1	0	1	1788319860.115599	1788319860.281708	202524311	202524440
2026-09-02T03:29:00Z	bb3d89e13a6354257e80443b2d85736862086fd6	ea87ddbd979fc6be528bdf099a724bb5ca040c1c40bdb6eecd055df584c6530a	wsh-trace	local	842524259bce7b86906f8a8cecb7b56dbe4493aaf15a2c0263a108a8168bb793	2264a8042763edf2620cfe32d96b096e1f3d26aa	5.9.2	2.55.0	1000	150	untracked	20	1.278	7.034	1	1	0	1	1788319860.622474	1788319860.787432	202524787	202524969
